p_id,Time_AEDT,Time_UTC,ta
200,2022-12-01 00:00:00,2022-11-30 13:00:00,13.9
200,2022-12-01 01:00:00,2022-11-30 14:00:00,12.7
200,2022-12-01 02:00:00,2022-11-30 15:00:00,12.1
200,2022-12-01 03:00:00,2022-11-30 16:00:00,11.9
200,2022-12-01 04:00:00,2022-11-30 17:00:00,12.5
200,2022-12-01 05:00:00,2022-11-30 18:00:00,13.2
200,2022-12-01 06:00:00,2022-11-30 19:00:00,13.1
200,2022-12-01 07:00:00,2022-11-30 20:00:00,13.9
200,2022-12-01 08:00:00,2022-11-30 21:00:00,14.7
200,2022-12-01 09:00:00,2022-11-30 22:00:00,14.0
200,2022-12-01 10:00:00,2022-11-30 23:00:00,15.0
200,2022-12-01 11:00:00,2022-12-01 00:00:00,16.6
200,2022-12-01 12:00:00,2022-12-01 01:00:00,15.7
200,2022-12-01 13:00:00,2022-12-01 02:00:00,16.6
200,2022-12-01 14:00:00,2022-12-01 03:00:00,18.0
200,2022-12-01 15:00:00,2022-12-01 04:00:00,19.0
200,2022-12-01 16:00:00,2022-12-01 05:00:00,18.8
200,2022-12-01 17:00:00,2022-12-01 06:00:00,18.2
200,2022-12-01 18:00:00,2022-12-01 07:00:00,17.0
200,2022-12-01 19:00:00,2022-12-01 08:00:00,16.1
200,2022-12-01 20:00:00,2022-12-01 09:00:00,15.2
200,2022-12-01 21:00:00,2022-12-01 10:00:00,14.1
200,2022-12-01 22:00:00,2022-12-01 11:00:00,13.6
200,2022-12-01 23:00:00,2022-12-01 12:00:00,12.6
200,2022-12-02 00:00:00,2022-12-01 13:00:00,12.0
200,2022-12-02 01:00:00,2022-12-01 14:00:00,11.8
200,2022-12-02 02:00:00,2022-12-01 15:00:00,11.2
200,2022-12-02 03:00:00,2022-12-01 16:00:00,10.4
200,2022-12-02 04:00:00,2022-12-01 17:00:00,9.4
200,2022-12-02 05:00:00,2022-12-01 18:00:00,9.3
200,2022-12-02 06:00:00,2022-12-01 19:00:00,8.9
200,2022-12-02 07:00:00,2022-12-01 20:00:00,10.4
200,2022-12-02 08:00:00,2022-12-01 21:00:00,13.4
200,2022-12-02 09:00:00,2022-12-01 22:00:00,14.7
200,2022-12-02 10:00:00,2022-12-01 23:00:00,16.0
200,2022-12-02 11:00:00,2022-12-02 00:00:00,18.1
200,2022-12-02 12:00:00,2022-12-02 01:00:00,19.5
200,2022-12-02 13:00:00,2022-12-02 02:00:00,21.1
200,2022-12-02 14:00:00,2022-12-02 03:00:00,22.3
200,2022-12-02 15:00:00,2022-12-02 04:00:00,22.7
200,2022-12-02 16:00:00,2022-12-02 05:00:00,23.4
200,2022-12-02 17:00:00,2022-12-02 06:00:00,22.9
200,2022-12-02 18:00:00,2022-12-02 07:00:00,22.1
200,2022-12-02 19:00:00,2022-12-02 08:00:00,20.9
200,2022-12-02 20:00:00,2022-12-02 09:00:00,19.6
200,2022-12-02 21:00:00,2022-12-02 10:00:00,18.3
200,2022-12-02 22:00:00,2022-12-02 11:00:00,17.0
200,2022-12-02 23:00:00,2022-12-02 12:00:00,16.3
200,2022-12-03 00:00:00,2022-12-02 13:00:00,15.2
200,2022-12-03 01:00:00,2022-12-02 14:00:00,14.6
200,2022-12-03 02:00:00,2022-12-02 15:00:00,14.2
200,2022-12-03 03:00:00,2022-12-02 16:00:00,13.5
200,2022-12-03 04:00:00,2022-12-02 17:00:00,12.7
200,2022-12-03 05:00:00,2022-12-02 18:00:00,12.0
200,2022-12-03 06:00:00,2022-12-02 19:00:00,12.3
200,2022-12-03 07:00:00,2022-12-02 20:00:00,13.9
200,2022-12-03 08:00:00,2022-12-02 21:00:00,18.7
200,2022-12-03 09:00:00,2022-12-02 22:00:00,22.7
200,2022-12-03 10:00:00,2022-12-02 23:00:00,24.7
200,2022-12-03 11:00:00,2022-12-03 00:00:00,26.7
200,2022-12-03 12:00:00,2022-12-03 01:00:00,28.4
200,2022-12-03 13:00:00,2022-12-03 02:00:00,29.0
200,2022-12-03 14:00:00,2022-12-03 03:00:00,29.9
200,2022-12-03 15:00:00,2022-12-03 04:00:00,28.8
200,2022-12-03 16:00:00,2022-12-03 05:00:00,29.0
200,2022-12-03 17:00:00,2022-12-03 06:00:00,29.9
200,2022-12-03 18:00:00,2022-12-03 07:00:00,28.6
200,2022-12-03 19:00:00,2022-12-03 08:00:00,27.1
200,2022-12-03 20:00:00,2022-12-03 09:00:00,25.8
200,2022-12-03 21:00:00,2022-12-03 10:00:00,23.7
200,2022-12-03 22:00:00,2022-12-03 11:00:00,22.1
200,2022-12-03 23:00:00,2022-12-03 12:00:00,21.5
200,2022-12-04 00:00:00,2022-12-03 13:00:00,20.2
200,2022-12-04 01:00:00,2022-12-03 14:00:00,18.5
200,2022-12-04 02:00:00,2022-12-03 15:00:00,17.6
200,2022-12-04 03:00:00,2022-12-03 16:00:00,17.0
200,2022-12-04 04:00:00,,16.35
200,2022-12-04 05:00:00,2022-12-03 18:00:00,15.7
200,2022-12-04 06:00:00,2022-12-03 19:00:00,16.9
200,2022-12-04 07:00:00,2022-12-03 20:00:00,18.6
200,2022-12-04 08:00:00,2022-12-03 21:00:00,23.7
200,2022-12-04 09:00:00,2022-12-03 22:00:00,26.6
200,2022-12-04 10:00:00,2022-12-03 23:00:00,28.9
200,2022-12-04 11:00:00,2022-12-04 00:00:00,30.0
200,2022-12-04 12:00:00,2022-12-04 01:00:00,31.6
200,2022-12-04 13:00:00,2022-12-04 02:00:00,31.8
200,2022-12-04 14:00:00,2022-12-04 03:00:00,32.1
200,2022-12-04 15:00:00,2022-12-04 04:00:00,32.2
200,2022-12-04 16:00:00,2022-12-04 05:00:00,33.4
200,2022-12-04 17:00:00,2022-12-04 06:00:00,34.0
200,2022-12-04 18:00:00,2022-12-04 07:00:00,33.0
200,2022-12-04 19:00:00,2022-12-04 08:00:00,32.0
200,2022-12-04 20:00:00,2022-12-04 09:00:00,30.3
200,2022-12-04 21:00:00,2022-12-04 10:00:00,28.5
200,2022-12-04 22:00:00,2022-12-04 11:00:00,27.3
200,2022-12-04 23:00:00,2022-12-04 12:00:00,26.9
200,2022-12-05 00:00:00,2022-12-04 13:00:00,26.4
200,2022-12-05 01:00:00,2022-12-04 14:00:00,21.7
200,2022-12-05 02:00:00,2022-12-04 15:00:00,19.6
200,2022-12-05 03:00:00,2022-12-04 16:00:00,18.4
200,2022-12-05 04:00:00,2022-12-04 17:00:00,17.3
200,2022-12-05 05:00:00,2022-12-04 18:00:00,17.1
200,2022-12-05 06:00:00,2022-12-04 19:00:00,16.8
200,2022-12-05 07:00:00,2022-12-04 20:00:00,16.3
200,2022-12-05 08:00:00,2022-12-04 21:00:00,16.2
200,2022-12-05 09:00:00,2022-12-04 22:00:00,15.4
200,2022-12-05 10:00:00,2022-12-04 23:00:00,14.6
200,2022-12-05 11:00:00,2022-12-05 00:00:00,16.0
200,2022-12-05 12:00:00,2022-12-05 01:00:00,17.4
200,2022-12-05 13:00:00,2022-12-05 02:00:00,17.6
200,2022-12-05 14:00:00,2022-12-05 03:00:00,17.3
200,2022-12-05 15:00:00,2022-12-05 04:00:00,16.6
200,2022-12-05 16:00:00,2022-12-05 05:00:00,18.0
200,2022-12-05 17:00:00,2022-12-05 06:00:00,16.8
200,2022-12-05 18:00:00,2022-12-05 07:00:00,16.2
200,2022-12-05 19:00:00,2022-12-05 08:00:00,14.8
200,2022-12-05 20:00:00,2022-12-05 09:00:00,14.6
200,2022-12-05 21:00:00,2022-12-05 10:00:00,13.4
200,2022-12-05 22:00:00,2022-12-05 11:00:00,13.0
200,2022-12-05 23:00:00,2022-12-05 12:00:00,13.0
200,2022-12-06 00:00:00,2022-12-05 13:00:00,13.0
200,2022-12-06 01:00:00,2022-12-05 14:00:00,12.5
200,2022-12-06 02:00:00,2022-12-05 15:00:00,12.3
200,2022-12-06 03:00:00,2022-12-05 16:00:00,12.3
200,2022-12-06 04:00:00,2022-12-05 17:00:00,12.4
200,2022-12-06 05:00:00,2022-12-05 18:00:00,12.2
200,2022-12-06 06:00:00,2022-12-05 19:00:00,12.8
200,2022-12-06 07:00:00,2022-12-05 20:00:00,13.3
200,2022-12-06 08:00:00,2022-12-05 21:00:00,13.8
200,2022-12-06 09:00:00,2022-12-05 22:00:00,14.5
200,2022-12-06 10:00:00,2022-12-05 23:00:00,16.9
200,2022-12-06 11:00:00,2022-12-06 00:00:00,17.6
200,2022-12-06 12:00:00,2022-12-06 01:00:00,18.6
200,2022-12-06 13:00:00,2022-12-06 02:00:00,19.6
200,2022-12-06 14:00:00,2022-12-06 03:00:00,20.0
200,2022-12-06 15:00:00,2022-12-06 04:00:00,19.6
200,2022-12-06 16:00:00,2022-12-06 05:00:00,20.0
200,2022-12-06 17:00:00,2022-12-06 06:00:00,20.1
200,2022-12-06 18:00:00,2022-12-06 07:00:00,19.8
200,2022-12-06 19:00:00,2022-12-06 08:00:00,18.7
200,2022-12-06 20:00:00,2022-12-06 09:00:00,17.7
200,2022-12-06 21:00:00,2022-12-06 10:00:00,16.4
200,2022-12-06 22:00:00,2022-12-06 11:00:00,15.2
200,2022-12-06 23:00:00,2022-12-06 12:00:00,14.0
200,2022-12-07 00:00:00,2022-12-06 13:00:00,13.7
200,2022-12-07 01:00:00,2022-12-06 14:00:00,13.4
200,2022-12-07 02:00:00,2022-12-06 15:00:00,13.6
200,2022-12-07 03:00:00,2022-12-06 16:00:00,13.4
200,2022-12-07 04:00:00,2022-12-06 17:00:00,12.5
200,2022-12-07 05:00:00,2022-12-06 18:00:00,12.7
200,2022-12-07 06:00:00,2022-12-06 19:00:00,11.9
200,2022-12-07 07:00:00,2022-12-06 20:00:00,12.5
200,2022-12-07 08:00:00,2022-12-06 21:00:00,14.9
200,2022-12-07 09:00:00,2022-12-06 22:00:00,15.4
200,2022-12-07 10:00:00,2022-12-06 23:00:00,15.9
200,2022-12-07 11:00:00,2022-12-07 00:00:00,17.4
200,2022-12-07 12:00:00,2022-12-07 01:00:00,18.6
200,2022-12-07 13:00:00,2022-12-07 02:00:00,18.2
200,2022-12-07 14:00:00,2022-12-07 03:00:00,18.1
200,2022-12-07 15:00:00,2022-12-07 04:00:00,18.4
200,2022-12-07 16:00:00,2022-12-07 05:00:00,16.9
200,2022-12-07 17:00:00,2022-12-07 06:00:00,16.8
200,2022-12-07 18:00:00,2022-12-07 07:00:00,17.1
200,2022-12-07 19:00:00,2022-12-07 08:00:00,18.1
200,2022-12-07 20:00:00,2022-12-07 09:00:00,13.8
200,2022-12-07 21:00:00,2022-12-07 10:00:00,12.3
200,2022-12-07 22:00:00,2022-12-07 11:00:00,12.3
200,2022-12-07 23:00:00,2022-12-07 12:00:00,10.7
200,2022-12-08 00:00:00,2022-12-07 13:00:00,10.2
200,2022-12-08 01:00:00,2022-12-07 14:00:00,9.5
200,2022-12-08 02:00:00,2022-12-07 15:00:00,8.8
200,2022-12-08 03:00:00,2022-12-07 16:00:00,8.6
200,2022-12-08 04:00:00,2022-12-07 17:00:00,8.4
200,2022-12-08 05:00:00,2022-12-07 18:00:00,8.0
200,2022-12-08 06:00:00,2022-12-07 19:00:00,7.8
200,2022-12-08 07:00:00,2022-12-07 20:00:00,8.6
200,2022-12-08 08:00:00,2022-12-07 21:00:00,10.6
200,2022-12-08 09:00:00,2022-12-07 22:00:00,11.9
200,2022-12-08 10:00:00,2022-12-07 23:00:00,13.3
200,2022-12-08 11:00:00,2022-12-08 00:00:00,10.2
200,2022-12-08 12:00:00,2022-12-08 01:00:00,14.9
200,2022-12-08 13:00:00,2022-12-08 02:00:00,15.5
200,2022-12-08 14:00:00,2022-12-08 03:00:00,15.6
200,2022-12-08 15:00:00,2022-12-08 04:00:00,14.5
200,2022-12-08 16:00:00,2022-12-08 05:00:00,14.7
200,2022-12-08 17:00:00,2022-12-08 06:00:00,14.9
200,2022-12-08 18:00:00,2022-12-08 07:00:00,14.2
200,2022-12-08 19:00:00,2022-12-08 08:00:00,14.2
200,2022-12-08 20:00:00,2022-12-08 09:00:00,13.3
200,2022-12-08 21:00:00,2022-12-08 10:00:00,12.5
200,2022-12-08 22:00:00,,11.95
200,2022-12-08 23:00:00,2022-12-08 12:00:00,11.4
200,2022-12-09 00:00:00,2022-12-08 13:00:00,11.3
200,2022-12-09 01:00:00,2022-12-08 14:00:00,11.7
200,2022-12-09 02:00:00,2022-12-08 15:00:00,10.7
200,2022-12-09 03:00:00,2022-12-08 16:00:00,9.2
200,2022-12-09 04:00:00,2022-12-08 17:00:00,9.7
200,2022-12-09 05:00:00,2022-12-08 18:00:00,11.1
200,2022-12-09 06:00:00,2022-12-08 19:00:00,11.1
200,2022-12-09 07:00:00,2022-12-08 20:00:00,11.7
200,2022-12-09 08:00:00,2022-12-08 21:00:00,11.8
200,2022-12-09 09:00:00,2022-12-08 22:00:00,14.1
200,2022-12-09 10:00:00,2022-12-08 23:00:00,15.0
200,2022-12-09 11:00:00,2022-12-09 00:00:00,14.5
200,2022-12-09 12:00:00,2022-12-09 01:00:00,14.8
200,2022-12-09 13:00:00,2022-12-09 02:00:00,15.5
200,2022-12-09 14:00:00,2022-12-09 03:00:00,16.5
200,2022-12-09 15:00:00,2022-12-09 04:00:00,17.3
200,2022-12-09 16:00:00,2022-12-09 05:00:00,16.7
200,2022-12-09 17:00:00,2022-12-09 06:00:00,16.9
200,2022-12-09 18:00:00,2022-12-09 07:00:00,16.7
200,2022-12-09 19:00:00,2022-12-09 08:00:00,15.7
200,2022-12-09 20:00:00,2022-12-09 09:00:00,14.9
200,2022-12-09 21:00:00,2022-12-09 10:00:00,13.7
200,2022-12-09 22:00:00,2022-12-09 11:00:00,13.0
200,2022-12-09 23:00:00,2022-12-09 12:00:00,12.2
200,2022-12-10 00:00:00,2022-12-09 13:00:00,10.9
200,2022-12-10 01:00:00,2022-12-09 14:00:00,10.4
200,2022-12-10 02:00:00,2022-12-09 15:00:00,9.4
200,2022-12-10 03:00:00,2022-12-09 16:00:00,8.2
200,2022-12-10 04:00:00,2022-12-09 17:00:00,7.5
200,2022-12-10 05:00:00,2022-12-09 18:00:00,6.9
200,2022-12-10 06:00:00,2022-12-09 19:00:00,6.8
200,2022-12-10 07:00:00,2022-12-09 20:00:00,8.5
200,2022-12-10 08:00:00,2022-12-09 21:00:00,11.1
200,2022-12-10 09:00:00,2022-12-09 22:00:00,13.2
200,2022-12-10 10:00:00,2022-12-09 23:00:00,15.6
200,2022-12-10 11:00:00,2022-12-10 00:00:00,18.3
200,2022-12-10 12:00:00,2022-12-10 01:00:00,22.2
200,2022-12-10 13:00:00,2022-12-10 02:00:00,22.8
200,2022-12-10 14:00:00,2022-12-10 03:00:00,24.2
200,2022-12-10 15:00:00,2022-12-10 04:00:00,25.2
200,2022-12-10 16:00:00,2022-12-10 05:00:00,25.3
200,2022-12-10 17:00:00,2022-12-10 06:00:00,26.1
200,2022-12-10 18:00:00,2022-12-10 07:00:00,26.0
200,2022-12-10 19:00:00,2022-12-10 08:00:00,24.8
200,2022-12-10 20:00:00,2022-12-10 09:00:00,21.5
200,2022-12-10 21:00:00,2022-12-10 10:00:00,19.3
200,2022-12-10 22:00:00,2022-12-10 11:00:00,18.8
200,2022-12-10 23:00:00,2022-12-10 12:00:00,18.3
200,2022-12-11 00:00:00,2022-12-10 13:00:00,17.9
200,2022-12-11 01:00:00,2022-12-10 14:00:00,16.8
200,2022-12-11 02:00:00,2022-12-10 15:00:00,15.7
200,2022-12-11 03:00:00,2022-12-10 16:00:00,16.0
200,2022-12-11 04:00:00,2022-12-10 17:00:00,15.1
200,2022-12-11 05:00:00,2022-12-10 18:00:00,16.1
200,2022-12-11 06:00:00,2022-12-10 19:00:00,17.7
200,2022-12-11 07:00:00,2022-12-10 20:00:00,17.5
200,2022-12-11 08:00:00,2022-12-10 21:00:00,19.3
200,2022-12-11 09:00:00,2022-12-10 22:00:00,21.8
200,2022-12-11 10:00:00,2022-12-10 23:00:00,25.3
200,2022-12-11 11:00:00,2022-12-11 00:00:00,25.4
200,2022-12-11 12:00:00,2022-12-11 01:00:00,26.7
200,2022-12-11 13:00:00,2022-12-11 02:00:00,28.2
200,2022-12-11 14:00:00,2022-12-11 03:00:00,26.9
200,2022-12-11 15:00:00,2022-12-11 04:00:00,24.8
200,2022-12-11 16:00:00,2022-12-11 05:00:00,23.4
200,2022-12-11 17:00:00,2022-12-11 06:00:00,19.5
200,2022-12-11 18:00:00,2022-12-11 07:00:00,18.6
200,2022-12-11 19:00:00,2022-12-11 08:00:00,16.4
200,2022-12-11 20:00:00,2022-12-11 09:00:00,16.3
200,2022-12-11 21:00:00,2022-12-11 10:00:00,16.2
200,2022-12-11 22:00:00,2022-12-11 11:00:00,15.8
200,2022-12-11 23:00:00,2022-12-11 12:00:00,15.4
200,2022-12-12 00:00:00,2022-12-11 13:00:00,14.5
200,2022-12-12 01:00:00,2022-12-11 14:00:00,13.6
200,2022-12-12 02:00:00,2022-12-11 15:00:00,13.7
200,2022-12-12 03:00:00,2022-12-11 16:00:00,13.4
200,2022-12-12 04:00:00,2022-12-11 17:00:00,13.3
200,2022-12-12 05:00:00,2022-12-11 18:00:00,13.2
200,2022-12-12 06:00:00,2022-12-11 19:00:00,11.6
200,2022-12-12 07:00:00,2022-12-11 20:00:00,11.2
200,2022-12-12 08:00:00,2022-12-11 21:00:00,11.2
200,2022-12-12 09:00:00,2022-12-11 22:00:00,12.0
200,2022-12-12 10:00:00,2022-12-11 23:00:00,14.1
200,2022-12-12 11:00:00,2022-12-12 00:00:00,15.8
200,2022-12-12 12:00:00,2022-12-12 01:00:00,15.9
200,2022-12-12 13:00:00,2022-12-12 02:00:00,16.7
200,2022-12-12 14:00:00,2022-12-12 03:00:00,13.8
200,2022-12-12 15:00:00,2022-12-12 04:00:00,14.0
200,2022-12-12 16:00:00,2022-12-12 05:00:00,17.3
200,2022-12-12 17:00:00,2022-12-12 06:00:00,15.6
200,2022-12-12 18:00:00,2022-12-12 07:00:00,15.7
200,2022-12-12 19:00:00,2022-12-12 08:00:00,14.7
200,2022-12-12 20:00:00,2022-12-12 09:00:00,13.6
200,2022-12-12 21:00:00,2022-12-12 10:00:00,12.7
200,2022-12-12 22:00:00,2022-12-12 11:00:00,11.8
200,2022-12-12 23:00:00,2022-12-12 12:00:00,11.9
200,2022-12-13 00:00:00,2022-12-12 13:00:00,11.9
200,2022-12-13 01:00:00,2022-12-12 14:00:00,10.7
200,2022-12-13 02:00:00,2022-12-12 15:00:00,11.0
200,2022-12-13 03:00:00,2022-12-12 16:00:00,11.2
200,2022-12-13 04:00:00,2022-12-12 17:00:00,10.7
200,2022-12-13 05:00:00,2022-12-12 18:00:00,10.7
200,2022-12-13 06:00:00,2022-12-12 19:00:00,10.9
200,2022-12-13 07:00:00,2022-12-12 20:00:00,11.0
200,2022-12-13 08:00:00,2022-12-12 21:00:00,12.9
200,2022-12-13 09:00:00,2022-12-12 22:00:00,13.9
200,2022-12-13 10:00:00,2022-12-12 23:00:00,15.1
200,2022-12-13 11:00:00,2022-12-13 00:00:00,15.3
200,2022-12-13 12:00:00,2022-12-13 01:00:00,16.4
200,2022-12-13 13:00:00,2022-12-13 02:00:00,17.2
200,2022-12-13 14:00:00,2022-12-13 03:00:00,12.1
200,2022-12-13 15:00:00,2022-12-13 04:00:00,12.0
200,2022-12-13 16:00:00,2022-12-13 05:00:00,12.7
200,2022-12-13 17:00:00,2022-12-13 06:00:00,13.8
200,2022-12-13 18:00:00,2022-12-13 07:00:00,15.0
200,2022-12-13 19:00:00,2022-12-13 08:00:00,14.0
200,2022-12-13 20:00:00,2022-12-13 09:00:00,12.4
200,2022-12-13 21:00:00,2022-12-13 10:00:00,10.9
200,2022-12-13 22:00:00,2022-12-13 11:00:00,9.8
200,2022-12-13 23:00:00,2022-12-13 12:00:00,9.3
200,2022-12-14 00:00:00,2022-12-13 13:00:00,8.7
200,2022-12-14 01:00:00,2022-12-13 14:00:00,8.4
200,2022-12-14 02:00:00,2022-12-13 15:00:00,8.3
200,2022-12-14 03:00:00,2022-12-13 16:00:00,8.6
200,2022-12-14 04:00:00,2022-12-13 17:00:00,8.8
200,2022-12-14 05:00:00,2022-12-13 18:00:00,9.3
200,2022-12-14 06:00:00,2022-12-13 19:00:00,9.4
200,2022-12-14 07:00:00,2022-12-13 20:00:00,9.5
200,2022-12-14 08:00:00,2022-12-13 21:00:00,10.2
200,2022-12-14 09:00:00,2022-12-13 22:00:00,10.9
200,2022-12-14 10:00:00,2022-12-13 23:00:00,11.3
200,2022-12-14 11:00:00,2022-12-14 00:00:00,13.8
200,2022-12-14 12:00:00,2022-12-14 01:00:00,11.3
200,2022-12-14 13:00:00,2022-12-14 02:00:00,13.1
200,2022-12-14 14:00:00,2022-12-14 03:00:00,14.0
200,2022-12-14 15:00:00,2022-12-14 04:00:00,13.4
200,2022-12-14 16:00:00,2022-12-14 05:00:00,14.7
200,2022-12-14 17:00:00,2022-12-14 06:00:00,14.3
200,2022-12-14 18:00:00,2022-12-14 07:00:00,13.8
200,2022-12-14 19:00:00,2022-12-14 08:00:00,10.7
200,2022-12-14 20:00:00,2022-12-14 09:00:00,11.1
200,2022-12-14 21:00:00,2022-12-14 10:00:00,11.6
200,2022-12-14 22:00:00,2022-12-14 11:00:00,10.4
200,2022-12-14 23:00:00,2022-12-14 12:00:00,10.1
200,2022-12-15 00:00:00,2022-12-14 13:00:00,10.6
200,2022-12-15 01:00:00,2022-12-14 14:00:00,10.3
200,2022-12-15 02:00:00,2022-12-14 15:00:00,11.4
200,2022-12-15 03:00:00,2022-12-14 16:00:00,11.7
200,2022-12-15 04:00:00,2022-12-14 17:00:00,11.9
200,2022-12-15 05:00:00,2022-12-14 18:00:00,12.0
200,2022-12-15 06:00:00,2022-12-14 19:00:00,11.5
200,2022-12-15 07:00:00,2022-12-14 20:00:00,11.4
200,2022-12-15 08:00:00,2022-12-14 21:00:00,11.4
200,2022-12-15 09:00:00,2022-12-14 22:00:00,12.5
200,2022-12-15 10:00:00,2022-12-14 23:00:00,13.5
200,2022-12-15 11:00:00,2022-12-15 00:00:00,11.3
200,2022-12-15 12:00:00,2022-12-15 01:00:00,12.4
200,2022-12-15 13:00:00,2022-12-15 02:00:00,14.1
200,2022-12-15 14:00:00,2022-12-15 03:00:00,16.3
200,2022-12-15 15:00:00,2022-12-15 04:00:00,15.8
200,2022-12-15 16:00:00,2022-12-15 05:00:00,15.7
200,2022-12-15 17:00:00,2022-12-15 06:00:00,16.3
200,2022-12-15 18:00:00,2022-12-15 07:00:00,15.7
200,2022-12-15 19:00:00,2022-12-15 08:00:00,14.7
200,2022-12-15 20:00:00,2022-12-15 09:00:00,13.6
200,2022-12-15 21:00:00,2022-12-15 10:00:00,12.6
200,2022-12-15 22:00:00,2022-12-15 11:00:00,12.1
200,2022-12-15 23:00:00,2022-12-15 12:00:00,12.2
200,2022-12-16 00:00:00,2022-12-15 13:00:00,12.9
200,2022-12-16 01:00:00,2022-12-15 14:00:00,12.8
200,2022-12-16 02:00:00,2022-12-15 15:00:00,12.5
200,2022-12-16 03:00:00,2022-12-15 16:00:00,11.7
200,2022-12-16 04:00:00,2022-12-15 17:00:00,10.9
200,2022-12-16 05:00:00,2022-12-15 18:00:00,11.6
200,2022-12-16 06:00:00,2022-12-15 19:00:00,12.1
200,2022-12-16 07:00:00,2022-12-15 20:00:00,12.0
200,2022-12-16 08:00:00,2022-12-15 21:00:00,13.5
200,2022-12-16 09:00:00,2022-12-15 22:00:00,15.0
200,2022-12-16 10:00:00,2022-12-15 23:00:00,16.2
200,2022-12-16 11:00:00,2022-12-16 00:00:00,18.2
200,2022-12-16 12:00:00,2022-12-16 01:00:00,17.1
200,2022-12-16 13:00:00,2022-12-16 02:00:00,18.0
200,2022-12-16 14:00:00,2022-12-16 03:00:00,19.2
200,2022-12-16 15:00:00,2022-12-16 04:00:00,18.7
200,2022-12-16 16:00:00,2022-12-16 05:00:00,18.0
200,2022-12-16 17:00:00,2022-12-16 06:00:00,17.4
200,2022-12-16 18:00:00,2022-12-16 07:00:00,16.6
200,2022-12-16 19:00:00,2022-12-16 08:00:00,16.3
200,2022-12-16 20:00:00,2022-12-16 09:00:00,16.2
200,2022-12-16 21:00:00,2022-12-16 10:00:00,15.0
200,2022-12-16 22:00:00,2022-12-16 11:00:00,14.2
200,2022-12-16 23:00:00,2022-12-16 12:00:00,13.7
200,2022-12-17 00:00:00,2022-12-16 13:00:00,13.1
200,2022-12-17 01:00:00,2022-12-16 14:00:00,12.8
200,2022-12-17 02:00:00,2022-12-16 15:00:00,12.3
200,2022-12-17 03:00:00,2022-12-16 16:00:00,11.8
200,2022-12-17 04:00:00,2022-12-16 17:00:00,10.8
200,2022-12-17 05:00:00,2022-12-16 18:00:00,10.4
200,2022-12-17 06:00:00,2022-12-16 19:00:00,9.5
200,2022-12-17 07:00:00,2022-12-16 20:00:00,11.8
200,2022-12-17 08:00:00,2022-12-16 21:00:00,14.1
200,2022-12-17 09:00:00,2022-12-16 22:00:00,16.3
200,2022-12-17 10:00:00,2022-12-16 23:00:00,17.9
200,2022-12-17 11:00:00,2022-12-17 00:00:00,19.1
200,2022-12-17 12:00:00,2022-12-17 01:00:00,19.0
200,2022-12-17 13:00:00,2022-12-17 02:00:00,19.8
200,2022-12-17 14:00:00,2022-12-17 03:00:00,21.3
200,2022-12-17 15:00:00,2022-12-17 04:00:00,21.3
200,2022-12-17 16:00:00,2022-12-17 05:00:00,21.9
200,2022-12-17 17:00:00,2022-12-17 06:00:00,21.4
200,2022-12-17 18:00:00,2022-12-17 07:00:00,21.5
200,2022-12-17 19:00:00,2022-12-17 08:00:00,20.3
200,2022-12-17 20:00:00,2022-12-17 09:00:00,18.8
200,2022-12-17 21:00:00,2022-12-17 10:00:00,17.4
200,2022-12-17 22:00:00,2022-12-17 11:00:00,16.2
200,2022-12-17 23:00:00,2022-12-17 12:00:00,15.1
200,2022-12-18 00:00:00,2022-12-17 13:00:00,13.4
200,2022-12-18 01:00:00,2022-12-17 14:00:00,12.6
200,2022-12-18 02:00:00,2022-12-17 15:00:00,11.8
200,2022-12-18 03:00:00,2022-12-17 16:00:00,11.1
200,2022-12-18 04:00:00,2022-12-17 17:00:00,10.2
200,2022-12-18 05:00:00,2022-12-17 18:00:00,10.2
200,2022-12-18 06:00:00,2022-12-17 19:00:00,9.7
200,2022-12-18 07:00:00,2022-12-17 20:00:00,11.4
200,2022-12-18 08:00:00,2022-12-17 21:00:00,13.9
200,2022-12-18 09:00:00,2022-12-17 22:00:00,15.6
200,2022-12-18 10:00:00,2022-12-17 23:00:00,17.3
200,2022-12-18 11:00:00,2022-12-18 00:00:00,18.4
200,2022-12-18 12:00:00,2022-12-18 01:00:00,19.6
200,2022-12-18 13:00:00,2022-12-18 02:00:00,21.3
200,2022-12-18 14:00:00,2022-12-18 03:00:00,21.9
200,2022-12-18 15:00:00,2022-12-18 04:00:00,23.1
200,2022-12-18 16:00:00,2022-12-18 05:00:00,23.1
200,2022-12-18 17:00:00,2022-12-18 06:00:00,23.1
200,2022-12-18 18:00:00,2022-12-18 07:00:00,22.7
200,2022-12-18 19:00:00,2022-12-18 08:00:00,21.5
200,2022-12-18 20:00:00,2022-12-18 09:00:00,19.9
200,2022-12-18 21:00:00,2022-12-18 10:00:00,17.8
200,2022-12-18 22:00:00,2022-12-18 11:00:00,16.6
200,2022-12-18 23:00:00,2022-12-18 12:00:00,14.9
200,2022-12-19 00:00:00,2022-12-18 13:00:00,13.8
200,2022-12-19 01:00:00,2022-12-18 14:00:00,12.6
200,2022-12-19 02:00:00,2022-12-18 15:00:00,11.9
200,2022-12-19 03:00:00,2022-12-18 16:00:00,11.0
200,2022-12-19 04:00:00,2022-12-18 17:00:00,10.7
200,2022-12-19 05:00:00,2022-12-18 18:00:00,10.3
200,2022-12-19 06:00:00,2022-12-18 19:00:00,10.0
200,2022-12-19 07:00:00,2022-12-18 20:00:00,11.1
200,2022-12-19 08:00:00,2022-12-18 21:00:00,13.2
200,2022-12-19 09:00:00,2022-12-18 22:00:00,15.2
200,2022-12-19 10:00:00,2022-12-18 23:00:00,16.8
200,2022-12-19 11:00:00,2022-12-19 00:00:00,19.7
200,2022-12-19 12:00:00,2022-12-19 01:00:00,21.5
200,2022-12-19 13:00:00,2022-12-19 02:00:00,22.7
200,2022-12-19 14:00:00,2022-12-19 03:00:00,24.0
200,2022-12-19 15:00:00,2022-12-19 04:00:00,24.3
200,2022-12-19 16:00:00,2022-12-19 05:00:00,24.3
200,2022-12-19 17:00:00,2022-12-19 06:00:00,24.8
200,2022-12-19 18:00:00,2022-12-19 07:00:00,24.8
200,2022-12-19 19:00:00,2022-12-19 08:00:00,24.2
200,2022-12-19 20:00:00,2022-12-19 09:00:00,22.3
200,2022-12-19 21:00:00,2022-12-19 10:00:00,20.0
200,2022-12-19 22:00:00,2022-12-19 11:00:00,17.3
200,2022-12-19 23:00:00,2022-12-19 12:00:00,15.5
200,2022-12-20 00:00:00,2022-12-19 13:00:00,13.6
200,2022-12-20 01:00:00,2022-12-19 14:00:00,11.9
200,2022-12-20 02:00:00,2022-12-19 15:00:00,12.0
200,2022-12-20 03:00:00,2022-12-19 16:00:00,11.4
200,2022-12-20 04:00:00,2022-12-19 17:00:00,10.8
200,2022-12-20 05:00:00,2022-12-19 18:00:00,10.2
200,2022-12-20 06:00:00,2022-12-19 19:00:00,10.2
200,2022-12-20 07:00:00,2022-12-19 20:00:00,11.2
200,2022-12-20 08:00:00,2022-12-19 21:00:00,13.1
200,2022-12-20 09:00:00,2022-12-19 22:00:00,15.5
200,2022-12-20 10:00:00,2022-12-19 23:00:00,18.3
200,2022-12-20 11:00:00,2022-12-20 00:00:00,20.8
200,2022-12-20 12:00:00,2022-12-20 01:00:00,23.0
200,2022-12-20 13:00:00,2022-12-20 02:00:00,24.5
200,2022-12-20 14:00:00,2022-12-20 03:00:00,26.1
200,2022-12-20 15:00:00,2022-12-20 04:00:00,27.0
200,2022-12-20 16:00:00,2022-12-20 05:00:00,27.0
200,2022-12-20 17:00:00,2022-12-20 06:00:00,26.8
200,2022-12-20 18:00:00,2022-12-20 07:00:00,26.9
200,2022-12-20 19:00:00,2022-12-20 08:00:00,24.8
200,2022-12-20 20:00:00,2022-12-20 09:00:00,23.8
200,2022-12-20 21:00:00,2022-12-20 10:00:00,21.3
200,2022-12-20 22:00:00,2022-12-20 11:00:00,19.1
200,2022-12-20 23:00:00,2022-12-20 12:00:00,17.0
200,2022-12-21 00:00:00,2022-12-20 13:00:00,15.8
200,2022-12-21 01:00:00,2022-12-20 14:00:00,15.1
200,2022-12-21 02:00:00,2022-12-20 15:00:00,14.1
200,2022-12-21 03:00:00,2022-12-20 16:00:00,13.4
200,2022-12-21 04:00:00,2022-12-20 17:00:00,12.6
200,2022-12-21 05:00:00,2022-12-20 18:00:00,12.6
200,2022-12-21 06:00:00,2022-12-20 19:00:00,11.9
200,2022-12-21 07:00:00,2022-12-20 20:00:00,12.5
200,2022-12-21 08:00:00,2022-12-20 21:00:00,14.8
200,2022-12-21 09:00:00,2022-12-20 22:00:00,18.8
200,2022-12-21 10:00:00,2022-12-20 23:00:00,22.1
200,2022-12-21 11:00:00,2022-12-21 00:00:00,24.0
200,2022-12-21 12:00:00,2022-12-21 01:00:00,26.0
200,2022-12-21 13:00:00,2022-12-21 02:00:00,27.2
200,2022-12-21 14:00:00,2022-12-21 03:00:00,27.2
200,2022-12-21 15:00:00,2022-12-21 04:00:00,28.4
200,2022-12-21 16:00:00,2022-12-21 05:00:00,28.0
200,2022-12-21 17:00:00,2022-12-21 06:00:00,29.3
200,2022-12-21 18:00:00,2022-12-21 07:00:00,27.1
200,2022-12-21 19:00:00,2022-12-21 08:00:00,26.4
200,2022-12-21 20:00:00,2022-12-21 09:00:00,25.4
200,2022-12-21 21:00:00,2022-12-21 10:00:00,24.1
200,2022-12-21 22:00:00,2022-12-21 11:00:00,23.0
200,2022-12-21 23:00:00,2022-12-21 12:00:00,22.6
200,2022-12-22 00:00:00,2022-12-21 13:00:00,20.9
200,2022-12-22 01:00:00,2022-12-21 14:00:00,20.1
200,2022-12-22 02:00:00,2022-12-21 15:00:00,19.1
200,2022-12-22 03:00:00,2022-12-21 16:00:00,18.5
200,2022-12-22 04:00:00,2022-12-21 17:00:00,18.1
200,2022-12-22 05:00:00,2022-12-21 18:00:00,17.3
200,2022-12-22 06:00:00,2022-12-21 19:00:00,16.9
200,2022-12-22 07:00:00,2022-12-21 20:00:00,16.8
200,2022-12-22 08:00:00,2022-12-21 21:00:00,16.2
200,2022-12-22 09:00:00,2022-12-21 22:00:00,17.2
200,2022-12-22 10:00:00,2022-12-21 23:00:00,18.3
200,2022-12-22 11:00:00,2022-12-22 00:00:00,20.0
200,2022-12-22 12:00:00,2022-12-22 01:00:00,23.2
200,2022-12-22 13:00:00,2022-12-22 02:00:00,23.4
200,2022-12-22 14:00:00,2022-12-22 03:00:00,23.2
200,2022-12-22 15:00:00,2022-12-22 04:00:00,19.6
200,2022-12-22 16:00:00,2022-12-22 05:00:00,24.1
200,2022-12-22 17:00:00,2022-12-22 06:00:00,22.9
200,2022-12-22 18:00:00,2022-12-22 07:00:00,18.3
200,2022-12-22 19:00:00,2022-12-22 08:00:00,18.5
200,2022-12-22 20:00:00,2022-12-22 09:00:00,18.5
200,2022-12-22 21:00:00,2022-12-22 10:00:00,18.1
200,2022-12-22 22:00:00,2022-12-22 11:00:00,17.8
200,2022-12-22 23:00:00,2022-12-22 12:00:00,17.8
200,2022-12-23 00:00:00,2022-12-22 13:00:00,17.6
200,2022-12-23 01:00:00,2022-12-22 14:00:00,17.1
200,2022-12-23 02:00:00,2022-12-22 15:00:00,16.3
200,2022-12-23 03:00:00,2022-12-22 16:00:00,15.6
200,2022-12-23 04:00:00,2022-12-22 17:00:00,15.0
200,2022-12-23 05:00:00,2022-12-22 18:00:00,15.2
200,2022-12-23 06:00:00,2022-12-22 19:00:00,15.5
200,2022-12-23 07:00:00,2022-12-22 20:00:00,15.6
200,2022-12-23 08:00:00,2022-12-22 21:00:00,15.7
200,2022-12-23 09:00:00,2022-12-22 22:00:00,16.3
200,2022-12-23 10:00:00,2022-12-22 23:00:00,17.3
200,2022-12-23 11:00:00,2022-12-23 00:00:00,19.1
200,2022-12-23 12:00:00,2022-12-23 01:00:00,20.6
200,2022-12-23 13:00:00,2022-12-23 02:00:00,21.0
200,2022-12-23 14:00:00,2022-12-23 03:00:00,22.6
200,2022-12-23 15:00:00,2022-12-23 04:00:00,22.6
200,2022-12-23 16:00:00,2022-12-23 05:00:00,23.5
200,2022-12-23 17:00:00,2022-12-23 06:00:00,23.1
200,2022-12-23 18:00:00,2022-12-23 07:00:00,23.5
200,2022-12-23 19:00:00,2022-12-23 08:00:00,22.2
200,2022-12-23 20:00:00,2022-12-23 09:00:00,21.2
200,2022-12-23 21:00:00,2022-12-23 10:00:00,19.2
200,2022-12-23 22:00:00,2022-12-23 11:00:00,17.5
200,2022-12-23 23:00:00,2022-12-23 12:00:00,17.1
200,2022-12-24 00:00:00,2022-12-23 13:00:00,17.1
200,2022-12-24 01:00:00,2022-12-23 14:00:00,17.0
200,2022-12-24 02:00:00,2022-12-23 15:00:00,16.9
200,2022-12-24 03:00:00,2022-12-23 16:00:00,16.7
200,2022-12-24 04:00:00,2022-12-23 17:00:00,16.4
200,2022-12-24 05:00:00,2022-12-23 18:00:00,15.6
200,2022-12-24 06:00:00,2022-12-23 19:00:00,16.0
200,2022-12-24 07:00:00,2022-12-23 20:00:00,15.6
200,2022-12-24 08:00:00,2022-12-23 21:00:00,16.4
200,2022-12-24 09:00:00,2022-12-23 22:00:00,18.0
200,2022-12-24 10:00:00,2022-12-23 23:00:00,19.0
200,2022-12-24 11:00:00,2022-12-24 00:00:00,20.0
200,2022-12-24 12:00:00,2022-12-24 01:00:00,20.7
200,2022-12-24 13:00:00,2022-12-24 02:00:00,21.3
200,2022-12-24 14:00:00,2022-12-24 03:00:00,23.1
200,2022-12-24 15:00:00,2022-12-24 04:00:00,23.3
200,2022-12-24 16:00:00,2022-12-24 05:00:00,24.2
200,2022-12-24 17:00:00,2022-12-24 06:00:00,22.9
200,2022-12-24 18:00:00,2022-12-24 07:00:00,20.9
200,2022-12-24 19:00:00,2022-12-24 08:00:00,19.4
200,2022-12-24 20:00:00,2022-12-24 09:00:00,17.9
200,2022-12-24 21:00:00,2022-12-24 10:00:00,16.6
200,2022-12-24 22:00:00,2022-12-24 11:00:00,15.9
200,2022-12-24 23:00:00,2022-12-24 12:00:00,15.4
200,2022-12-25 00:00:00,2022-12-24 13:00:00,14.9
200,2022-12-25 01:00:00,2022-12-24 14:00:00,14.1
200,2022-12-25 02:00:00,2022-12-24 15:00:00,14.0
200,2022-12-25 03:00:00,,13.35
200,2022-12-25 04:00:00,2022-12-24 17:00:00,12.7
200,2022-12-25 05:00:00,2022-12-24 18:00:00,11.6
200,2022-12-25 06:00:00,2022-12-24 19:00:00,11.7
200,2022-12-25 07:00:00,2022-12-24 20:00:00,12.7
200,2022-12-25 08:00:00,2022-12-24 21:00:00,15.8
200,2022-12-25 09:00:00,2022-12-24 22:00:00,19.8
200,2022-12-25 10:00:00,2022-12-24 23:00:00,22.9
200,2022-12-25 11:00:00,2022-12-25 00:00:00,26.6
200,2022-12-25 12:00:00,2022-12-25 01:00:00,30.0
200,2022-12-25 13:00:00,2022-12-25 02:00:00,31.9
200,2022-12-25 14:00:00,2022-12-25 03:00:00,31.1
200,2022-12-25 15:00:00,2022-12-25 04:00:00,29.8
200,2022-12-25 16:00:00,2022-12-25 05:00:00,30.4
200,2022-12-25 17:00:00,2022-12-25 06:00:00,31.1
200,2022-12-25 18:00:00,2022-12-25 07:00:00,30.7
200,2022-12-25 19:00:00,2022-12-25 08:00:00,28.5
200,2022-12-25 20:00:00,2022-12-25 09:00:00,24.2
200,2022-12-25 21:00:00,2022-12-25 10:00:00,22.0
200,2022-12-25 22:00:00,2022-12-25 11:00:00,20.8
200,2022-12-25 23:00:00,2022-12-25 12:00:00,19.8
200,2022-12-26 00:00:00,2022-12-25 13:00:00,18.4
200,2022-12-26 01:00:00,2022-12-25 14:00:00,18.1
200,2022-12-26 02:00:00,2022-12-25 15:00:00,17.6
200,2022-12-26 03:00:00,2022-12-25 16:00:00,16.9
200,2022-12-26 04:00:00,2022-12-25 17:00:00,16.6
200,2022-12-26 05:00:00,2022-12-25 18:00:00,16.2
200,2022-12-26 06:00:00,2022-12-25 19:00:00,15.4
200,2022-12-26 07:00:00,2022-12-25 20:00:00,16.7
200,2022-12-26 08:00:00,2022-12-25 21:00:00,18.9
200,2022-12-26 09:00:00,2022-12-25 22:00:00,23.8
200,2022-12-26 10:00:00,2022-12-25 23:00:00,28.9
200,2022-12-26 11:00:00,2022-12-26 00:00:00,30.9
200,2022-12-26 12:00:00,2022-12-26 01:00:00,28.6
200,2022-12-26 13:00:00,2022-12-26 02:00:00,26.1
200,2022-12-26 14:00:00,2022-12-26 03:00:00,26.4
200,2022-12-26 15:00:00,2022-12-26 04:00:00,26.7
200,2022-12-26 16:00:00,2022-12-26 05:00:00,27.2
200,2022-12-26 17:00:00,2022-12-26 06:00:00,26.5
200,2022-12-26 18:00:00,2022-12-26 07:00:00,25.3
200,2022-12-26 19:00:00,2022-12-26 08:00:00,24.6
200,2022-12-26 20:00:00,2022-12-26 09:00:00,23.6
200,2022-12-26 21:00:00,2022-12-26 10:00:00,21.6
200,2022-12-26 22:00:00,2022-12-26 11:00:00,20.9
200,2022-12-26 23:00:00,2022-12-26 12:00:00,19.9
200,2022-12-27 00:00:00,2022-12-26 13:00:00,19.4
200,2022-12-27 01:00:00,2022-12-26 14:00:00,18.9
200,2022-12-27 02:00:00,2022-12-26 15:00:00,18.4
200,2022-12-27 03:00:00,2022-12-26 16:00:00,17.7
200,2022-12-27 04:00:00,2022-12-26 17:00:00,17.0
200,2022-12-27 05:00:00,2022-12-26 18:00:00,17.4
200,2022-12-27 06:00:00,2022-12-26 19:00:00,16.6
200,2022-12-27 07:00:00,2022-12-26 20:00:00,18.3
200,2022-12-27 08:00:00,2022-12-26 21:00:00,21.5
200,2022-12-27 09:00:00,2022-12-26 22:00:00,26.5
200,2022-12-27 10:00:00,2022-12-26 23:00:00,30.9
200,2022-12-27 11:00:00,2022-12-27 00:00:00,32.6
200,2022-12-27 12:00:00,2022-12-27 01:00:00,33.8
200,2022-12-27 13:00:00,2022-12-27 02:00:00,34.9
200,2022-12-27 14:00:00,2022-12-27 03:00:00,36.5
200,2022-12-27 15:00:00,2022-12-27 04:00:00,36.5
200,2022-12-27 16:00:00,2022-12-27 05:00:00,37.0
200,2022-12-27 17:00:00,2022-12-27 06:00:00,36.9
200,2022-12-27 18:00:00,2022-12-27 07:00:00,36.9
200,2022-12-27 19:00:00,2022-12-27 08:00:00,36.2
200,2022-12-27 20:00:00,2022-12-27 09:00:00,35.2
200,2022-12-27 21:00:00,2022-12-27 10:00:00,32.5
200,2022-12-27 22:00:00,2022-12-27 11:00:00,31.3
200,2022-12-27 23:00:00,2022-12-27 12:00:00,30.4
200,2022-12-28 00:00:00,2022-12-27 13:00:00,29.3
200,2022-12-28 01:00:00,2022-12-27 14:00:00,29.0
200,2022-12-28 02:00:00,2022-12-27 15:00:00,28.6
200,2022-12-28 03:00:00,2022-12-27 16:00:00,28.3
200,2022-12-28 04:00:00,2022-12-27 17:00:00,28.5
200,2022-12-28 05:00:00,2022-12-27 18:00:00,27.3
200,2022-12-28 06:00:00,2022-12-27 19:00:00,27.2
200,2022-12-28 07:00:00,2022-12-27 20:00:00,27.1
200,2022-12-28 08:00:00,2022-12-27 21:00:00,26.7
200,2022-12-28 09:00:00,2022-12-27 22:00:00,26.2
200,2022-12-28 10:00:00,2022-12-27 23:00:00,24.4
200,2022-12-28 11:00:00,2022-12-28 00:00:00,24.4
200,2022-12-28 12:00:00,2022-12-28 01:00:00,20.3
200,2022-12-28 13:00:00,2022-12-28 02:00:00,21.3
200,2022-12-28 14:00:00,2022-12-28 03:00:00,19.9
200,2022-12-28 15:00:00,2022-12-28 04:00:00,17.9
200,2022-12-28 16:00:00,2022-12-28 05:00:00,17.1
200,2022-12-28 17:00:00,2022-12-28 06:00:00,16.8
200,2022-12-28 18:00:00,2022-12-28 07:00:00,16.1
200,2022-12-28 19:00:00,2022-12-28 08:00:00,15.9
200,2022-12-28 20:00:00,2022-12-28 09:00:00,16.5
200,2022-12-28 21:00:00,2022-12-28 10:00:00,16.4
200,2022-12-28 22:00:00,2022-12-28 11:00:00,16.2
200,2022-12-28 23:00:00,2022-12-28 12:00:00,16.0
200,2022-12-29 00:00:00,2022-12-28 13:00:00,15.8
200,2022-12-29 01:00:00,2022-12-28 14:00:00,15.6
200,2022-12-29 02:00:00,2022-12-28 15:00:00,15.4
200,2022-12-29 03:00:00,2022-12-28 16:00:00,14.9
200,2022-12-29 04:00:00,2022-12-28 17:00:00,14.6
200,2022-12-29 05:00:00,2022-12-28 18:00:00,14.2
200,2022-12-29 06:00:00,2022-12-28 19:00:00,13.4
200,2022-12-29 07:00:00,2022-12-28 20:00:00,13.8
200,2022-12-29 08:00:00,2022-12-28 21:00:00,14.6
200,2022-12-29 09:00:00,2022-12-28 22:00:00,15.3
200,2022-12-29 10:00:00,2022-12-28 23:00:00,16.5
200,2022-12-29 11:00:00,2022-12-29 00:00:00,17.3
200,2022-12-29 12:00:00,2022-12-29 01:00:00,17.3
200,2022-12-29 13:00:00,2022-12-29 02:00:00,18.2
200,2022-12-29 14:00:00,2022-12-29 03:00:00,17.9
200,2022-12-29 15:00:00,2022-12-29 04:00:00,19.1
200,2022-12-29 16:00:00,2022-12-29 05:00:00,18.3
200,2022-12-29 17:00:00,2022-12-29 06:00:00,17.7
200,2022-12-29 18:00:00,2022-12-29 07:00:00,16.9
200,2022-12-29 19:00:00,2022-12-29 08:00:00,16.7
200,2022-12-29 20:00:00,2022-12-29 09:00:00,16.2
200,2022-12-29 21:00:00,2022-12-29 10:00:00,15.3
200,2022-12-29 22:00:00,2022-12-29 11:00:00,15.6
200,2022-12-29 23:00:00,2022-12-29 12:00:00,16.0
200,2022-12-30 00:00:00,2022-12-29 13:00:00,16.8
200,2022-12-30 01:00:00,2022-12-29 14:00:00,16.4
200,2022-12-30 02:00:00,2022-12-29 15:00:00,14.9
200,2022-12-30 03:00:00,2022-12-29 16:00:00,14.1
200,2022-12-30 04:00:00,2022-12-29 17:00:00,13.9
200,2022-12-30 05:00:00,2022-12-29 18:00:00,13.1
200,2022-12-30 06:00:00,2022-12-29 19:00:00,13.6
200,2022-12-30 07:00:00,2022-12-29 20:00:00,14.0
200,2022-12-30 08:00:00,2022-12-29 21:00:00,16.7
200,2022-12-30 09:00:00,2022-12-29 22:00:00,18.4
200,2022-12-30 10:00:00,2022-12-29 23:00:00,20.6
200,2022-12-30 11:00:00,2022-12-30 00:00:00,22.8
200,2022-12-30 12:00:00,2022-12-30 01:00:00,24.7
200,2022-12-30 13:00:00,2022-12-30 02:00:00,25.7
200,2022-12-30 14:00:00,2022-12-30 03:00:00,24.4
200,2022-12-30 15:00:00,2022-12-30 04:00:00,25.8
200,2022-12-30 16:00:00,2022-12-30 05:00:00,26.4
200,2022-12-30 17:00:00,2022-12-30 06:00:00,26.2
200,2022-12-30 18:00:00,2022-12-30 07:00:00,25.0
200,2022-12-30 19:00:00,2022-12-30 08:00:00,24.0
200,2022-12-30 20:00:00,2022-12-30 09:00:00,22.7
200,2022-12-30 21:00:00,2022-12-30 10:00:00,21.6
200,2022-12-30 22:00:00,2022-12-30 11:00:00,21.3
200,2022-12-30 23:00:00,2022-12-30 12:00:00,19.5
200,2022-12-31 00:00:00,2022-12-30 13:00:00,18.6
200,2022-12-31 01:00:00,2022-12-30 14:00:00,17.6
200,2022-12-31 02:00:00,2022-12-30 15:00:00,18.0
200,2022-12-31 03:00:00,2022-12-30 16:00:00,17.2
200,2022-12-31 04:00:00,2022-12-30 17:00:00,17.4
200,2022-12-31 05:00:00,2022-12-30 18:00:00,17.4
200,2022-12-31 06:00:00,2022-12-30 19:00:00,17.1
200,2022-12-31 07:00:00,2022-12-30 20:00:00,17.1
200,2022-12-31 08:00:00,2022-12-30 21:00:00,18.5
200,2022-12-31 09:00:00,2022-12-30 22:00:00,20.2
200,2022-12-31 10:00:00,2022-12-30 23:00:00,22.7
200,2022-12-31 11:00:00,2022-12-31 00:00:00,24.5
200,2022-12-31 12:00:00,2022-12-31 01:00:00,26.9
200,2022-12-31 13:00:00,2022-12-31 02:00:00,28.2
200,2022-12-31 14:00:00,2022-12-31 03:00:00,29.2
200,2022-12-31 15:00:00,2022-12-31 04:00:00,28.0
200,2022-12-31 16:00:00,2022-12-31 05:00:00,27.4
200,2022-12-31 17:00:00,2022-12-31 06:00:00,27.7
200,2022-12-31 18:00:00,2022-12-31 07:00:00,28.7
200,2022-12-31 19:00:00,2022-12-31 08:00:00,28.1
200,2022-12-31 20:00:00,2022-12-31 09:00:00,26.5
200,2022-12-31 21:00:00,2022-12-31 10:00:00,24.2
200,2022-12-31 22:00:00,2022-12-31 11:00:00,22.6
200,2022-12-31 23:00:00,2022-12-31 12:00:00,21.2
200,2023-01-01 00:00:00,2022-12-31 13:00:00,18.9
200,2023-01-01 01:00:00,2022-12-31 14:00:00,18.4
200,2023-01-01 02:00:00,2022-12-31 15:00:00,18.1
200,2023-01-01 03:00:00,2022-12-31 16:00:00,17.8
200,2023-01-01 04:00:00,,17.1
200,2023-01-01 05:00:00,2022-12-31 18:00:00,16.4
200,2023-01-01 06:00:00,2022-12-31 19:00:00,16.8
200,2023-01-01 07:00:00,2022-12-31 20:00:00,18.5
200,2023-01-01 08:00:00,2022-12-31 21:00:00,21.8
200,2023-01-01 09:00:00,2022-12-31 22:00:00,26.8
200,2023-01-01 10:00:00,2022-12-31 23:00:00,28.5
200,2023-01-01 11:00:00,2023-01-01 00:00:00,30.6
200,2023-01-01 12:00:00,2023-01-01 01:00:00,32.0
200,2023-01-01 13:00:00,2023-01-01 02:00:00,33.6
200,2023-01-01 14:00:00,2023-01-01 03:00:00,34.8
200,2023-01-01 15:00:00,2023-01-01 04:00:00,35.1
200,2023-01-01 16:00:00,2023-01-01 05:00:00,34.0
200,2023-01-01 17:00:00,2023-01-01 06:00:00,34.4
200,2023-01-01 18:00:00,2023-01-01 07:00:00,35.3
200,2023-01-01 19:00:00,2023-01-01 08:00:00,34.5
200,2023-01-01 20:00:00,2023-01-01 09:00:00,33.7
200,2023-01-01 21:00:00,2023-01-01 10:00:00,31.3
200,2023-01-01 22:00:00,2023-01-01 11:00:00,30.8
200,2023-01-01 23:00:00,2023-01-01 12:00:00,29.6
200,2023-01-02 00:00:00,2023-01-01 13:00:00,27.6
200,2023-01-02 01:00:00,2023-01-01 14:00:00,26.4
200,2023-01-02 02:00:00,2023-01-01 15:00:00,24.9
200,2023-01-02 03:00:00,2023-01-01 16:00:00,25.1
200,2023-01-02 04:00:00,2023-01-01 17:00:00,24.8
200,2023-01-02 05:00:00,2023-01-01 18:00:00,25.9
200,2023-01-02 06:00:00,2023-01-01 19:00:00,26.8
200,2023-01-02 07:00:00,2023-01-01 20:00:00,26.4
200,2023-01-02 08:00:00,2023-01-01 21:00:00,27.2
200,2023-01-02 09:00:00,2023-01-01 22:00:00,27.4
200,2023-01-02 10:00:00,2023-01-01 23:00:00,27.5
200,2023-01-02 11:00:00,2023-01-02 00:00:00,28.4
200,2023-01-02 12:00:00,2023-01-02 01:00:00,30.0
200,2023-01-02 13:00:00,2023-01-02 02:00:00,31.6
200,2023-01-02 14:00:00,2023-01-02 03:00:00,32.3
200,2023-01-02 15:00:00,2023-01-02 04:00:00,27.5
200,2023-01-02 16:00:00,2023-01-02 05:00:00,23.3
200,2023-01-02 17:00:00,2023-01-02 06:00:00,20.1
200,2023-01-02 18:00:00,2023-01-02 07:00:00,19.6
200,2023-01-02 19:00:00,2023-01-02 08:00:00,20.0
200,2023-01-02 20:00:00,2023-01-02 09:00:00,18.6
200,2023-01-02 21:00:00,2023-01-02 10:00:00,18.2
200,2023-01-02 22:00:00,2023-01-02 11:00:00,17.9
200,2023-01-02 23:00:00,2023-01-02 12:00:00,17.7
200,2023-01-03 00:00:00,2023-01-02 13:00:00,17.6
200,2023-01-03 01:00:00,2023-01-02 14:00:00,17.6
200,2023-01-03 02:00:00,2023-01-02 15:00:00,17.6
200,2023-01-03 03:00:00,2023-01-02 16:00:00,16.5
200,2023-01-03 04:00:00,2023-01-02 17:00:00,16.4
200,2023-01-03 05:00:00,2023-01-02 18:00:00,16.4
200,2023-01-03 06:00:00,2023-01-02 19:00:00,15.2
200,2023-01-03 07:00:00,2023-01-02 20:00:00,14.8
200,2023-01-03 08:00:00,2023-01-02 21:00:00,15.4
200,2023-01-03 09:00:00,2023-01-02 22:00:00,16.2
200,2023-01-03 10:00:00,2023-01-02 23:00:00,16.2
200,2023-01-03 11:00:00,2023-01-03 00:00:00,16.9
200,2023-01-03 12:00:00,2023-01-03 01:00:00,18.1
200,2023-01-03 13:00:00,2023-01-03 02:00:00,19.9
200,2023-01-03 14:00:00,2023-01-03 03:00:00,19.4
200,2023-01-03 15:00:00,2023-01-03 04:00:00,20.8
200,2023-01-03 16:00:00,2023-01-03 05:00:00,20.6
200,2023-01-03 17:00:00,2023-01-03 06:00:00,20.6
200,2023-01-03 18:00:00,2023-01-03 07:00:00,19.6
200,2023-01-03 19:00:00,2023-01-03 08:00:00,18.3
200,2023-01-03 20:00:00,2023-01-03 09:00:00,16.9
200,2023-01-03 21:00:00,2023-01-03 10:00:00,16.4
200,2023-01-03 22:00:00,2023-01-03 11:00:00,16.1
200,2023-01-03 23:00:00,2023-01-03 12:00:00,15.8
200,2023-01-04 00:00:00,2023-01-03 13:00:00,15.6
200,2023-01-04 01:00:00,2023-01-03 14:00:00,15.3
200,2023-01-04 02:00:00,2023-01-03 15:00:00,14.7
200,2023-01-04 03:00:00,2023-01-03 16:00:00,14.5
200,2023-01-04 04:00:00,2023-01-03 17:00:00,14.5
200,2023-01-04 05:00:00,2023-01-03 18:00:00,14.6
200,2023-01-04 06:00:00,2023-01-03 19:00:00,14.5
200,2023-01-04 07:00:00,2023-01-03 20:00:00,14.3
200,2023-01-04 08:00:00,2023-01-03 21:00:00,14.7
200,2023-01-04 09:00:00,2023-01-03 22:00:00,15.0
200,2023-01-04 10:00:00,2023-01-03 23:00:00,15.3
200,2023-01-04 11:00:00,2023-01-04 00:00:00,13.7
200,2023-01-04 12:00:00,2023-01-04 01:00:00,15.3
200,2023-01-04 13:00:00,2023-01-04 02:00:00,15.3
200,2023-01-04 14:00:00,2023-01-04 03:00:00,14.4
200,2023-01-04 15:00:00,2023-01-04 04:00:00,13.7
200,2023-01-04 16:00:00,2023-01-04 05:00:00,15.3
200,2023-01-04 17:00:00,2023-01-04 06:00:00,16.2
200,2023-01-04 18:00:00,2023-01-04 07:00:00,14.2
200,2023-01-04 19:00:00,2023-01-04 08:00:00,15.3
200,2023-01-04 20:00:00,2023-01-04 09:00:00,14.4
200,2023-01-04 21:00:00,2023-01-04 10:00:00,15.4
200,2023-01-04 22:00:00,2023-01-04 11:00:00,15.6
200,2023-01-04 23:00:00,2023-01-04 12:00:00,15.6
200,2023-01-05 00:00:00,2023-01-04 13:00:00,14.5
200,2023-01-05 01:00:00,2023-01-04 14:00:00,13.9
200,2023-01-05 02:00:00,2023-01-04 15:00:00,14.0
200,2023-01-05 03:00:00,2023-01-04 16:00:00,14.5
200,2023-01-05 04:00:00,2023-01-04 17:00:00,14.7
200,2023-01-05 05:00:00,2023-01-04 18:00:00,15.0
200,2023-01-05 06:00:00,2023-01-04 19:00:00,14.9
200,2023-01-05 07:00:00,2023-01-04 20:00:00,15.3
200,2023-01-05 08:00:00,2023-01-04 21:00:00,16.4
200,2023-01-05 09:00:00,2023-01-04 22:00:00,17.7
200,2023-01-05 10:00:00,2023-01-04 23:00:00,20.1
200,2023-01-05 11:00:00,2023-01-05 00:00:00,20.0
200,2023-01-05 12:00:00,2023-01-05 01:00:00,20.1
200,2023-01-05 13:00:00,2023-01-05 02:00:00,20.3
200,2023-01-05 14:00:00,2023-01-05 03:00:00,21.4
200,2023-01-05 15:00:00,2023-01-05 04:00:00,20.8
200,2023-01-05 16:00:00,2023-01-05 05:00:00,20.3
200,2023-01-05 17:00:00,2023-01-05 06:00:00,19.6
200,2023-01-05 18:00:00,2023-01-05 07:00:00,19.6
200,2023-01-05 19:00:00,2023-01-05 08:00:00,19.2
200,2023-01-05 20:00:00,2023-01-05 09:00:00,20.3
200,2023-01-05 21:00:00,2023-01-05 10:00:00,19.0
200,2023-01-05 22:00:00,2023-01-05 11:00:00,18.2
200,2023-01-05 23:00:00,2023-01-05 12:00:00,17.0
200,2023-01-06 00:00:00,2023-01-05 13:00:00,16.1
200,2023-01-06 01:00:00,2023-01-05 14:00:00,15.2
200,2023-01-06 02:00:00,2023-01-05 15:00:00,14.4
200,2023-01-06 03:00:00,2023-01-05 16:00:00,13.7
200,2023-01-06 04:00:00,2023-01-05 17:00:00,12.9
200,2023-01-06 05:00:00,2023-01-05 18:00:00,12.8
200,2023-01-06 06:00:00,2023-01-05 19:00:00,12.2
200,2023-01-06 07:00:00,2023-01-05 20:00:00,13.3
200,2023-01-06 08:00:00,2023-01-05 21:00:00,15.5
200,2023-01-06 09:00:00,2023-01-05 22:00:00,17.8
200,2023-01-06 10:00:00,2023-01-05 23:00:00,20.0
200,2023-01-06 11:00:00,2023-01-06 00:00:00,20.2
200,2023-01-06 12:00:00,2023-01-06 01:00:00,21.9
200,2023-01-06 13:00:00,2023-01-06 02:00:00,23.9
200,2023-01-06 14:00:00,2023-01-06 03:00:00,24.4
200,2023-01-06 15:00:00,2023-01-06 04:00:00,25.4
200,2023-01-06 16:00:00,2023-01-06 05:00:00,25.5
200,2023-01-06 17:00:00,2023-01-06 06:00:00,25.0
200,2023-01-06 18:00:00,2023-01-06 07:00:00,25.0
200,2023-01-06 19:00:00,2023-01-06 08:00:00,23.7
200,2023-01-06 20:00:00,2023-01-06 09:00:00,22.2
200,2023-01-06 21:00:00,2023-01-06 10:00:00,20.1
200,2023-01-06 22:00:00,2023-01-06 11:00:00,18.7
200,2023-01-06 23:00:00,2023-01-06 12:00:00,17.5
200,2023-01-07 00:00:00,2023-01-06 13:00:00,15.8
200,2023-01-07 01:00:00,2023-01-06 14:00:00,15.4
200,2023-01-07 02:00:00,2023-01-06 15:00:00,14.6
200,2023-01-07 03:00:00,2023-01-06 16:00:00,14.0
200,2023-01-07 04:00:00,2023-01-06 17:00:00,13.5
200,2023-01-07 05:00:00,2023-01-06 18:00:00,13.3
200,2023-01-07 06:00:00,2023-01-06 19:00:00,12.2
200,2023-01-07 07:00:00,2023-01-06 20:00:00,12.3
200,2023-01-07 08:00:00,2023-01-06 21:00:00,15.9
200,2023-01-07 09:00:00,2023-01-06 22:00:00,19.3
200,2023-01-07 10:00:00,2023-01-06 23:00:00,22.5
200,2023-01-07 11:00:00,2023-01-07 00:00:00,24.6
200,2023-01-07 12:00:00,2023-01-07 01:00:00,27.2
200,2023-01-07 13:00:00,2023-01-07 02:00:00,27.1
200,2023-01-07 14:00:00,2023-01-07 03:00:00,29.3
200,2023-01-07 15:00:00,2023-01-07 04:00:00,29.5
200,2023-01-07 16:00:00,2023-01-07 05:00:00,29.3
200,2023-01-07 17:00:00,2023-01-07 06:00:00,30.1
200,2023-01-07 18:00:00,2023-01-07 07:00:00,29.7
200,2023-01-07 19:00:00,2023-01-07 08:00:00,28.6
200,2023-01-07 20:00:00,2023-01-07 09:00:00,27.0
200,2023-01-07 21:00:00,2023-01-07 10:00:00,24.5
200,2023-01-07 22:00:00,2023-01-07 11:00:00,22.6
200,2023-01-07 23:00:00,2023-01-07 12:00:00,20.3
200,2023-01-08 00:00:00,2023-01-07 13:00:00,19.0
200,2023-01-08 01:00:00,2023-01-07 14:00:00,18.0
200,2023-01-08 02:00:00,2023-01-07 15:00:00,17.5
200,2023-01-08 03:00:00,,16.85
200,2023-01-08 04:00:00,2023-01-07 17:00:00,16.2
200,2023-01-08 05:00:00,2023-01-07 18:00:00,15.4
200,2023-01-08 06:00:00,2023-01-07 19:00:00,15.0
200,2023-01-08 07:00:00,2023-01-07 20:00:00,15.8
200,2023-01-08 08:00:00,2023-01-07 21:00:00,17.5
200,2023-01-08 09:00:00,2023-01-07 22:00:00,20.2
200,2023-01-08 10:00:00,2023-01-07 23:00:00,22.7
200,2023-01-08 11:00:00,2023-01-08 00:00:00,26.1
200,2023-01-08 12:00:00,2023-01-08 01:00:00,28.3
200,2023-01-08 13:00:00,2023-01-08 02:00:00,30.4
200,2023-01-08 14:00:00,2023-01-08 03:00:00,31.2
200,2023-01-08 15:00:00,2023-01-08 04:00:00,31.5
200,2023-01-08 16:00:00,2023-01-08 05:00:00,32.1
200,2023-01-08 17:00:00,2023-01-08 06:00:00,31.4
200,2023-01-08 18:00:00,2023-01-08 07:00:00,31.5
200,2023-01-08 19:00:00,2023-01-08 08:00:00,31.3
200,2023-01-08 20:00:00,2023-01-08 09:00:00,30.4
200,2023-01-08 21:00:00,2023-01-08 10:00:00,28.0
200,2023-01-08 22:00:00,2023-01-08 11:00:00,25.5
200,2023-01-08 23:00:00,2023-01-08 12:00:00,25.2
200,2023-01-09 00:00:00,2023-01-08 13:00:00,24.1
200,2023-01-09 01:00:00,2023-01-08 14:00:00,21.8
200,2023-01-09 02:00:00,2023-01-08 15:00:00,19.6
200,2023-01-09 03:00:00,2023-01-08 16:00:00,19.9
200,2023-01-09 04:00:00,2023-01-08 17:00:00,18.5
200,2023-01-09 05:00:00,2023-01-08 18:00:00,19.1
200,2023-01-09 06:00:00,2023-01-08 19:00:00,17.1
200,2023-01-09 07:00:00,2023-01-08 20:00:00,18.3
200,2023-01-09 08:00:00,2023-01-08 21:00:00,22.5
200,2023-01-09 09:00:00,2023-01-08 22:00:00,24.9
200,2023-01-09 10:00:00,2023-01-08 23:00:00,26.8
200,2023-01-09 11:00:00,2023-01-09 00:00:00,26.9
200,2023-01-09 12:00:00,2023-01-09 01:00:00,27.4
200,2023-01-09 13:00:00,2023-01-09 02:00:00,25.5
200,2023-01-09 14:00:00,2023-01-09 03:00:00,24.6
200,2023-01-09 15:00:00,2023-01-09 04:00:00,24.3
200,2023-01-09 16:00:00,2023-01-09 05:00:00,23.2
200,2023-01-09 17:00:00,2023-01-09 06:00:00,22.3
200,2023-01-09 18:00:00,2023-01-09 07:00:00,20.7
200,2023-01-09 19:00:00,2023-01-09 08:00:00,19.9
200,2023-01-09 20:00:00,2023-01-09 09:00:00,19.1
200,2023-01-09 21:00:00,2023-01-09 10:00:00,18.4
200,2023-01-09 22:00:00,2023-01-09 11:00:00,18.5
200,2023-01-09 23:00:00,2023-01-09 12:00:00,18.4
200,2023-01-10 00:00:00,2023-01-09 13:00:00,18.1
200,2023-01-10 01:00:00,2023-01-09 14:00:00,17.9
200,2023-01-10 02:00:00,2023-01-09 15:00:00,17.6
200,2023-01-10 03:00:00,2023-01-09 16:00:00,17.0
200,2023-01-10 04:00:00,2023-01-09 17:00:00,17.1
200,2023-01-10 05:00:00,2023-01-09 18:00:00,16.9
200,2023-01-10 06:00:00,2023-01-09 19:00:00,16.7
200,2023-01-10 07:00:00,2023-01-09 20:00:00,16.5
200,2023-01-10 08:00:00,2023-01-09 21:00:00,16.6
200,2023-01-10 09:00:00,2023-01-09 22:00:00,16.8
200,2023-01-10 10:00:00,2023-01-09 23:00:00,17.2
200,2023-01-10 11:00:00,2023-01-10 00:00:00,18.0
200,2023-01-10 12:00:00,2023-01-10 01:00:00,19.0
200,2023-01-10 13:00:00,2023-01-10 02:00:00,20.1
200,2023-01-10 14:00:00,2023-01-10 03:00:00,21.8
200,2023-01-10 15:00:00,2023-01-10 04:00:00,23.1
200,2023-01-10 16:00:00,2023-01-10 05:00:00,22.8
200,2023-01-10 17:00:00,2023-01-10 06:00:00,21.9
200,2023-01-10 18:00:00,2023-01-10 07:00:00,22.4
200,2023-01-10 19:00:00,2023-01-10 08:00:00,21.6
200,2023-01-10 20:00:00,2023-01-10 09:00:00,20.6
200,2023-01-10 21:00:00,2023-01-10 10:00:00,19.3
200,2023-01-10 22:00:00,2023-01-10 11:00:00,18.9
200,2023-01-10 23:00:00,2023-01-10 12:00:00,18.0
200,2023-01-11 00:00:00,2023-01-10 13:00:00,17.6
200,2023-01-11 01:00:00,2023-01-10 14:00:00,16.9
200,2023-01-11 02:00:00,2023-01-10 15:00:00,16.8
200,2023-01-11 03:00:00,2023-01-10 16:00:00,16.4
200,2023-01-11 04:00:00,2023-01-10 17:00:00,15.7
200,2023-01-11 05:00:00,2023-01-10 18:00:00,15.8
200,2023-01-11 06:00:00,2023-01-10 19:00:00,15.6
200,2023-01-11 07:00:00,2023-01-10 20:00:00,16.2
200,2023-01-11 08:00:00,2023-01-10 21:00:00,18.4
200,2023-01-11 09:00:00,2023-01-10 22:00:00,20.0
200,2023-01-11 10:00:00,2023-01-10 23:00:00,22.4
200,2023-01-11 11:00:00,2023-01-11 00:00:00,24.6
200,2023-01-11 12:00:00,2023-01-11 01:00:00,28.6
200,2023-01-11 13:00:00,2023-01-11 02:00:00,31.1
200,2023-01-11 14:00:00,2023-01-11 03:00:00,32.5
200,2023-01-11 15:00:00,2023-01-11 04:00:00,30.7
200,2023-01-11 16:00:00,2023-01-11 05:00:00,31.2
200,2023-01-11 17:00:00,2023-01-11 06:00:00,30.8
200,2023-01-11 18:00:00,2023-01-11 07:00:00,29.3
200,2023-01-11 19:00:00,2023-01-11 08:00:00,27.4
200,2023-01-11 20:00:00,2023-01-11 09:00:00,26.8
200,2023-01-11 21:00:00,2023-01-11 10:00:00,24.7
200,2023-01-11 22:00:00,2023-01-11 11:00:00,22.7
200,2023-01-11 23:00:00,,21.3
200,2023-01-12 00:00:00,2023-01-11 13:00:00,19.9
200,2023-01-12 01:00:00,2023-01-11 14:00:00,19.4
200,2023-01-12 02:00:00,2023-01-11 15:00:00,18.8
200,2023-01-12 03:00:00,2023-01-11 16:00:00,18.5
200,2023-01-12 04:00:00,,18.25
200,2023-01-12 05:00:00,2023-01-11 18:00:00,18.0
200,2023-01-12 06:00:00,2023-01-11 19:00:00,18.6
200,2023-01-12 07:00:00,2023-01-11 20:00:00,18.7
200,2023-01-12 08:00:00,2023-01-11 21:00:00,18.4
200,2023-01-12 09:00:00,2023-01-11 22:00:00,18.5
200,2023-01-12 10:00:00,2023-01-11 23:00:00,18.8
200,2023-01-12 11:00:00,2023-01-12 00:00:00,18.9
200,2023-01-12 12:00:00,2023-01-12 01:00:00,20.6
200,2023-01-12 13:00:00,2023-01-12 02:00:00,22.5
200,2023-01-12 14:00:00,2023-01-12 03:00:00,23.8
200,2023-01-12 15:00:00,2023-01-12 04:00:00,25.0
200,2023-01-12 16:00:00,2023-01-12 05:00:00,25.0
200,2023-01-12 17:00:00,2023-01-12 06:00:00,25.5
200,2023-01-12 18:00:00,2023-01-12 07:00:00,24.6
200,2023-01-12 19:00:00,2023-01-12 08:00:00,23.9
200,2023-01-12 20:00:00,2023-01-12 09:00:00,21.7
200,2023-01-12 21:00:00,2023-01-12 10:00:00,19.7
200,2023-01-12 22:00:00,,19.5
200,2023-01-12 23:00:00,2023-01-12 12:00:00,19.3
200,2023-01-13 00:00:00,2023-01-12 13:00:00,19.1
200,2023-01-13 01:00:00,2023-01-12 14:00:00,19.1
200,2023-01-13 02:00:00,2023-01-12 15:00:00,19.3
200,2023-01-13 03:00:00,2023-01-12 16:00:00,19.2
200,2023-01-13 04:00:00,2023-01-12 17:00:00,19.1
200,2023-01-13 05:00:00,2023-01-12 18:00:00,19.1
200,2023-01-13 06:00:00,2023-01-12 19:00:00,19.1
200,2023-01-13 07:00:00,2023-01-12 20:00:00,19.1
200,2023-01-13 08:00:00,2023-01-12 21:00:00,19.6
200,2023-01-13 09:00:00,2023-01-12 22:00:00,20.0
200,2023-01-13 10:00:00,2023-01-12 23:00:00,20.4
200,2023-01-13 11:00:00,2023-01-13 00:00:00,20.8
200,2023-01-13 12:00:00,2023-01-13 01:00:00,21.5
200,2023-01-13 13:00:00,2023-01-13 02:00:00,22.0
200,2023-01-13 14:00:00,2023-01-13 03:00:00,24.4
200,2023-01-13 15:00:00,2023-01-13 04:00:00,25.7
200,2023-01-13 16:00:00,2023-01-13 05:00:00,26.2
200,2023-01-13 17:00:00,2023-01-13 06:00:00,25.9
200,2023-01-13 18:00:00,2023-01-13 07:00:00,25.3
200,2023-01-13 19:00:00,2023-01-13 08:00:00,24.2
200,2023-01-13 20:00:00,2023-01-13 09:00:00,22.6
200,2023-01-13 21:00:00,2023-01-13 10:00:00,21.2
200,2023-01-13 22:00:00,2023-01-13 11:00:00,20.9
200,2023-01-13 23:00:00,2023-01-13 12:00:00,20.3
200,2023-01-14 00:00:00,2023-01-13 13:00:00,20.6
200,2023-01-14 01:00:00,2023-01-13 14:00:00,20.3
200,2023-01-14 02:00:00,2023-01-13 15:00:00,20.3
200,2023-01-14 03:00:00,2023-01-13 16:00:00,20.2
200,2023-01-14 04:00:00,2023-01-13 17:00:00,19.8
200,2023-01-14 05:00:00,2023-01-13 18:00:00,19.4
200,2023-01-14 06:00:00,2023-01-13 19:00:00,19.3
200,2023-01-14 07:00:00,2023-01-13 20:00:00,19.6
200,2023-01-14 08:00:00,2023-01-13 21:00:00,20.3
200,2023-01-14 09:00:00,2023-01-13 22:00:00,22.2
200,2023-01-14 10:00:00,2023-01-13 23:00:00,25.5
200,2023-01-14 11:00:00,2023-01-14 00:00:00,30.4
200,2023-01-14 12:00:00,2023-01-14 01:00:00,32.9
200,2023-01-14 13:00:00,2023-01-14 02:00:00,34.3
200,2023-01-14 14:00:00,2023-01-14 03:00:00,34.8
200,2023-01-14 15:00:00,2023-01-14 04:00:00,36.3
200,2023-01-14 16:00:00,2023-01-14 05:00:00,36.8
200,2023-01-14 17:00:00,2023-01-14 06:00:00,37.5
200,2023-01-14 18:00:00,2023-01-14 07:00:00,37.2
200,2023-01-14 19:00:00,2023-01-14 08:00:00,37.0
200,2023-01-14 20:00:00,2023-01-14 09:00:00,35.9
200,2023-01-14 21:00:00,2023-01-14 10:00:00,33.7
200,2023-01-14 22:00:00,2023-01-14 11:00:00,28.3
200,2023-01-14 23:00:00,2023-01-14 12:00:00,24.5
200,2023-01-15 00:00:00,2023-01-14 13:00:00,22.6
200,2023-01-15 01:00:00,2023-01-14 14:00:00,22.5
200,2023-01-15 02:00:00,2023-01-14 15:00:00,22.7
200,2023-01-15 03:00:00,2023-01-14 16:00:00,20.2
200,2023-01-15 04:00:00,,19.8
200,2023-01-15 05:00:00,2023-01-14 18:00:00,19.4
200,2023-01-15 06:00:00,2023-01-14 19:00:00,17.5
200,2023-01-15 07:00:00,2023-01-14 20:00:00,17.5
200,2023-01-15 08:00:00,2023-01-14 21:00:00,17.2
200,2023-01-15 09:00:00,2023-01-14 22:00:00,16.9
200,2023-01-15 10:00:00,2023-01-14 23:00:00,17.6
200,2023-01-15 11:00:00,2023-01-15 00:00:00,18.2
200,2023-01-15 12:00:00,2023-01-15 01:00:00,18.6
200,2023-01-15 13:00:00,2023-01-15 02:00:00,19.6
200,2023-01-15 14:00:00,2023-01-15 03:00:00,19.6
200,2023-01-15 15:00:00,2023-01-15 04:00:00,19.9
200,2023-01-15 16:00:00,2023-01-15 05:00:00,19.8
200,2023-01-15 17:00:00,2023-01-15 06:00:00,19.4
200,2023-01-15 18:00:00,2023-01-15 07:00:00,19.5
200,2023-01-15 19:00:00,2023-01-15 08:00:00,18.8
200,2023-01-15 20:00:00,2023-01-15 09:00:00,17.5
200,2023-01-15 21:00:00,2023-01-15 10:00:00,16.6
200,2023-01-15 22:00:00,2023-01-15 11:00:00,15.9
200,2023-01-15 23:00:00,2023-01-15 12:00:00,15.3
200,2023-01-16 00:00:00,2023-01-15 13:00:00,15.7
200,2023-01-16 01:00:00,2023-01-15 14:00:00,15.8
200,2023-01-16 02:00:00,2023-01-15 15:00:00,15.2
200,2023-01-16 03:00:00,2023-01-15 16:00:00,14.8
200,2023-01-16 04:00:00,2023-01-15 17:00:00,15.8
200,2023-01-16 05:00:00,2023-01-15 18:00:00,16.3
200,2023-01-16 06:00:00,2023-01-15 19:00:00,16.2
200,2023-01-16 07:00:00,2023-01-15 20:00:00,15.9
200,2023-01-16 08:00:00,2023-01-15 21:00:00,16.3
200,2023-01-16 09:00:00,2023-01-15 22:00:00,16.9
200,2023-01-16 10:00:00,2023-01-15 23:00:00,18.0
200,2023-01-16 11:00:00,2023-01-16 00:00:00,19.5
200,2023-01-16 12:00:00,2023-01-16 01:00:00,20.8
200,2023-01-16 13:00:00,2023-01-16 02:00:00,23.7
200,2023-01-16 14:00:00,2023-01-16 03:00:00,26.1
200,2023-01-16 15:00:00,2023-01-16 04:00:00,27.2
200,2023-01-16 16:00:00,2023-01-16 05:00:00,24.7
200,2023-01-16 17:00:00,2023-01-16 06:00:00,27.0
200,2023-01-16 18:00:00,2023-01-16 07:00:00,27.2
200,2023-01-16 19:00:00,2023-01-16 08:00:00,25.2
200,2023-01-16 20:00:00,2023-01-16 09:00:00,25.2
200,2023-01-16 21:00:00,2023-01-16 10:00:00,23.4
200,2023-01-16 22:00:00,2023-01-16 11:00:00,22.0
200,2023-01-16 23:00:00,2023-01-16 12:00:00,21.7
200,2023-01-17 00:00:00,2023-01-16 13:00:00,21.0
200,2023-01-17 01:00:00,2023-01-16 14:00:00,20.8
200,2023-01-17 02:00:00,2023-01-16 15:00:00,20.8
200,2023-01-17 03:00:00,2023-01-16 16:00:00,20.6
200,2023-01-17 04:00:00,2023-01-16 17:00:00,20.4
200,2023-01-17 05:00:00,2023-01-16 18:00:00,20.4
200,2023-01-17 06:00:00,2023-01-16 19:00:00,23.1
200,2023-01-17 07:00:00,2023-01-16 20:00:00,23.3
200,2023-01-17 08:00:00,2023-01-16 21:00:00,24.5
200,2023-01-17 09:00:00,2023-01-16 22:00:00,26.5
200,2023-01-17 10:00:00,2023-01-16 23:00:00,28.1
200,2023-01-17 11:00:00,2023-01-17 00:00:00,29.3
200,2023-01-17 12:00:00,2023-01-17 01:00:00,32.0
200,2023-01-17 13:00:00,2023-01-17 02:00:00,34.4
200,2023-01-17 14:00:00,2023-01-17 03:00:00,35.2
200,2023-01-17 15:00:00,2023-01-17 04:00:00,36.2
200,2023-01-17 16:00:00,2023-01-17 05:00:00,36.0
200,2023-01-17 17:00:00,2023-01-17 06:00:00,36.6
200,2023-01-17 18:00:00,2023-01-17 07:00:00,35.3
200,2023-01-17 19:00:00,2023-01-17 08:00:00,34.6
200,2023-01-17 20:00:00,2023-01-17 09:00:00,22.1
200,2023-01-17 21:00:00,2023-01-17 10:00:00,23.6
200,2023-01-17 22:00:00,2023-01-17 11:00:00,23.1
200,2023-01-17 23:00:00,2023-01-17 12:00:00,22.9
200,2023-01-18 00:00:00,2023-01-17 13:00:00,22.3
200,2023-01-18 01:00:00,2023-01-17 14:00:00,21.9
200,2023-01-18 02:00:00,2023-01-17 15:00:00,21.7
200,2023-01-18 03:00:00,2023-01-17 16:00:00,20.3
200,2023-01-18 04:00:00,2023-01-17 17:00:00,19.7
200,2023-01-18 05:00:00,2023-01-17 18:00:00,20.2
200,2023-01-18 06:00:00,2023-01-17 19:00:00,20.5
200,2023-01-18 07:00:00,2023-01-17 20:00:00,20.3
200,2023-01-18 08:00:00,2023-01-17 21:00:00,20.9
200,2023-01-18 09:00:00,2023-01-17 22:00:00,18.9
200,2023-01-18 10:00:00,2023-01-17 23:00:00,18.7
200,2023-01-18 11:00:00,2023-01-18 00:00:00,18.2
200,2023-01-18 12:00:00,2023-01-18 01:00:00,17.3
200,2023-01-18 13:00:00,2023-01-18 02:00:00,16.8
200,2023-01-18 14:00:00,2023-01-18 03:00:00,16.2
200,2023-01-18 15:00:00,2023-01-18 04:00:00,16.2
200,2023-01-18 16:00:00,2023-01-18 05:00:00,15.3
200,2023-01-18 17:00:00,2023-01-18 06:00:00,15.2
200,2023-01-18 18:00:00,2023-01-18 07:00:00,14.8
200,2023-01-18 19:00:00,2023-01-18 08:00:00,15.0
200,2023-01-18 20:00:00,2023-01-18 09:00:00,15.1
200,2023-01-18 21:00:00,2023-01-18 10:00:00,14.9
200,2023-01-18 22:00:00,2023-01-18 11:00:00,14.5
200,2023-01-18 23:00:00,2023-01-18 12:00:00,14.3
200,2023-01-19 00:00:00,2023-01-18 13:00:00,13.8
200,2023-01-19 01:00:00,2023-01-18 14:00:00,13.3
200,2023-01-19 02:00:00,2023-01-18 15:00:00,12.9
200,2023-01-19 03:00:00,2023-01-18 16:00:00,12.8
200,2023-01-19 04:00:00,2023-01-18 17:00:00,13.2
200,2023-01-19 05:00:00,2023-01-18 18:00:00,13.9
200,2023-01-19 06:00:00,2023-01-18 19:00:00,14.3
200,2023-01-19 07:00:00,2023-01-18 20:00:00,14.6
200,2023-01-19 08:00:00,2023-01-18 21:00:00,15.1
200,2023-01-19 09:00:00,2023-01-18 22:00:00,15.9
200,2023-01-19 10:00:00,2023-01-18 23:00:00,15.9
200,2023-01-19 11:00:00,2023-01-19 00:00:00,17.2
200,2023-01-19 12:00:00,2023-01-19 01:00:00,16.8
200,2023-01-19 13:00:00,2023-01-19 02:00:00,17.7
200,2023-01-19 14:00:00,2023-01-19 03:00:00,18.3
200,2023-01-19 15:00:00,2023-01-19 04:00:00,17.8
200,2023-01-19 16:00:00,2023-01-19 05:00:00,17.3
200,2023-01-19 17:00:00,2023-01-19 06:00:00,17.1
200,2023-01-19 18:00:00,2023-01-19 07:00:00,17.4
200,2023-01-19 19:00:00,2023-01-19 08:00:00,16.3
200,2023-01-19 20:00:00,2023-01-19 09:00:00,16.0
200,2023-01-19 21:00:00,2023-01-19 10:00:00,15.7
200,2023-01-19 22:00:00,2023-01-19 11:00:00,15.5
200,2023-01-19 23:00:00,2023-01-19 12:00:00,15.4
200,2023-01-20 00:00:00,2023-01-19 13:00:00,15.4
200,2023-01-20 01:00:00,2023-01-19 14:00:00,15.4
200,2023-01-20 02:00:00,2023-01-19 15:00:00,15.3
200,2023-01-20 03:00:00,2023-01-19 16:00:00,15.1
200,2023-01-20 04:00:00,2023-01-19 17:00:00,15.1
200,2023-01-20 05:00:00,2023-01-19 18:00:00,15.0
200,2023-01-20 06:00:00,2023-01-19 19:00:00,14.9
200,2023-01-20 07:00:00,2023-01-19 20:00:00,14.9
200,2023-01-20 08:00:00,2023-01-19 21:00:00,15.5
200,2023-01-20 09:00:00,2023-01-19 22:00:00,16.7
200,2023-01-20 10:00:00,2023-01-19 23:00:00,17.3
200,2023-01-20 11:00:00,2023-01-20 00:00:00,18.9
200,2023-01-20 12:00:00,2023-01-20 01:00:00,19.9
200,2023-01-20 13:00:00,2023-01-20 02:00:00,20.1
200,2023-01-20 14:00:00,2023-01-20 03:00:00,21.5
200,2023-01-20 15:00:00,2023-01-20 04:00:00,21.4
200,2023-01-20 16:00:00,2023-01-20 05:00:00,22.2
200,2023-01-20 17:00:00,2023-01-20 06:00:00,21.5
200,2023-01-20 18:00:00,2023-01-20 07:00:00,21.5
200,2023-01-20 19:00:00,2023-01-20 08:00:00,19.8
200,2023-01-20 20:00:00,2023-01-20 09:00:00,19.2
200,2023-01-20 21:00:00,2023-01-20 10:00:00,17.9
200,2023-01-20 22:00:00,2023-01-20 11:00:00,17.0
200,2023-01-20 23:00:00,2023-01-20 12:00:00,16.4
200,2023-01-21 00:00:00,2023-01-20 13:00:00,15.7
200,2023-01-21 01:00:00,2023-01-20 14:00:00,14.9
200,2023-01-21 02:00:00,2023-01-20 15:00:00,14.5
200,2023-01-21 03:00:00,2023-01-20 16:00:00,14.0
200,2023-01-21 04:00:00,2023-01-20 17:00:00,14.0
200,2023-01-21 05:00:00,2023-01-20 18:00:00,12.5
200,2023-01-21 06:00:00,2023-01-20 19:00:00,13.7
200,2023-01-21 07:00:00,2023-01-20 20:00:00,13.5
200,2023-01-21 08:00:00,,15.05
200,2023-01-21 09:00:00,2023-01-20 22:00:00,16.6
200,2023-01-21 10:00:00,2023-01-20 23:00:00,18.4
200,2023-01-21 11:00:00,2023-01-21 00:00:00,21.9
200,2023-01-21 12:00:00,2023-01-21 01:00:00,23.5
200,2023-01-21 13:00:00,2023-01-21 02:00:00,24.2
200,2023-01-21 14:00:00,2023-01-21 03:00:00,24.3
200,2023-01-21 15:00:00,2023-01-21 04:00:00,24.0
200,2023-01-21 16:00:00,2023-01-21 05:00:00,22.4
200,2023-01-21 17:00:00,2023-01-21 06:00:00,23.0
200,2023-01-21 18:00:00,2023-01-21 07:00:00,21.0
200,2023-01-21 19:00:00,2023-01-21 08:00:00,20.5
200,2023-01-21 20:00:00,2023-01-21 09:00:00,20.2
200,2023-01-21 21:00:00,2023-01-21 10:00:00,18.9
200,2023-01-21 22:00:00,2023-01-21 11:00:00,18.2
200,2023-01-21 23:00:00,2023-01-21 12:00:00,17.9
200,2023-01-22 00:00:00,2023-01-21 13:00:00,18.0
200,2023-01-22 01:00:00,2023-01-21 14:00:00,18.2
200,2023-01-22 02:00:00,2023-01-21 15:00:00,18.4
200,2023-01-22 03:00:00,2023-01-21 16:00:00,18.2
200,2023-01-22 04:00:00,2023-01-21 17:00:00,18.1
200,2023-01-22 05:00:00,2023-01-21 18:00:00,17.4
200,2023-01-22 06:00:00,2023-01-21 19:00:00,17.1
200,2023-01-22 07:00:00,2023-01-21 20:00:00,17.1
200,2023-01-22 08:00:00,2023-01-21 21:00:00,18.3
200,2023-01-22 09:00:00,2023-01-21 22:00:00,20.0
200,2023-01-22 10:00:00,2023-01-21 23:00:00,21.5
200,2023-01-22 11:00:00,2023-01-22 00:00:00,22.0
200,2023-01-22 12:00:00,2023-01-22 01:00:00,23.1
200,2023-01-22 13:00:00,2023-01-22 02:00:00,23.6
200,2023-01-22 14:00:00,2023-01-22 03:00:00,23.3
200,2023-01-22 15:00:00,2023-01-22 04:00:00,24.5
200,2023-01-22 16:00:00,2023-01-22 05:00:00,24.1
200,2023-01-22 17:00:00,2023-01-22 06:00:00,23.8
200,2023-01-22 18:00:00,2023-01-22 07:00:00,23.0
200,2023-01-22 19:00:00,2023-01-22 08:00:00,21.7
200,2023-01-22 20:00:00,2023-01-22 09:00:00,20.3
200,2023-01-22 21:00:00,2023-01-22 10:00:00,19.4
200,2023-01-22 22:00:00,2023-01-22 11:00:00,19.0
200,2023-01-22 23:00:00,2023-01-22 12:00:00,18.8
200,2023-01-23 00:00:00,2023-01-22 13:00:00,18.5
200,2023-01-23 01:00:00,2023-01-22 14:00:00,17.8
200,2023-01-23 02:00:00,,17.35
200,2023-01-23 03:00:00,2023-01-22 16:00:00,16.9
200,2023-01-23 04:00:00,2023-01-22 17:00:00,17.2
200,2023-01-23 05:00:00,2023-01-22 18:00:00,17.5
200,2023-01-23 06:00:00,2023-01-22 19:00:00,17.7
200,2023-01-23 07:00:00,2023-01-22 20:00:00,17.8
200,2023-01-23 08:00:00,2023-01-22 21:00:00,18.2
200,2023-01-23 09:00:00,2023-01-22 22:00:00,19.1
200,2023-01-23 10:00:00,2023-01-22 23:00:00,19.9
200,2023-01-23 11:00:00,2023-01-23 00:00:00,22.4
200,2023-01-23 12:00:00,2023-01-23 01:00:00,24.9
200,2023-01-23 13:00:00,2023-01-23 02:00:00,25.6
200,2023-01-23 14:00:00,2023-01-23 03:00:00,26.9
200,2023-01-23 15:00:00,2023-01-23 04:00:00,26.9
200,2023-01-23 16:00:00,2023-01-23 05:00:00,27.5
200,2023-01-23 17:00:00,2023-01-23 06:00:00,27.4
200,2023-01-23 18:00:00,2023-01-23 07:00:00,27.5
200,2023-01-23 19:00:00,2023-01-23 08:00:00,26.4
200,2023-01-23 20:00:00,2023-01-23 09:00:00,25.0
200,2023-01-23 21:00:00,2023-01-23 10:00:00,23.6
200,2023-01-23 22:00:00,2023-01-23 11:00:00,22.5
200,2023-01-23 23:00:00,2023-01-23 12:00:00,20.9
200,2023-01-24 00:00:00,2023-01-23 13:00:00,21.0
200,2023-01-24 01:00:00,2023-01-23 14:00:00,19.3
200,2023-01-24 02:00:00,2023-01-23 15:00:00,18.8
200,2023-01-24 03:00:00,2023-01-23 16:00:00,18.4
200,2023-01-24 04:00:00,2023-01-23 17:00:00,18.2
200,2023-01-24 05:00:00,2023-01-23 18:00:00,17.0
200,2023-01-24 06:00:00,2023-01-23 19:00:00,16.3
200,2023-01-24 07:00:00,2023-01-23 20:00:00,16.1
200,2023-01-24 08:00:00,2023-01-23 21:00:00,18.6
200,2023-01-24 09:00:00,2023-01-23 22:00:00,20.6
200,2023-01-24 10:00:00,2023-01-23 23:00:00,23.3
200,2023-01-24 11:00:00,2023-01-24 00:00:00,24.9
200,2023-01-24 12:00:00,2023-01-24 01:00:00,26.1
200,2023-01-24 13:00:00,2023-01-24 02:00:00,25.9
200,2023-01-24 14:00:00,2023-01-24 03:00:00,26.9
200,2023-01-24 15:00:00,2023-01-24 04:00:00,27.6
200,2023-01-24 16:00:00,2023-01-24 05:00:00,26.3
200,2023-01-24 17:00:00,2023-01-24 06:00:00,23.3
200,2023-01-24 18:00:00,2023-01-24 07:00:00,19.8
200,2023-01-24 19:00:00,2023-01-24 08:00:00,19.8
200,2023-01-24 20:00:00,2023-01-24 09:00:00,20.8
200,2023-01-24 21:00:00,2023-01-24 10:00:00,19.4
200,2023-01-24 22:00:00,2023-01-24 11:00:00,18.0
200,2023-01-24 23:00:00,2023-01-24 12:00:00,17.3
200,2023-01-25 00:00:00,2023-01-24 13:00:00,17.1
200,2023-01-25 01:00:00,2023-01-24 14:00:00,17.1
200,2023-01-25 02:00:00,2023-01-24 15:00:00,16.8
200,2023-01-25 03:00:00,2023-01-24 16:00:00,16.4
200,2023-01-25 04:00:00,2023-01-24 17:00:00,17.1
200,2023-01-25 05:00:00,2023-01-24 18:00:00,17.1
200,2023-01-25 06:00:00,2023-01-24 19:00:00,17.4
200,2023-01-25 07:00:00,2023-01-24 20:00:00,17.7
200,2023-01-25 08:00:00,2023-01-24 21:00:00,18.2
200,2023-01-25 09:00:00,2023-01-24 22:00:00,19.8
200,2023-01-25 10:00:00,2023-01-24 23:00:00,22.6
200,2023-01-25 11:00:00,2023-01-25 00:00:00,26.2
200,2023-01-25 12:00:00,2023-01-25 01:00:00,27.9
200,2023-01-25 13:00:00,2023-01-25 02:00:00,29.2
200,2023-01-25 14:00:00,2023-01-25 03:00:00,31.5
200,2023-01-25 15:00:00,2023-01-25 04:00:00,28.5
200,2023-01-25 16:00:00,2023-01-25 05:00:00,30.7
200,2023-01-25 17:00:00,2023-01-25 06:00:00,27.9
200,2023-01-25 18:00:00,2023-01-25 07:00:00,29.1
200,2023-01-25 19:00:00,,25.15
200,2023-01-25 20:00:00,2023-01-25 09:00:00,21.2
200,2023-01-25 21:00:00,2023-01-25 10:00:00,19.4
200,2023-01-25 22:00:00,2023-01-25 11:00:00,19.0
200,2023-01-25 23:00:00,2023-01-25 12:00:00,18.8
200,2023-01-26 00:00:00,2023-01-25 13:00:00,18.4
200,2023-01-26 01:00:00,2023-01-25 14:00:00,18.6
200,2023-01-26 02:00:00,2023-01-25 15:00:00,18.2
200,2023-01-26 03:00:00,2023-01-25 16:00:00,17.0
200,2023-01-26 04:00:00,2023-01-25 17:00:00,16.0
200,2023-01-26 05:00:00,2023-01-25 18:00:00,15.2
200,2023-01-26 06:00:00,2023-01-25 19:00:00,15.0
200,2023-01-26 07:00:00,2023-01-25 20:00:00,15.2
200,2023-01-26 08:00:00,2023-01-25 21:00:00,16.7
200,2023-01-26 09:00:00,2023-01-25 22:00:00,17.7
200,2023-01-26 10:00:00,2023-01-25 23:00:00,18.6
200,2023-01-26 11:00:00,2023-01-26 00:00:00,19.7
200,2023-01-26 12:00:00,2023-01-26 01:00:00,21.8
200,2023-01-26 13:00:00,2023-01-26 02:00:00,20.8
200,2023-01-26 14:00:00,2023-01-26 03:00:00,21.2
200,2023-01-26 15:00:00,2023-01-26 04:00:00,21.2
200,2023-01-26 16:00:00,2023-01-26 05:00:00,21.5
200,2023-01-26 17:00:00,2023-01-26 06:00:00,21.0
200,2023-01-26 18:00:00,2023-01-26 07:00:00,21.1
200,2023-01-26 19:00:00,2023-01-26 08:00:00,20.1
200,2023-01-26 20:00:00,2023-01-26 09:00:00,19.0
200,2023-01-26 21:00:00,2023-01-26 10:00:00,17.6
200,2023-01-26 22:00:00,2023-01-26 11:00:00,17.0
200,2023-01-26 23:00:00,2023-01-26 12:00:00,16.3
200,2023-01-27 00:00:00,2023-01-26 13:00:00,15.5
200,2023-01-27 01:00:00,2023-01-26 14:00:00,14.7
200,2023-01-27 02:00:00,2023-01-26 15:00:00,14.1
200,2023-01-27 03:00:00,2023-01-26 16:00:00,13.8
200,2023-01-27 04:00:00,2023-01-26 17:00:00,13.5
200,2023-01-27 05:00:00,2023-01-26 18:00:00,12.8
200,2023-01-27 06:00:00,2023-01-26 19:00:00,12.9
200,2023-01-27 07:00:00,2023-01-26 20:00:00,12.8
200,2023-01-27 08:00:00,2023-01-26 21:00:00,15.5
200,2023-01-27 09:00:00,2023-01-26 22:00:00,17.5
200,2023-01-27 10:00:00,2023-01-26 23:00:00,18.0
200,2023-01-27 11:00:00,2023-01-27 00:00:00,20.2
200,2023-01-27 12:00:00,2023-01-27 01:00:00,22.2
200,2023-01-27 13:00:00,2023-01-27 02:00:00,24.3
200,2023-01-27 14:00:00,2023-01-27 03:00:00,26.1
200,2023-01-27 15:00:00,2023-01-27 04:00:00,26.3
200,2023-01-27 16:00:00,2023-01-27 05:00:00,26.8
200,2023-01-27 17:00:00,2023-01-27 06:00:00,27.0
200,2023-01-27 18:00:00,2023-01-27 07:00:00,26.9
200,2023-01-27 19:00:00,2023-01-27 08:00:00,26.5
200,2023-01-27 20:00:00,2023-01-27 09:00:00,24.6
200,2023-01-27 21:00:00,2023-01-27 10:00:00,22.0
200,2023-01-27 22:00:00,2023-01-27 11:00:00,20.7
200,2023-01-27 23:00:00,2023-01-27 12:00:00,20.1
200,2023-01-28 00:00:00,2023-01-27 13:00:00,19.5
200,2023-01-28 01:00:00,2023-01-27 14:00:00,18.1
200,2023-01-28 02:00:00,2023-01-27 15:00:00,16.2
200,2023-01-28 03:00:00,2023-01-27 16:00:00,14.0
200,2023-01-28 04:00:00,2023-01-27 17:00:00,14.7
200,2023-01-28 05:00:00,2023-01-27 18:00:00,13.4
200,2023-01-28 06:00:00,2023-01-27 19:00:00,19.0
200,2023-01-28 07:00:00,2023-01-27 20:00:00,19.1
200,2023-01-28 08:00:00,2023-01-27 21:00:00,22.9
200,2023-01-28 09:00:00,2023-01-27 22:00:00,24.9
200,2023-01-28 10:00:00,2023-01-27 23:00:00,27.3
200,2023-01-28 11:00:00,2023-01-28 00:00:00,29.0
200,2023-01-28 12:00:00,2023-01-28 01:00:00,29.9
200,2023-01-28 13:00:00,2023-01-28 02:00:00,32.4
200,2023-01-28 14:00:00,2023-01-28 03:00:00,33.0
200,2023-01-28 15:00:00,2023-01-28 04:00:00,34.7
200,2023-01-28 16:00:00,2023-01-28 05:00:00,34.2
200,2023-01-28 17:00:00,2023-01-28 06:00:00,29.2
200,2023-01-28 18:00:00,2023-01-28 07:00:00,24.6
200,2023-01-28 19:00:00,2023-01-28 08:00:00,22.9
200,2023-01-28 20:00:00,2023-01-28 09:00:00,21.2
200,2023-01-28 21:00:00,2023-01-28 10:00:00,20.6
200,2023-01-28 22:00:00,2023-01-28 11:00:00,20.6
200,2023-01-28 23:00:00,2023-01-28 12:00:00,20.5
200,2023-01-29 00:00:00,2023-01-28 13:00:00,19.9
200,2023-01-29 01:00:00,2023-01-28 14:00:00,19.6
200,2023-01-29 02:00:00,2023-01-28 15:00:00,19.7
200,2023-01-29 03:00:00,2023-01-28 16:00:00,19.4
200,2023-01-29 04:00:00,2023-01-28 17:00:00,19.8
200,2023-01-29 05:00:00,2023-01-28 18:00:00,19.4
200,2023-01-29 06:00:00,2023-01-28 19:00:00,19.0
200,2023-01-29 07:00:00,2023-01-28 20:00:00,18.5
200,2023-01-29 08:00:00,2023-01-28 21:00:00,19.1
200,2023-01-29 09:00:00,2023-01-28 22:00:00,20.1
200,2023-01-29 10:00:00,2023-01-28 23:00:00,20.9
200,2023-01-29 11:00:00,2023-01-29 00:00:00,22.2
200,2023-01-29 12:00:00,2023-01-29 01:00:00,23.2
200,2023-01-29 13:00:00,2023-01-29 02:00:00,22.8
200,2023-01-29 14:00:00,2023-01-29 03:00:00,21.6
200,2023-01-29 15:00:00,2023-01-29 04:00:00,22.2
200,2023-01-29 16:00:00,2023-01-29 05:00:00,20.8
200,2023-01-29 17:00:00,2023-01-29 06:00:00,20.3
200,2023-01-29 18:00:00,2023-01-29 07:00:00,20.0
200,2023-01-29 19:00:00,2023-01-29 08:00:00,19.1
200,2023-01-29 20:00:00,2023-01-29 09:00:00,18.7
200,2023-01-29 21:00:00,2023-01-29 10:00:00,18.5
200,2023-01-29 22:00:00,2023-01-29 11:00:00,18.1
200,2023-01-29 23:00:00,2023-01-29 12:00:00,18.0
200,2023-01-30 00:00:00,2023-01-29 13:00:00,18.0
200,2023-01-30 01:00:00,2023-01-29 14:00:00,18.0
200,2023-01-30 02:00:00,2023-01-29 15:00:00,17.8
200,2023-01-30 03:00:00,2023-01-29 16:00:00,17.7
200,2023-01-30 04:00:00,2023-01-29 17:00:00,17.6
200,2023-01-30 05:00:00,2023-01-29 18:00:00,17.5
200,2023-01-30 06:00:00,2023-01-29 19:00:00,17.4
200,2023-01-30 07:00:00,2023-01-29 20:00:00,17.4
200,2023-01-30 08:00:00,2023-01-29 21:00:00,17.7
200,2023-01-30 09:00:00,2023-01-29 22:00:00,17.8
200,2023-01-30 10:00:00,2023-01-29 23:00:00,18.1
200,2023-01-30 11:00:00,2023-01-30 00:00:00,19.4
200,2023-01-30 12:00:00,2023-01-30 01:00:00,20.0
200,2023-01-30 13:00:00,2023-01-30 02:00:00,20.5
200,2023-01-30 14:00:00,2023-01-30 03:00:00,20.9
200,2023-01-30 15:00:00,2023-01-30 04:00:00,21.0
200,2023-01-30 16:00:00,2023-01-30 05:00:00,20.5
200,2023-01-30 17:00:00,2023-01-30 06:00:00,20.4
200,2023-01-30 18:00:00,2023-01-30 07:00:00,19.4
200,2023-01-30 19:00:00,2023-01-30 08:00:00,19.8
200,2023-01-30 20:00:00,2023-01-30 09:00:00,18.8
200,2023-01-30 21:00:00,2023-01-30 10:00:00,17.7
200,2023-01-30 22:00:00,2023-01-30 11:00:00,17.2
200,2023-01-30 23:00:00,2023-01-30 12:00:00,17.2
200,2023-01-31 00:00:00,2023-01-30 13:00:00,17.2
200,2023-01-31 01:00:00,2023-01-30 14:00:00,17.2
200,2023-01-31 02:00:00,2023-01-30 15:00:00,17.2
200,2023-01-31 03:00:00,2023-01-30 16:00:00,17.0
200,2023-01-31 04:00:00,2023-01-30 17:00:00,16.9
200,2023-01-31 05:00:00,2023-01-30 18:00:00,16.6
200,2023-01-31 06:00:00,2023-01-30 19:00:00,16.7
200,2023-01-31 07:00:00,2023-01-30 20:00:00,15.9
200,2023-01-31 08:00:00,2023-01-30 21:00:00,16.5
200,2023-01-31 09:00:00,2023-01-30 22:00:00,17.2
200,2023-01-31 10:00:00,2023-01-30 23:00:00,18.2
200,2023-01-31 11:00:00,2023-01-31 00:00:00,19.5
200,2023-01-31 12:00:00,2023-01-31 01:00:00,20.1
200,2023-01-31 13:00:00,2023-01-31 02:00:00,21.0
200,2023-01-31 14:00:00,2023-01-31 03:00:00,22.2
200,2023-01-31 15:00:00,2023-01-31 04:00:00,22.0
200,2023-01-31 16:00:00,2023-01-31 05:00:00,23.0
200,2023-01-31 17:00:00,2023-01-31 06:00:00,22.2
200,2023-01-31 18:00:00,2023-01-31 07:00:00,22.6
200,2023-01-31 19:00:00,2023-01-31 08:00:00,21.1
200,2023-01-31 20:00:00,2023-01-31 09:00:00,19.3
200,2023-01-31 21:00:00,2023-01-31 10:00:00,18.0
200,2023-01-31 22:00:00,2023-01-31 11:00:00,17.6
200,2023-01-31 23:00:00,2023-01-31 12:00:00,17.2
200,2023-02-01 00:00:00,2023-01-31 13:00:00,16.9
200,2023-02-01 01:00:00,2023-01-31 14:00:00,15.7
200,2023-02-01 02:00:00,2023-01-31 15:00:00,15.7
200,2023-02-01 03:00:00,2023-01-31 16:00:00,14.3
200,2023-02-01 04:00:00,2023-01-31 17:00:00,13.9
200,2023-02-01 05:00:00,2023-01-31 18:00:00,13.7
200,2023-02-01 06:00:00,2023-01-31 19:00:00,12.7
200,2023-02-01 07:00:00,2023-01-31 20:00:00,13.0
200,2023-02-01 08:00:00,2023-01-31 21:00:00,14.9
200,2023-02-01 09:00:00,2023-01-31 22:00:00,17.5
200,2023-02-01 10:00:00,2023-01-31 23:00:00,19.0
200,2023-02-01 11:00:00,2023-02-01 00:00:00,20.7
200,2023-02-01 12:00:00,2023-02-01 01:00:00,18.3
200,2023-02-01 13:00:00,2023-02-01 02:00:00,16.0
200,2023-02-01 14:00:00,2023-02-01 03:00:00,18.0
200,2023-02-01 15:00:00,2023-02-01 04:00:00,16.7
200,2023-02-01 16:00:00,2023-02-01 05:00:00,17.5
200,2023-02-01 17:00:00,2023-02-01 06:00:00,17.9
200,2023-02-01 18:00:00,2023-02-01 07:00:00,18.0
200,2023-02-01 19:00:00,2023-02-01 08:00:00,17.4
200,2023-02-01 20:00:00,2023-02-01 09:00:00,17.0
200,2023-02-01 21:00:00,2023-02-01 10:00:00,16.5
200,2023-02-01 22:00:00,2023-02-01 11:00:00,16.3
200,2023-02-01 23:00:00,2023-02-01 12:00:00,15.5
200,2023-02-02 00:00:00,2023-02-01 13:00:00,13.9
200,2023-02-02 01:00:00,2023-02-01 14:00:00,12.8
200,2023-02-02 02:00:00,2023-02-01 15:00:00,14.0
200,2023-02-02 03:00:00,2023-02-01 16:00:00,13.2
200,2023-02-02 04:00:00,2023-02-01 17:00:00,11.0
200,2023-02-02 05:00:00,2023-02-01 18:00:00,12.6
200,2023-02-02 06:00:00,2023-02-01 19:00:00,12.9
200,2023-02-02 07:00:00,2023-02-01 20:00:00,13.2
200,2023-02-02 08:00:00,2023-02-01 21:00:00,13.9
200,2023-02-02 09:00:00,2023-02-01 22:00:00,15.3
200,2023-02-02 10:00:00,2023-02-01 23:00:00,16.3
200,2023-02-02 11:00:00,2023-02-02 00:00:00,17.7
200,2023-02-02 12:00:00,2023-02-02 01:00:00,18.0
200,2023-02-02 13:00:00,2023-02-02 02:00:00,18.7
200,2023-02-02 14:00:00,2023-02-02 03:00:00,20.7
200,2023-02-02 15:00:00,2023-02-02 04:00:00,20.4
200,2023-02-02 16:00:00,2023-02-02 05:00:00,19.3
200,2023-02-02 17:00:00,2023-02-02 06:00:00,11.3
200,2023-02-02 18:00:00,2023-02-02 07:00:00,11.7
200,2023-02-02 19:00:00,2023-02-02 08:00:00,12.3
200,2023-02-02 20:00:00,2023-02-02 09:00:00,13.3
200,2023-02-02 21:00:00,2023-02-02 10:00:00,12.9
200,2023-02-02 22:00:00,2023-02-02 11:00:00,12.9
200,2023-02-02 23:00:00,2023-02-02 12:00:00,11.8
200,2023-02-03 00:00:00,2023-02-02 13:00:00,11.8
200,2023-02-03 01:00:00,2023-02-02 14:00:00,11.8
200,2023-02-03 02:00:00,2023-02-02 15:00:00,11.7
200,2023-02-03 03:00:00,2023-02-02 16:00:00,11.4
200,2023-02-03 04:00:00,2023-02-02 17:00:00,10.8
200,2023-02-03 05:00:00,2023-02-02 18:00:00,10.7
200,2023-02-03 06:00:00,2023-02-02 19:00:00,11.3
200,2023-02-03 07:00:00,2023-02-02 20:00:00,11.2
200,2023-02-03 08:00:00,2023-02-02 21:00:00,12.0
200,2023-02-03 09:00:00,2023-02-02 22:00:00,12.6
200,2023-02-03 10:00:00,2023-02-02 23:00:00,13.2
200,2023-02-03 11:00:00,2023-02-03 00:00:00,13.9
200,2023-02-03 12:00:00,2023-02-03 01:00:00,13.1
200,2023-02-03 13:00:00,2023-02-03 02:00:00,12.0
200,2023-02-03 14:00:00,2023-02-03 03:00:00,15.1
200,2023-02-03 15:00:00,2023-02-03 04:00:00,18.7
200,2023-02-03 16:00:00,2023-02-03 05:00:00,17.9
200,2023-02-03 17:00:00,2023-02-03 06:00:00,16.6
200,2023-02-03 18:00:00,2023-02-03 07:00:00,16.2
200,2023-02-03 19:00:00,2023-02-03 08:00:00,15.2
200,2023-02-03 20:00:00,2023-02-03 09:00:00,13.2
200,2023-02-03 21:00:00,2023-02-03 10:00:00,12.6
200,2023-02-03 22:00:00,2023-02-03 11:00:00,12.2
200,2023-02-03 23:00:00,2023-02-03 12:00:00,11.8
200,2023-02-04 00:00:00,2023-02-03 13:00:00,11.9
200,2023-02-04 01:00:00,2023-02-03 14:00:00,11.8
200,2023-02-04 02:00:00,2023-02-03 15:00:00,11.8
200,2023-02-04 03:00:00,2023-02-03 16:00:00,12.3
200,2023-02-04 04:00:00,2023-02-03 17:00:00,12.7
200,2023-02-04 05:00:00,2023-02-03 18:00:00,13.2
200,2023-02-04 06:00:00,2023-02-03 19:00:00,12.4
200,2023-02-04 07:00:00,2023-02-03 20:00:00,12.3
200,2023-02-04 08:00:00,2023-02-03 21:00:00,12.6
200,2023-02-04 09:00:00,2023-02-03 22:00:00,14.3
200,2023-02-04 10:00:00,2023-02-03 23:00:00,15.4
200,2023-02-04 11:00:00,2023-02-04 00:00:00,16.2
200,2023-02-04 12:00:00,2023-02-04 01:00:00,17.6
200,2023-02-04 13:00:00,2023-02-04 02:00:00,19.9
200,2023-02-04 14:00:00,2023-02-04 03:00:00,20.1
200,2023-02-04 15:00:00,2023-02-04 04:00:00,20.0
200,2023-02-04 16:00:00,2023-02-04 05:00:00,21.4
200,2023-02-04 17:00:00,2023-02-04 06:00:00,20.8
200,2023-02-04 18:00:00,2023-02-04 07:00:00,20.9
200,2023-02-04 19:00:00,2023-02-04 08:00:00,20.3
200,2023-02-04 20:00:00,2023-02-04 09:00:00,19.2
200,2023-02-04 21:00:00,2023-02-04 10:00:00,17.2
200,2023-02-04 22:00:00,2023-02-04 11:00:00,16.5
200,2023-02-04 23:00:00,2023-02-04 12:00:00,15.1
200,2023-02-05 00:00:00,2023-02-04 13:00:00,14.6
200,2023-02-05 01:00:00,2023-02-04 14:00:00,14.0
200,2023-02-05 02:00:00,2023-02-04 15:00:00,13.8
200,2023-02-05 03:00:00,,13.3
200,2023-02-05 04:00:00,2023-02-04 17:00:00,12.8
200,2023-02-05 05:00:00,2023-02-04 18:00:00,12.4
200,2023-02-05 06:00:00,2023-02-04 19:00:00,13.2
200,2023-02-05 07:00:00,2023-02-04 20:00:00,13.4
200,2023-02-05 08:00:00,2023-02-04 21:00:00,14.4
200,2023-02-05 09:00:00,2023-02-04 22:00:00,16.1
200,2023-02-05 10:00:00,2023-02-04 23:00:00,17.6
200,2023-02-05 11:00:00,2023-02-05 00:00:00,18.2
200,2023-02-05 12:00:00,2023-02-05 01:00:00,18.7
200,2023-02-05 13:00:00,2023-02-05 02:00:00,18.7
200,2023-02-05 14:00:00,2023-02-05 03:00:00,19.5
200,2023-02-05 15:00:00,2023-02-05 04:00:00,19.6
200,2023-02-05 16:00:00,2023-02-05 05:00:00,18.4
200,2023-02-05 17:00:00,2023-02-05 06:00:00,18.8
200,2023-02-05 18:00:00,2023-02-05 07:00:00,19.1
200,2023-02-05 19:00:00,2023-02-05 08:00:00,17.9
200,2023-02-05 20:00:00,2023-02-05 09:00:00,17.3
200,2023-02-05 21:00:00,2023-02-05 10:00:00,17.0
200,2023-02-05 22:00:00,2023-02-05 11:00:00,16.7
200,2023-02-05 23:00:00,2023-02-05 12:00:00,16.7
200,2023-02-06 00:00:00,2023-02-05 13:00:00,16.3
200,2023-02-06 01:00:00,2023-02-05 14:00:00,16.3
200,2023-02-06 02:00:00,2023-02-05 15:00:00,16.2
200,2023-02-06 03:00:00,2023-02-05 16:00:00,16.0
200,2023-02-06 04:00:00,2023-02-05 17:00:00,15.8
200,2023-02-06 05:00:00,2023-02-05 18:00:00,15.9
200,2023-02-06 06:00:00,2023-02-05 19:00:00,15.8
200,2023-02-06 07:00:00,2023-02-05 20:00:00,15.3
200,2023-02-06 08:00:00,2023-02-05 21:00:00,15.9
200,2023-02-06 09:00:00,2023-02-05 22:00:00,16.7
200,2023-02-06 10:00:00,2023-02-05 23:00:00,17.2
200,2023-02-06 11:00:00,2023-02-06 00:00:00,17.8
200,2023-02-06 12:00:00,2023-02-06 01:00:00,18.5
200,2023-02-06 13:00:00,2023-02-06 02:00:00,18.7
200,2023-02-06 14:00:00,2023-02-06 03:00:00,19.7
200,2023-02-06 15:00:00,2023-02-06 04:00:00,20.2
200,2023-02-06 16:00:00,2023-02-06 05:00:00,20.3
200,2023-02-06 17:00:00,2023-02-06 06:00:00,20.1
200,2023-02-06 18:00:00,2023-02-06 07:00:00,20.4
200,2023-02-06 19:00:00,2023-02-06 08:00:00,19.3
200,2023-02-06 20:00:00,2023-02-06 09:00:00,18.0
200,2023-02-06 21:00:00,2023-02-06 10:00:00,16.5
200,2023-02-06 22:00:00,2023-02-06 11:00:00,16.2
200,2023-02-06 23:00:00,2023-02-06 12:00:00,16.6
200,2023-02-07 00:00:00,2023-02-06 13:00:00,16.7
200,2023-02-07 01:00:00,2023-02-06 14:00:00,16.4
200,2023-02-07 02:00:00,2023-02-06 15:00:00,16.1
200,2023-02-07 03:00:00,2023-02-06 16:00:00,16.1
200,2023-02-07 04:00:00,2023-02-06 17:00:00,16.5
200,2023-02-07 05:00:00,2023-02-06 18:00:00,16.5
200,2023-02-07 06:00:00,2023-02-06 19:00:00,16.3
200,2023-02-07 07:00:00,2023-02-06 20:00:00,16.2
200,2023-02-07 08:00:00,2023-02-06 21:00:00,16.2
200,2023-02-07 09:00:00,2023-02-06 22:00:00,16.8
200,2023-02-07 10:00:00,2023-02-06 23:00:00,17.9
200,2023-02-07 11:00:00,2023-02-07 00:00:00,18.2
200,2023-02-07 12:00:00,2023-02-07 01:00:00,20.6
200,2023-02-07 13:00:00,2023-02-07 02:00:00,20.0
200,2023-02-07 14:00:00,2023-02-07 03:00:00,21.9
200,2023-02-07 15:00:00,2023-02-07 04:00:00,21.9
200,2023-02-07 16:00:00,2023-02-07 05:00:00,21.2
200,2023-02-07 17:00:00,2023-02-07 06:00:00,21.0
200,2023-02-07 18:00:00,2023-02-07 07:00:00,20.3
200,2023-02-07 19:00:00,2023-02-07 08:00:00,18.5
200,2023-02-07 20:00:00,2023-02-07 09:00:00,17.4
200,2023-02-07 21:00:00,2023-02-07 10:00:00,16.4
200,2023-02-07 22:00:00,2023-02-07 11:00:00,16.3
200,2023-02-07 23:00:00,2023-02-07 12:00:00,15.4
200,2023-02-08 00:00:00,2023-02-07 13:00:00,15.0
200,2023-02-08 01:00:00,2023-02-07 14:00:00,15.4
200,2023-02-08 02:00:00,2023-02-07 15:00:00,15.4
200,2023-02-08 03:00:00,2023-02-07 16:00:00,14.6
200,2023-02-08 04:00:00,2023-02-07 17:00:00,13.7
200,2023-02-08 05:00:00,2023-02-07 18:00:00,14.0
200,2023-02-08 06:00:00,2023-02-07 19:00:00,13.0
200,2023-02-08 07:00:00,2023-02-07 20:00:00,13.1
200,2023-02-08 08:00:00,2023-02-07 21:00:00,16.1
200,2023-02-08 09:00:00,2023-02-07 22:00:00,17.4
200,2023-02-08 10:00:00,2023-02-07 23:00:00,18.3
200,2023-02-08 11:00:00,2023-02-08 00:00:00,19.5
200,2023-02-08 12:00:00,2023-02-08 01:00:00,20.4
200,2023-02-08 13:00:00,2023-02-08 02:00:00,20.4
200,2023-02-08 14:00:00,2023-02-08 03:00:00,21.8
200,2023-02-08 15:00:00,2023-02-08 04:00:00,21.3
200,2023-02-08 16:00:00,2023-02-08 05:00:00,21.7
200,2023-02-08 17:00:00,2023-02-08 06:00:00,22.0
200,2023-02-08 18:00:00,2023-02-08 07:00:00,21.9
200,2023-02-08 19:00:00,2023-02-08 08:00:00,21.3
200,2023-02-08 20:00:00,2023-02-08 09:00:00,20.4
200,2023-02-08 21:00:00,2023-02-08 10:00:00,18.7
200,2023-02-08 22:00:00,2023-02-08 11:00:00,17.7
200,2023-02-08 23:00:00,2023-02-08 12:00:00,17.0
200,2023-02-09 00:00:00,2023-02-08 13:00:00,15.1
200,2023-02-09 01:00:00,2023-02-08 14:00:00,15.0
200,2023-02-09 02:00:00,2023-02-08 15:00:00,14.8
200,2023-02-09 03:00:00,2023-02-08 16:00:00,14.1
200,2023-02-09 04:00:00,2023-02-08 17:00:00,13.8
200,2023-02-09 05:00:00,2023-02-08 18:00:00,13.2
200,2023-02-09 06:00:00,2023-02-08 19:00:00,14.0
200,2023-02-09 07:00:00,2023-02-08 20:00:00,13.7
200,2023-02-09 08:00:00,2023-02-08 21:00:00,15.2
200,2023-02-09 09:00:00,2023-02-08 22:00:00,18.3
200,2023-02-09 10:00:00,2023-02-08 23:00:00,20.5
200,2023-02-09 11:00:00,2023-02-09 00:00:00,22.4
200,2023-02-09 12:00:00,2023-02-09 01:00:00,25.3
200,2023-02-09 13:00:00,2023-02-09 02:00:00,26.9
200,2023-02-09 14:00:00,2023-02-09 03:00:00,27.5
200,2023-02-09 15:00:00,2023-02-09 04:00:00,27.4
200,2023-02-09 16:00:00,2023-02-09 05:00:00,27.3
200,2023-02-09 17:00:00,2023-02-09 06:00:00,26.9
200,2023-02-09 18:00:00,2023-02-09 07:00:00,25.6
200,2023-02-09 19:00:00,2023-02-09 08:00:00,25.6
200,2023-02-09 20:00:00,2023-02-09 09:00:00,24.3
200,2023-02-09 21:00:00,2023-02-09 10:00:00,21.7
200,2023-02-09 22:00:00,2023-02-09 11:00:00,20.4
200,2023-02-09 23:00:00,2023-02-09 12:00:00,19.3
200,2023-02-10 00:00:00,2023-02-09 13:00:00,18.3
200,2023-02-10 01:00:00,2023-02-09 14:00:00,17.7
200,2023-02-10 02:00:00,2023-02-09 15:00:00,17.4
200,2023-02-10 03:00:00,2023-02-09 16:00:00,15.8
200,2023-02-10 04:00:00,2023-02-09 17:00:00,16.0
200,2023-02-10 05:00:00,2023-02-09 18:00:00,14.8
200,2023-02-10 06:00:00,2023-02-09 19:00:00,14.6
200,2023-02-10 07:00:00,2023-02-09 20:00:00,15.0
200,2023-02-10 08:00:00,2023-02-09 21:00:00,15.0
200,2023-02-10 09:00:00,2023-02-09 22:00:00,16.6
200,2023-02-10 10:00:00,2023-02-09 23:00:00,19.6
200,2023-02-10 11:00:00,2023-02-10 00:00:00,21.9
200,2023-02-10 12:00:00,2023-02-10 01:00:00,23.9
200,2023-02-10 13:00:00,2023-02-10 02:00:00,24.6
200,2023-02-10 14:00:00,2023-02-10 03:00:00,26.1
200,2023-02-10 15:00:00,2023-02-10 04:00:00,26.0
200,2023-02-10 16:00:00,2023-02-10 05:00:00,25.4
200,2023-02-10 17:00:00,2023-02-10 06:00:00,26.0
200,2023-02-10 18:00:00,2023-02-10 07:00:00,25.5
200,2023-02-10 19:00:00,2023-02-10 08:00:00,24.7
200,2023-02-10 20:00:00,2023-02-10 09:00:00,24.3
200,2023-02-10 21:00:00,2023-02-10 10:00:00,22.6
200,2023-02-10 22:00:00,2023-02-10 11:00:00,20.2
200,2023-02-10 23:00:00,2023-02-10 12:00:00,19.1
200,2023-02-11 00:00:00,2023-02-10 13:00:00,18.4
200,2023-02-11 01:00:00,2023-02-10 14:00:00,17.9
200,2023-02-11 02:00:00,2023-02-10 15:00:00,17.3
200,2023-02-11 03:00:00,2023-02-10 16:00:00,16.8
200,2023-02-11 04:00:00,2023-02-10 17:00:00,16.8
200,2023-02-11 05:00:00,2023-02-10 18:00:00,16.3
200,2023-02-11 06:00:00,2023-02-10 19:00:00,15.8
200,2023-02-11 07:00:00,2023-02-10 20:00:00,15.1
200,2023-02-11 08:00:00,2023-02-10 21:00:00,16.3
200,2023-02-11 09:00:00,2023-02-10 22:00:00,18.9
200,2023-02-11 10:00:00,2023-02-10 23:00:00,23.9
200,2023-02-11 11:00:00,2023-02-11 00:00:00,29.0
200,2023-02-11 12:00:00,2023-02-11 01:00:00,28.5
200,2023-02-11 13:00:00,2023-02-11 02:00:00,26.9
200,2023-02-11 14:00:00,2023-02-11 03:00:00,26.4
200,2023-02-11 15:00:00,2023-02-11 04:00:00,26.8
200,2023-02-11 16:00:00,2023-02-11 05:00:00,25.2
200,2023-02-11 17:00:00,2023-02-11 06:00:00,25.8
200,2023-02-11 18:00:00,2023-02-11 07:00:00,25.5
200,2023-02-11 19:00:00,2023-02-11 08:00:00,22.4
200,2023-02-11 20:00:00,2023-02-11 09:00:00,21.2
200,2023-02-11 21:00:00,2023-02-11 10:00:00,19.7
200,2023-02-11 22:00:00,2023-02-11 11:00:00,19.9
200,2023-02-11 23:00:00,2023-02-11 12:00:00,20.5
200,2023-02-12 00:00:00,2023-02-11 13:00:00,20.2
200,2023-02-12 01:00:00,2023-02-11 14:00:00,19.0
200,2023-02-12 02:00:00,2023-02-11 15:00:00,18.6
200,2023-02-12 03:00:00,2023-02-11 16:00:00,17.8
200,2023-02-12 04:00:00,2023-02-11 17:00:00,17.6
200,2023-02-12 05:00:00,2023-02-11 18:00:00,17.3
200,2023-02-12 06:00:00,2023-02-11 19:00:00,17.0
200,2023-02-12 07:00:00,2023-02-11 20:00:00,16.1
200,2023-02-12 08:00:00,2023-02-11 21:00:00,17.1
200,2023-02-12 09:00:00,2023-02-11 22:00:00,18.0
200,2023-02-12 10:00:00,2023-02-11 23:00:00,18.2
200,2023-02-12 11:00:00,2023-02-12 00:00:00,19.7
200,2023-02-12 12:00:00,2023-02-12 01:00:00,19.6
200,2023-02-12 13:00:00,2023-02-12 02:00:00,19.8
200,2023-02-12 14:00:00,2023-02-12 03:00:00,20.3
200,2023-02-12 15:00:00,2023-02-12 04:00:00,20.1
200,2023-02-12 16:00:00,2023-02-12 05:00:00,19.4
200,2023-02-12 17:00:00,2023-02-12 06:00:00,19.0
200,2023-02-12 18:00:00,2023-02-12 07:00:00,17.6
200,2023-02-12 19:00:00,2023-02-12 08:00:00,17.1
200,2023-02-12 20:00:00,2023-02-12 09:00:00,16.5
200,2023-02-12 21:00:00,2023-02-12 10:00:00,16.1
200,2023-02-12 22:00:00,2023-02-12 11:00:00,16.0
200,2023-02-12 23:00:00,2023-02-12 12:00:00,16.0
200,2023-02-13 00:00:00,2023-02-12 13:00:00,15.8
200,2023-02-13 01:00:00,2023-02-12 14:00:00,15.1
200,2023-02-13 02:00:00,2023-02-12 15:00:00,15.5
200,2023-02-13 03:00:00,2023-02-12 16:00:00,15.4
200,2023-02-13 04:00:00,2023-02-12 17:00:00,15.2
200,2023-02-13 05:00:00,2023-02-12 18:00:00,15.6
200,2023-02-13 06:00:00,2023-02-12 19:00:00,15.5
200,2023-02-13 07:00:00,2023-02-12 20:00:00,15.7
200,2023-02-13 08:00:00,2023-02-12 21:00:00,15.9
200,2023-02-13 09:00:00,2023-02-12 22:00:00,16.8
200,2023-02-13 10:00:00,2023-02-12 23:00:00,17.3
200,2023-02-13 11:00:00,2023-02-13 00:00:00,18.2
200,2023-02-13 12:00:00,2023-02-13 01:00:00,18.7
200,2023-02-13 13:00:00,2023-02-13 02:00:00,19.3
200,2023-02-13 14:00:00,2023-02-13 03:00:00,19.8
200,2023-02-13 15:00:00,2023-02-13 04:00:00,20.3
200,2023-02-13 16:00:00,2023-02-13 05:00:00,19.0
200,2023-02-13 17:00:00,2023-02-13 06:00:00,19.6
200,2023-02-13 18:00:00,2023-02-13 07:00:00,19.3
200,2023-02-13 19:00:00,2023-02-13 08:00:00,18.3
200,2023-02-13 20:00:00,2023-02-13 09:00:00,17.1
200,2023-02-13 21:00:00,2023-02-13 10:00:00,16.1
200,2023-02-13 22:00:00,2023-02-13 11:00:00,16.7
200,2023-02-13 23:00:00,2023-02-13 12:00:00,16.1
200,2023-02-14 00:00:00,2023-02-13 13:00:00,15.0
200,2023-02-14 01:00:00,2023-02-13 14:00:00,14.1
200,2023-02-14 02:00:00,2023-02-13 15:00:00,14.1
200,2023-02-14 03:00:00,2023-02-13 16:00:00,13.2
200,2023-02-14 04:00:00,2023-02-13 17:00:00,12.3
200,2023-02-14 05:00:00,2023-02-13 18:00:00,12.4
200,2023-02-14 06:00:00,2023-02-13 19:00:00,11.9
200,2023-02-14 07:00:00,2023-02-13 20:00:00,11.9
200,2023-02-14 08:00:00,2023-02-13 21:00:00,14.3
200,2023-02-14 09:00:00,2023-02-13 22:00:00,16.9
200,2023-02-14 10:00:00,2023-02-13 23:00:00,17.7
200,2023-02-14 11:00:00,2023-02-14 00:00:00,20.3
200,2023-02-14 12:00:00,2023-02-14 01:00:00,20.5
200,2023-02-14 13:00:00,2023-02-14 02:00:00,21.4
200,2023-02-14 14:00:00,2023-02-14 03:00:00,22.6
200,2023-02-14 15:00:00,2023-02-14 04:00:00,22.8
200,2023-02-14 16:00:00,2023-02-14 05:00:00,21.7
200,2023-02-14 17:00:00,2023-02-14 06:00:00,22.0
200,2023-02-14 18:00:00,2023-02-14 07:00:00,21.5
200,2023-02-14 19:00:00,2023-02-14 08:00:00,20.3
200,2023-02-14 20:00:00,2023-02-14 09:00:00,18.9
200,2023-02-14 21:00:00,2023-02-14 10:00:00,17.8
200,2023-02-14 22:00:00,2023-02-14 11:00:00,16.5
200,2023-02-14 23:00:00,2023-02-14 12:00:00,16.0
200,2023-02-15 00:00:00,2023-02-14 13:00:00,15.0
200,2023-02-15 01:00:00,2023-02-14 14:00:00,14.2
200,2023-02-15 02:00:00,2023-02-14 15:00:00,13.6
200,2023-02-15 03:00:00,2023-02-14 16:00:00,13.0
200,2023-02-15 04:00:00,2023-02-14 17:00:00,12.8
200,2023-02-15 05:00:00,2023-02-14 18:00:00,12.0
200,2023-02-15 06:00:00,2023-02-14 19:00:00,11.1
200,2023-02-15 07:00:00,2023-02-14 20:00:00,11.3
200,2023-02-15 08:00:00,2023-02-14 21:00:00,14.4
200,2023-02-15 09:00:00,2023-02-14 22:00:00,19.3
200,2023-02-15 10:00:00,2023-02-14 23:00:00,23.7
200,2023-02-15 11:00:00,2023-02-15 00:00:00,25.7
200,2023-02-15 12:00:00,2023-02-15 01:00:00,27.9
200,2023-02-15 13:00:00,2023-02-15 02:00:00,29.5
200,2023-02-15 14:00:00,2023-02-15 03:00:00,31.7
200,2023-02-15 15:00:00,2023-02-15 04:00:00,30.8
200,2023-02-15 16:00:00,2023-02-15 05:00:00,33.2
200,2023-02-15 17:00:00,2023-02-15 06:00:00,31.4
200,2023-02-15 18:00:00,2023-02-15 07:00:00,30.5
200,2023-02-15 19:00:00,2023-02-15 08:00:00,30.4
200,2023-02-15 20:00:00,2023-02-15 09:00:00,27.4
200,2023-02-15 21:00:00,2023-02-15 10:00:00,25.1
200,2023-02-15 22:00:00,2023-02-15 11:00:00,22.8
200,2023-02-15 23:00:00,2023-02-15 12:00:00,22.0
200,2023-02-16 00:00:00,2023-02-15 13:00:00,21.0
200,2023-02-16 01:00:00,2023-02-15 14:00:00,20.6
200,2023-02-16 02:00:00,2023-02-15 15:00:00,19.5
200,2023-02-16 03:00:00,2023-02-15 16:00:00,17.8
200,2023-02-16 04:00:00,2023-02-15 17:00:00,17.7
200,2023-02-16 05:00:00,2023-02-15 18:00:00,18.1
200,2023-02-16 06:00:00,2023-02-15 19:00:00,22.8
200,2023-02-16 07:00:00,2023-02-15 20:00:00,23.0
200,2023-02-16 08:00:00,2023-02-15 21:00:00,24.0
200,2023-02-16 09:00:00,2023-02-15 22:00:00,25.7
200,2023-02-16 10:00:00,2023-02-15 23:00:00,28.9
200,2023-02-16 11:00:00,2023-02-16 00:00:00,30.5
200,2023-02-16 12:00:00,2023-02-16 01:00:00,32.7
200,2023-02-16 13:00:00,2023-02-16 02:00:00,34.8
200,2023-02-16 14:00:00,2023-02-16 03:00:00,35.6
200,2023-02-16 15:00:00,2023-02-16 04:00:00,36.8
200,2023-02-16 16:00:00,2023-02-16 05:00:00,36.0
200,2023-02-16 17:00:00,2023-02-16 06:00:00,35.4
200,2023-02-16 18:00:00,2023-02-16 07:00:00,36.4
200,2023-02-16 19:00:00,2023-02-16 08:00:00,32.7
200,2023-02-16 20:00:00,2023-02-16 09:00:00,30.8
200,2023-02-16 21:00:00,2023-02-16 10:00:00,28.3
200,2023-02-16 22:00:00,2023-02-16 11:00:00,25.9
200,2023-02-16 23:00:00,2023-02-16 12:00:00,24.2
200,2023-02-17 00:00:00,2023-02-16 13:00:00,23.8
200,2023-02-17 01:00:00,2023-02-16 14:00:00,23.6
200,2023-02-17 02:00:00,2023-02-16 15:00:00,22.4
200,2023-02-17 03:00:00,2023-02-16 16:00:00,23.9
200,2023-02-17 04:00:00,2023-02-16 17:00:00,22.9
200,2023-02-17 05:00:00,2023-02-16 18:00:00,23.7
200,2023-02-17 06:00:00,2023-02-16 19:00:00,27.8
200,2023-02-17 07:00:00,2023-02-16 20:00:00,27.5
200,2023-02-17 08:00:00,2023-02-16 21:00:00,28.6
200,2023-02-17 09:00:00,2023-02-16 22:00:00,29.6
200,2023-02-17 10:00:00,2023-02-16 23:00:00,30.6
200,2023-02-17 11:00:00,2023-02-17 00:00:00,30.5
200,2023-02-17 12:00:00,2023-02-17 01:00:00,33.6
200,2023-02-17 13:00:00,2023-02-17 02:00:00,37.5
200,2023-02-17 14:00:00,2023-02-17 03:00:00,39.0
200,2023-02-17 15:00:00,2023-02-17 04:00:00,40.0
200,2023-02-17 16:00:00,2023-02-17 05:00:00,41.2
200,2023-02-17 17:00:00,2023-02-17 06:00:00,27.5
200,2023-02-17 18:00:00,2023-02-17 07:00:00,23.5
200,2023-02-17 19:00:00,2023-02-17 08:00:00,21.2
200,2023-02-17 20:00:00,2023-02-17 09:00:00,19.4
200,2023-02-17 21:00:00,2023-02-17 10:00:00,18.6
200,2023-02-17 22:00:00,2023-02-17 11:00:00,18.7
200,2023-02-17 23:00:00,2023-02-17 12:00:00,18.0
200,2023-02-18 00:00:00,2023-02-17 13:00:00,18.0
200,2023-02-18 01:00:00,2023-02-17 14:00:00,17.9
200,2023-02-18 02:00:00,2023-02-17 15:00:00,17.8
200,2023-02-18 03:00:00,2023-02-17 16:00:00,17.4
200,2023-02-18 04:00:00,2023-02-17 17:00:00,17.1
200,2023-02-18 05:00:00,2023-02-17 18:00:00,17.0
200,2023-02-18 06:00:00,2023-02-17 19:00:00,17.0
200,2023-02-18 07:00:00,2023-02-17 20:00:00,16.9
200,2023-02-18 08:00:00,2023-02-17 21:00:00,16.9
200,2023-02-18 09:00:00,2023-02-17 22:00:00,17.6
200,2023-02-18 10:00:00,2023-02-17 23:00:00,18.3
200,2023-02-18 11:00:00,2023-02-18 00:00:00,19.4
200,2023-02-18 12:00:00,2023-02-18 01:00:00,20.4
200,2023-02-18 13:00:00,2023-02-18 02:00:00,21.7
200,2023-02-18 14:00:00,2023-02-18 03:00:00,22.7
200,2023-02-18 15:00:00,2023-02-18 04:00:00,22.4
200,2023-02-18 16:00:00,2023-02-18 05:00:00,23.4
200,2023-02-18 17:00:00,2023-02-18 06:00:00,23.8
200,2023-02-18 18:00:00,2023-02-18 07:00:00,21.9
200,2023-02-18 19:00:00,2023-02-18 08:00:00,20.3
200,2023-02-18 20:00:00,2023-02-18 09:00:00,18.9
200,2023-02-18 21:00:00,2023-02-18 10:00:00,18.3
200,2023-02-18 22:00:00,2023-02-18 11:00:00,17.9
200,2023-02-18 23:00:00,2023-02-18 12:00:00,17.8
200,2023-02-19 00:00:00,2023-02-18 13:00:00,17.9
200,2023-02-19 01:00:00,2023-02-18 14:00:00,17.5
200,2023-02-19 02:00:00,2023-02-18 15:00:00,15.9
200,2023-02-19 03:00:00,2023-02-18 16:00:00,16.7
200,2023-02-19 04:00:00,2023-02-18 17:00:00,16.7
200,2023-02-19 05:00:00,2023-02-18 18:00:00,15.3
200,2023-02-19 06:00:00,2023-02-18 19:00:00,14.9
200,2023-02-19 07:00:00,2023-02-18 20:00:00,14.7
200,2023-02-19 08:00:00,2023-02-18 21:00:00,15.0
200,2023-02-19 09:00:00,2023-02-18 22:00:00,17.7
200,2023-02-19 10:00:00,2023-02-18 23:00:00,19.8
200,2023-02-19 11:00:00,2023-02-19 00:00:00,21.2
200,2023-02-19 12:00:00,2023-02-19 01:00:00,22.4
200,2023-02-19 13:00:00,2023-02-19 02:00:00,23.5
200,2023-02-19 14:00:00,2023-02-19 03:00:00,24.8
200,2023-02-19 15:00:00,2023-02-19 04:00:00,26.1
200,2023-02-19 16:00:00,2023-02-19 05:00:00,26.8
200,2023-02-19 17:00:00,2023-02-19 06:00:00,27.6
200,2023-02-19 18:00:00,2023-02-19 07:00:00,27.7
200,2023-02-19 19:00:00,2023-02-19 08:00:00,23.1
200,2023-02-19 20:00:00,2023-02-19 09:00:00,21.2
200,2023-02-19 21:00:00,2023-02-19 10:00:00,19.3
200,2023-02-19 22:00:00,2023-02-19 11:00:00,18.8
200,2023-02-19 23:00:00,2023-02-19 12:00:00,18.4
200,2023-02-20 00:00:00,2023-02-19 13:00:00,16.9
200,2023-02-20 01:00:00,2023-02-19 14:00:00,16.6
200,2023-02-20 02:00:00,2023-02-19 15:00:00,16.2
200,2023-02-20 03:00:00,2023-02-19 16:00:00,15.4
200,2023-02-20 04:00:00,2023-02-19 17:00:00,14.8
200,2023-02-20 05:00:00,2023-02-19 18:00:00,14.6
200,2023-02-20 06:00:00,2023-02-19 19:00:00,14.4
200,2023-02-20 07:00:00,2023-02-19 20:00:00,14.2
200,2023-02-20 08:00:00,2023-02-19 21:00:00,15.2
200,2023-02-20 09:00:00,2023-02-19 22:00:00,17.2
200,2023-02-20 10:00:00,2023-02-19 23:00:00,19.3
200,2023-02-20 11:00:00,2023-02-20 00:00:00,21.6
200,2023-02-20 12:00:00,2023-02-20 01:00:00,23.2
200,2023-02-20 13:00:00,2023-02-20 02:00:00,23.2
200,2023-02-20 14:00:00,2023-02-20 03:00:00,24.1
200,2023-02-20 15:00:00,2023-02-20 04:00:00,25.4
200,2023-02-20 16:00:00,2023-02-20 05:00:00,25.2
200,2023-02-20 17:00:00,2023-02-20 06:00:00,25.3
200,2023-02-20 18:00:00,2023-02-20 07:00:00,23.4
200,2023-02-20 19:00:00,2023-02-20 08:00:00,22.0
200,2023-02-20 20:00:00,2023-02-20 09:00:00,20.4
200,2023-02-20 21:00:00,2023-02-20 10:00:00,19.6
200,2023-02-20 22:00:00,2023-02-20 11:00:00,19.5
200,2023-02-20 23:00:00,2023-02-20 12:00:00,19.0
200,2023-02-21 00:00:00,2023-02-20 13:00:00,18.7
200,2023-02-21 01:00:00,2023-02-20 14:00:00,18.5
200,2023-02-21 02:00:00,2023-02-20 15:00:00,18.0
200,2023-02-21 03:00:00,2023-02-20 16:00:00,17.6
200,2023-02-21 04:00:00,2023-02-20 17:00:00,18.3
200,2023-02-21 05:00:00,2023-02-20 18:00:00,18.5
200,2023-02-21 06:00:00,2023-02-20 19:00:00,18.5
200,2023-02-21 07:00:00,2023-02-20 20:00:00,16.7
200,2023-02-21 08:00:00,2023-02-20 21:00:00,16.7
200,2023-02-21 09:00:00,2023-02-20 22:00:00,17.1
200,2023-02-21 10:00:00,2023-02-20 23:00:00,17.2
200,2023-02-21 11:00:00,2023-02-21 00:00:00,17.6
200,2023-02-21 12:00:00,2023-02-21 01:00:00,18.8
200,2023-02-21 13:00:00,2023-02-21 02:00:00,20.4
200,2023-02-21 14:00:00,2023-02-21 03:00:00,20.6
200,2023-02-21 15:00:00,2023-02-21 04:00:00,21.8
200,2023-02-21 16:00:00,2023-02-21 05:00:00,21.6
200,2023-02-21 17:00:00,2023-02-21 06:00:00,21.0
200,2023-02-21 18:00:00,2023-02-21 07:00:00,20.0
200,2023-02-21 19:00:00,2023-02-21 08:00:00,19.1
200,2023-02-21 20:00:00,2023-02-21 09:00:00,17.7
200,2023-02-21 21:00:00,2023-02-21 10:00:00,17.4
200,2023-02-21 22:00:00,2023-02-21 11:00:00,17.2
200,2023-02-21 23:00:00,2023-02-21 12:00:00,17.1
200,2023-02-22 00:00:00,2023-02-21 13:00:00,16.6
200,2023-02-22 01:00:00,2023-02-21 14:00:00,16.1
200,2023-02-22 02:00:00,2023-02-21 15:00:00,15.7
200,2023-02-22 03:00:00,2023-02-21 16:00:00,14.5
200,2023-02-22 04:00:00,2023-02-21 17:00:00,13.9
200,2023-02-22 05:00:00,2023-02-21 18:00:00,13.2
200,2023-02-22 06:00:00,2023-02-21 19:00:00,13.7
200,2023-02-22 07:00:00,2023-02-21 20:00:00,14.0
200,2023-02-22 08:00:00,2023-02-21 21:00:00,15.1
200,2023-02-22 09:00:00,2023-02-21 22:00:00,17.2
200,2023-02-22 10:00:00,2023-02-21 23:00:00,19.9
200,2023-02-22 11:00:00,2023-02-22 00:00:00,21.6
200,2023-02-22 12:00:00,2023-02-22 01:00:00,23.8
200,2023-02-22 13:00:00,2023-02-22 02:00:00,26.5
200,2023-02-22 14:00:00,2023-02-22 03:00:00,27.4
200,2023-02-22 15:00:00,2023-02-22 04:00:00,28.8
200,2023-02-22 16:00:00,2023-02-22 05:00:00,29.6
200,2023-02-22 17:00:00,2023-02-22 06:00:00,29.9
200,2023-02-22 18:00:00,2023-02-22 07:00:00,30.0
200,2023-02-22 19:00:00,2023-02-22 08:00:00,27.7
200,2023-02-22 20:00:00,2023-02-22 09:00:00,25.9
200,2023-02-22 21:00:00,2023-02-22 10:00:00,23.8
200,2023-02-22 22:00:00,2023-02-22 11:00:00,21.5
200,2023-02-22 23:00:00,2023-02-22 12:00:00,19.8
200,2023-02-23 00:00:00,2023-02-22 13:00:00,20.0
200,2023-02-23 01:00:00,2023-02-22 14:00:00,19.3
200,2023-02-23 02:00:00,2023-02-22 15:00:00,18.4
200,2023-02-23 03:00:00,2023-02-22 16:00:00,17.6
200,2023-02-23 04:00:00,2023-02-22 17:00:00,20.3
200,2023-02-23 05:00:00,2023-02-22 18:00:00,21.5
200,2023-02-23 06:00:00,2023-02-22 19:00:00,20.6
200,2023-02-23 07:00:00,2023-02-22 20:00:00,20.0
200,2023-02-23 08:00:00,2023-02-22 21:00:00,19.7
200,2023-02-23 09:00:00,2023-02-22 22:00:00,21.0
200,2023-02-23 10:00:00,2023-02-22 23:00:00,22.7
200,2023-02-23 11:00:00,2023-02-23 00:00:00,24.2
200,2023-02-23 12:00:00,2023-02-23 01:00:00,26.2
200,2023-02-23 13:00:00,2023-02-23 02:00:00,28.2
200,2023-02-23 14:00:00,2023-02-23 03:00:00,29.7
200,2023-02-23 15:00:00,2023-02-23 04:00:00,30.5
200,2023-02-23 16:00:00,2023-02-23 05:00:00,31.1
200,2023-02-23 17:00:00,2023-02-23 06:00:00,31.8
200,2023-02-23 18:00:00,2023-02-23 07:00:00,31.4
200,2023-02-23 19:00:00,2023-02-23 08:00:00,30.8
200,2023-02-23 20:00:00,2023-02-23 09:00:00,28.0
200,2023-02-23 21:00:00,2023-02-23 10:00:00,26.7
200,2023-02-23 22:00:00,2023-02-23 11:00:00,25.8
200,2023-02-23 23:00:00,2023-02-23 12:00:00,24.3
200,2023-02-24 00:00:00,2023-02-23 13:00:00,22.9
200,2023-02-24 01:00:00,2023-02-23 14:00:00,22.1
200,2023-02-24 02:00:00,2023-02-23 15:00:00,20.8
200,2023-02-24 03:00:00,2023-02-23 16:00:00,17.8
200,2023-02-24 04:00:00,2023-02-23 17:00:00,19.9
200,2023-02-24 05:00:00,2023-02-23 18:00:00,22.0
200,2023-02-24 06:00:00,2023-02-23 19:00:00,21.4
200,2023-02-24 07:00:00,2023-02-23 20:00:00,20.4
200,2023-02-24 08:00:00,2023-02-23 21:00:00,20.4
200,2023-02-24 09:00:00,2023-02-23 22:00:00,22.8
200,2023-02-24 10:00:00,2023-02-23 23:00:00,24.2
200,2023-02-24 11:00:00,2023-02-24 00:00:00,26.1
200,2023-02-24 12:00:00,2023-02-24 01:00:00,27.3
200,2023-02-24 13:00:00,2023-02-24 02:00:00,28.8
200,2023-02-24 14:00:00,2023-02-24 03:00:00,30.1
200,2023-02-24 15:00:00,2023-02-24 04:00:00,31.1
200,2023-02-24 16:00:00,2023-02-24 05:00:00,31.8
200,2023-02-24 17:00:00,2023-02-24 06:00:00,31.8
200,2023-02-24 18:00:00,2023-02-24 07:00:00,32.2
200,2023-02-24 19:00:00,2023-02-24 08:00:00,31.3
200,2023-02-24 20:00:00,2023-02-24 09:00:00,29.6
200,2023-02-24 21:00:00,2023-02-24 10:00:00,28.0
200,2023-02-24 22:00:00,2023-02-24 11:00:00,26.4
200,2023-02-24 23:00:00,2023-02-24 12:00:00,25.5
200,2023-02-25 00:00:00,2023-02-24 13:00:00,24.9
200,2023-02-25 01:00:00,2023-02-24 14:00:00,24.9
200,2023-02-25 02:00:00,2023-02-24 15:00:00,24.6
200,2023-02-25 03:00:00,2023-02-24 16:00:00,24.3
200,2023-02-25 04:00:00,2023-02-24 17:00:00,24.4
200,2023-02-25 05:00:00,2023-02-24 18:00:00,24.2
200,2023-02-25 06:00:00,2023-02-24 19:00:00,24.1
200,2023-02-25 07:00:00,2023-02-24 20:00:00,23.6
200,2023-02-25 08:00:00,2023-02-24 21:00:00,23.8
200,2023-02-25 09:00:00,2023-02-24 22:00:00,24.8
200,2023-02-25 10:00:00,2023-02-24 23:00:00,24.5
200,2023-02-25 11:00:00,2023-02-25 00:00:00,24.8
200,2023-02-25 12:00:00,2023-02-25 01:00:00,25.0
200,2023-02-25 13:00:00,2023-02-25 02:00:00,26.2
200,2023-02-25 14:00:00,2023-02-25 03:00:00,27.1
200,2023-02-25 15:00:00,2023-02-25 04:00:00,24.4
200,2023-02-25 16:00:00,2023-02-25 05:00:00,21.4
200,2023-02-25 17:00:00,2023-02-25 06:00:00,20.5
200,2023-02-25 18:00:00,2023-02-25 07:00:00,20.9
200,2023-02-25 19:00:00,2023-02-25 08:00:00,20.0
200,2023-02-25 20:00:00,2023-02-25 09:00:00,21.4
200,2023-02-25 21:00:00,2023-02-25 10:00:00,18.4
200,2023-02-25 22:00:00,2023-02-25 11:00:00,18.0
200,2023-02-25 23:00:00,2023-02-25 12:00:00,17.8
200,2023-02-26 00:00:00,2023-02-25 13:00:00,18.2
200,2023-02-26 01:00:00,2023-02-25 14:00:00,18.1
200,2023-02-26 02:00:00,2023-02-25 15:00:00,17.0
200,2023-02-26 03:00:00,2023-02-25 16:00:00,16.6
200,2023-02-26 04:00:00,2023-02-25 17:00:00,16.3
200,2023-02-26 05:00:00,2023-02-25 18:00:00,15.8
200,2023-02-26 06:00:00,2023-02-25 19:00:00,14.6
200,2023-02-26 07:00:00,2023-02-25 20:00:00,15.1
200,2023-02-26 08:00:00,2023-02-25 21:00:00,16.0
200,2023-02-26 09:00:00,2023-02-25 22:00:00,16.6
200,2023-02-26 10:00:00,2023-02-25 23:00:00,17.3
200,2023-02-26 11:00:00,2023-02-26 00:00:00,19.1
200,2023-02-26 12:00:00,2023-02-26 01:00:00,20.2
200,2023-02-26 13:00:00,2023-02-26 02:00:00,22.3
200,2023-02-26 14:00:00,2023-02-26 03:00:00,24.0
200,2023-02-26 15:00:00,2023-02-26 04:00:00,22.9
200,2023-02-26 16:00:00,2023-02-26 05:00:00,22.6
200,2023-02-26 17:00:00,2023-02-26 06:00:00,20.1
200,2023-02-26 18:00:00,2023-02-26 07:00:00,20.2
200,2023-02-26 19:00:00,2023-02-26 08:00:00,20.1
200,2023-02-26 20:00:00,2023-02-26 09:00:00,19.0
200,2023-02-26 21:00:00,2023-02-26 10:00:00,18.4
200,2023-02-26 22:00:00,2023-02-26 11:00:00,18.4
200,2023-02-26 23:00:00,2023-02-26 12:00:00,17.9
200,2023-02-27 00:00:00,2023-02-26 13:00:00,17.5
200,2023-02-27 01:00:00,2023-02-26 14:00:00,16.9
200,2023-02-27 02:00:00,2023-02-26 15:00:00,16.2
200,2023-02-27 03:00:00,2023-02-26 16:00:00,16.0
200,2023-02-27 04:00:00,2023-02-26 17:00:00,16.1
200,2023-02-27 05:00:00,2023-02-26 18:00:00,16.1
200,2023-02-27 06:00:00,2023-02-26 19:00:00,16.5
200,2023-02-27 07:00:00,2023-02-26 20:00:00,15.3
200,2023-02-27 08:00:00,2023-02-26 21:00:00,15.9
200,2023-02-27 09:00:00,2023-02-26 22:00:00,16.3
200,2023-02-27 10:00:00,2023-02-26 23:00:00,17.4
200,2023-02-27 11:00:00,2023-02-27 00:00:00,17.3
200,2023-02-27 12:00:00,2023-02-27 01:00:00,18.2
200,2023-02-27 13:00:00,2023-02-27 02:00:00,19.1
200,2023-02-27 14:00:00,2023-02-27 03:00:00,19.3
200,2023-02-27 15:00:00,2023-02-27 04:00:00,19.8
200,2023-02-27 16:00:00,2023-02-27 05:00:00,19.8
200,2023-02-27 17:00:00,2023-02-27 06:00:00,19.3
200,2023-02-27 18:00:00,2023-02-27 07:00:00,18.9
200,2023-02-27 19:00:00,2023-02-27 08:00:00,18.3
200,2023-02-27 20:00:00,2023-02-27 09:00:00,17.5
200,2023-02-27 21:00:00,2023-02-27 10:00:00,17.2
200,2023-02-27 22:00:00,2023-02-27 11:00:00,17.3
200,2023-02-27 23:00:00,2023-02-27 12:00:00,17.3
200,2023-02-28 00:00:00,2023-02-27 13:00:00,17.1
200,2023-02-28 01:00:00,2023-02-27 14:00:00,16.9
200,2023-02-28 02:00:00,2023-02-27 15:00:00,16.8
200,2023-02-28 03:00:00,2023-02-27 16:00:00,16.6
200,2023-02-28 04:00:00,2023-02-27 17:00:00,16.4
200,2023-02-28 05:00:00,2023-02-27 18:00:00,16.2
200,2023-02-28 06:00:00,2023-02-27 19:00:00,16.1
200,2023-02-28 07:00:00,2023-02-27 20:00:00,16.0
200,2023-02-28 08:00:00,2023-02-27 21:00:00,16.2
200,2023-02-28 09:00:00,2023-02-27 22:00:00,15.1
200,2023-02-28 10:00:00,2023-02-27 23:00:00,15.8
200,2023-02-28 11:00:00,2023-02-28 00:00:00,15.3
200,2023-02-28 12:00:00,2023-02-28 01:00:00,15.3
200,2023-02-28 13:00:00,2023-02-28 02:00:00,15.7
200,2023-02-28 14:00:00,2023-02-28 03:00:00,15.5
200,2023-02-28 15:00:00,2023-02-28 04:00:00,15.6
200,2023-02-28 16:00:00,2023-02-28 05:00:00,15.5
200,2023-02-28 17:00:00,2023-02-28 06:00:00,16.5
200,2023-02-28 18:00:00,2023-02-28 07:00:00,16.5
200,2023-02-28 19:00:00,2023-02-28 08:00:00,16.1
200,2023-02-28 20:00:00,2023-02-28 09:00:00,15.7
200,2023-02-28 21:00:00,2023-02-28 10:00:00,15.3
200,2023-02-28 22:00:00,2023-02-28 11:00:00,15.5
200,2023-02-28 23:00:00,2023-02-28 12:00:00,15.6
600,2022-12-01 00:00:00,2022-11-30 13:00:00,13.7
600,2022-12-01 01:00:00,2022-11-30 14:00:00,13.8
600,2022-12-01 02:00:00,2022-11-30 15:00:00,12.8
600,2022-12-01 03:00:00,2022-11-30 16:00:00,13.2
600,2022-12-01 04:00:00,2022-11-30 17:00:00,12.8
600,2022-12-01 05:00:00,2022-11-30 18:00:00,14.4
600,2022-12-01 06:00:00,2022-11-30 19:00:00,14.1
600,2022-12-01 07:00:00,2022-11-30 20:00:00,14.4
600,2022-12-01 08:00:00,2022-11-30 21:00:00,15.5
600,2022-12-01 09:00:00,2022-11-30 22:00:00,15.9
600,2022-12-01 10:00:00,2022-11-30 23:00:00,16.9
600,2022-12-01 11:00:00,2022-12-01 00:00:00,16.3
600,2022-12-01 12:00:00,2022-12-01 01:00:00,16.6
600,2022-12-01 13:00:00,2022-12-01 02:00:00,17.5
600,2022-12-01 14:00:00,2022-12-01 03:00:00,18.2
600,2022-12-01 15:00:00,2022-12-01 04:00:00,18.4
600,2022-12-01 16:00:00,2022-12-01 05:00:00,17.9
600,2022-12-01 17:00:00,2022-12-01 06:00:00,17.0
600,2022-12-01 18:00:00,2022-12-01 07:00:00,17.0
600,2022-12-01 19:00:00,2022-12-01 08:00:00,16.2
600,2022-12-01 20:00:00,2022-12-01 09:00:00,15.0
600,2022-12-01 21:00:00,2022-12-01 10:00:00,13.5
600,2022-12-01 22:00:00,2022-12-01 11:00:00,13.4
600,2022-12-01 23:00:00,2022-12-01 12:00:00,12.9
600,2022-12-02 00:00:00,2022-12-01 13:00:00,13.2
600,2022-12-02 01:00:00,2022-12-01 14:00:00,13.0
600,2022-12-02 02:00:00,2022-12-01 15:00:00,12.2
600,2022-12-02 03:00:00,2022-12-01 16:00:00,12.8
600,2022-12-02 04:00:00,2022-12-01 17:00:00,12.5
600,2022-12-02 05:00:00,2022-12-01 18:00:00,11.7
600,2022-12-02 06:00:00,2022-12-01 19:00:00,11.7
600,2022-12-02 07:00:00,2022-12-01 20:00:00,12.7
600,2022-12-02 08:00:00,2022-12-01 21:00:00,13.9
600,2022-12-02 09:00:00,2022-12-01 22:00:00,15.3
600,2022-12-02 10:00:00,2022-12-01 23:00:00,16.2
600,2022-12-02 11:00:00,2022-12-02 00:00:00,16.7
600,2022-12-02 12:00:00,2022-12-02 01:00:00,18.2
600,2022-12-02 13:00:00,2022-12-02 02:00:00,19.5
600,2022-12-02 14:00:00,2022-12-02 03:00:00,20.4
600,2022-12-02 15:00:00,2022-12-02 04:00:00,21.5
600,2022-12-02 16:00:00,2022-12-02 05:00:00,22.0
600,2022-12-02 17:00:00,2022-12-02 06:00:00,21.9
600,2022-12-02 18:00:00,2022-12-02 07:00:00,21.3
600,2022-12-02 19:00:00,2022-12-02 08:00:00,20.1
600,2022-12-02 20:00:00,2022-12-02 09:00:00,19.0
600,2022-12-02 21:00:00,2022-12-02 10:00:00,17.7
600,2022-12-02 22:00:00,2022-12-02 11:00:00,17.1
600,2022-12-02 23:00:00,2022-12-02 12:00:00,16.0
600,2022-12-03 00:00:00,2022-12-02 13:00:00,15.3
600,2022-12-03 01:00:00,2022-12-02 14:00:00,14.7
600,2022-12-03 02:00:00,2022-12-02 15:00:00,13.5
600,2022-12-03 03:00:00,2022-12-02 16:00:00,12.7
600,2022-12-03 04:00:00,2022-12-02 17:00:00,12.2
600,2022-12-03 05:00:00,2022-12-02 18:00:00,11.9
600,2022-12-03 06:00:00,2022-12-02 19:00:00,11.8
600,2022-12-03 07:00:00,2022-12-02 20:00:00,14.1
600,2022-12-03 08:00:00,2022-12-02 21:00:00,17.5
600,2022-12-03 09:00:00,2022-12-02 22:00:00,21.6
600,2022-12-03 10:00:00,2022-12-02 23:00:00,25.8
600,2022-12-03 11:00:00,2022-12-03 00:00:00,28.3
600,2022-12-03 12:00:00,2022-12-03 01:00:00,29.2
600,2022-12-03 13:00:00,2022-12-03 02:00:00,28.7
600,2022-12-03 14:00:00,2022-12-03 03:00:00,29.4
600,2022-12-03 15:00:00,2022-12-03 04:00:00,28.9
600,2022-12-03 16:00:00,2022-12-03 05:00:00,29.0
600,2022-12-03 17:00:00,2022-12-03 06:00:00,27.7
600,2022-12-03 18:00:00,2022-12-03 07:00:00,26.3
600,2022-12-03 19:00:00,2022-12-03 08:00:00,25.8
600,2022-12-03 20:00:00,2022-12-03 09:00:00,24.3
600,2022-12-03 21:00:00,2022-12-03 10:00:00,22.5
600,2022-12-03 22:00:00,2022-12-03 11:00:00,21.1
600,2022-12-03 23:00:00,2022-12-03 12:00:00,19.8
600,2022-12-04 00:00:00,2022-12-03 13:00:00,18.4
600,2022-12-04 01:00:00,2022-12-03 14:00:00,17.0
600,2022-12-04 02:00:00,2022-12-03 15:00:00,16.5
600,2022-12-04 03:00:00,2022-12-03 16:00:00,16.1
600,2022-12-04 04:00:00,,15.6
600,2022-12-04 05:00:00,2022-12-03 18:00:00,15.1
600,2022-12-04 06:00:00,2022-12-03 19:00:00,14.9
600,2022-12-04 07:00:00,2022-12-03 20:00:00,17.8
600,2022-12-04 08:00:00,2022-12-03 21:00:00,22.4
600,2022-12-04 09:00:00,2022-12-03 22:00:00,27.3
600,2022-12-04 10:00:00,2022-12-03 23:00:00,29.7
600,2022-12-04 11:00:00,2022-12-04 00:00:00,31.3
600,2022-12-04 12:00:00,2022-12-04 01:00:00,32.2
600,2022-12-04 13:00:00,2022-12-04 02:00:00,33.1
600,2022-12-04 14:00:00,2022-12-04 03:00:00,33.6
600,2022-12-04 15:00:00,2022-12-04 04:00:00,34.5
600,2022-12-04 16:00:00,2022-12-04 05:00:00,34.8
600,2022-12-04 17:00:00,2022-12-04 06:00:00,33.7
600,2022-12-04 18:00:00,2022-12-04 07:00:00,34.3
600,2022-12-04 19:00:00,2022-12-04 08:00:00,33.1
600,2022-12-04 20:00:00,2022-12-04 09:00:00,30.2
600,2022-12-04 21:00:00,2022-12-04 10:00:00,28.9
600,2022-12-04 22:00:00,2022-12-04 11:00:00,28.0
600,2022-12-04 23:00:00,2022-12-04 12:00:00,26.3
600,2022-12-05 00:00:00,2022-12-04 13:00:00,22.1
600,2022-12-05 01:00:00,2022-12-04 14:00:00,21.6
600,2022-12-05 02:00:00,2022-12-04 15:00:00,19.3
600,2022-12-05 03:00:00,2022-12-04 16:00:00,17.9
600,2022-12-05 04:00:00,2022-12-04 17:00:00,17.6
600,2022-12-05 05:00:00,2022-12-04 18:00:00,16.7
600,2022-12-05 06:00:00,2022-12-04 19:00:00,16.8
600,2022-12-05 07:00:00,2022-12-04 20:00:00,16.5
600,2022-12-05 08:00:00,2022-12-04 21:00:00,15.5
600,2022-12-05 09:00:00,2022-12-04 22:00:00,16.3
600,2022-12-05 10:00:00,2022-12-04 23:00:00,15.2
600,2022-12-05 11:00:00,2022-12-05 00:00:00,16.4
600,2022-12-05 12:00:00,2022-12-05 01:00:00,17.9
600,2022-12-05 13:00:00,2022-12-05 02:00:00,17.3
600,2022-12-05 14:00:00,2022-12-05 03:00:00,16.4
600,2022-12-05 15:00:00,2022-12-05 04:00:00,15.9
600,2022-12-05 16:00:00,2022-12-05 05:00:00,17.3
600,2022-12-05 17:00:00,2022-12-05 06:00:00,16.5
600,2022-12-05 18:00:00,2022-12-05 07:00:00,15.6
600,2022-12-05 19:00:00,2022-12-05 08:00:00,15.2
600,2022-12-05 20:00:00,2022-12-05 09:00:00,14.7
600,2022-12-05 21:00:00,2022-12-05 10:00:00,14.3
600,2022-12-05 22:00:00,2022-12-05 11:00:00,14.0
600,2022-12-05 23:00:00,2022-12-05 12:00:00,13.4
600,2022-12-06 00:00:00,2022-12-05 13:00:00,13.4
600,2022-12-06 01:00:00,2022-12-05 14:00:00,13.2
600,2022-12-06 02:00:00,2022-12-05 15:00:00,13.4
600,2022-12-06 03:00:00,2022-12-05 16:00:00,13.9
600,2022-12-06 04:00:00,2022-12-05 17:00:00,13.6
600,2022-12-06 05:00:00,2022-12-05 18:00:00,12.9
600,2022-12-06 06:00:00,2022-12-05 19:00:00,12.6
600,2022-12-06 07:00:00,2022-12-05 20:00:00,12.8
600,2022-12-06 08:00:00,2022-12-05 21:00:00,13.9
600,2022-12-06 09:00:00,2022-12-05 22:00:00,14.4
600,2022-12-06 10:00:00,2022-12-05 23:00:00,15.8
600,2022-12-06 11:00:00,2022-12-06 00:00:00,17.2
600,2022-12-06 12:00:00,2022-12-06 01:00:00,18.1
600,2022-12-06 13:00:00,2022-12-06 02:00:00,19.1
600,2022-12-06 14:00:00,2022-12-06 03:00:00,19.5
600,2022-12-06 15:00:00,2022-12-06 04:00:00,19.5
600,2022-12-06 16:00:00,2022-12-06 05:00:00,19.7
600,2022-12-06 17:00:00,2022-12-06 06:00:00,19.7
600,2022-12-06 18:00:00,2022-12-06 07:00:00,19.2
600,2022-12-06 19:00:00,2022-12-06 08:00:00,17.8
600,2022-12-06 20:00:00,2022-12-06 09:00:00,16.8
600,2022-12-06 21:00:00,2022-12-06 10:00:00,15.9
600,2022-12-06 22:00:00,2022-12-06 11:00:00,15.2
600,2022-12-06 23:00:00,2022-12-06 12:00:00,14.4
600,2022-12-07 00:00:00,2022-12-06 13:00:00,14.1
600,2022-12-07 01:00:00,2022-12-06 14:00:00,13.8
600,2022-12-07 02:00:00,2022-12-06 15:00:00,13.4
600,2022-12-07 03:00:00,2022-12-06 16:00:00,13.0
600,2022-12-07 04:00:00,2022-12-06 17:00:00,12.6
600,2022-12-07 05:00:00,2022-12-06 18:00:00,12.2
600,2022-12-07 06:00:00,2022-12-06 19:00:00,10.9
600,2022-12-07 07:00:00,2022-12-06 20:00:00,12.1
600,2022-12-07 08:00:00,2022-12-06 21:00:00,14.6
600,2022-12-07 09:00:00,2022-12-06 22:00:00,15.5
600,2022-12-07 10:00:00,2022-12-06 23:00:00,16.7
600,2022-12-07 11:00:00,2022-12-07 00:00:00,19.3
600,2022-12-07 12:00:00,2022-12-07 01:00:00,18.4
600,2022-12-07 13:00:00,2022-12-07 02:00:00,18.0
600,2022-12-07 14:00:00,2022-12-07 03:00:00,17.2
600,2022-12-07 15:00:00,2022-12-07 04:00:00,18.4
600,2022-12-07 16:00:00,2022-12-07 05:00:00,17.9
600,2022-12-07 17:00:00,2022-12-07 06:00:00,16.9
600,2022-12-07 18:00:00,2022-12-07 07:00:00,19.0
600,2022-12-07 19:00:00,2022-12-07 08:00:00,17.3
600,2022-12-07 20:00:00,2022-12-07 09:00:00,13.6
600,2022-12-07 21:00:00,2022-12-07 10:00:00,13.2
600,2022-12-07 22:00:00,2022-12-07 11:00:00,12.4
600,2022-12-07 23:00:00,2022-12-07 12:00:00,11.7
600,2022-12-08 00:00:00,2022-12-07 13:00:00,10.2
600,2022-12-08 01:00:00,2022-12-07 14:00:00,9.7
600,2022-12-08 02:00:00,2022-12-07 15:00:00,9.2
600,2022-12-08 03:00:00,2022-12-07 16:00:00,8.9
600,2022-12-08 04:00:00,2022-12-07 17:00:00,8.4
600,2022-12-08 05:00:00,2022-12-07 18:00:00,8.1
600,2022-12-08 06:00:00,2022-12-07 19:00:00,8.0
600,2022-12-08 07:00:00,2022-12-07 20:00:00,8.8
600,2022-12-08 08:00:00,2022-12-07 21:00:00,9.1
600,2022-12-08 09:00:00,2022-12-07 22:00:00,11.9
600,2022-12-08 10:00:00,2022-12-07 23:00:00,13.7
600,2022-12-08 11:00:00,2022-12-08 00:00:00,12.3
600,2022-12-08 12:00:00,2022-12-08 01:00:00,13.8
600,2022-12-08 13:00:00,2022-12-08 02:00:00,14.2
600,2022-12-08 14:00:00,2022-12-08 03:00:00,14.8
600,2022-12-08 15:00:00,2022-12-08 04:00:00,16.2
600,2022-12-08 16:00:00,2022-12-08 05:00:00,15.5
600,2022-12-08 17:00:00,2022-12-08 06:00:00,15.7
600,2022-12-08 18:00:00,2022-12-08 07:00:00,15.3
600,2022-12-08 19:00:00,2022-12-08 08:00:00,13.5
600,2022-12-08 20:00:00,2022-12-08 09:00:00,13.2
600,2022-12-08 21:00:00,2022-12-08 10:00:00,12.1
600,2022-12-08 22:00:00,,12.05
600,2022-12-08 23:00:00,2022-12-08 12:00:00,12.0
600,2022-12-09 00:00:00,2022-12-08 13:00:00,11.8
600,2022-12-09 01:00:00,2022-12-08 14:00:00,11.7
600,2022-12-09 02:00:00,2022-12-08 15:00:00,11.3
600,2022-12-09 03:00:00,2022-12-08 16:00:00,10.8
600,2022-12-09 04:00:00,2022-12-08 17:00:00,11.2
600,2022-12-09 05:00:00,2022-12-08 18:00:00,12.0
600,2022-12-09 06:00:00,2022-12-08 19:00:00,11.9
600,2022-12-09 07:00:00,2022-12-08 20:00:00,11.8
600,2022-12-09 08:00:00,2022-12-08 21:00:00,12.5
600,2022-12-09 09:00:00,2022-12-08 22:00:00,14.4
600,2022-12-09 10:00:00,2022-12-08 23:00:00,15.3
600,2022-12-09 11:00:00,2022-12-09 00:00:00,14.9
600,2022-12-09 12:00:00,2022-12-09 01:00:00,16.3
600,2022-12-09 13:00:00,2022-12-09 02:00:00,16.3
600,2022-12-09 14:00:00,2022-12-09 03:00:00,16.1
600,2022-12-09 15:00:00,2022-12-09 04:00:00,16.9
600,2022-12-09 16:00:00,2022-12-09 05:00:00,16.3
600,2022-12-09 17:00:00,2022-12-09 06:00:00,16.4
600,2022-12-09 18:00:00,2022-12-09 07:00:00,16.0
600,2022-12-09 19:00:00,2022-12-09 08:00:00,15.6
600,2022-12-09 20:00:00,2022-12-09 09:00:00,14.6
600,2022-12-09 21:00:00,2022-12-09 10:00:00,13.0
600,2022-12-09 22:00:00,2022-12-09 11:00:00,12.6
600,2022-12-09 23:00:00,2022-12-09 12:00:00,12.3
600,2022-12-10 00:00:00,2022-12-09 13:00:00,11.7
600,2022-12-10 01:00:00,2022-12-09 14:00:00,11.0
600,2022-12-10 02:00:00,2022-12-09 15:00:00,10.4
600,2022-12-10 03:00:00,2022-12-09 16:00:00,7.7
600,2022-12-10 04:00:00,2022-12-09 17:00:00,7.0
600,2022-12-10 05:00:00,2022-12-09 18:00:00,6.2
600,2022-12-10 06:00:00,2022-12-09 19:00:00,5.7
600,2022-12-10 07:00:00,2022-12-09 20:00:00,7.6
600,2022-12-10 08:00:00,2022-12-09 21:00:00,11.9
600,2022-12-10 09:00:00,2022-12-09 22:00:00,14.1
600,2022-12-10 10:00:00,2022-12-09 23:00:00,16.2
600,2022-12-10 11:00:00,2022-12-10 00:00:00,18.3
600,2022-12-10 12:00:00,2022-12-10 01:00:00,20.6
600,2022-12-10 13:00:00,2022-12-10 02:00:00,21.6
600,2022-12-10 14:00:00,2022-12-10 03:00:00,22.6
600,2022-12-10 15:00:00,2022-12-10 04:00:00,23.5
600,2022-12-10 16:00:00,2022-12-10 05:00:00,22.6
600,2022-12-10 17:00:00,2022-12-10 06:00:00,23.2
600,2022-12-10 18:00:00,2022-12-10 07:00:00,23.9
600,2022-12-10 19:00:00,2022-12-10 08:00:00,21.0
600,2022-12-10 20:00:00,2022-12-10 09:00:00,19.9
600,2022-12-10 21:00:00,2022-12-10 10:00:00,19.5
600,2022-12-10 22:00:00,2022-12-10 11:00:00,18.0
600,2022-12-10 23:00:00,2022-12-10 12:00:00,17.9
600,2022-12-11 00:00:00,2022-12-10 13:00:00,16.6
600,2022-12-11 01:00:00,2022-12-10 14:00:00,16.7
600,2022-12-11 02:00:00,2022-12-10 15:00:00,15.3
600,2022-12-11 03:00:00,2022-12-10 16:00:00,15.1
600,2022-12-11 04:00:00,2022-12-10 17:00:00,15.3
600,2022-12-11 05:00:00,2022-12-10 18:00:00,14.8
600,2022-12-11 06:00:00,2022-12-10 19:00:00,15.4
600,2022-12-11 07:00:00,2022-12-10 20:00:00,16.5
600,2022-12-11 08:00:00,2022-12-10 21:00:00,18.9
600,2022-12-11 09:00:00,2022-12-10 22:00:00,22.0
600,2022-12-11 10:00:00,2022-12-10 23:00:00,24.9
600,2022-12-11 11:00:00,2022-12-11 00:00:00,26.2
600,2022-12-11 12:00:00,2022-12-11 01:00:00,27.4
600,2022-12-11 13:00:00,2022-12-11 02:00:00,29.3
600,2022-12-11 14:00:00,2022-12-11 03:00:00,27.5
600,2022-12-11 15:00:00,2022-12-11 04:00:00,25.5
600,2022-12-11 16:00:00,2022-12-11 05:00:00,22.5
600,2022-12-11 17:00:00,2022-12-11 06:00:00,18.2
600,2022-12-11 18:00:00,2022-12-11 07:00:00,18.0
600,2022-12-11 19:00:00,2022-12-11 08:00:00,17.1
600,2022-12-11 20:00:00,2022-12-11 09:00:00,15.8
600,2022-12-11 21:00:00,2022-12-11 10:00:00,15.8
600,2022-12-11 22:00:00,2022-12-11 11:00:00,15.6
600,2022-12-11 23:00:00,2022-12-11 12:00:00,14.8
600,2022-12-12 00:00:00,2022-12-11 13:00:00,14.3
600,2022-12-12 01:00:00,2022-12-11 14:00:00,13.5
600,2022-12-12 02:00:00,2022-12-11 15:00:00,13.6
600,2022-12-12 03:00:00,2022-12-11 16:00:00,13.4
600,2022-12-12 04:00:00,2022-12-11 17:00:00,12.9
600,2022-12-12 05:00:00,2022-12-11 18:00:00,13.1
600,2022-12-12 06:00:00,2022-12-11 19:00:00,11.8
600,2022-12-12 07:00:00,2022-12-11 20:00:00,11.2
600,2022-12-12 08:00:00,2022-12-11 21:00:00,11.4
600,2022-12-12 09:00:00,2022-12-11 22:00:00,12.1
600,2022-12-12 10:00:00,2022-12-11 23:00:00,15.0
600,2022-12-12 11:00:00,2022-12-12 00:00:00,15.5
600,2022-12-12 12:00:00,2022-12-12 01:00:00,15.8
600,2022-12-12 13:00:00,2022-12-12 02:00:00,17.2
600,2022-12-12 14:00:00,2022-12-12 03:00:00,12.5
600,2022-12-12 15:00:00,2022-12-12 04:00:00,14.9
600,2022-12-12 16:00:00,2022-12-12 05:00:00,14.1
600,2022-12-12 17:00:00,2022-12-12 06:00:00,17.0
600,2022-12-12 18:00:00,2022-12-12 07:00:00,16.3
600,2022-12-12 19:00:00,2022-12-12 08:00:00,15.1
600,2022-12-12 20:00:00,2022-12-12 09:00:00,14.2
600,2022-12-12 21:00:00,2022-12-12 10:00:00,13.4
600,2022-12-12 22:00:00,2022-12-12 11:00:00,12.3
600,2022-12-12 23:00:00,2022-12-12 12:00:00,12.0
600,2022-12-13 00:00:00,2022-12-12 13:00:00,11.9
600,2022-12-13 01:00:00,2022-12-12 14:00:00,11.5
600,2022-12-13 02:00:00,2022-12-12 15:00:00,11.3
600,2022-12-13 03:00:00,2022-12-12 16:00:00,10.1
600,2022-12-13 04:00:00,2022-12-12 17:00:00,10.1
600,2022-12-13 05:00:00,2022-12-12 18:00:00,10.6
600,2022-12-13 06:00:00,2022-12-12 19:00:00,10.8
600,2022-12-13 07:00:00,2022-12-12 20:00:00,11.0
600,2022-12-13 08:00:00,2022-12-12 21:00:00,13.3
600,2022-12-13 09:00:00,2022-12-12 22:00:00,15.0
600,2022-12-13 10:00:00,2022-12-12 23:00:00,15.1
600,2022-12-13 11:00:00,2022-12-13 00:00:00,16.5
600,2022-12-13 12:00:00,2022-12-13 01:00:00,16.6
600,2022-12-13 13:00:00,2022-12-13 02:00:00,17.2
600,2022-12-13 14:00:00,2022-12-13 03:00:00,13.8
600,2022-12-13 15:00:00,2022-12-13 04:00:00,12.2
600,2022-12-13 16:00:00,2022-12-13 05:00:00,13.9
600,2022-12-13 17:00:00,2022-12-13 06:00:00,15.8
600,2022-12-13 18:00:00,2022-12-13 07:00:00,16.2
600,2022-12-13 19:00:00,2022-12-13 08:00:00,13.6
600,2022-12-13 20:00:00,2022-12-13 09:00:00,13.2
600,2022-12-13 21:00:00,2022-12-13 10:00:00,10.9
600,2022-12-13 22:00:00,2022-12-13 11:00:00,10.0
600,2022-12-13 23:00:00,2022-12-13 12:00:00,8.3
600,2022-12-14 00:00:00,2022-12-13 13:00:00,7.6
600,2022-12-14 01:00:00,2022-12-13 14:00:00,7.9
600,2022-12-14 02:00:00,2022-12-13 15:00:00,7.5
600,2022-12-14 03:00:00,2022-12-13 16:00:00,8.0
600,2022-12-14 04:00:00,2022-12-13 17:00:00,8.7
600,2022-12-14 05:00:00,2022-12-13 18:00:00,9.8
600,2022-12-14 06:00:00,2022-12-13 19:00:00,9.5
600,2022-12-14 07:00:00,2022-12-13 20:00:00,10.2
600,2022-12-14 08:00:00,2022-12-13 21:00:00,10.3
600,2022-12-14 09:00:00,2022-12-13 22:00:00,10.9
600,2022-12-14 10:00:00,2022-12-13 23:00:00,12.7
600,2022-12-14 11:00:00,2022-12-14 00:00:00,14.3
600,2022-12-14 12:00:00,2022-12-14 01:00:00,14.4
600,2022-12-14 13:00:00,2022-12-14 02:00:00,15.6
600,2022-12-14 14:00:00,2022-12-14 03:00:00,15.8
600,2022-12-14 15:00:00,2022-12-14 04:00:00,14.4
600,2022-12-14 16:00:00,2022-12-14 05:00:00,14.6
600,2022-12-14 17:00:00,2022-12-14 06:00:00,15.4
600,2022-12-14 18:00:00,2022-12-14 07:00:00,14.9
600,2022-12-14 19:00:00,2022-12-14 08:00:00,13.5
600,2022-12-14 20:00:00,2022-12-14 09:00:00,12.8
600,2022-12-14 21:00:00,2022-12-14 10:00:00,12.7
600,2022-12-14 22:00:00,2022-12-14 11:00:00,12.1
600,2022-12-14 23:00:00,2022-12-14 12:00:00,11.5
600,2022-12-15 00:00:00,2022-12-14 13:00:00,12.5
600,2022-12-15 01:00:00,2022-12-14 14:00:00,11.9
600,2022-12-15 02:00:00,2022-12-14 15:00:00,11.9
600,2022-12-15 03:00:00,2022-12-14 16:00:00,12.2
600,2022-12-15 04:00:00,2022-12-14 17:00:00,12.4
600,2022-12-15 05:00:00,2022-12-14 18:00:00,12.4
600,2022-12-15 06:00:00,2022-12-14 19:00:00,11.3
600,2022-12-15 07:00:00,2022-12-14 20:00:00,11.6
600,2022-12-15 08:00:00,2022-12-14 21:00:00,12.7
600,2022-12-15 09:00:00,2022-12-14 22:00:00,13.2
600,2022-12-15 10:00:00,2022-12-14 23:00:00,11.9
600,2022-12-15 11:00:00,2022-12-15 00:00:00,14.5
600,2022-12-15 12:00:00,2022-12-15 01:00:00,15.5
600,2022-12-15 13:00:00,2022-12-15 02:00:00,15.5
600,2022-12-15 14:00:00,2022-12-15 03:00:00,16.5
600,2022-12-15 15:00:00,2022-12-15 04:00:00,16.8
600,2022-12-15 16:00:00,2022-12-15 05:00:00,15.4
600,2022-12-15 17:00:00,2022-12-15 06:00:00,16.2
600,2022-12-15 18:00:00,2022-12-15 07:00:00,15.4
600,2022-12-15 19:00:00,2022-12-15 08:00:00,14.9
600,2022-12-15 20:00:00,2022-12-15 09:00:00,13.8
600,2022-12-15 21:00:00,2022-12-15 10:00:00,12.7
600,2022-12-15 22:00:00,2022-12-15 11:00:00,13.3
600,2022-12-15 23:00:00,2022-12-15 12:00:00,13.1
600,2022-12-16 00:00:00,2022-12-15 13:00:00,13.0
600,2022-12-16 01:00:00,2022-12-15 14:00:00,13.2
600,2022-12-16 02:00:00,2022-12-15 15:00:00,12.9
600,2022-12-16 03:00:00,2022-12-15 16:00:00,13.1
600,2022-12-16 04:00:00,2022-12-15 17:00:00,12.5
600,2022-12-16 05:00:00,2022-12-15 18:00:00,12.6
600,2022-12-16 06:00:00,2022-12-15 19:00:00,12.0
600,2022-12-16 07:00:00,2022-12-15 20:00:00,12.2
600,2022-12-16 08:00:00,2022-12-15 21:00:00,15.4
600,2022-12-16 09:00:00,2022-12-15 22:00:00,15.3
600,2022-12-16 10:00:00,2022-12-15 23:00:00,16.4
600,2022-12-16 11:00:00,2022-12-16 00:00:00,17.0
600,2022-12-16 12:00:00,2022-12-16 01:00:00,17.6
600,2022-12-16 13:00:00,2022-12-16 02:00:00,17.4
600,2022-12-16 14:00:00,2022-12-16 03:00:00,18.8
600,2022-12-16 15:00:00,2022-12-16 04:00:00,18.8
600,2022-12-16 16:00:00,2022-12-16 05:00:00,19.2
600,2022-12-16 17:00:00,2022-12-16 06:00:00,17.8
600,2022-12-16 18:00:00,2022-12-16 07:00:00,17.3
600,2022-12-16 19:00:00,2022-12-16 08:00:00,16.9
600,2022-12-16 20:00:00,2022-12-16 09:00:00,15.9
600,2022-12-16 21:00:00,2022-12-16 10:00:00,14.8
600,2022-12-16 22:00:00,2022-12-16 11:00:00,14.4
600,2022-12-16 23:00:00,2022-12-16 12:00:00,14.1
600,2022-12-17 00:00:00,2022-12-16 13:00:00,14.3
600,2022-12-17 01:00:00,2022-12-16 14:00:00,14.1
600,2022-12-17 02:00:00,2022-12-16 15:00:00,13.6
600,2022-12-17 03:00:00,2022-12-16 16:00:00,12.9
600,2022-12-17 04:00:00,2022-12-16 17:00:00,12.9
600,2022-12-17 05:00:00,2022-12-16 18:00:00,12.9
600,2022-12-17 06:00:00,2022-12-16 19:00:00,12.4
600,2022-12-17 07:00:00,2022-12-16 20:00:00,14.1
600,2022-12-17 08:00:00,2022-12-16 21:00:00,15.1
600,2022-12-17 09:00:00,2022-12-16 22:00:00,16.3
600,2022-12-17 10:00:00,2022-12-16 23:00:00,17.0
600,2022-12-17 11:00:00,2022-12-17 00:00:00,17.8
600,2022-12-17 12:00:00,2022-12-17 01:00:00,18.8
600,2022-12-17 13:00:00,2022-12-17 02:00:00,19.6
600,2022-12-17 14:00:00,2022-12-17 03:00:00,19.7
600,2022-12-17 15:00:00,2022-12-17 04:00:00,19.9
600,2022-12-17 16:00:00,2022-12-17 05:00:00,20.8
600,2022-12-17 17:00:00,2022-12-17 06:00:00,20.0
600,2022-12-17 18:00:00,2022-12-17 07:00:00,20.1
600,2022-12-17 19:00:00,2022-12-17 08:00:00,19.5
600,2022-12-17 20:00:00,2022-12-17 09:00:00,18.0
600,2022-12-17 21:00:00,2022-12-17 10:00:00,17.5
600,2022-12-17 22:00:00,2022-12-17 11:00:00,16.5
600,2022-12-17 23:00:00,2022-12-17 12:00:00,15.4
600,2022-12-18 00:00:00,2022-12-17 13:00:00,14.1
600,2022-12-18 01:00:00,2022-12-17 14:00:00,13.3
600,2022-12-18 02:00:00,2022-12-17 15:00:00,13.0
600,2022-12-18 03:00:00,2022-12-17 16:00:00,12.8
600,2022-12-18 04:00:00,2022-12-17 17:00:00,12.6
600,2022-12-18 05:00:00,2022-12-17 18:00:00,12.5
600,2022-12-18 06:00:00,2022-12-17 19:00:00,12.6
600,2022-12-18 07:00:00,2022-12-17 20:00:00,13.2
600,2022-12-18 08:00:00,2022-12-17 21:00:00,14.6
600,2022-12-18 09:00:00,2022-12-17 22:00:00,15.8
600,2022-12-18 10:00:00,2022-12-17 23:00:00,17.2
600,2022-12-18 11:00:00,2022-12-18 00:00:00,18.9
600,2022-12-18 12:00:00,2022-12-18 01:00:00,18.9
600,2022-12-18 13:00:00,2022-12-18 02:00:00,19.7
600,2022-12-18 14:00:00,2022-12-18 03:00:00,20.1
600,2022-12-18 15:00:00,2022-12-18 04:00:00,20.5
600,2022-12-18 16:00:00,2022-12-18 05:00:00,21.3
600,2022-12-18 17:00:00,2022-12-18 06:00:00,21.2
600,2022-12-18 18:00:00,2022-12-18 07:00:00,20.8
600,2022-12-18 19:00:00,2022-12-18 08:00:00,19.8
600,2022-12-18 20:00:00,2022-12-18 09:00:00,18.7
600,2022-12-18 21:00:00,2022-12-18 10:00:00,17.3
600,2022-12-18 22:00:00,2022-12-18 11:00:00,16.0
600,2022-12-18 23:00:00,2022-12-18 12:00:00,15.2
600,2022-12-19 00:00:00,2022-12-18 13:00:00,14.1
600,2022-12-19 01:00:00,2022-12-18 14:00:00,13.4
600,2022-12-19 02:00:00,2022-12-18 15:00:00,12.7
600,2022-12-19 03:00:00,2022-12-18 16:00:00,12.0
600,2022-12-19 04:00:00,2022-12-18 17:00:00,11.1
600,2022-12-19 05:00:00,2022-12-18 18:00:00,9.8
600,2022-12-19 06:00:00,2022-12-18 19:00:00,8.3
600,2022-12-19 07:00:00,2022-12-18 20:00:00,9.2
600,2022-12-19 08:00:00,2022-12-18 21:00:00,12.6
600,2022-12-19 09:00:00,2022-12-18 22:00:00,15.6
600,2022-12-19 10:00:00,2022-12-18 23:00:00,17.8
600,2022-12-19 11:00:00,2022-12-19 00:00:00,19.1
600,2022-12-19 12:00:00,2022-12-19 01:00:00,20.6
600,2022-12-19 13:00:00,2022-12-19 02:00:00,21.8
600,2022-12-19 14:00:00,2022-12-19 03:00:00,22.5
600,2022-12-19 15:00:00,2022-12-19 04:00:00,23.3
600,2022-12-19 16:00:00,2022-12-19 05:00:00,24.1
600,2022-12-19 17:00:00,2022-12-19 06:00:00,23.5
600,2022-12-19 18:00:00,2022-12-19 07:00:00,23.5
600,2022-12-19 19:00:00,2022-12-19 08:00:00,22.2
600,2022-12-19 20:00:00,2022-12-19 09:00:00,20.2
600,2022-12-19 21:00:00,2022-12-19 10:00:00,19.3
600,2022-12-19 22:00:00,2022-12-19 11:00:00,17.5
600,2022-12-19 23:00:00,2022-12-19 12:00:00,16.1
600,2022-12-20 00:00:00,2022-12-19 13:00:00,14.3
600,2022-12-20 01:00:00,2022-12-19 14:00:00,13.1
600,2022-12-20 02:00:00,2022-12-19 15:00:00,12.5
600,2022-12-20 03:00:00,2022-12-19 16:00:00,11.8
600,2022-12-20 04:00:00,2022-12-19 17:00:00,10.6
600,2022-12-20 05:00:00,2022-12-19 18:00:00,8.4
600,2022-12-20 06:00:00,2022-12-19 19:00:00,7.9
600,2022-12-20 07:00:00,2022-12-19 20:00:00,9.0
600,2022-12-20 08:00:00,2022-12-19 21:00:00,12.2
600,2022-12-20 09:00:00,2022-12-19 22:00:00,15.8
600,2022-12-20 10:00:00,2022-12-19 23:00:00,18.0
600,2022-12-20 11:00:00,2022-12-20 00:00:00,19.0
600,2022-12-20 12:00:00,2022-12-20 01:00:00,21.0
600,2022-12-20 13:00:00,2022-12-20 02:00:00,22.7
600,2022-12-20 14:00:00,2022-12-20 03:00:00,23.6
600,2022-12-20 15:00:00,2022-12-20 04:00:00,23.9
600,2022-12-20 16:00:00,2022-12-20 05:00:00,25.2
600,2022-12-20 17:00:00,2022-12-20 06:00:00,24.7
600,2022-12-20 18:00:00,2022-12-20 07:00:00,24.7
600,2022-12-20 19:00:00,2022-12-20 08:00:00,22.7
600,2022-12-20 20:00:00,2022-12-20 09:00:00,22.1
600,2022-12-20 21:00:00,2022-12-20 10:00:00,19.7
600,2022-12-20 22:00:00,2022-12-20 11:00:00,17.8
600,2022-12-20 23:00:00,2022-12-20 12:00:00,16.4
600,2022-12-21 00:00:00,2022-12-20 13:00:00,15.2
600,2022-12-21 01:00:00,2022-12-20 14:00:00,13.9
600,2022-12-21 02:00:00,2022-12-20 15:00:00,12.7
600,2022-12-21 03:00:00,2022-12-20 16:00:00,11.5
600,2022-12-21 04:00:00,2022-12-20 17:00:00,10.5
600,2022-12-21 05:00:00,2022-12-20 18:00:00,10.2
600,2022-12-21 06:00:00,2022-12-20 19:00:00,10.0
600,2022-12-21 07:00:00,2022-12-20 20:00:00,11.5
600,2022-12-21 08:00:00,2022-12-20 21:00:00,14.6
600,2022-12-21 09:00:00,2022-12-20 22:00:00,18.0
600,2022-12-21 10:00:00,2022-12-20 23:00:00,20.8
600,2022-12-21 11:00:00,2022-12-21 00:00:00,21.1
600,2022-12-21 12:00:00,2022-12-21 01:00:00,23.0
600,2022-12-21 13:00:00,2022-12-21 02:00:00,25.4
600,2022-12-21 14:00:00,2022-12-21 03:00:00,25.8
600,2022-12-21 15:00:00,2022-12-21 04:00:00,25.4
600,2022-12-21 16:00:00,2022-12-21 05:00:00,25.9
600,2022-12-21 17:00:00,2022-12-21 06:00:00,25.3
600,2022-12-21 18:00:00,2022-12-21 07:00:00,24.7
600,2022-12-21 19:00:00,2022-12-21 08:00:00,24.0
600,2022-12-21 20:00:00,2022-12-21 09:00:00,23.5
600,2022-12-21 21:00:00,2022-12-21 10:00:00,22.1
600,2022-12-21 22:00:00,2022-12-21 11:00:00,20.9
600,2022-12-21 23:00:00,2022-12-21 12:00:00,19.5
600,2022-12-22 00:00:00,2022-12-21 13:00:00,18.8
600,2022-12-22 01:00:00,2022-12-21 14:00:00,18.4
600,2022-12-22 02:00:00,2022-12-21 15:00:00,18.1
600,2022-12-22 03:00:00,2022-12-21 16:00:00,17.4
600,2022-12-22 04:00:00,2022-12-21 17:00:00,17.2
600,2022-12-22 05:00:00,2022-12-21 18:00:00,16.8
600,2022-12-22 06:00:00,2022-12-21 19:00:00,16.2
600,2022-12-22 07:00:00,2022-12-21 20:00:00,15.8
600,2022-12-22 08:00:00,2022-12-21 21:00:00,16.0
600,2022-12-22 09:00:00,2022-12-21 22:00:00,17.0
600,2022-12-22 10:00:00,2022-12-21 23:00:00,17.8
600,2022-12-22 11:00:00,2022-12-22 00:00:00,19.4
600,2022-12-22 12:00:00,2022-12-22 01:00:00,19.9
600,2022-12-22 13:00:00,2022-12-22 02:00:00,19.9
600,2022-12-22 14:00:00,2022-12-22 03:00:00,20.6
600,2022-12-22 15:00:00,2022-12-22 04:00:00,23.9
600,2022-12-22 16:00:00,2022-12-22 05:00:00,24.6
600,2022-12-22 17:00:00,2022-12-22 06:00:00,20.2
600,2022-12-22 18:00:00,2022-12-22 07:00:00,19.2
600,2022-12-22 19:00:00,2022-12-22 08:00:00,19.4
600,2022-12-22 20:00:00,2022-12-22 09:00:00,19.8
600,2022-12-22 21:00:00,2022-12-22 10:00:00,19.0
600,2022-12-22 22:00:00,2022-12-22 11:00:00,18.2
600,2022-12-22 23:00:00,2022-12-22 12:00:00,17.8
600,2022-12-23 00:00:00,2022-12-22 13:00:00,17.3
600,2022-12-23 01:00:00,2022-12-22 14:00:00,16.1
600,2022-12-23 02:00:00,2022-12-22 15:00:00,15.6
600,2022-12-23 03:00:00,2022-12-22 16:00:00,15.2
600,2022-12-23 04:00:00,2022-12-22 17:00:00,14.8
600,2022-12-23 05:00:00,2022-12-22 18:00:00,14.0
600,2022-12-23 06:00:00,2022-12-22 19:00:00,13.5
600,2022-12-23 07:00:00,2022-12-22 20:00:00,15.0
600,2022-12-23 08:00:00,2022-12-22 21:00:00,15.6
600,2022-12-23 09:00:00,2022-12-22 22:00:00,16.4
600,2022-12-23 10:00:00,2022-12-22 23:00:00,17.0
600,2022-12-23 11:00:00,2022-12-23 00:00:00,17.9
600,2022-12-23 12:00:00,2022-12-23 01:00:00,18.8
600,2022-12-23 13:00:00,2022-12-23 02:00:00,19.9
600,2022-12-23 14:00:00,2022-12-23 03:00:00,21.5
600,2022-12-23 15:00:00,2022-12-23 04:00:00,23.2
600,2022-12-23 16:00:00,2022-12-23 05:00:00,22.6
600,2022-12-23 17:00:00,2022-12-23 06:00:00,23.5
600,2022-12-23 18:00:00,2022-12-23 07:00:00,23.2
600,2022-12-23 19:00:00,2022-12-23 08:00:00,21.9
600,2022-12-23 20:00:00,2022-12-23 09:00:00,19.9
600,2022-12-23 21:00:00,2022-12-23 10:00:00,18.2
600,2022-12-23 22:00:00,2022-12-23 11:00:00,17.3
600,2022-12-23 23:00:00,2022-12-23 12:00:00,17.3
600,2022-12-24 00:00:00,2022-12-23 13:00:00,17.1
600,2022-12-24 01:00:00,2022-12-23 14:00:00,17.0
600,2022-12-24 02:00:00,2022-12-23 15:00:00,16.9
600,2022-12-24 03:00:00,2022-12-23 16:00:00,16.8
600,2022-12-24 04:00:00,2022-12-23 17:00:00,16.7
600,2022-12-24 05:00:00,2022-12-23 18:00:00,16.3
600,2022-12-24 06:00:00,2022-12-23 19:00:00,16.1
600,2022-12-24 07:00:00,2022-12-23 20:00:00,16.1
600,2022-12-24 08:00:00,2022-12-23 21:00:00,17.6
600,2022-12-24 09:00:00,2022-12-23 22:00:00,18.5
600,2022-12-24 10:00:00,2022-12-23 23:00:00,18.8
600,2022-12-24 11:00:00,2022-12-24 00:00:00,20.5
600,2022-12-24 12:00:00,2022-12-24 01:00:00,21.0
600,2022-12-24 13:00:00,2022-12-24 02:00:00,20.5
600,2022-12-24 14:00:00,2022-12-24 03:00:00,21.2
600,2022-12-24 15:00:00,2022-12-24 04:00:00,22.5
600,2022-12-24 16:00:00,2022-12-24 05:00:00,22.5
600,2022-12-24 17:00:00,2022-12-24 06:00:00,21.9
600,2022-12-24 18:00:00,2022-12-24 07:00:00,20.1
600,2022-12-24 19:00:00,2022-12-24 08:00:00,18.6
600,2022-12-24 20:00:00,2022-12-24 09:00:00,17.4
600,2022-12-24 21:00:00,2022-12-24 10:00:00,16.2
600,2022-12-24 22:00:00,2022-12-24 11:00:00,15.8
600,2022-12-24 23:00:00,2022-12-24 12:00:00,15.4
600,2022-12-25 00:00:00,2022-12-24 13:00:00,14.8
600,2022-12-25 01:00:00,2022-12-24 14:00:00,13.8
600,2022-12-25 02:00:00,2022-12-24 15:00:00,12.8
600,2022-12-25 03:00:00,,12.15
600,2022-12-25 04:00:00,2022-12-24 17:00:00,11.5
600,2022-12-25 05:00:00,2022-12-24 18:00:00,11.2
600,2022-12-25 06:00:00,2022-12-24 19:00:00,10.6
600,2022-12-25 07:00:00,2022-12-24 20:00:00,12.4
600,2022-12-25 08:00:00,2022-12-24 21:00:00,15.7
600,2022-12-25 09:00:00,2022-12-24 22:00:00,19.0
600,2022-12-25 10:00:00,2022-12-24 23:00:00,22.7
600,2022-12-25 11:00:00,2022-12-25 00:00:00,25.7
600,2022-12-25 12:00:00,2022-12-25 01:00:00,28.2
600,2022-12-25 13:00:00,2022-12-25 02:00:00,28.2
600,2022-12-25 14:00:00,2022-12-25 03:00:00,28.5
600,2022-12-25 15:00:00,2022-12-25 04:00:00,29.2
600,2022-12-25 16:00:00,2022-12-25 05:00:00,29.0
600,2022-12-25 17:00:00,2022-12-25 06:00:00,29.2
600,2022-12-25 18:00:00,2022-12-25 07:00:00,28.5
600,2022-12-25 19:00:00,2022-12-25 08:00:00,25.5
600,2022-12-25 20:00:00,2022-12-25 09:00:00,22.5
600,2022-12-25 21:00:00,2022-12-25 10:00:00,21.0
600,2022-12-25 22:00:00,2022-12-25 11:00:00,20.0
600,2022-12-25 23:00:00,2022-12-25 12:00:00,19.5
600,2022-12-26 00:00:00,2022-12-25 13:00:00,18.0
600,2022-12-26 01:00:00,2022-12-25 14:00:00,17.4
600,2022-12-26 02:00:00,2022-12-25 15:00:00,16.8
600,2022-12-26 03:00:00,2022-12-25 16:00:00,16.3
600,2022-12-26 04:00:00,2022-12-25 17:00:00,16.1
600,2022-12-26 05:00:00,2022-12-25 18:00:00,15.9
600,2022-12-26 06:00:00,2022-12-25 19:00:00,15.2
600,2022-12-26 07:00:00,2022-12-25 20:00:00,15.4
600,2022-12-26 08:00:00,2022-12-25 21:00:00,17.1
600,2022-12-26 09:00:00,2022-12-25 22:00:00,20.5
600,2022-12-26 10:00:00,2022-12-25 23:00:00,22.8
600,2022-12-26 11:00:00,2022-12-26 00:00:00,26.5
600,2022-12-26 12:00:00,2022-12-26 01:00:00,24.2
600,2022-12-26 13:00:00,2022-12-26 02:00:00,25.3
600,2022-12-26 14:00:00,2022-12-26 03:00:00,26.8
600,2022-12-26 15:00:00,2022-12-26 04:00:00,26.6
600,2022-12-26 16:00:00,2022-12-26 05:00:00,27.0
600,2022-12-26 17:00:00,2022-12-26 06:00:00,26.6
600,2022-12-26 18:00:00,2022-12-26 07:00:00,25.6
600,2022-12-26 19:00:00,2022-12-26 08:00:00,25.8
600,2022-12-26 20:00:00,2022-12-26 09:00:00,23.1
600,2022-12-26 21:00:00,2022-12-26 10:00:00,20.3
600,2022-12-26 22:00:00,2022-12-26 11:00:00,19.7
600,2022-12-26 23:00:00,2022-12-26 12:00:00,19.1
600,2022-12-27 00:00:00,2022-12-26 13:00:00,18.7
600,2022-12-27 01:00:00,2022-12-26 14:00:00,17.8
600,2022-12-27 02:00:00,2022-12-26 15:00:00,17.2
600,2022-12-27 03:00:00,2022-12-26 16:00:00,17.8
600,2022-12-27 04:00:00,2022-12-26 17:00:00,17.6
600,2022-12-27 05:00:00,2022-12-26 18:00:00,17.9
600,2022-12-27 06:00:00,2022-12-26 19:00:00,17.2
600,2022-12-27 07:00:00,2022-12-26 20:00:00,18.3
600,2022-12-27 08:00:00,2022-12-26 21:00:00,21.5
600,2022-12-27 09:00:00,2022-12-26 22:00:00,25.7
600,2022-12-27 10:00:00,2022-12-26 23:00:00,30.0
600,2022-12-27 11:00:00,2022-12-27 00:00:00,33.4
600,2022-12-27 12:00:00,2022-12-27 01:00:00,34.8
600,2022-12-27 13:00:00,2022-12-27 02:00:00,36.5
600,2022-12-27 14:00:00,2022-12-27 03:00:00,37.4
600,2022-12-27 15:00:00,2022-12-27 04:00:00,38.1
600,2022-12-27 16:00:00,2022-12-27 05:00:00,37.4
600,2022-12-27 17:00:00,2022-12-27 06:00:00,37.7
600,2022-12-27 18:00:00,2022-12-27 07:00:00,37.6
600,2022-12-27 19:00:00,2022-12-27 08:00:00,36.8
600,2022-12-27 20:00:00,2022-12-27 09:00:00,35.6
600,2022-12-27 21:00:00,2022-12-27 10:00:00,33.7
600,2022-12-27 22:00:00,2022-12-27 11:00:00,32.8
600,2022-12-27 23:00:00,2022-12-27 12:00:00,30.5
600,2022-12-28 00:00:00,2022-12-27 13:00:00,29.0
600,2022-12-28 01:00:00,2022-12-27 14:00:00,29.2
600,2022-12-28 02:00:00,2022-12-27 15:00:00,27.9
600,2022-12-28 03:00:00,2022-12-27 16:00:00,29.2
600,2022-12-28 04:00:00,2022-12-27 17:00:00,28.3
600,2022-12-28 05:00:00,2022-12-27 18:00:00,27.6
600,2022-12-28 06:00:00,2022-12-27 19:00:00,27.9
600,2022-12-28 07:00:00,2022-12-27 20:00:00,27.9
600,2022-12-28 08:00:00,2022-12-27 21:00:00,28.2
600,2022-12-28 09:00:00,2022-12-27 22:00:00,25.6
600,2022-12-28 10:00:00,2022-12-27 23:00:00,26.2
600,2022-12-28 11:00:00,2022-12-28 00:00:00,21.8
600,2022-12-28 12:00:00,2022-12-28 01:00:00,22.0
600,2022-12-28 13:00:00,2022-12-28 02:00:00,21.1
600,2022-12-28 14:00:00,2022-12-28 03:00:00,18.1
600,2022-12-28 15:00:00,2022-12-28 04:00:00,17.3
600,2022-12-28 16:00:00,2022-12-28 05:00:00,17.2
600,2022-12-28 17:00:00,2022-12-28 06:00:00,17.6
600,2022-12-28 18:00:00,2022-12-28 07:00:00,16.6
600,2022-12-28 19:00:00,2022-12-28 08:00:00,17.0
600,2022-12-28 20:00:00,2022-12-28 09:00:00,17.1
600,2022-12-28 21:00:00,2022-12-28 10:00:00,16.3
600,2022-12-28 22:00:00,2022-12-28 11:00:00,16.1
600,2022-12-28 23:00:00,2022-12-28 12:00:00,16.0
600,2022-12-29 00:00:00,2022-12-28 13:00:00,15.6
600,2022-12-29 01:00:00,2022-12-28 14:00:00,15.5
600,2022-12-29 02:00:00,2022-12-28 15:00:00,15.5
600,2022-12-29 03:00:00,2022-12-28 16:00:00,15.4
600,2022-12-29 04:00:00,2022-12-28 17:00:00,15.2
600,2022-12-29 05:00:00,2022-12-28 18:00:00,15.0
600,2022-12-29 06:00:00,2022-12-28 19:00:00,14.9
600,2022-12-29 07:00:00,2022-12-28 20:00:00,14.8
600,2022-12-29 08:00:00,2022-12-28 21:00:00,15.2
600,2022-12-29 09:00:00,2022-12-28 22:00:00,16.8
600,2022-12-29 10:00:00,2022-12-28 23:00:00,17.5
600,2022-12-29 11:00:00,2022-12-29 00:00:00,17.5
600,2022-12-29 12:00:00,2022-12-29 01:00:00,18.0
600,2022-12-29 13:00:00,2022-12-29 02:00:00,18.2
600,2022-12-29 14:00:00,2022-12-29 03:00:00,19.2
600,2022-12-29 15:00:00,2022-12-29 04:00:00,18.7
600,2022-12-29 16:00:00,2022-12-29 05:00:00,18.2
600,2022-12-29 17:00:00,2022-12-29 06:00:00,17.7
600,2022-12-29 18:00:00,2022-12-29 07:00:00,17.3
600,2022-12-29 19:00:00,2022-12-29 08:00:00,16.7
600,2022-12-29 20:00:00,2022-12-29 09:00:00,16.1
600,2022-12-29 21:00:00,2022-12-29 10:00:00,16.0
600,2022-12-29 22:00:00,2022-12-29 11:00:00,17.3
600,2022-12-29 23:00:00,2022-12-29 12:00:00,17.5
600,2022-12-30 00:00:00,2022-12-29 13:00:00,17.2
600,2022-12-30 01:00:00,2022-12-29 14:00:00,17.2
600,2022-12-30 02:00:00,2022-12-29 15:00:00,16.5
600,2022-12-30 03:00:00,2022-12-29 16:00:00,15.9
600,2022-12-30 04:00:00,2022-12-29 17:00:00,14.7
600,2022-12-30 05:00:00,2022-12-29 18:00:00,13.4
600,2022-12-30 06:00:00,2022-12-29 19:00:00,12.3
600,2022-12-30 07:00:00,2022-12-29 20:00:00,13.8
600,2022-12-30 08:00:00,2022-12-29 21:00:00,16.8
600,2022-12-30 09:00:00,2022-12-29 22:00:00,18.9
600,2022-12-30 10:00:00,2022-12-29 23:00:00,20.7
600,2022-12-30 11:00:00,2022-12-30 00:00:00,22.5
600,2022-12-30 12:00:00,2022-12-30 01:00:00,23.4
600,2022-12-30 13:00:00,2022-12-30 02:00:00,23.9
600,2022-12-30 14:00:00,2022-12-30 03:00:00,24.9
600,2022-12-30 15:00:00,2022-12-30 04:00:00,26.0
600,2022-12-30 16:00:00,2022-12-30 05:00:00,25.9
600,2022-12-30 17:00:00,2022-12-30 06:00:00,25.7
600,2022-12-30 18:00:00,2022-12-30 07:00:00,23.6
600,2022-12-30 19:00:00,2022-12-30 08:00:00,23.4
600,2022-12-30 20:00:00,2022-12-30 09:00:00,22.2
600,2022-12-30 21:00:00,2022-12-30 10:00:00,20.8
600,2022-12-30 22:00:00,2022-12-30 11:00:00,20.7
600,2022-12-30 23:00:00,2022-12-30 12:00:00,19.1
600,2022-12-31 00:00:00,2022-12-30 13:00:00,18.2
600,2022-12-31 01:00:00,2022-12-30 14:00:00,17.5
600,2022-12-31 02:00:00,2022-12-30 15:00:00,17.8
600,2022-12-31 03:00:00,2022-12-30 16:00:00,17.8
600,2022-12-31 04:00:00,2022-12-30 17:00:00,17.6
600,2022-12-31 05:00:00,2022-12-30 18:00:00,17.4
600,2022-12-31 06:00:00,2022-12-30 19:00:00,17.1
600,2022-12-31 07:00:00,2022-12-30 20:00:00,17.1
600,2022-12-31 08:00:00,2022-12-30 21:00:00,19.2
600,2022-12-31 09:00:00,2022-12-30 22:00:00,20.3
600,2022-12-31 10:00:00,2022-12-30 23:00:00,21.6
600,2022-12-31 11:00:00,2022-12-31 00:00:00,24.0
600,2022-12-31 12:00:00,2022-12-31 01:00:00,25.0
600,2022-12-31 13:00:00,2022-12-31 02:00:00,25.5
600,2022-12-31 14:00:00,2022-12-31 03:00:00,27.1
600,2022-12-31 15:00:00,2022-12-31 04:00:00,27.1
600,2022-12-31 16:00:00,2022-12-31 05:00:00,27.7
600,2022-12-31 17:00:00,2022-12-31 06:00:00,27.1
600,2022-12-31 18:00:00,2022-12-31 07:00:00,26.9
600,2022-12-31 19:00:00,2022-12-31 08:00:00,26.1
600,2022-12-31 20:00:00,2022-12-31 09:00:00,24.6
600,2022-12-31 21:00:00,2022-12-31 10:00:00,22.8
600,2022-12-31 22:00:00,2022-12-31 11:00:00,21.6
600,2022-12-31 23:00:00,2022-12-31 12:00:00,19.8
600,2023-01-01 00:00:00,2022-12-31 13:00:00,19.0
600,2023-01-01 01:00:00,2022-12-31 14:00:00,18.4
600,2023-01-01 02:00:00,2022-12-31 15:00:00,17.8
600,2023-01-01 03:00:00,2022-12-31 16:00:00,17.6
600,2023-01-01 04:00:00,,16.85
600,2023-01-01 05:00:00,2022-12-31 18:00:00,16.1
600,2023-01-01 06:00:00,2022-12-31 19:00:00,16.2
600,2023-01-01 07:00:00,2022-12-31 20:00:00,16.7
600,2023-01-01 08:00:00,2022-12-31 21:00:00,20.6
600,2023-01-01 09:00:00,2022-12-31 22:00:00,25.5
600,2023-01-01 10:00:00,2022-12-31 23:00:00,29.6
600,2023-01-01 11:00:00,2023-01-01 00:00:00,31.4
600,2023-01-01 12:00:00,2023-01-01 01:00:00,33.2
600,2023-01-01 13:00:00,2023-01-01 02:00:00,34.3
600,2023-01-01 14:00:00,2023-01-01 03:00:00,35.2
600,2023-01-01 15:00:00,2023-01-01 04:00:00,36.0
600,2023-01-01 16:00:00,2023-01-01 05:00:00,35.8
600,2023-01-01 17:00:00,2023-01-01 06:00:00,36.1
600,2023-01-01 18:00:00,2023-01-01 07:00:00,36.9
600,2023-01-01 19:00:00,2023-01-01 08:00:00,37.1
600,2023-01-01 20:00:00,2023-01-01 09:00:00,34.5
600,2023-01-01 21:00:00,2023-01-01 10:00:00,31.9
600,2023-01-01 22:00:00,2023-01-01 11:00:00,30.2
600,2023-01-01 23:00:00,2023-01-01 12:00:00,29.8
600,2023-01-02 00:00:00,2023-01-01 13:00:00,28.7
600,2023-01-02 01:00:00,2023-01-01 14:00:00,22.0
600,2023-01-02 02:00:00,2023-01-01 15:00:00,23.1
600,2023-01-02 03:00:00,2023-01-01 16:00:00,23.7
600,2023-01-02 04:00:00,2023-01-01 17:00:00,24.0
600,2023-01-02 05:00:00,2023-01-01 18:00:00,24.6
600,2023-01-02 06:00:00,2023-01-01 19:00:00,26.1
600,2023-01-02 07:00:00,2023-01-01 20:00:00,25.9
600,2023-01-02 08:00:00,2023-01-01 21:00:00,26.7
600,2023-01-02 09:00:00,2023-01-01 22:00:00,27.7
600,2023-01-02 10:00:00,2023-01-01 23:00:00,27.5
600,2023-01-02 11:00:00,2023-01-02 00:00:00,28.4
600,2023-01-02 12:00:00,2023-01-02 01:00:00,32.0
600,2023-01-02 13:00:00,2023-01-02 02:00:00,27.4
600,2023-01-02 14:00:00,2023-01-02 03:00:00,26.6
600,2023-01-02 15:00:00,2023-01-02 04:00:00,23.6
600,2023-01-02 16:00:00,2023-01-02 05:00:00,24.2
600,2023-01-02 17:00:00,2023-01-02 06:00:00,20.7
600,2023-01-02 18:00:00,2023-01-02 07:00:00,19.9
600,2023-01-02 19:00:00,2023-01-02 08:00:00,20.2
600,2023-01-02 20:00:00,2023-01-02 09:00:00,18.5
600,2023-01-02 21:00:00,2023-01-02 10:00:00,18.1
600,2023-01-02 22:00:00,2023-01-02 11:00:00,17.8
600,2023-01-02 23:00:00,2023-01-02 12:00:00,17.8
600,2023-01-03 00:00:00,2023-01-02 13:00:00,17.8
600,2023-01-03 01:00:00,2023-01-02 14:00:00,17.7
600,2023-01-03 02:00:00,2023-01-02 15:00:00,17.5
600,2023-01-03 03:00:00,2023-01-02 16:00:00,17.3
600,2023-01-03 04:00:00,2023-01-02 17:00:00,16.6
600,2023-01-03 05:00:00,2023-01-02 18:00:00,15.7
600,2023-01-03 06:00:00,2023-01-02 19:00:00,16.3
600,2023-01-03 07:00:00,2023-01-02 20:00:00,16.5
600,2023-01-03 08:00:00,2023-01-02 21:00:00,16.1
600,2023-01-03 09:00:00,2023-01-02 22:00:00,16.6
600,2023-01-03 10:00:00,2023-01-02 23:00:00,16.9
600,2023-01-03 11:00:00,2023-01-03 00:00:00,17.4
600,2023-01-03 12:00:00,2023-01-03 01:00:00,19.1
600,2023-01-03 13:00:00,2023-01-03 02:00:00,19.5
600,2023-01-03 14:00:00,2023-01-03 03:00:00,20.8
600,2023-01-03 15:00:00,2023-01-03 04:00:00,20.9
600,2023-01-03 16:00:00,2023-01-03 05:00:00,20.5
600,2023-01-03 17:00:00,2023-01-03 06:00:00,19.9
600,2023-01-03 18:00:00,2023-01-03 07:00:00,19.4
600,2023-01-03 19:00:00,2023-01-03 08:00:00,17.2
600,2023-01-03 20:00:00,2023-01-03 09:00:00,16.6
600,2023-01-03 21:00:00,2023-01-03 10:00:00,16.2
600,2023-01-03 22:00:00,2023-01-03 11:00:00,16.0
600,2023-01-03 23:00:00,2023-01-03 12:00:00,15.7
600,2023-01-04 00:00:00,2023-01-03 13:00:00,15.6
600,2023-01-04 01:00:00,2023-01-03 14:00:00,15.5
600,2023-01-04 02:00:00,2023-01-03 15:00:00,15.3
600,2023-01-04 03:00:00,2023-01-03 16:00:00,14.8
600,2023-01-04 04:00:00,2023-01-03 17:00:00,14.3
600,2023-01-04 05:00:00,2023-01-03 18:00:00,14.5
600,2023-01-04 06:00:00,2023-01-03 19:00:00,14.4
600,2023-01-04 07:00:00,2023-01-03 20:00:00,14.3
600,2023-01-04 08:00:00,2023-01-03 21:00:00,14.9
600,2023-01-04 09:00:00,2023-01-03 22:00:00,15.6
600,2023-01-04 10:00:00,2023-01-03 23:00:00,15.9
600,2023-01-04 11:00:00,2023-01-04 00:00:00,16.3
600,2023-01-04 12:00:00,2023-01-04 01:00:00,16.2
600,2023-01-04 13:00:00,2023-01-04 02:00:00,15.5
600,2023-01-04 14:00:00,2023-01-04 03:00:00,16.5
600,2023-01-04 15:00:00,2023-01-04 04:00:00,16.2
600,2023-01-04 16:00:00,2023-01-04 05:00:00,16.8
600,2023-01-04 17:00:00,2023-01-04 06:00:00,16.4
600,2023-01-04 18:00:00,2023-01-04 07:00:00,15.8
600,2023-01-04 19:00:00,2023-01-04 08:00:00,15.9
600,2023-01-04 20:00:00,2023-01-04 09:00:00,16.1
600,2023-01-04 21:00:00,2023-01-04 10:00:00,16.0
600,2023-01-04 22:00:00,2023-01-04 11:00:00,16.0
600,2023-01-04 23:00:00,2023-01-04 12:00:00,16.0
600,2023-01-05 00:00:00,2023-01-04 13:00:00,15.8
600,2023-01-05 01:00:00,2023-01-04 14:00:00,13.9
600,2023-01-05 02:00:00,2023-01-04 15:00:00,15.0
600,2023-01-05 03:00:00,2023-01-04 16:00:00,15.1
600,2023-01-05 04:00:00,2023-01-04 17:00:00,15.4
600,2023-01-05 05:00:00,2023-01-04 18:00:00,15.6
600,2023-01-05 06:00:00,2023-01-04 19:00:00,15.2
600,2023-01-05 07:00:00,2023-01-04 20:00:00,15.9
600,2023-01-05 08:00:00,2023-01-04 21:00:00,16.3
600,2023-01-05 09:00:00,2023-01-04 22:00:00,18.2
600,2023-01-05 10:00:00,2023-01-04 23:00:00,18.9
600,2023-01-05 11:00:00,2023-01-05 00:00:00,18.7
600,2023-01-05 12:00:00,2023-01-05 01:00:00,20.2
600,2023-01-05 13:00:00,2023-01-05 02:00:00,21.6
600,2023-01-05 14:00:00,2023-01-05 03:00:00,20.7
600,2023-01-05 15:00:00,2023-01-05 04:00:00,20.2
600,2023-01-05 16:00:00,2023-01-05 05:00:00,20.6
600,2023-01-05 17:00:00,2023-01-05 06:00:00,20.3
600,2023-01-05 18:00:00,2023-01-05 07:00:00,20.5
600,2023-01-05 19:00:00,2023-01-05 08:00:00,19.5
600,2023-01-05 20:00:00,2023-01-05 09:00:00,19.6
600,2023-01-05 21:00:00,2023-01-05 10:00:00,18.1
600,2023-01-05 22:00:00,2023-01-05 11:00:00,17.7
600,2023-01-05 23:00:00,2023-01-05 12:00:00,17.9
600,2023-01-06 00:00:00,2023-01-05 13:00:00,17.0
600,2023-01-06 01:00:00,2023-01-05 14:00:00,16.1
600,2023-01-06 02:00:00,2023-01-05 15:00:00,15.6
600,2023-01-06 03:00:00,2023-01-05 16:00:00,15.2
600,2023-01-06 04:00:00,2023-01-05 17:00:00,14.9
600,2023-01-06 05:00:00,2023-01-05 18:00:00,14.7
600,2023-01-06 06:00:00,2023-01-05 19:00:00,15.1
600,2023-01-06 07:00:00,2023-01-05 20:00:00,15.3
600,2023-01-06 08:00:00,2023-01-05 21:00:00,17.0
600,2023-01-06 09:00:00,2023-01-05 22:00:00,18.1
600,2023-01-06 10:00:00,2023-01-05 23:00:00,19.4
600,2023-01-06 11:00:00,2023-01-06 00:00:00,21.5
600,2023-01-06 12:00:00,2023-01-06 01:00:00,22.1
600,2023-01-06 13:00:00,2023-01-06 02:00:00,23.0
600,2023-01-06 14:00:00,2023-01-06 03:00:00,24.4
600,2023-01-06 15:00:00,2023-01-06 04:00:00,24.2
600,2023-01-06 16:00:00,2023-01-06 05:00:00,24.4
600,2023-01-06 17:00:00,2023-01-06 06:00:00,24.1
600,2023-01-06 18:00:00,2023-01-06 07:00:00,23.7
600,2023-01-06 19:00:00,2023-01-06 08:00:00,22.8
600,2023-01-06 20:00:00,2023-01-06 09:00:00,21.3
600,2023-01-06 21:00:00,2023-01-06 10:00:00,19.5
600,2023-01-06 22:00:00,2023-01-06 11:00:00,18.5
600,2023-01-06 23:00:00,2023-01-06 12:00:00,17.3
600,2023-01-07 00:00:00,2023-01-06 13:00:00,16.6
600,2023-01-07 01:00:00,2023-01-06 14:00:00,15.6
600,2023-01-07 02:00:00,2023-01-06 15:00:00,14.7
600,2023-01-07 03:00:00,2023-01-06 16:00:00,13.8
600,2023-01-07 04:00:00,2023-01-06 17:00:00,12.5
600,2023-01-07 05:00:00,2023-01-06 18:00:00,11.4
600,2023-01-07 06:00:00,2023-01-06 19:00:00,11.1
600,2023-01-07 07:00:00,2023-01-06 20:00:00,12.1
600,2023-01-07 08:00:00,2023-01-06 21:00:00,16.2
600,2023-01-07 09:00:00,2023-01-06 22:00:00,19.2
600,2023-01-07 10:00:00,2023-01-06 23:00:00,22.8
600,2023-01-07 11:00:00,2023-01-07 00:00:00,25.5
600,2023-01-07 12:00:00,2023-01-07 01:00:00,27.2
600,2023-01-07 13:00:00,2023-01-07 02:00:00,28.2
600,2023-01-07 14:00:00,2023-01-07 03:00:00,28.1
600,2023-01-07 15:00:00,2023-01-07 04:00:00,28.0
600,2023-01-07 16:00:00,2023-01-07 05:00:00,28.2
600,2023-01-07 17:00:00,2023-01-07 06:00:00,28.4
600,2023-01-07 18:00:00,2023-01-07 07:00:00,27.9
600,2023-01-07 19:00:00,2023-01-07 08:00:00,27.2
600,2023-01-07 20:00:00,2023-01-07 09:00:00,26.0
600,2023-01-07 21:00:00,2023-01-07 10:00:00,23.4
600,2023-01-07 22:00:00,2023-01-07 11:00:00,21.9
600,2023-01-07 23:00:00,2023-01-07 12:00:00,20.2
600,2023-01-08 00:00:00,2023-01-07 13:00:00,18.8
600,2023-01-08 01:00:00,2023-01-07 14:00:00,17.4
600,2023-01-08 02:00:00,2023-01-07 15:00:00,16.3
600,2023-01-08 03:00:00,,15.15
600,2023-01-08 04:00:00,2023-01-07 17:00:00,14.0
600,2023-01-08 05:00:00,2023-01-07 18:00:00,13.1
600,2023-01-08 06:00:00,2023-01-07 19:00:00,12.8
600,2023-01-08 07:00:00,2023-01-07 20:00:00,13.3
600,2023-01-08 08:00:00,2023-01-07 21:00:00,17.1
600,2023-01-08 09:00:00,2023-01-07 22:00:00,20.1
600,2023-01-08 10:00:00,2023-01-07 23:00:00,22.7
600,2023-01-08 11:00:00,2023-01-08 00:00:00,25.7
600,2023-01-08 12:00:00,2023-01-08 01:00:00,26.8
600,2023-01-08 13:00:00,2023-01-08 02:00:00,28.2
600,2023-01-08 14:00:00,2023-01-08 03:00:00,29.1
600,2023-01-08 15:00:00,2023-01-08 04:00:00,30.3
600,2023-01-08 16:00:00,2023-01-08 05:00:00,30.3
600,2023-01-08 17:00:00,2023-01-08 06:00:00,30.1
600,2023-01-08 18:00:00,2023-01-08 07:00:00,30.4
600,2023-01-08 19:00:00,2023-01-08 08:00:00,30.2
600,2023-01-08 20:00:00,2023-01-08 09:00:00,29.0
600,2023-01-08 21:00:00,2023-01-08 10:00:00,26.5
600,2023-01-08 22:00:00,2023-01-08 11:00:00,24.5
600,2023-01-08 23:00:00,2023-01-08 12:00:00,23.3
600,2023-01-09 00:00:00,2023-01-08 13:00:00,21.0
600,2023-01-09 01:00:00,2023-01-08 14:00:00,20.2
600,2023-01-09 02:00:00,2023-01-08 15:00:00,19.3
600,2023-01-09 03:00:00,2023-01-08 16:00:00,18.2
600,2023-01-09 04:00:00,2023-01-08 17:00:00,17.6
600,2023-01-09 05:00:00,2023-01-08 18:00:00,17.4
600,2023-01-09 06:00:00,2023-01-08 19:00:00,17.5
600,2023-01-09 07:00:00,2023-01-08 20:00:00,17.3
600,2023-01-09 08:00:00,2023-01-08 21:00:00,21.0
600,2023-01-09 09:00:00,2023-01-08 22:00:00,23.8
600,2023-01-09 10:00:00,2023-01-08 23:00:00,25.2
600,2023-01-09 11:00:00,2023-01-09 00:00:00,26.0
600,2023-01-09 12:00:00,2023-01-09 01:00:00,27.5
600,2023-01-09 13:00:00,2023-01-09 02:00:00,25.5
600,2023-01-09 14:00:00,2023-01-09 03:00:00,25.2
600,2023-01-09 15:00:00,2023-01-09 04:00:00,24.4
600,2023-01-09 16:00:00,2023-01-09 05:00:00,23.2
600,2023-01-09 17:00:00,2023-01-09 06:00:00,23.1
600,2023-01-09 18:00:00,2023-01-09 07:00:00,21.7
600,2023-01-09 19:00:00,2023-01-09 08:00:00,19.9
600,2023-01-09 20:00:00,2023-01-09 09:00:00,19.1
600,2023-01-09 21:00:00,2023-01-09 10:00:00,19.0
600,2023-01-09 22:00:00,2023-01-09 11:00:00,18.7
600,2023-01-09 23:00:00,2023-01-09 12:00:00,18.3
600,2023-01-10 00:00:00,2023-01-09 13:00:00,18.1
600,2023-01-10 01:00:00,2023-01-09 14:00:00,17.8
600,2023-01-10 02:00:00,2023-01-09 15:00:00,17.3
600,2023-01-10 03:00:00,2023-01-09 16:00:00,17.3
600,2023-01-10 04:00:00,2023-01-09 17:00:00,17.1
600,2023-01-10 05:00:00,2023-01-09 18:00:00,17.0
600,2023-01-10 06:00:00,2023-01-09 19:00:00,16.7
600,2023-01-10 07:00:00,2023-01-09 20:00:00,16.5
600,2023-01-10 08:00:00,2023-01-09 21:00:00,16.7
600,2023-01-10 09:00:00,2023-01-09 22:00:00,17.1
600,2023-01-10 10:00:00,2023-01-09 23:00:00,17.4
600,2023-01-10 11:00:00,2023-01-10 00:00:00,18.0
600,2023-01-10 12:00:00,2023-01-10 01:00:00,19.2
600,2023-01-10 13:00:00,2023-01-10 02:00:00,20.5
600,2023-01-10 14:00:00,2023-01-10 03:00:00,21.9
600,2023-01-10 15:00:00,2023-01-10 04:00:00,22.8
600,2023-01-10 16:00:00,2023-01-10 05:00:00,22.5
600,2023-01-10 17:00:00,2023-01-10 06:00:00,22.2
600,2023-01-10 18:00:00,2023-01-10 07:00:00,22.3
600,2023-01-10 19:00:00,2023-01-10 08:00:00,21.5
600,2023-01-10 20:00:00,2023-01-10 09:00:00,20.5
600,2023-01-10 21:00:00,2023-01-10 10:00:00,19.4
600,2023-01-10 22:00:00,2023-01-10 11:00:00,19.5
600,2023-01-10 23:00:00,2023-01-10 12:00:00,19.9
600,2023-01-11 00:00:00,2023-01-10 13:00:00,19.0
600,2023-01-11 01:00:00,2023-01-10 14:00:00,18.4
600,2023-01-11 02:00:00,2023-01-10 15:00:00,17.8
600,2023-01-11 03:00:00,2023-01-10 16:00:00,16.9
600,2023-01-11 04:00:00,2023-01-10 17:00:00,16.0
600,2023-01-11 05:00:00,2023-01-10 18:00:00,14.8
600,2023-01-11 06:00:00,2023-01-10 19:00:00,14.1
600,2023-01-11 07:00:00,2023-01-10 20:00:00,14.5
600,2023-01-11 08:00:00,2023-01-10 21:00:00,17.6
600,2023-01-11 09:00:00,2023-01-10 22:00:00,20.4
600,2023-01-11 10:00:00,2023-01-10 23:00:00,22.9
600,2023-01-11 11:00:00,2023-01-11 00:00:00,24.9
600,2023-01-11 12:00:00,2023-01-11 01:00:00,26.5
600,2023-01-11 13:00:00,2023-01-11 02:00:00,28.0
600,2023-01-11 14:00:00,2023-01-11 03:00:00,29.0
600,2023-01-11 15:00:00,2023-01-11 04:00:00,29.2
600,2023-01-11 16:00:00,2023-01-11 05:00:00,29.9
600,2023-01-11 17:00:00,2023-01-11 06:00:00,28.9
600,2023-01-11 18:00:00,2023-01-11 07:00:00,28.5
600,2023-01-11 19:00:00,2023-01-11 08:00:00,27.6
600,2023-01-11 20:00:00,2023-01-11 09:00:00,25.5
600,2023-01-11 21:00:00,2023-01-11 10:00:00,22.9
600,2023-01-11 22:00:00,2023-01-11 11:00:00,21.3
600,2023-01-11 23:00:00,,20.5
600,2023-01-12 00:00:00,2023-01-11 13:00:00,19.7
600,2023-01-12 01:00:00,2023-01-11 14:00:00,19.1
600,2023-01-12 02:00:00,2023-01-11 15:00:00,18.6
600,2023-01-12 03:00:00,2023-01-11 16:00:00,17.8
600,2023-01-12 04:00:00,,17.2
600,2023-01-12 05:00:00,2023-01-11 18:00:00,16.6
600,2023-01-12 06:00:00,2023-01-11 19:00:00,16.5
600,2023-01-12 07:00:00,2023-01-11 20:00:00,17.2
600,2023-01-12 08:00:00,2023-01-11 21:00:00,17.0
600,2023-01-12 09:00:00,2023-01-11 22:00:00,17.2
600,2023-01-12 10:00:00,2023-01-11 23:00:00,16.9
600,2023-01-12 11:00:00,2023-01-12 00:00:00,20.8
600,2023-01-12 12:00:00,,21.96666667
600,2023-01-12 13:00:00,,23.13333333
600,2023-01-12 14:00:00,2023-01-12 03:00:00,24.3
600,2023-01-12 15:00:00,2023-01-12 04:00:00,24.4
600,2023-01-12 16:00:00,2023-01-12 05:00:00,25.0
600,2023-01-12 17:00:00,2023-01-12 06:00:00,24.5
600,2023-01-12 18:00:00,2023-01-12 07:00:00,24.6
600,2023-01-12 19:00:00,2023-01-12 08:00:00,23.3
600,2023-01-12 20:00:00,2023-01-12 09:00:00,21.0
600,2023-01-12 21:00:00,2023-01-12 10:00:00,19.3
600,2023-01-12 22:00:00,,19.25
600,2023-01-12 23:00:00,2023-01-12 12:00:00,19.2
600,2023-01-13 00:00:00,2023-01-12 13:00:00,19.3
600,2023-01-13 01:00:00,2023-01-12 14:00:00,19.3
600,2023-01-13 02:00:00,2023-01-12 15:00:00,19.2
600,2023-01-13 03:00:00,2023-01-12 16:00:00,19.0
600,2023-01-13 04:00:00,2023-01-12 17:00:00,18.9
600,2023-01-13 05:00:00,2023-01-12 18:00:00,19.0
600,2023-01-13 06:00:00,2023-01-12 19:00:00,19.0
600,2023-01-13 07:00:00,2023-01-12 20:00:00,18.9
600,2023-01-13 08:00:00,2023-01-12 21:00:00,19.2
600,2023-01-13 09:00:00,2023-01-12 22:00:00,20.3
600,2023-01-13 10:00:00,2023-01-12 23:00:00,21.3
600,2023-01-13 11:00:00,2023-01-13 00:00:00,21.4
600,2023-01-13 12:00:00,2023-01-13 01:00:00,22.7
600,2023-01-13 13:00:00,2023-01-13 02:00:00,24.0
600,2023-01-13 14:00:00,2023-01-13 03:00:00,25.0
600,2023-01-13 15:00:00,2023-01-13 04:00:00,25.7
600,2023-01-13 16:00:00,2023-01-13 05:00:00,26.1
600,2023-01-13 17:00:00,2023-01-13 06:00:00,25.8
600,2023-01-13 18:00:00,2023-01-13 07:00:00,25.1
600,2023-01-13 19:00:00,2023-01-13 08:00:00,23.8
600,2023-01-13 20:00:00,2023-01-13 09:00:00,22.2
600,2023-01-13 21:00:00,2023-01-13 10:00:00,21.0
600,2023-01-13 22:00:00,2023-01-13 11:00:00,20.5
600,2023-01-13 23:00:00,2023-01-13 12:00:00,20.9
600,2023-01-14 00:00:00,2023-01-13 13:00:00,20.5
600,2023-01-14 01:00:00,2023-01-13 14:00:00,20.5
600,2023-01-14 02:00:00,2023-01-13 15:00:00,20.1
600,2023-01-14 03:00:00,2023-01-13 16:00:00,20.2
600,2023-01-14 04:00:00,2023-01-13 17:00:00,20.2
600,2023-01-14 05:00:00,2023-01-13 18:00:00,20.2
600,2023-01-14 06:00:00,2023-01-13 19:00:00,20.3
600,2023-01-14 07:00:00,2023-01-13 20:00:00,20.3
600,2023-01-14 08:00:00,2023-01-13 21:00:00,20.7
600,2023-01-14 09:00:00,2023-01-13 22:00:00,22.2
600,2023-01-14 10:00:00,2023-01-13 23:00:00,25.6
600,2023-01-14 11:00:00,2023-01-14 00:00:00,29.3
600,2023-01-14 12:00:00,2023-01-14 01:00:00,33.0
600,2023-01-14 13:00:00,2023-01-14 02:00:00,35.1
600,2023-01-14 14:00:00,2023-01-14 03:00:00,37.2
600,2023-01-14 15:00:00,2023-01-14 04:00:00,37.3
600,2023-01-14 16:00:00,2023-01-14 05:00:00,37.7
600,2023-01-14 17:00:00,2023-01-14 06:00:00,38.2
600,2023-01-14 18:00:00,2023-01-14 07:00:00,37.8
600,2023-01-14 19:00:00,2023-01-14 08:00:00,36.6
600,2023-01-14 20:00:00,2023-01-14 09:00:00,36.0
600,2023-01-14 21:00:00,2023-01-14 10:00:00,26.8
600,2023-01-14 22:00:00,2023-01-14 11:00:00,23.3
600,2023-01-14 23:00:00,2023-01-14 12:00:00,21.6
600,2023-01-15 00:00:00,2023-01-14 13:00:00,20.7
600,2023-01-15 01:00:00,2023-01-14 14:00:00,20.8
600,2023-01-15 02:00:00,2023-01-14 15:00:00,21.6
600,2023-01-15 03:00:00,2023-01-14 16:00:00,19.7
600,2023-01-15 04:00:00,,19.5
600,2023-01-15 05:00:00,2023-01-14 18:00:00,19.3
600,2023-01-15 06:00:00,2023-01-14 19:00:00,18.9
600,2023-01-15 07:00:00,2023-01-14 20:00:00,18.6
600,2023-01-15 08:00:00,2023-01-14 21:00:00,17.8
600,2023-01-15 09:00:00,2023-01-14 22:00:00,18.1
600,2023-01-15 10:00:00,2023-01-14 23:00:00,18.4
600,2023-01-15 11:00:00,2023-01-15 00:00:00,19.6
600,2023-01-15 12:00:00,2023-01-15 01:00:00,19.4
600,2023-01-15 13:00:00,2023-01-15 02:00:00,19.7
600,2023-01-15 14:00:00,2023-01-15 03:00:00,19.8
600,2023-01-15 15:00:00,2023-01-15 04:00:00,20.0
600,2023-01-15 16:00:00,2023-01-15 05:00:00,20.0
600,2023-01-15 17:00:00,2023-01-15 06:00:00,19.2
600,2023-01-15 18:00:00,2023-01-15 07:00:00,19.2
600,2023-01-15 19:00:00,2023-01-15 08:00:00,18.4
600,2023-01-15 20:00:00,2023-01-15 09:00:00,17.4
600,2023-01-15 21:00:00,2023-01-15 10:00:00,16.5
600,2023-01-15 22:00:00,2023-01-15 11:00:00,16.2
600,2023-01-15 23:00:00,2023-01-15 12:00:00,15.6
600,2023-01-16 00:00:00,2023-01-15 13:00:00,15.3
600,2023-01-16 01:00:00,2023-01-15 14:00:00,15.4
600,2023-01-16 02:00:00,2023-01-15 15:00:00,16.0
600,2023-01-16 03:00:00,2023-01-15 16:00:00,15.6
600,2023-01-16 04:00:00,2023-01-15 17:00:00,16.2
600,2023-01-16 05:00:00,2023-01-15 18:00:00,16.6
600,2023-01-16 06:00:00,2023-01-15 19:00:00,17.0
600,2023-01-16 07:00:00,2023-01-15 20:00:00,17.2
600,2023-01-16 08:00:00,2023-01-15 21:00:00,17.1
600,2023-01-16 09:00:00,2023-01-15 22:00:00,18.0
600,2023-01-16 10:00:00,,19.15
600,2023-01-16 11:00:00,2023-01-16 00:00:00,20.3
600,2023-01-16 12:00:00,2023-01-16 01:00:00,21.3
600,2023-01-16 13:00:00,2023-01-16 02:00:00,23.6
600,2023-01-16 14:00:00,2023-01-16 03:00:00,24.2
600,2023-01-16 15:00:00,2023-01-16 04:00:00,23.9
600,2023-01-16 16:00:00,2023-01-16 05:00:00,24.0
600,2023-01-16 17:00:00,2023-01-16 06:00:00,27.6
600,2023-01-16 18:00:00,2023-01-16 07:00:00,26.2
600,2023-01-16 19:00:00,2023-01-16 08:00:00,25.1
600,2023-01-16 20:00:00,2023-01-16 09:00:00,24.1
600,2023-01-16 21:00:00,2023-01-16 10:00:00,22.4
600,2023-01-16 22:00:00,2023-01-16 11:00:00,21.2
600,2023-01-16 23:00:00,2023-01-16 12:00:00,20.4
600,2023-01-17 00:00:00,2023-01-16 13:00:00,19.0
600,2023-01-17 01:00:00,2023-01-16 14:00:00,20.0
600,2023-01-17 02:00:00,2023-01-16 15:00:00,19.1
600,2023-01-17 03:00:00,2023-01-16 16:00:00,18.8
600,2023-01-17 04:00:00,2023-01-16 17:00:00,18.1
600,2023-01-17 05:00:00,2023-01-16 18:00:00,18.0
600,2023-01-17 06:00:00,2023-01-16 19:00:00,18.0
600,2023-01-17 07:00:00,2023-01-16 20:00:00,20.0
600,2023-01-17 08:00:00,2023-01-16 21:00:00,24.8
600,2023-01-17 09:00:00,2023-01-16 22:00:00,27.1
600,2023-01-17 10:00:00,2023-01-16 23:00:00,28.8
600,2023-01-17 11:00:00,2023-01-17 00:00:00,31.7
600,2023-01-17 12:00:00,2023-01-17 01:00:00,34.7
600,2023-01-17 13:00:00,2023-01-17 02:00:00,36.1
600,2023-01-17 14:00:00,2023-01-17 03:00:00,37.4
600,2023-01-17 15:00:00,2023-01-17 04:00:00,37.0
600,2023-01-17 16:00:00,2023-01-17 05:00:00,38.2
600,2023-01-17 17:00:00,2023-01-17 06:00:00,37.7
600,2023-01-17 18:00:00,2023-01-17 07:00:00,36.6
600,2023-01-17 19:00:00,2023-01-17 08:00:00,35.8
600,2023-01-17 20:00:00,2023-01-17 09:00:00,24.8
600,2023-01-17 21:00:00,2023-01-17 10:00:00,25.1
600,2023-01-17 22:00:00,2023-01-17 11:00:00,24.1
600,2023-01-17 23:00:00,2023-01-17 12:00:00,24.2
600,2023-01-18 00:00:00,2023-01-17 13:00:00,23.1
600,2023-01-18 01:00:00,2023-01-17 14:00:00,21.4
600,2023-01-18 02:00:00,2023-01-17 15:00:00,21.6
600,2023-01-18 03:00:00,2023-01-17 16:00:00,20.6
600,2023-01-18 04:00:00,2023-01-17 17:00:00,20.2
600,2023-01-18 05:00:00,2023-01-17 18:00:00,20.6
600,2023-01-18 06:00:00,2023-01-17 19:00:00,21.1
600,2023-01-18 07:00:00,2023-01-17 20:00:00,20.5
600,2023-01-18 08:00:00,2023-01-17 21:00:00,20.0
600,2023-01-18 09:00:00,2023-01-17 22:00:00,19.1
600,2023-01-18 10:00:00,2023-01-17 23:00:00,18.9
600,2023-01-18 11:00:00,2023-01-18 00:00:00,17.5
600,2023-01-18 12:00:00,2023-01-18 01:00:00,16.7
600,2023-01-18 13:00:00,2023-01-18 02:00:00,16.3
600,2023-01-18 14:00:00,2023-01-18 03:00:00,15.9
600,2023-01-18 15:00:00,2023-01-18 04:00:00,15.7
600,2023-01-18 16:00:00,2023-01-18 05:00:00,15.3
600,2023-01-18 17:00:00,2023-01-18 06:00:00,15.6
600,2023-01-18 18:00:00,2023-01-18 07:00:00,15.1
600,2023-01-18 19:00:00,2023-01-18 08:00:00,15.5
600,2023-01-18 20:00:00,2023-01-18 09:00:00,15.5
600,2023-01-18 21:00:00,2023-01-18 10:00:00,15.2
600,2023-01-18 22:00:00,2023-01-18 11:00:00,14.7
600,2023-01-18 23:00:00,2023-01-18 12:00:00,14.5
600,2023-01-19 00:00:00,2023-01-18 13:00:00,13.8
600,2023-01-19 01:00:00,2023-01-18 14:00:00,13.5
600,2023-01-19 02:00:00,2023-01-18 15:00:00,12.9
600,2023-01-19 03:00:00,2023-01-18 16:00:00,13.2
600,2023-01-19 04:00:00,2023-01-18 17:00:00,14.2
600,2023-01-19 05:00:00,2023-01-18 18:00:00,12.8
600,2023-01-19 06:00:00,2023-01-18 19:00:00,13.1
600,2023-01-19 07:00:00,2023-01-18 20:00:00,14.7
600,2023-01-19 08:00:00,2023-01-18 21:00:00,15.1
600,2023-01-19 09:00:00,2023-01-18 22:00:00,15.9
600,2023-01-19 10:00:00,2023-01-18 23:00:00,15.8
600,2023-01-19 11:00:00,2023-01-19 00:00:00,17.6
600,2023-01-19 12:00:00,2023-01-19 01:00:00,17.2
600,2023-01-19 13:00:00,2023-01-19 02:00:00,18.0
600,2023-01-19 14:00:00,2023-01-19 03:00:00,17.7
600,2023-01-19 15:00:00,2023-01-19 04:00:00,17.5
600,2023-01-19 16:00:00,2023-01-19 05:00:00,17.5
600,2023-01-19 17:00:00,2023-01-19 06:00:00,18.1
600,2023-01-19 18:00:00,2023-01-19 07:00:00,17.6
600,2023-01-19 19:00:00,2023-01-19 08:00:00,16.9
600,2023-01-19 20:00:00,2023-01-19 09:00:00,16.3
600,2023-01-19 21:00:00,2023-01-19 10:00:00,16.0
600,2023-01-19 22:00:00,2023-01-19 11:00:00,15.8
600,2023-01-19 23:00:00,2023-01-19 12:00:00,15.6
600,2023-01-20 00:00:00,2023-01-19 13:00:00,15.6
600,2023-01-20 01:00:00,2023-01-19 14:00:00,15.3
600,2023-01-20 02:00:00,2023-01-19 15:00:00,15.5
600,2023-01-20 03:00:00,2023-01-19 16:00:00,15.6
600,2023-01-20 04:00:00,2023-01-19 17:00:00,15.5
600,2023-01-20 05:00:00,2023-01-19 18:00:00,15.6
600,2023-01-20 06:00:00,2023-01-19 19:00:00,15.8
600,2023-01-20 07:00:00,2023-01-19 20:00:00,15.9
600,2023-01-20 08:00:00,2023-01-19 21:00:00,16.2
600,2023-01-20 09:00:00,2023-01-19 22:00:00,16.2
600,2023-01-20 10:00:00,2023-01-19 23:00:00,17.4
600,2023-01-20 11:00:00,2023-01-20 00:00:00,19.6
600,2023-01-20 12:00:00,2023-01-20 01:00:00,20.3
600,2023-01-20 13:00:00,2023-01-20 02:00:00,20.3
600,2023-01-20 14:00:00,2023-01-20 03:00:00,21.2
600,2023-01-20 15:00:00,2023-01-20 04:00:00,21.7
600,2023-01-20 16:00:00,2023-01-20 05:00:00,21.7
600,2023-01-20 17:00:00,2023-01-20 06:00:00,21.5
600,2023-01-20 18:00:00,2023-01-20 07:00:00,20.4
600,2023-01-20 19:00:00,2023-01-20 08:00:00,19.2
600,2023-01-20 20:00:00,2023-01-20 09:00:00,18.6
600,2023-01-20 21:00:00,2023-01-20 10:00:00,17.6
600,2023-01-20 22:00:00,2023-01-20 11:00:00,17.2
600,2023-01-20 23:00:00,2023-01-20 12:00:00,16.6
600,2023-01-21 00:00:00,2023-01-20 13:00:00,15.6
600,2023-01-21 01:00:00,2023-01-20 14:00:00,13.7
600,2023-01-21 02:00:00,2023-01-20 15:00:00,13.3
600,2023-01-21 03:00:00,2023-01-20 16:00:00,12.8
600,2023-01-21 04:00:00,2023-01-20 17:00:00,12.5
600,2023-01-21 05:00:00,2023-01-20 18:00:00,12.1
600,2023-01-21 06:00:00,2023-01-20 19:00:00,12.0
600,2023-01-21 07:00:00,2023-01-20 20:00:00,13.0
600,2023-01-21 08:00:00,,14.45
600,2023-01-21 09:00:00,2023-01-20 22:00:00,15.9
600,2023-01-21 10:00:00,2023-01-20 23:00:00,20.0
600,2023-01-21 11:00:00,2023-01-21 00:00:00,21.4
600,2023-01-21 12:00:00,2023-01-21 01:00:00,22.1
600,2023-01-21 13:00:00,2023-01-21 02:00:00,22.9
600,2023-01-21 14:00:00,2023-01-21 03:00:00,22.3
600,2023-01-21 15:00:00,2023-01-21 04:00:00,22.1
600,2023-01-21 16:00:00,2023-01-21 05:00:00,24.1
600,2023-01-21 17:00:00,2023-01-21 06:00:00,23.1
600,2023-01-21 18:00:00,2023-01-21 07:00:00,22.1
600,2023-01-21 19:00:00,2023-01-21 08:00:00,21.1
600,2023-01-21 20:00:00,2023-01-21 09:00:00,19.7
600,2023-01-21 21:00:00,2023-01-21 10:00:00,18.5
600,2023-01-21 22:00:00,2023-01-21 11:00:00,18.1
600,2023-01-21 23:00:00,2023-01-21 12:00:00,17.8
600,2023-01-22 00:00:00,2023-01-21 13:00:00,18.2
600,2023-01-22 01:00:00,2023-01-21 14:00:00,18.0
600,2023-01-22 02:00:00,2023-01-21 15:00:00,17.9
600,2023-01-22 03:00:00,2023-01-21 16:00:00,18.3
600,2023-01-22 04:00:00,2023-01-21 17:00:00,18.3
600,2023-01-22 05:00:00,2023-01-21 18:00:00,18.2
600,2023-01-22 06:00:00,2023-01-21 19:00:00,18.4
600,2023-01-22 07:00:00,2023-01-21 20:00:00,18.5
600,2023-01-22 08:00:00,2023-01-21 21:00:00,18.8
600,2023-01-22 09:00:00,2023-01-21 22:00:00,19.8
600,2023-01-22 10:00:00,2023-01-21 23:00:00,21.1
600,2023-01-22 11:00:00,2023-01-22 00:00:00,21.2
600,2023-01-22 12:00:00,2023-01-22 01:00:00,23.6
600,2023-01-22 13:00:00,2023-01-22 02:00:00,23.8
600,2023-01-22 14:00:00,2023-01-22 03:00:00,24.2
600,2023-01-22 15:00:00,2023-01-22 04:00:00,24.2
600,2023-01-22 16:00:00,2023-01-22 05:00:00,23.8
600,2023-01-22 17:00:00,2023-01-22 06:00:00,23.0
600,2023-01-22 18:00:00,2023-01-22 07:00:00,22.1
600,2023-01-22 19:00:00,2023-01-22 08:00:00,21.6
600,2023-01-22 20:00:00,2023-01-22 09:00:00,20.3
600,2023-01-22 21:00:00,2023-01-22 10:00:00,19.4
600,2023-01-22 22:00:00,2023-01-22 11:00:00,18.8
600,2023-01-22 23:00:00,2023-01-22 12:00:00,18.6
600,2023-01-23 00:00:00,2023-01-22 13:00:00,18.2
600,2023-01-23 01:00:00,2023-01-22 14:00:00,17.6
600,2023-01-23 02:00:00,,17.2
600,2023-01-23 03:00:00,2023-01-22 16:00:00,16.8
600,2023-01-23 04:00:00,2023-01-22 17:00:00,17.1
600,2023-01-23 05:00:00,2023-01-22 18:00:00,17.2
600,2023-01-23 06:00:00,2023-01-22 19:00:00,17.6
600,2023-01-23 07:00:00,2023-01-22 20:00:00,17.8
600,2023-01-23 08:00:00,2023-01-22 21:00:00,18.4
600,2023-01-23 09:00:00,2023-01-22 22:00:00,18.9
600,2023-01-23 10:00:00,2023-01-22 23:00:00,19.9
600,2023-01-23 11:00:00,2023-01-23 00:00:00,22.1
600,2023-01-23 12:00:00,2023-01-23 01:00:00,24.3
600,2023-01-23 13:00:00,2023-01-23 02:00:00,24.5
600,2023-01-23 14:00:00,2023-01-23 03:00:00,25.3
600,2023-01-23 15:00:00,2023-01-23 04:00:00,25.4
600,2023-01-23 16:00:00,2023-01-23 05:00:00,26.4
600,2023-01-23 17:00:00,2023-01-23 06:00:00,26.1
600,2023-01-23 18:00:00,2023-01-23 07:00:00,25.9
600,2023-01-23 19:00:00,2023-01-23 08:00:00,24.8
600,2023-01-23 20:00:00,2023-01-23 09:00:00,24.3
600,2023-01-23 21:00:00,2023-01-23 10:00:00,22.9
600,2023-01-23 22:00:00,2023-01-23 11:00:00,22.1
600,2023-01-23 23:00:00,2023-01-23 12:00:00,21.3
600,2023-01-24 00:00:00,2023-01-23 13:00:00,20.8
600,2023-01-24 01:00:00,2023-01-23 14:00:00,18.8
600,2023-01-24 02:00:00,2023-01-23 15:00:00,17.7
600,2023-01-24 03:00:00,2023-01-23 16:00:00,17.1
600,2023-01-24 04:00:00,2023-01-23 17:00:00,16.8
600,2023-01-24 05:00:00,2023-01-23 18:00:00,16.1
600,2023-01-24 06:00:00,2023-01-23 19:00:00,15.6
600,2023-01-24 07:00:00,2023-01-23 20:00:00,15.7
600,2023-01-24 08:00:00,2023-01-23 21:00:00,18.5
600,2023-01-24 09:00:00,2023-01-23 22:00:00,19.8
600,2023-01-24 10:00:00,2023-01-23 23:00:00,23.8
600,2023-01-24 11:00:00,2023-01-24 00:00:00,22.7
600,2023-01-24 12:00:00,2023-01-24 01:00:00,26.7
600,2023-01-24 13:00:00,2023-01-24 02:00:00,26.7
600,2023-01-24 14:00:00,2023-01-24 03:00:00,28.0
600,2023-01-24 15:00:00,2023-01-24 04:00:00,27.0
600,2023-01-24 16:00:00,2023-01-24 05:00:00,23.5
600,2023-01-24 17:00:00,2023-01-24 06:00:00,25.6
600,2023-01-24 18:00:00,2023-01-24 07:00:00,24.8
600,2023-01-24 19:00:00,2023-01-24 08:00:00,24.9
600,2023-01-24 20:00:00,2023-01-24 09:00:00,23.1
600,2023-01-24 21:00:00,2023-01-24 10:00:00,21.3
600,2023-01-24 22:00:00,2023-01-24 11:00:00,19.9
600,2023-01-24 23:00:00,2023-01-24 12:00:00,19.3
600,2023-01-25 00:00:00,2023-01-24 13:00:00,18.7
600,2023-01-25 01:00:00,2023-01-24 14:00:00,18.0
600,2023-01-25 02:00:00,2023-01-24 15:00:00,16.3
600,2023-01-25 03:00:00,2023-01-24 16:00:00,15.6
600,2023-01-25 04:00:00,2023-01-24 17:00:00,16.7
600,2023-01-25 05:00:00,2023-01-24 18:00:00,17.7
600,2023-01-25 06:00:00,2023-01-24 19:00:00,17.5
600,2023-01-25 07:00:00,2023-01-24 20:00:00,17.5
600,2023-01-25 08:00:00,2023-01-24 21:00:00,18.1
600,2023-01-25 09:00:00,2023-01-24 22:00:00,20.5
600,2023-01-25 10:00:00,2023-01-24 23:00:00,23.4
600,2023-01-25 11:00:00,2023-01-25 00:00:00,25.9
600,2023-01-25 12:00:00,2023-01-25 01:00:00,29.3
600,2023-01-25 13:00:00,2023-01-25 02:00:00,26.7
600,2023-01-25 14:00:00,2023-01-25 03:00:00,26.4
600,2023-01-25 15:00:00,2023-01-25 04:00:00,29.1
600,2023-01-25 16:00:00,2023-01-25 05:00:00,25.5
600,2023-01-25 17:00:00,2023-01-25 06:00:00,27.6
600,2023-01-25 18:00:00,2023-01-25 07:00:00,26.4
600,2023-01-25 19:00:00,,23.3
600,2023-01-25 20:00:00,2023-01-25 09:00:00,20.2
600,2023-01-25 21:00:00,2023-01-25 10:00:00,19.2
600,2023-01-25 22:00:00,2023-01-25 11:00:00,18.9
600,2023-01-25 23:00:00,2023-01-25 12:00:00,18.5
600,2023-01-26 00:00:00,2023-01-25 13:00:00,17.9
600,2023-01-26 01:00:00,2023-01-25 14:00:00,18.5
600,2023-01-26 02:00:00,2023-01-25 15:00:00,17.2
600,2023-01-26 03:00:00,2023-01-25 16:00:00,15.9
600,2023-01-26 04:00:00,2023-01-25 17:00:00,14.9
600,2023-01-26 05:00:00,2023-01-25 18:00:00,14.9
600,2023-01-26 06:00:00,2023-01-25 19:00:00,13.2
600,2023-01-26 07:00:00,2023-01-25 20:00:00,13.9
600,2023-01-26 08:00:00,2023-01-25 21:00:00,16.7
600,2023-01-26 09:00:00,2023-01-25 22:00:00,17.8
600,2023-01-26 10:00:00,2023-01-25 23:00:00,19.2
600,2023-01-26 11:00:00,2023-01-26 00:00:00,20.9
600,2023-01-26 12:00:00,2023-01-26 01:00:00,20.6
600,2023-01-26 13:00:00,2023-01-26 02:00:00,21.5
600,2023-01-26 14:00:00,2023-01-26 03:00:00,20.9
600,2023-01-26 15:00:00,2023-01-26 04:00:00,21.5
600,2023-01-26 16:00:00,2023-01-26 05:00:00,21.4
600,2023-01-26 17:00:00,2023-01-26 06:00:00,21.7
600,2023-01-26 18:00:00,2023-01-26 07:00:00,20.2
600,2023-01-26 19:00:00,2023-01-26 08:00:00,19.8
600,2023-01-26 20:00:00,2023-01-26 09:00:00,18.5
600,2023-01-26 21:00:00,2023-01-26 10:00:00,17.2
600,2023-01-26 22:00:00,2023-01-26 11:00:00,16.8
600,2023-01-26 23:00:00,2023-01-26 12:00:00,16.7
600,2023-01-27 00:00:00,2023-01-26 13:00:00,16.9
600,2023-01-27 01:00:00,2023-01-26 14:00:00,16.3
600,2023-01-27 02:00:00,2023-01-26 15:00:00,16.1
600,2023-01-27 03:00:00,2023-01-26 16:00:00,15.4
600,2023-01-27 04:00:00,2023-01-26 17:00:00,14.9
600,2023-01-27 05:00:00,2023-01-26 18:00:00,14.0
600,2023-01-27 06:00:00,2023-01-26 19:00:00,14.2
600,2023-01-27 07:00:00,2023-01-26 20:00:00,11.3
600,2023-01-27 08:00:00,2023-01-26 21:00:00,13.5
600,2023-01-27 09:00:00,2023-01-26 22:00:00,18.2
600,2023-01-27 10:00:00,2023-01-26 23:00:00,19.1
600,2023-01-27 11:00:00,2023-01-27 00:00:00,20.2
600,2023-01-27 12:00:00,2023-01-27 01:00:00,21.4
600,2023-01-27 13:00:00,2023-01-27 02:00:00,22.6
600,2023-01-27 14:00:00,2023-01-27 03:00:00,23.8
600,2023-01-27 15:00:00,2023-01-27 04:00:00,24.9
600,2023-01-27 16:00:00,2023-01-27 05:00:00,26.4
600,2023-01-27 17:00:00,2023-01-27 06:00:00,26.6
600,2023-01-27 18:00:00,2023-01-27 07:00:00,26.0
600,2023-01-27 19:00:00,2023-01-27 08:00:00,25.1
600,2023-01-27 20:00:00,2023-01-27 09:00:00,23.7
600,2023-01-27 21:00:00,2023-01-27 10:00:00,21.8
600,2023-01-27 22:00:00,2023-01-27 11:00:00,20.6
600,2023-01-27 23:00:00,2023-01-27 12:00:00,20.0
600,2023-01-28 00:00:00,2023-01-27 13:00:00,17.9
600,2023-01-28 01:00:00,2023-01-27 14:00:00,16.5
600,2023-01-28 02:00:00,2023-01-27 15:00:00,15.3
600,2023-01-28 03:00:00,2023-01-27 16:00:00,14.3
600,2023-01-28 04:00:00,2023-01-27 17:00:00,15.0
600,2023-01-28 05:00:00,2023-01-27 18:00:00,15.2
600,2023-01-28 06:00:00,2023-01-27 19:00:00,18.5
600,2023-01-28 07:00:00,2023-01-27 20:00:00,18.8
600,2023-01-28 08:00:00,2023-01-27 21:00:00,24.6
600,2023-01-28 09:00:00,2023-01-27 22:00:00,25.8
600,2023-01-28 10:00:00,2023-01-27 23:00:00,27.8
600,2023-01-28 11:00:00,2023-01-28 00:00:00,31.5
600,2023-01-28 12:00:00,2023-01-28 01:00:00,33.6
600,2023-01-28 13:00:00,2023-01-28 02:00:00,34.8
600,2023-01-28 14:00:00,2023-01-28 03:00:00,34.6
600,2023-01-28 15:00:00,2023-01-28 04:00:00,35.0
600,2023-01-28 16:00:00,2023-01-28 05:00:00,31.3
600,2023-01-28 17:00:00,2023-01-28 06:00:00,27.6
600,2023-01-28 18:00:00,2023-01-28 07:00:00,23.9
600,2023-01-28 19:00:00,2023-01-28 08:00:00,22.4
600,2023-01-28 20:00:00,2023-01-28 09:00:00,21.1
600,2023-01-28 21:00:00,2023-01-28 10:00:00,20.9
600,2023-01-28 22:00:00,2023-01-28 11:00:00,20.6
600,2023-01-28 23:00:00,2023-01-28 12:00:00,20.8
600,2023-01-29 00:00:00,2023-01-28 13:00:00,19.9
600,2023-01-29 01:00:00,2023-01-28 14:00:00,19.7
600,2023-01-29 02:00:00,2023-01-28 15:00:00,19.8
600,2023-01-29 03:00:00,2023-01-28 16:00:00,19.8
600,2023-01-29 04:00:00,2023-01-28 17:00:00,19.7
600,2023-01-29 05:00:00,2023-01-28 18:00:00,19.3
600,2023-01-29 06:00:00,2023-01-28 19:00:00,18.9
600,2023-01-29 07:00:00,2023-01-28 20:00:00,18.6
600,2023-01-29 08:00:00,2023-01-28 21:00:00,19.1
600,2023-01-29 09:00:00,2023-01-28 22:00:00,20.3
600,2023-01-29 10:00:00,2023-01-28 23:00:00,21.2
600,2023-01-29 11:00:00,2023-01-29 00:00:00,22.2
600,2023-01-29 12:00:00,2023-01-29 01:00:00,22.6
600,2023-01-29 13:00:00,2023-01-29 02:00:00,21.1
600,2023-01-29 14:00:00,2023-01-29 03:00:00,21.7
600,2023-01-29 15:00:00,2023-01-29 04:00:00,21.9
600,2023-01-29 16:00:00,2023-01-29 05:00:00,20.5
600,2023-01-29 17:00:00,2023-01-29 06:00:00,20.1
600,2023-01-29 18:00:00,2023-01-29 07:00:00,20.2
600,2023-01-29 19:00:00,2023-01-29 08:00:00,19.3
600,2023-01-29 20:00:00,2023-01-29 09:00:00,18.8
600,2023-01-29 21:00:00,2023-01-29 10:00:00,18.6
600,2023-01-29 22:00:00,2023-01-29 11:00:00,18.7
600,2023-01-29 23:00:00,2023-01-29 12:00:00,18.5
600,2023-01-30 00:00:00,2023-01-29 13:00:00,18.3
600,2023-01-30 01:00:00,2023-01-29 14:00:00,18.2
600,2023-01-30 02:00:00,2023-01-29 15:00:00,18.1
600,2023-01-30 03:00:00,2023-01-29 16:00:00,17.9
600,2023-01-30 04:00:00,2023-01-29 17:00:00,17.9
600,2023-01-30 05:00:00,2023-01-29 18:00:00,17.8
600,2023-01-30 06:00:00,2023-01-29 19:00:00,17.8
600,2023-01-30 07:00:00,2023-01-29 20:00:00,17.7
600,2023-01-30 08:00:00,2023-01-29 21:00:00,17.8
600,2023-01-30 09:00:00,2023-01-29 22:00:00,17.9
600,2023-01-30 10:00:00,2023-01-29 23:00:00,18.5
600,2023-01-30 11:00:00,2023-01-30 00:00:00,18.8
600,2023-01-30 12:00:00,2023-01-30 01:00:00,19.7
600,2023-01-30 13:00:00,2023-01-30 02:00:00,20.8
600,2023-01-30 14:00:00,2023-01-30 03:00:00,21.3
600,2023-01-30 15:00:00,2023-01-30 04:00:00,21.1
600,2023-01-30 16:00:00,2023-01-30 05:00:00,21.5
600,2023-01-30 17:00:00,2023-01-30 06:00:00,21.4
600,2023-01-30 18:00:00,2023-01-30 07:00:00,20.0
600,2023-01-30 19:00:00,2023-01-30 08:00:00,19.5
600,2023-01-30 20:00:00,2023-01-30 09:00:00,18.4
600,2023-01-30 21:00:00,2023-01-30 10:00:00,17.6
600,2023-01-30 22:00:00,2023-01-30 11:00:00,17.1
600,2023-01-30 23:00:00,2023-01-30 12:00:00,17.5
600,2023-01-31 00:00:00,2023-01-30 13:00:00,17.6
600,2023-01-31 01:00:00,2023-01-30 14:00:00,17.5
600,2023-01-31 02:00:00,2023-01-30 15:00:00,17.2
600,2023-01-31 03:00:00,2023-01-30 16:00:00,17.0
600,2023-01-31 04:00:00,2023-01-30 17:00:00,15.7
600,2023-01-31 05:00:00,2023-01-30 18:00:00,15.8
600,2023-01-31 06:00:00,2023-01-30 19:00:00,15.5
600,2023-01-31 07:00:00,2023-01-30 20:00:00,15.5
600,2023-01-31 08:00:00,2023-01-30 21:00:00,16.3
600,2023-01-31 09:00:00,2023-01-30 22:00:00,18.0
600,2023-01-31 10:00:00,2023-01-30 23:00:00,19.5
600,2023-01-31 11:00:00,2023-01-31 00:00:00,20.1
600,2023-01-31 12:00:00,2023-01-31 01:00:00,20.4
600,2023-01-31 13:00:00,2023-01-31 02:00:00,22.6
600,2023-01-31 14:00:00,2023-01-31 03:00:00,22.4
600,2023-01-31 15:00:00,2023-01-31 04:00:00,22.6
600,2023-01-31 16:00:00,2023-01-31 05:00:00,22.7
600,2023-01-31 17:00:00,2023-01-31 06:00:00,22.6
600,2023-01-31 18:00:00,2023-01-31 07:00:00,21.9
600,2023-01-31 19:00:00,2023-01-31 08:00:00,20.6
600,2023-01-31 20:00:00,2023-01-31 09:00:00,19.2
600,2023-01-31 21:00:00,2023-01-31 10:00:00,17.9
600,2023-01-31 22:00:00,2023-01-31 11:00:00,17.4
600,2023-01-31 23:00:00,2023-01-31 12:00:00,16.8
600,2023-02-01 00:00:00,2023-01-31 13:00:00,16.1
600,2023-02-01 01:00:00,2023-01-31 14:00:00,15.1
600,2023-02-01 02:00:00,2023-01-31 15:00:00,13.3
600,2023-02-01 03:00:00,2023-01-31 16:00:00,12.0
600,2023-02-01 04:00:00,2023-01-31 17:00:00,11.7
600,2023-02-01 05:00:00,2023-01-31 18:00:00,11.2
600,2023-02-01 06:00:00,2023-01-31 19:00:00,11.1
600,2023-02-01 07:00:00,2023-01-31 20:00:00,10.9
600,2023-02-01 08:00:00,2023-01-31 21:00:00,13.6
600,2023-02-01 09:00:00,2023-01-31 22:00:00,17.3
600,2023-02-01 10:00:00,2023-01-31 23:00:00,19.8
600,2023-02-01 11:00:00,2023-02-01 00:00:00,21.3
600,2023-02-01 12:00:00,2023-02-01 01:00:00,16.4
600,2023-02-01 13:00:00,2023-02-01 02:00:00,20.4
600,2023-02-01 14:00:00,2023-02-01 03:00:00,19.3
600,2023-02-01 15:00:00,2023-02-01 04:00:00,17.8
600,2023-02-01 16:00:00,2023-02-01 05:00:00,18.5
600,2023-02-01 17:00:00,2023-02-01 06:00:00,18.2
600,2023-02-01 18:00:00,2023-02-01 07:00:00,17.6
600,2023-02-01 19:00:00,2023-02-01 08:00:00,17.6
600,2023-02-01 20:00:00,2023-02-01 09:00:00,16.7
600,2023-02-01 21:00:00,2023-02-01 10:00:00,16.4
600,2023-02-01 22:00:00,2023-02-01 11:00:00,16.2
600,2023-02-01 23:00:00,2023-02-01 12:00:00,15.9
600,2023-02-02 00:00:00,2023-02-01 13:00:00,15.0
600,2023-02-02 01:00:00,2023-02-01 14:00:00,13.7
600,2023-02-02 02:00:00,2023-02-01 15:00:00,14.4
600,2023-02-02 03:00:00,2023-02-01 16:00:00,13.9
600,2023-02-02 04:00:00,2023-02-01 17:00:00,13.4
600,2023-02-02 05:00:00,2023-02-01 18:00:00,13.7
600,2023-02-02 06:00:00,2023-02-01 19:00:00,13.5
600,2023-02-02 07:00:00,2023-02-01 20:00:00,13.7
600,2023-02-02 08:00:00,2023-02-01 21:00:00,14.2
600,2023-02-02 09:00:00,2023-02-01 22:00:00,15.5
600,2023-02-02 10:00:00,2023-02-01 23:00:00,17.3
600,2023-02-02 11:00:00,2023-02-02 00:00:00,17.7
600,2023-02-02 12:00:00,2023-02-02 01:00:00,19.6
600,2023-02-02 13:00:00,2023-02-02 02:00:00,19.3
600,2023-02-02 14:00:00,2023-02-02 03:00:00,21.5
600,2023-02-02 15:00:00,2023-02-02 04:00:00,20.9
600,2023-02-02 16:00:00,2023-02-02 05:00:00,19.6
600,2023-02-02 17:00:00,2023-02-02 06:00:00,11.8
600,2023-02-02 18:00:00,2023-02-02 07:00:00,11.6
600,2023-02-02 19:00:00,2023-02-02 08:00:00,13.5
600,2023-02-02 20:00:00,2023-02-02 09:00:00,13.2
600,2023-02-02 21:00:00,2023-02-02 10:00:00,12.5
600,2023-02-02 22:00:00,2023-02-02 11:00:00,11.6
600,2023-02-02 23:00:00,2023-02-02 12:00:00,10.8
600,2023-02-03 00:00:00,2023-02-02 13:00:00,10.6
600,2023-02-03 01:00:00,2023-02-02 14:00:00,10.9
600,2023-02-03 02:00:00,2023-02-02 15:00:00,10.4
600,2023-02-03 03:00:00,2023-02-02 16:00:00,10.3
600,2023-02-03 04:00:00,2023-02-02 17:00:00,10.7
600,2023-02-03 05:00:00,2023-02-02 18:00:00,10.9
600,2023-02-03 06:00:00,2023-02-02 19:00:00,10.9
600,2023-02-03 07:00:00,2023-02-02 20:00:00,10.2
600,2023-02-03 08:00:00,2023-02-02 21:00:00,12.0
600,2023-02-03 09:00:00,2023-02-02 22:00:00,13.7
600,2023-02-03 10:00:00,2023-02-02 23:00:00,14.0
600,2023-02-03 11:00:00,2023-02-03 00:00:00,14.0
600,2023-02-03 12:00:00,2023-02-03 01:00:00,15.1
600,2023-02-03 13:00:00,2023-02-03 02:00:00,16.4
600,2023-02-03 14:00:00,2023-02-03 03:00:00,17.4
600,2023-02-03 15:00:00,2023-02-03 04:00:00,18.4
600,2023-02-03 16:00:00,2023-02-03 05:00:00,18.7
600,2023-02-03 17:00:00,2023-02-03 06:00:00,14.0
600,2023-02-03 18:00:00,2023-02-03 07:00:00,16.2
600,2023-02-03 19:00:00,2023-02-03 08:00:00,14.9
600,2023-02-03 20:00:00,2023-02-03 09:00:00,11.8
600,2023-02-03 21:00:00,2023-02-03 10:00:00,11.6
600,2023-02-03 22:00:00,2023-02-03 11:00:00,11.2
600,2023-02-03 23:00:00,2023-02-03 12:00:00,11.0
600,2023-02-04 00:00:00,2023-02-03 13:00:00,10.7
600,2023-02-04 01:00:00,2023-02-03 14:00:00,11.2
600,2023-02-04 02:00:00,2023-02-03 15:00:00,11.1
600,2023-02-04 03:00:00,2023-02-03 16:00:00,12.2
600,2023-02-04 04:00:00,2023-02-03 17:00:00,12.5
600,2023-02-04 05:00:00,2023-02-03 18:00:00,12.9
600,2023-02-04 06:00:00,2023-02-03 19:00:00,12.0
600,2023-02-04 07:00:00,2023-02-03 20:00:00,11.9
600,2023-02-04 08:00:00,2023-02-03 21:00:00,13.2
600,2023-02-04 09:00:00,2023-02-03 22:00:00,14.7
600,2023-02-04 10:00:00,2023-02-03 23:00:00,15.6
600,2023-02-04 11:00:00,2023-02-04 00:00:00,18.2
600,2023-02-04 12:00:00,2023-02-04 01:00:00,18.5
600,2023-02-04 13:00:00,2023-02-04 02:00:00,20.8
600,2023-02-04 14:00:00,2023-02-04 03:00:00,20.7
600,2023-02-04 15:00:00,2023-02-04 04:00:00,21.5
600,2023-02-04 16:00:00,2023-02-04 05:00:00,20.9
600,2023-02-04 17:00:00,2023-02-04 06:00:00,22.0
600,2023-02-04 18:00:00,2023-02-04 07:00:00,21.6
600,2023-02-04 19:00:00,2023-02-04 08:00:00,20.7
600,2023-02-04 20:00:00,2023-02-04 09:00:00,19.1
600,2023-02-04 21:00:00,2023-02-04 10:00:00,17.0
600,2023-02-04 22:00:00,2023-02-04 11:00:00,16.3
600,2023-02-04 23:00:00,2023-02-04 12:00:00,15.5
600,2023-02-05 00:00:00,2023-02-04 13:00:00,14.7
600,2023-02-05 01:00:00,2023-02-04 14:00:00,13.7
600,2023-02-05 02:00:00,2023-02-04 15:00:00,13.1
600,2023-02-05 03:00:00,,12.45
600,2023-02-05 04:00:00,2023-02-04 17:00:00,11.8
600,2023-02-05 05:00:00,2023-02-04 18:00:00,13.6
600,2023-02-05 06:00:00,2023-02-04 19:00:00,13.4
600,2023-02-05 07:00:00,2023-02-04 20:00:00,13.5
600,2023-02-05 08:00:00,2023-02-04 21:00:00,13.7
600,2023-02-05 09:00:00,2023-02-04 22:00:00,16.8
600,2023-02-05 10:00:00,2023-02-04 23:00:00,18.5
600,2023-02-05 11:00:00,2023-02-05 00:00:00,17.7
600,2023-02-05 12:00:00,2023-02-05 01:00:00,18.5
600,2023-02-05 13:00:00,2023-02-05 02:00:00,18.6
600,2023-02-05 14:00:00,2023-02-05 03:00:00,18.9
600,2023-02-05 15:00:00,2023-02-05 04:00:00,19.7
600,2023-02-05 16:00:00,2023-02-05 05:00:00,19.2
600,2023-02-05 17:00:00,2023-02-05 06:00:00,18.3
600,2023-02-05 18:00:00,2023-02-05 07:00:00,18.3
600,2023-02-05 19:00:00,2023-02-05 08:00:00,17.7
600,2023-02-05 20:00:00,2023-02-05 09:00:00,17.3
600,2023-02-05 21:00:00,2023-02-05 10:00:00,17.2
600,2023-02-05 22:00:00,2023-02-05 11:00:00,17.0
600,2023-02-05 23:00:00,2023-02-05 12:00:00,16.9
600,2023-02-06 00:00:00,2023-02-05 13:00:00,16.4
600,2023-02-06 01:00:00,2023-02-05 14:00:00,16.5
600,2023-02-06 02:00:00,,16.45
600,2023-02-06 03:00:00,2023-02-05 16:00:00,16.4
600,2023-02-06 04:00:00,2023-02-05 17:00:00,16.1
600,2023-02-06 05:00:00,2023-02-05 18:00:00,15.8
600,2023-02-06 06:00:00,2023-02-05 19:00:00,15.4
600,2023-02-06 07:00:00,2023-02-05 20:00:00,15.2
600,2023-02-06 08:00:00,2023-02-05 21:00:00,15.4
600,2023-02-06 09:00:00,2023-02-05 22:00:00,16.0
600,2023-02-06 10:00:00,2023-02-05 23:00:00,17.6
600,2023-02-06 11:00:00,2023-02-06 00:00:00,18.6
600,2023-02-06 12:00:00,2023-02-06 01:00:00,18.8
600,2023-02-06 13:00:00,2023-02-06 02:00:00,19.5
600,2023-02-06 14:00:00,2023-02-06 03:00:00,21.1
600,2023-02-06 15:00:00,2023-02-06 04:00:00,21.4
600,2023-02-06 16:00:00,2023-02-06 05:00:00,20.2
600,2023-02-06 17:00:00,2023-02-06 06:00:00,20.1
600,2023-02-06 18:00:00,2023-02-06 07:00:00,20.0
600,2023-02-06 19:00:00,2023-02-06 08:00:00,18.5
600,2023-02-06 20:00:00,2023-02-06 09:00:00,17.7
600,2023-02-06 21:00:00,2023-02-06 10:00:00,17.1
600,2023-02-06 22:00:00,2023-02-06 11:00:00,16.9
600,2023-02-06 23:00:00,2023-02-06 12:00:00,17.0
600,2023-02-07 00:00:00,2023-02-06 13:00:00,16.9
600,2023-02-07 01:00:00,2023-02-06 14:00:00,16.6
600,2023-02-07 02:00:00,2023-02-06 15:00:00,16.5
600,2023-02-07 03:00:00,2023-02-06 16:00:00,16.3
600,2023-02-07 04:00:00,2023-02-06 17:00:00,16.4
600,2023-02-07 05:00:00,2023-02-06 18:00:00,16.1
600,2023-02-07 06:00:00,2023-02-06 19:00:00,15.4
600,2023-02-07 07:00:00,2023-02-06 20:00:00,15.3
600,2023-02-07 08:00:00,2023-02-06 21:00:00,15.3
600,2023-02-07 09:00:00,2023-02-06 22:00:00,16.8
600,2023-02-07 10:00:00,2023-02-06 23:00:00,18.2
600,2023-02-07 11:00:00,2023-02-07 00:00:00,18.2
600,2023-02-07 12:00:00,2023-02-07 01:00:00,19.2
600,2023-02-07 13:00:00,2023-02-07 02:00:00,20.5
600,2023-02-07 14:00:00,2023-02-07 03:00:00,20.3
600,2023-02-07 15:00:00,2023-02-07 04:00:00,21.2
600,2023-02-07 16:00:00,2023-02-07 05:00:00,21.3
600,2023-02-07 17:00:00,2023-02-07 06:00:00,20.6
600,2023-02-07 18:00:00,2023-02-07 07:00:00,20.0
600,2023-02-07 19:00:00,2023-02-07 08:00:00,18.3
600,2023-02-07 20:00:00,2023-02-07 09:00:00,17.1
600,2023-02-07 21:00:00,2023-02-07 10:00:00,16.2
600,2023-02-07 22:00:00,2023-02-07 11:00:00,15.8
600,2023-02-07 23:00:00,2023-02-07 12:00:00,15.7
600,2023-02-08 00:00:00,2023-02-07 13:00:00,16.3
600,2023-02-08 01:00:00,2023-02-07 14:00:00,16.0
600,2023-02-08 02:00:00,2023-02-07 15:00:00,16.0
600,2023-02-08 03:00:00,2023-02-07 16:00:00,16.1
600,2023-02-08 04:00:00,2023-02-07 17:00:00,15.9
600,2023-02-08 05:00:00,2023-02-07 18:00:00,16.0
600,2023-02-08 06:00:00,2023-02-07 19:00:00,15.9
600,2023-02-08 07:00:00,2023-02-07 20:00:00,15.9
600,2023-02-08 08:00:00,2023-02-07 21:00:00,16.3
600,2023-02-08 09:00:00,2023-02-07 22:00:00,17.8
600,2023-02-08 10:00:00,2023-02-07 23:00:00,18.6
600,2023-02-08 11:00:00,2023-02-08 00:00:00,19.6
600,2023-02-08 12:00:00,2023-02-08 01:00:00,20.1
600,2023-02-08 13:00:00,2023-02-08 02:00:00,20.4
600,2023-02-08 14:00:00,2023-02-08 03:00:00,19.5
600,2023-02-08 15:00:00,2023-02-08 04:00:00,21.2
600,2023-02-08 16:00:00,2023-02-08 05:00:00,22.1
600,2023-02-08 17:00:00,2023-02-08 06:00:00,21.4
600,2023-02-08 18:00:00,2023-02-08 07:00:00,21.3
600,2023-02-08 19:00:00,2023-02-08 08:00:00,20.9
600,2023-02-08 20:00:00,2023-02-08 09:00:00,19.8
600,2023-02-08 21:00:00,2023-02-08 10:00:00,18.9
600,2023-02-08 22:00:00,2023-02-08 11:00:00,19.2
600,2023-02-08 23:00:00,2023-02-08 12:00:00,17.9
600,2023-02-09 00:00:00,2023-02-08 13:00:00,17.5
600,2023-02-09 01:00:00,2023-02-08 14:00:00,17.1
600,2023-02-09 02:00:00,2023-02-08 15:00:00,16.3
600,2023-02-09 03:00:00,2023-02-08 16:00:00,14.6
600,2023-02-09 04:00:00,2023-02-08 17:00:00,13.4
600,2023-02-09 05:00:00,2023-02-08 18:00:00,12.5
600,2023-02-09 06:00:00,2023-02-08 19:00:00,11.9
600,2023-02-09 07:00:00,2023-02-08 20:00:00,12.0
600,2023-02-09 08:00:00,2023-02-08 21:00:00,14.6
600,2023-02-09 09:00:00,2023-02-08 22:00:00,17.9
600,2023-02-09 10:00:00,2023-02-08 23:00:00,20.6
600,2023-02-09 11:00:00,2023-02-09 00:00:00,22.9
600,2023-02-09 12:00:00,2023-02-09 01:00:00,23.6
600,2023-02-09 13:00:00,2023-02-09 02:00:00,24.3
600,2023-02-09 14:00:00,2023-02-09 03:00:00,24.7
600,2023-02-09 15:00:00,2023-02-09 04:00:00,27.0
600,2023-02-09 16:00:00,2023-02-09 05:00:00,26.2
600,2023-02-09 17:00:00,2023-02-09 06:00:00,25.4
600,2023-02-09 18:00:00,2023-02-09 07:00:00,25.4
600,2023-02-09 19:00:00,2023-02-09 08:00:00,24.9
600,2023-02-09 20:00:00,2023-02-09 09:00:00,23.6
600,2023-02-09 21:00:00,2023-02-09 10:00:00,21.2
600,2023-02-09 22:00:00,2023-02-09 11:00:00,19.5
600,2023-02-09 23:00:00,2023-02-09 12:00:00,18.6
600,2023-02-10 00:00:00,2023-02-09 13:00:00,17.9
600,2023-02-10 01:00:00,2023-02-09 14:00:00,16.6
600,2023-02-10 02:00:00,2023-02-09 15:00:00,15.3
600,2023-02-10 03:00:00,2023-02-09 16:00:00,14.4
600,2023-02-10 04:00:00,2023-02-09 17:00:00,14.2
600,2023-02-10 05:00:00,2023-02-09 18:00:00,15.7
600,2023-02-10 06:00:00,2023-02-09 19:00:00,16.0
600,2023-02-10 07:00:00,2023-02-09 20:00:00,15.9
600,2023-02-10 08:00:00,2023-02-09 21:00:00,16.3
600,2023-02-10 09:00:00,2023-02-09 22:00:00,16.8
600,2023-02-10 10:00:00,2023-02-09 23:00:00,18.2
600,2023-02-10 11:00:00,2023-02-10 00:00:00,21.1
600,2023-02-10 12:00:00,2023-02-10 01:00:00,22.9
600,2023-02-10 13:00:00,2023-02-10 02:00:00,24.3
600,2023-02-10 14:00:00,2023-02-10 03:00:00,24.5
600,2023-02-10 15:00:00,2023-02-10 04:00:00,24.2
600,2023-02-10 16:00:00,2023-02-10 05:00:00,25.4
600,2023-02-10 17:00:00,2023-02-10 06:00:00,25.3
600,2023-02-10 18:00:00,2023-02-10 07:00:00,23.4
600,2023-02-10 19:00:00,2023-02-10 08:00:00,23.0
600,2023-02-10 20:00:00,2023-02-10 09:00:00,22.2
600,2023-02-10 21:00:00,2023-02-10 10:00:00,20.8
600,2023-02-10 22:00:00,2023-02-10 11:00:00,19.7
600,2023-02-10 23:00:00,2023-02-10 12:00:00,18.8
600,2023-02-11 00:00:00,2023-02-10 13:00:00,18.3
600,2023-02-11 01:00:00,2023-02-10 14:00:00,17.7
600,2023-02-11 02:00:00,2023-02-10 15:00:00,16.9
600,2023-02-11 03:00:00,2023-02-10 16:00:00,16.5
600,2023-02-11 04:00:00,2023-02-10 17:00:00,15.7
600,2023-02-11 05:00:00,2023-02-10 18:00:00,15.6
600,2023-02-11 06:00:00,2023-02-10 19:00:00,14.7
600,2023-02-11 07:00:00,2023-02-10 20:00:00,14.2
600,2023-02-11 08:00:00,2023-02-10 21:00:00,15.0
600,2023-02-11 09:00:00,2023-02-10 22:00:00,16.9
600,2023-02-11 10:00:00,2023-02-10 23:00:00,19.6
600,2023-02-11 11:00:00,2023-02-11 00:00:00,24.6
600,2023-02-11 12:00:00,2023-02-11 01:00:00,25.6
600,2023-02-11 13:00:00,2023-02-11 02:00:00,24.1
600,2023-02-11 14:00:00,2023-02-11 03:00:00,25.0
600,2023-02-11 15:00:00,2023-02-11 04:00:00,26.6
600,2023-02-11 16:00:00,2023-02-11 05:00:00,27.5
600,2023-02-11 17:00:00,2023-02-11 06:00:00,23.7
600,2023-02-11 18:00:00,2023-02-11 07:00:00,22.5
600,2023-02-11 19:00:00,2023-02-11 08:00:00,21.3
600,2023-02-11 20:00:00,2023-02-11 09:00:00,20.3
600,2023-02-11 21:00:00,2023-02-11 10:00:00,19.5
600,2023-02-11 22:00:00,2023-02-11 11:00:00,19.7
600,2023-02-11 23:00:00,2023-02-11 12:00:00,20.9
600,2023-02-12 00:00:00,2023-02-11 13:00:00,19.9
600,2023-02-12 01:00:00,2023-02-11 14:00:00,18.8
600,2023-02-12 02:00:00,2023-02-11 15:00:00,18.4
600,2023-02-12 03:00:00,2023-02-11 16:00:00,17.8
600,2023-02-12 04:00:00,2023-02-11 17:00:00,17.9
600,2023-02-12 05:00:00,2023-02-11 18:00:00,17.6
600,2023-02-12 06:00:00,2023-02-11 19:00:00,17.1
600,2023-02-12 07:00:00,2023-02-11 20:00:00,16.4
600,2023-02-12 08:00:00,2023-02-11 21:00:00,17.2
600,2023-02-12 09:00:00,2023-02-11 22:00:00,18.1
600,2023-02-12 10:00:00,2023-02-11 23:00:00,19.3
600,2023-02-12 11:00:00,2023-02-12 00:00:00,19.2
600,2023-02-12 12:00:00,2023-02-12 01:00:00,19.4
600,2023-02-12 13:00:00,2023-02-12 02:00:00,20.4
600,2023-02-12 14:00:00,2023-02-12 03:00:00,20.7
600,2023-02-12 15:00:00,2023-02-12 04:00:00,20.6
600,2023-02-12 16:00:00,2023-02-12 05:00:00,19.1
600,2023-02-12 17:00:00,2023-02-12 06:00:00,19.0
600,2023-02-12 18:00:00,2023-02-12 07:00:00,19.3
600,2023-02-12 19:00:00,2023-02-12 08:00:00,17.4
600,2023-02-12 20:00:00,2023-02-12 09:00:00,16.6
600,2023-02-12 21:00:00,2023-02-12 10:00:00,16.0
600,2023-02-12 22:00:00,2023-02-12 11:00:00,16.2
600,2023-02-12 23:00:00,2023-02-12 12:00:00,16.0
600,2023-02-13 00:00:00,2023-02-12 13:00:00,15.7
600,2023-02-13 01:00:00,2023-02-12 14:00:00,15.6
600,2023-02-13 02:00:00,2023-02-12 15:00:00,15.2
600,2023-02-13 03:00:00,2023-02-12 16:00:00,15.8
600,2023-02-13 04:00:00,2023-02-12 17:00:00,14.9
600,2023-02-13 05:00:00,2023-02-12 18:00:00,15.7
600,2023-02-13 06:00:00,2023-02-12 19:00:00,15.6
600,2023-02-13 07:00:00,2023-02-12 20:00:00,16.0
600,2023-02-13 08:00:00,2023-02-12 21:00:00,16.3
600,2023-02-13 09:00:00,2023-02-12 22:00:00,16.6
600,2023-02-13 10:00:00,2023-02-12 23:00:00,17.7
600,2023-02-13 11:00:00,2023-02-13 00:00:00,18.5
600,2023-02-13 12:00:00,2023-02-13 01:00:00,20.0
600,2023-02-13 13:00:00,2023-02-13 02:00:00,20.4
600,2023-02-13 14:00:00,2023-02-13 03:00:00,20.5
600,2023-02-13 15:00:00,2023-02-13 04:00:00,19.0
600,2023-02-13 16:00:00,2023-02-13 05:00:00,19.7
600,2023-02-13 17:00:00,2023-02-13 06:00:00,20.4
600,2023-02-13 18:00:00,2023-02-13 07:00:00,19.1
600,2023-02-13 19:00:00,2023-02-13 08:00:00,18.2
600,2023-02-13 20:00:00,2023-02-13 09:00:00,17.3
600,2023-02-13 21:00:00,2023-02-13 10:00:00,16.4
600,2023-02-13 22:00:00,2023-02-13 11:00:00,16.3
600,2023-02-13 23:00:00,2023-02-13 12:00:00,16.5
600,2023-02-14 00:00:00,2023-02-13 13:00:00,16.1
600,2023-02-14 01:00:00,2023-02-13 14:00:00,16.0
600,2023-02-14 02:00:00,2023-02-13 15:00:00,16.3
600,2023-02-14 03:00:00,2023-02-13 16:00:00,16.2
600,2023-02-14 04:00:00,2023-02-13 17:00:00,16.0
600,2023-02-14 05:00:00,2023-02-13 18:00:00,15.6
600,2023-02-14 06:00:00,2023-02-13 19:00:00,16.0
600,2023-02-14 07:00:00,2023-02-13 20:00:00,15.7
600,2023-02-14 08:00:00,2023-02-13 21:00:00,16.4
600,2023-02-14 09:00:00,2023-02-13 22:00:00,17.7
600,2023-02-14 10:00:00,2023-02-13 23:00:00,18.9
600,2023-02-14 11:00:00,2023-02-14 00:00:00,19.5
600,2023-02-14 12:00:00,2023-02-14 01:00:00,19.8
600,2023-02-14 13:00:00,2023-02-14 02:00:00,21.2
600,2023-02-14 14:00:00,2023-02-14 03:00:00,22.2
600,2023-02-14 15:00:00,2023-02-14 04:00:00,21.6
600,2023-02-14 16:00:00,2023-02-14 05:00:00,21.7
600,2023-02-14 17:00:00,2023-02-14 06:00:00,21.2
600,2023-02-14 18:00:00,2023-02-14 07:00:00,20.5
600,2023-02-14 19:00:00,2023-02-14 08:00:00,19.8
600,2023-02-14 20:00:00,2023-02-14 09:00:00,18.4
600,2023-02-14 21:00:00,2023-02-14 10:00:00,17.3
600,2023-02-14 22:00:00,2023-02-14 11:00:00,16.8
600,2023-02-14 23:00:00,2023-02-14 12:00:00,16.2
600,2023-02-15 00:00:00,2023-02-14 13:00:00,15.1
600,2023-02-15 01:00:00,2023-02-14 14:00:00,13.1
600,2023-02-15 02:00:00,2023-02-14 15:00:00,12.0
600,2023-02-15 03:00:00,2023-02-14 16:00:00,11.2
600,2023-02-15 04:00:00,2023-02-14 17:00:00,11.0
600,2023-02-15 05:00:00,2023-02-14 18:00:00,10.6
600,2023-02-15 06:00:00,2023-02-14 19:00:00,11.1
600,2023-02-15 07:00:00,2023-02-14 20:00:00,11.3
600,2023-02-15 08:00:00,2023-02-14 21:00:00,12.2
600,2023-02-15 09:00:00,2023-02-14 22:00:00,17.8
600,2023-02-15 10:00:00,2023-02-14 23:00:00,24.2
600,2023-02-15 11:00:00,2023-02-15 00:00:00,26.6
600,2023-02-15 12:00:00,2023-02-15 01:00:00,29.3
600,2023-02-15 13:00:00,2023-02-15 02:00:00,31.0
600,2023-02-15 14:00:00,2023-02-15 03:00:00,31.9
600,2023-02-15 15:00:00,2023-02-15 04:00:00,31.8
600,2023-02-15 16:00:00,2023-02-15 05:00:00,30.4
600,2023-02-15 17:00:00,2023-02-15 06:00:00,30.6
600,2023-02-15 18:00:00,2023-02-15 07:00:00,29.7
600,2023-02-15 19:00:00,2023-02-15 08:00:00,26.7
600,2023-02-15 20:00:00,2023-02-15 09:00:00,25.1
600,2023-02-15 21:00:00,2023-02-15 10:00:00,23.7
600,2023-02-15 22:00:00,2023-02-15 11:00:00,22.2
600,2023-02-15 23:00:00,2023-02-15 12:00:00,20.7
600,2023-02-16 00:00:00,2023-02-15 13:00:00,20.7
600,2023-02-16 01:00:00,2023-02-15 14:00:00,18.7
600,2023-02-16 02:00:00,2023-02-15 15:00:00,18.2
600,2023-02-16 03:00:00,2023-02-15 16:00:00,18.1
600,2023-02-16 04:00:00,2023-02-15 17:00:00,17.1
600,2023-02-16 05:00:00,2023-02-15 18:00:00,16.6
600,2023-02-16 06:00:00,2023-02-15 19:00:00,16.2
600,2023-02-16 07:00:00,2023-02-15 20:00:00,15.8
600,2023-02-16 08:00:00,2023-02-15 21:00:00,24.1
600,2023-02-16 09:00:00,2023-02-15 22:00:00,26.4
600,2023-02-16 10:00:00,2023-02-15 23:00:00,28.8
600,2023-02-16 11:00:00,2023-02-16 00:00:00,31.4
600,2023-02-16 12:00:00,2023-02-16 01:00:00,33.8
600,2023-02-16 13:00:00,2023-02-16 02:00:00,35.4
600,2023-02-16 14:00:00,2023-02-16 03:00:00,37.1
600,2023-02-16 15:00:00,2023-02-16 04:00:00,38.0
600,2023-02-16 16:00:00,2023-02-16 05:00:00,38.0
600,2023-02-16 17:00:00,2023-02-16 06:00:00,36.4
600,2023-02-16 18:00:00,2023-02-16 07:00:00,34.8
600,2023-02-16 19:00:00,2023-02-16 08:00:00,28.5
600,2023-02-16 20:00:00,2023-02-16 09:00:00,26.4
600,2023-02-16 21:00:00,2023-02-16 10:00:00,25.2
600,2023-02-16 22:00:00,2023-02-16 11:00:00,24.0
600,2023-02-16 23:00:00,2023-02-16 12:00:00,24.2
600,2023-02-17 00:00:00,2023-02-16 13:00:00,26.1
600,2023-02-17 01:00:00,2023-02-16 14:00:00,24.3
600,2023-02-17 02:00:00,2023-02-16 15:00:00,23.4
600,2023-02-17 03:00:00,2023-02-16 16:00:00,24.4
600,2023-02-17 04:00:00,2023-02-16 17:00:00,24.1
600,2023-02-17 05:00:00,2023-02-16 18:00:00,23.8
600,2023-02-17 06:00:00,2023-02-16 19:00:00,28.8
600,2023-02-17 07:00:00,2023-02-16 20:00:00,28.4
600,2023-02-17 08:00:00,2023-02-16 21:00:00,29.2
600,2023-02-17 09:00:00,2023-02-16 22:00:00,29.5
600,2023-02-17 10:00:00,2023-02-16 23:00:00,31.5
600,2023-02-17 11:00:00,2023-02-17 00:00:00,33.7
600,2023-02-17 12:00:00,2023-02-17 01:00:00,36.9
600,2023-02-17 13:00:00,2023-02-17 02:00:00,39.7
600,2023-02-17 14:00:00,2023-02-17 03:00:00,40.2
600,2023-02-17 15:00:00,2023-02-17 04:00:00,40.5
600,2023-02-17 16:00:00,2023-02-17 05:00:00,29.6
600,2023-02-17 17:00:00,2023-02-17 06:00:00,26.2
600,2023-02-17 18:00:00,2023-02-17 07:00:00,23.5
600,2023-02-17 19:00:00,2023-02-17 08:00:00,21.4
600,2023-02-17 20:00:00,2023-02-17 09:00:00,19.1
600,2023-02-17 21:00:00,2023-02-17 10:00:00,18.5
600,2023-02-17 22:00:00,2023-02-17 11:00:00,18.3
600,2023-02-17 23:00:00,2023-02-17 12:00:00,18.2
600,2023-02-18 00:00:00,2023-02-17 13:00:00,17.9
600,2023-02-18 01:00:00,2023-02-17 14:00:00,17.7
600,2023-02-18 02:00:00,2023-02-17 15:00:00,17.4
600,2023-02-18 03:00:00,2023-02-17 16:00:00,17.4
600,2023-02-18 04:00:00,2023-02-17 17:00:00,17.0
600,2023-02-18 05:00:00,2023-02-17 18:00:00,16.9
600,2023-02-18 06:00:00,2023-02-17 19:00:00,16.8
600,2023-02-18 07:00:00,2023-02-17 20:00:00,16.7
600,2023-02-18 08:00:00,2023-02-17 21:00:00,16.8
600,2023-02-18 09:00:00,2023-02-17 22:00:00,17.3
600,2023-02-18 10:00:00,2023-02-17 23:00:00,18.6
600,2023-02-18 11:00:00,2023-02-18 00:00:00,20.2
600,2023-02-18 12:00:00,2023-02-18 01:00:00,21.6
600,2023-02-18 13:00:00,2023-02-18 02:00:00,21.6
600,2023-02-18 14:00:00,2023-02-18 03:00:00,22.1
600,2023-02-18 15:00:00,2023-02-18 04:00:00,22.5
600,2023-02-18 16:00:00,2023-02-18 05:00:00,22.6
600,2023-02-18 17:00:00,2023-02-18 06:00:00,21.9
600,2023-02-18 18:00:00,2023-02-18 07:00:00,21.0
600,2023-02-18 19:00:00,2023-02-18 08:00:00,19.8
600,2023-02-18 20:00:00,2023-02-18 09:00:00,18.7
600,2023-02-18 21:00:00,2023-02-18 10:00:00,18.1
600,2023-02-18 22:00:00,2023-02-18 11:00:00,17.7
600,2023-02-18 23:00:00,2023-02-18 12:00:00,17.5
600,2023-02-19 00:00:00,2023-02-18 13:00:00,17.7
600,2023-02-19 01:00:00,2023-02-18 14:00:00,16.7
600,2023-02-19 02:00:00,2023-02-18 15:00:00,17.0
600,2023-02-19 03:00:00,2023-02-18 16:00:00,17.6
600,2023-02-19 04:00:00,2023-02-18 17:00:00,17.5
600,2023-02-19 05:00:00,2023-02-18 18:00:00,17.4
600,2023-02-19 06:00:00,2023-02-18 19:00:00,16.2
600,2023-02-19 07:00:00,2023-02-18 20:00:00,15.2
600,2023-02-19 08:00:00,2023-02-18 21:00:00,15.6
600,2023-02-19 09:00:00,2023-02-18 22:00:00,18.4
600,2023-02-19 10:00:00,2023-02-18 23:00:00,20.3
600,2023-02-19 11:00:00,2023-02-19 00:00:00,20.8
600,2023-02-19 12:00:00,2023-02-19 01:00:00,22.4
600,2023-02-19 13:00:00,2023-02-19 02:00:00,23.2
600,2023-02-19 14:00:00,2023-02-19 03:00:00,23.4
600,2023-02-19 15:00:00,2023-02-19 04:00:00,24.9
600,2023-02-19 16:00:00,2023-02-19 05:00:00,25.1
600,2023-02-19 17:00:00,2023-02-19 06:00:00,25.7
600,2023-02-19 18:00:00,2023-02-19 07:00:00,25.7
600,2023-02-19 19:00:00,2023-02-19 08:00:00,21.8
600,2023-02-19 20:00:00,2023-02-19 09:00:00,19.7
600,2023-02-19 21:00:00,2023-02-19 10:00:00,18.9
600,2023-02-19 22:00:00,2023-02-19 11:00:00,18.5
600,2023-02-19 23:00:00,2023-02-19 12:00:00,18.0
600,2023-02-20 00:00:00,2023-02-19 13:00:00,16.9
600,2023-02-20 01:00:00,2023-02-19 14:00:00,15.5
600,2023-02-20 02:00:00,2023-02-19 15:00:00,14.6
600,2023-02-20 03:00:00,2023-02-19 16:00:00,14.2
600,2023-02-20 04:00:00,2023-02-19 17:00:00,14.0
600,2023-02-20 05:00:00,2023-02-19 18:00:00,13.5
600,2023-02-20 06:00:00,2023-02-19 19:00:00,12.7
600,2023-02-20 07:00:00,2023-02-19 20:00:00,12.2
600,2023-02-20 08:00:00,2023-02-19 21:00:00,14.6
600,2023-02-20 09:00:00,2023-02-19 22:00:00,17.7
600,2023-02-20 10:00:00,2023-02-19 23:00:00,20.4
600,2023-02-20 11:00:00,2023-02-20 00:00:00,20.3
600,2023-02-20 12:00:00,2023-02-20 01:00:00,22.3
600,2023-02-20 13:00:00,2023-02-20 02:00:00,23.2
600,2023-02-20 14:00:00,2023-02-20 03:00:00,23.8
600,2023-02-20 15:00:00,2023-02-20 04:00:00,25.0
600,2023-02-20 16:00:00,2023-02-20 05:00:00,24.6
600,2023-02-20 17:00:00,2023-02-20 06:00:00,24.1
600,2023-02-20 18:00:00,2023-02-20 07:00:00,22.5
600,2023-02-20 19:00:00,2023-02-20 08:00:00,21.2
600,2023-02-20 20:00:00,2023-02-20 09:00:00,19.7
600,2023-02-20 21:00:00,2023-02-20 10:00:00,19.0
600,2023-02-20 22:00:00,2023-02-20 11:00:00,18.8
600,2023-02-20 23:00:00,2023-02-20 12:00:00,18.7
600,2023-02-21 00:00:00,2023-02-20 13:00:00,18.6
600,2023-02-21 01:00:00,2023-02-20 14:00:00,18.5
600,2023-02-21 02:00:00,2023-02-20 15:00:00,17.9
600,2023-02-21 03:00:00,2023-02-20 16:00:00,18.5
600,2023-02-21 04:00:00,2023-02-20 17:00:00,18.8
600,2023-02-21 05:00:00,2023-02-20 18:00:00,18.8
600,2023-02-21 06:00:00,2023-02-20 19:00:00,18.2
600,2023-02-21 07:00:00,2023-02-20 20:00:00,17.9
600,2023-02-21 08:00:00,2023-02-20 21:00:00,17.9
600,2023-02-21 09:00:00,2023-02-20 22:00:00,17.9
600,2023-02-21 10:00:00,2023-02-20 23:00:00,17.8
600,2023-02-21 11:00:00,2023-02-21 00:00:00,18.4
600,2023-02-21 12:00:00,2023-02-21 01:00:00,18.9
600,2023-02-21 13:00:00,2023-02-21 02:00:00,20.3
600,2023-02-21 14:00:00,2023-02-21 03:00:00,19.6
600,2023-02-21 15:00:00,2023-02-21 04:00:00,20.2
600,2023-02-21 16:00:00,2023-02-21 05:00:00,20.4
600,2023-02-21 17:00:00,2023-02-21 06:00:00,19.9
600,2023-02-21 18:00:00,2023-02-21 07:00:00,19.4
600,2023-02-21 19:00:00,2023-02-21 08:00:00,18.7
600,2023-02-21 20:00:00,2023-02-21 09:00:00,17.5
600,2023-02-21 21:00:00,2023-02-21 10:00:00,17.3
600,2023-02-21 22:00:00,2023-02-21 11:00:00,17.7
600,2023-02-21 23:00:00,2023-02-21 12:00:00,18.1
600,2023-02-22 00:00:00,2023-02-21 13:00:00,17.3
600,2023-02-22 01:00:00,2023-02-21 14:00:00,17.3
600,2023-02-22 02:00:00,2023-02-21 15:00:00,17.2
600,2023-02-22 03:00:00,2023-02-21 16:00:00,16.9
600,2023-02-22 04:00:00,2023-02-21 17:00:00,16.5
600,2023-02-22 05:00:00,2023-02-21 18:00:00,15.9
600,2023-02-22 06:00:00,2023-02-21 19:00:00,15.4
600,2023-02-22 07:00:00,2023-02-21 20:00:00,15.9
600,2023-02-22 08:00:00,2023-02-21 21:00:00,14.2
600,2023-02-22 09:00:00,2023-02-21 22:00:00,17.5
600,2023-02-22 10:00:00,2023-02-21 23:00:00,20.6
600,2023-02-22 11:00:00,2023-02-22 00:00:00,21.9
600,2023-02-22 12:00:00,2023-02-22 01:00:00,23.3
600,2023-02-22 13:00:00,2023-02-22 02:00:00,25.0
600,2023-02-22 14:00:00,2023-02-22 03:00:00,27.1
600,2023-02-22 15:00:00,2023-02-22 04:00:00,27.3
600,2023-02-22 16:00:00,2023-02-22 05:00:00,27.5
600,2023-02-22 17:00:00,2023-02-22 06:00:00,28.4
600,2023-02-22 18:00:00,2023-02-22 07:00:00,27.8
600,2023-02-22 19:00:00,2023-02-22 08:00:00,25.5
600,2023-02-22 20:00:00,2023-02-22 09:00:00,23.9
600,2023-02-22 21:00:00,2023-02-22 10:00:00,22.3
600,2023-02-22 22:00:00,2023-02-22 11:00:00,21.2
600,2023-02-22 23:00:00,2023-02-22 12:00:00,20.3
600,2023-02-23 00:00:00,2023-02-22 13:00:00,19.2
600,2023-02-23 01:00:00,2023-02-22 14:00:00,17.9
600,2023-02-23 02:00:00,2023-02-22 15:00:00,16.8
600,2023-02-23 03:00:00,2023-02-22 16:00:00,15.9
600,2023-02-23 04:00:00,2023-02-22 17:00:00,16.5
600,2023-02-23 05:00:00,2023-02-22 18:00:00,20.4
600,2023-02-23 06:00:00,2023-02-22 19:00:00,20.8
600,2023-02-23 07:00:00,2023-02-22 20:00:00,19.9
600,2023-02-23 08:00:00,2023-02-22 21:00:00,20.1
600,2023-02-23 09:00:00,2023-02-22 22:00:00,21.8
600,2023-02-23 10:00:00,2023-02-22 23:00:00,23.6
600,2023-02-23 11:00:00,2023-02-23 00:00:00,25.4
600,2023-02-23 12:00:00,2023-02-23 01:00:00,27.8
600,2023-02-23 13:00:00,2023-02-23 02:00:00,29.0
600,2023-02-23 14:00:00,2023-02-23 03:00:00,30.8
600,2023-02-23 15:00:00,2023-02-23 04:00:00,31.3
600,2023-02-23 16:00:00,2023-02-23 05:00:00,31.9
600,2023-02-23 17:00:00,2023-02-23 06:00:00,32.1
600,2023-02-23 18:00:00,2023-02-23 07:00:00,30.1
600,2023-02-23 19:00:00,2023-02-23 08:00:00,29.2
600,2023-02-23 20:00:00,2023-02-23 09:00:00,26.8
600,2023-02-23 21:00:00,2023-02-23 10:00:00,25.7
600,2023-02-23 22:00:00,2023-02-23 11:00:00,24.3
600,2023-02-23 23:00:00,2023-02-23 12:00:00,23.1
600,2023-02-24 00:00:00,2023-02-23 13:00:00,22.1
600,2023-02-24 01:00:00,2023-02-23 14:00:00,20.6
600,2023-02-24 02:00:00,2023-02-23 15:00:00,19.0
600,2023-02-24 03:00:00,2023-02-23 16:00:00,18.3
600,2023-02-24 04:00:00,2023-02-23 17:00:00,19.0
600,2023-02-24 05:00:00,2023-02-23 18:00:00,20.1
600,2023-02-24 06:00:00,2023-02-23 19:00:00,21.8
600,2023-02-24 07:00:00,2023-02-23 20:00:00,21.4
600,2023-02-24 08:00:00,2023-02-23 21:00:00,21.5
600,2023-02-24 09:00:00,2023-02-23 22:00:00,22.7
600,2023-02-24 10:00:00,2023-02-23 23:00:00,23.8
600,2023-02-24 11:00:00,2023-02-24 00:00:00,26.4
600,2023-02-24 12:00:00,2023-02-24 01:00:00,27.7
600,2023-02-24 13:00:00,2023-02-24 02:00:00,29.2
600,2023-02-24 14:00:00,2023-02-24 03:00:00,31.1
600,2023-02-24 15:00:00,2023-02-24 04:00:00,32.0
600,2023-02-24 16:00:00,2023-02-24 05:00:00,32.3
600,2023-02-24 17:00:00,2023-02-24 06:00:00,33.3
600,2023-02-24 18:00:00,2023-02-24 07:00:00,33.4
600,2023-02-24 19:00:00,2023-02-24 08:00:00,32.1
600,2023-02-24 20:00:00,2023-02-24 09:00:00,30.7
600,2023-02-24 21:00:00,2023-02-24 10:00:00,28.7
600,2023-02-24 22:00:00,2023-02-24 11:00:00,27.1
600,2023-02-24 23:00:00,2023-02-24 12:00:00,26.1
600,2023-02-25 00:00:00,2023-02-24 13:00:00,25.3
600,2023-02-25 01:00:00,2023-02-24 14:00:00,24.8
600,2023-02-25 02:00:00,2023-02-24 15:00:00,25.2
600,2023-02-25 03:00:00,2023-02-24 16:00:00,25.7
600,2023-02-25 04:00:00,2023-02-24 17:00:00,25.9
600,2023-02-25 05:00:00,2023-02-24 18:00:00,25.3
600,2023-02-25 06:00:00,2023-02-24 19:00:00,25.3
600,2023-02-25 07:00:00,2023-02-24 20:00:00,25.2
600,2023-02-25 08:00:00,2023-02-24 21:00:00,24.9
600,2023-02-25 09:00:00,2023-02-24 22:00:00,25.1
600,2023-02-25 10:00:00,2023-02-24 23:00:00,24.6
600,2023-02-25 11:00:00,2023-02-25 00:00:00,24.8
600,2023-02-25 12:00:00,2023-02-25 01:00:00,25.5
600,2023-02-25 13:00:00,2023-02-25 02:00:00,25.9
600,2023-02-25 14:00:00,2023-02-25 03:00:00,24.6
600,2023-02-25 15:00:00,2023-02-25 04:00:00,23.9
600,2023-02-25 16:00:00,2023-02-25 05:00:00,21.5
600,2023-02-25 17:00:00,2023-02-25 06:00:00,20.8
600,2023-02-25 18:00:00,2023-02-25 07:00:00,21.1
600,2023-02-25 19:00:00,2023-02-25 08:00:00,21.0
600,2023-02-25 20:00:00,2023-02-25 09:00:00,19.7
600,2023-02-25 21:00:00,2023-02-25 10:00:00,18.2
600,2023-02-25 22:00:00,2023-02-25 11:00:00,18.0
600,2023-02-25 23:00:00,2023-02-25 12:00:00,18.2
600,2023-02-26 00:00:00,2023-02-25 13:00:00,18.2
600,2023-02-26 01:00:00,2023-02-25 14:00:00,18.3
600,2023-02-26 02:00:00,2023-02-25 15:00:00,17.1
600,2023-02-26 03:00:00,2023-02-25 16:00:00,16.7
600,2023-02-26 04:00:00,2023-02-25 17:00:00,16.2
600,2023-02-26 05:00:00,2023-02-25 18:00:00,14.0
600,2023-02-26 06:00:00,2023-02-25 19:00:00,13.4
600,2023-02-26 07:00:00,2023-02-25 20:00:00,14.7
600,2023-02-26 08:00:00,2023-02-25 21:00:00,15.5
600,2023-02-26 09:00:00,2023-02-25 22:00:00,17.0
600,2023-02-26 10:00:00,2023-02-25 23:00:00,17.6
600,2023-02-26 11:00:00,2023-02-26 00:00:00,19.5
600,2023-02-26 12:00:00,2023-02-26 01:00:00,20.9
600,2023-02-26 13:00:00,2023-02-26 02:00:00,22.0
600,2023-02-26 14:00:00,2023-02-26 03:00:00,22.8
600,2023-02-26 15:00:00,2023-02-26 04:00:00,23.1
600,2023-02-26 16:00:00,2023-02-26 05:00:00,23.3
600,2023-02-26 17:00:00,2023-02-26 06:00:00,20.1
600,2023-02-26 18:00:00,2023-02-26 07:00:00,22.0
600,2023-02-26 19:00:00,2023-02-26 08:00:00,20.9
600,2023-02-26 20:00:00,2023-02-26 09:00:00,19.0
600,2023-02-26 21:00:00,2023-02-26 10:00:00,18.4
600,2023-02-26 22:00:00,2023-02-26 11:00:00,18.1
600,2023-02-26 23:00:00,2023-02-26 12:00:00,17.9
600,2023-02-27 00:00:00,2023-02-26 13:00:00,17.7
600,2023-02-27 01:00:00,2023-02-26 14:00:00,16.7
600,2023-02-27 02:00:00,2023-02-26 15:00:00,16.6
600,2023-02-27 03:00:00,2023-02-26 16:00:00,16.2
600,2023-02-27 04:00:00,2023-02-26 17:00:00,16.4
600,2023-02-27 05:00:00,2023-02-26 18:00:00,16.6
600,2023-02-27 06:00:00,2023-02-26 19:00:00,16.2
600,2023-02-27 07:00:00,2023-02-26 20:00:00,16.5
600,2023-02-27 08:00:00,2023-02-26 21:00:00,16.7
600,2023-02-27 09:00:00,2023-02-26 22:00:00,17.3
600,2023-02-27 10:00:00,2023-02-26 23:00:00,18.2
600,2023-02-27 11:00:00,2023-02-27 00:00:00,18.6
600,2023-02-27 12:00:00,2023-02-27 01:00:00,18.9
600,2023-02-27 13:00:00,2023-02-27 02:00:00,19.9
600,2023-02-27 14:00:00,2023-02-27 03:00:00,20.7
600,2023-02-27 15:00:00,2023-02-27 04:00:00,21.0
600,2023-02-27 16:00:00,2023-02-27 05:00:00,20.4
600,2023-02-27 17:00:00,2023-02-27 06:00:00,19.6
600,2023-02-27 18:00:00,2023-02-27 07:00:00,19.1
600,2023-02-27 19:00:00,2023-02-27 08:00:00,18.3
600,2023-02-27 20:00:00,2023-02-27 09:00:00,17.5
600,2023-02-27 21:00:00,2023-02-27 10:00:00,17.1
600,2023-02-27 22:00:00,2023-02-27 11:00:00,16.9
600,2023-02-27 23:00:00,2023-02-27 12:00:00,17.1
600,2023-02-28 00:00:00,2023-02-27 13:00:00,17.2
600,2023-02-28 01:00:00,2023-02-27 14:00:00,17.2
600,2023-02-28 02:00:00,2023-02-27 15:00:00,17.1
600,2023-02-28 03:00:00,2023-02-27 16:00:00,16.8
600,2023-02-28 04:00:00,2023-02-27 17:00:00,16.6
600,2023-02-28 05:00:00,2023-02-27 18:00:00,16.3
600,2023-02-28 06:00:00,2023-02-27 19:00:00,16.4
600,2023-02-28 07:00:00,2023-02-27 20:00:00,16.3
600,2023-02-28 08:00:00,2023-02-27 21:00:00,15.5
600,2023-02-28 09:00:00,2023-02-27 22:00:00,14.9
600,2023-02-28 10:00:00,2023-02-27 23:00:00,15.0
600,2023-02-28 11:00:00,2023-02-28 00:00:00,15.4
600,2023-02-28 12:00:00,2023-02-28 01:00:00,15.4
600,2023-02-28 13:00:00,2023-02-28 02:00:00,15.6
600,2023-02-28 14:00:00,2023-02-28 03:00:00,16.2
600,2023-02-28 15:00:00,2023-02-28 04:00:00,16.8
600,2023-02-28 16:00:00,2023-02-28 05:00:00,17.2
600,2023-02-28 17:00:00,2023-02-28 06:00:00,17.9
600,2023-02-28 18:00:00,2023-02-28 07:00:00,17.4
600,2023-02-28 19:00:00,2023-02-28 08:00:00,16.8
600,2023-02-28 20:00:00,2023-02-28 09:00:00,16.4
600,2023-02-28 21:00:00,2023-02-28 10:00:00,16.3
600,2023-02-28 22:00:00,2023-02-28 11:00:00,16.2
600,2023-02-28 23:00:00,2023-02-28 12:00:00,16.2
400,2022-12-01 00:00:00,2022-11-30 13:00:00,13.3
400,2022-12-01 01:00:00,2022-11-30 14:00:00,13.2
400,2022-12-01 02:00:00,2022-11-30 15:00:00,13.2
400,2022-12-01 03:00:00,2022-11-30 16:00:00,13.2
400,2022-12-01 04:00:00,2022-11-30 17:00:00,12.8
400,2022-12-01 05:00:00,2022-11-30 18:00:00,12.4
400,2022-12-01 06:00:00,2022-11-30 19:00:00,12.5
400,2022-12-01 07:00:00,2022-11-30 20:00:00,12.9
400,2022-12-01 08:00:00,2022-11-30 21:00:00,14.1
400,2022-12-01 09:00:00,2022-11-30 22:00:00,14.6
400,2022-12-01 10:00:00,2022-11-30 23:00:00,15.1
400,2022-12-01 11:00:00,2022-12-01 00:00:00,16.9
400,2022-12-01 12:00:00,2022-12-01 01:00:00,16.6
400,2022-12-01 13:00:00,2022-12-01 02:00:00,17.3
400,2022-12-01 14:00:00,2022-12-01 03:00:00,17.8
400,2022-12-01 15:00:00,2022-12-01 04:00:00,17.8
400,2022-12-01 16:00:00,2022-12-01 05:00:00,17.6
400,2022-12-01 17:00:00,2022-12-01 06:00:00,17.7
400,2022-12-01 18:00:00,2022-12-01 07:00:00,16.9
400,2022-12-01 19:00:00,2022-12-01 08:00:00,16.0
400,2022-12-01 20:00:00,2022-12-01 09:00:00,14.6
400,2022-12-01 21:00:00,2022-12-01 10:00:00,13.2
400,2022-12-01 22:00:00,2022-12-01 11:00:00,13.1
400,2022-12-01 23:00:00,2022-12-01 12:00:00,12.2
400,2022-12-02 00:00:00,2022-12-01 13:00:00,11.2
400,2022-12-02 01:00:00,2022-12-01 14:00:00,10.2
400,2022-12-02 02:00:00,2022-12-01 15:00:00,10.9
400,2022-12-02 03:00:00,2022-12-01 16:00:00,10.8
400,2022-12-02 04:00:00,2022-12-01 17:00:00,10.2
400,2022-12-02 05:00:00,2022-12-01 18:00:00,8.9
400,2022-12-02 06:00:00,2022-12-01 19:00:00,8.0
400,2022-12-02 07:00:00,2022-12-01 20:00:00,10.3
400,2022-12-02 08:00:00,2022-12-01 21:00:00,12.3
400,2022-12-02 09:00:00,2022-12-01 22:00:00,13.3
400,2022-12-02 10:00:00,2022-12-01 23:00:00,15.1
400,2022-12-02 11:00:00,2022-12-02 00:00:00,16.5
400,2022-12-02 12:00:00,2022-12-02 01:00:00,18.7
400,2022-12-02 13:00:00,2022-12-02 02:00:00,21.5
400,2022-12-02 14:00:00,2022-12-02 03:00:00,22.4
400,2022-12-02 15:00:00,2022-12-02 04:00:00,23.6
400,2022-12-02 16:00:00,2022-12-02 05:00:00,23.6
400,2022-12-02 17:00:00,2022-12-02 06:00:00,23.5
400,2022-12-02 18:00:00,2022-12-02 07:00:00,22.4
400,2022-12-02 19:00:00,2022-12-02 08:00:00,21.1
400,2022-12-02 20:00:00,2022-12-02 09:00:00,19.3
400,2022-12-02 21:00:00,2022-12-02 10:00:00,16.9
400,2022-12-02 22:00:00,2022-12-02 11:00:00,15.6
400,2022-12-02 23:00:00,2022-12-02 12:00:00,14.5
400,2022-12-03 00:00:00,2022-12-02 13:00:00,13.9
400,2022-12-03 01:00:00,2022-12-02 14:00:00,13.7
400,2022-12-03 02:00:00,2022-12-02 15:00:00,13.1
400,2022-12-03 03:00:00,2022-12-02 16:00:00,13.0
400,2022-12-03 04:00:00,2022-12-02 17:00:00,13.0
400,2022-12-03 05:00:00,2022-12-02 18:00:00,13.0
400,2022-12-03 06:00:00,2022-12-02 19:00:00,13.1
400,2022-12-03 07:00:00,2022-12-02 20:00:00,13.9
400,2022-12-03 08:00:00,2022-12-02 21:00:00,18.4
400,2022-12-03 09:00:00,2022-12-02 22:00:00,22.2
400,2022-12-03 10:00:00,2022-12-02 23:00:00,24.2
400,2022-12-03 11:00:00,2022-12-03 00:00:00,26.1
400,2022-12-03 12:00:00,2022-12-03 01:00:00,28.4
400,2022-12-03 13:00:00,2022-12-03 02:00:00,27.7
400,2022-12-03 14:00:00,2022-12-03 03:00:00,29.4
400,2022-12-03 15:00:00,2022-12-03 04:00:00,29.3
400,2022-12-03 16:00:00,2022-12-03 05:00:00,29.5
400,2022-12-03 17:00:00,2022-12-03 06:00:00,29.4
400,2022-12-03 18:00:00,2022-12-03 07:00:00,29.1
400,2022-12-03 19:00:00,2022-12-03 08:00:00,26.9
400,2022-12-03 20:00:00,2022-12-03 09:00:00,25.0
400,2022-12-03 21:00:00,2022-12-03 10:00:00,22.4
400,2022-12-03 22:00:00,2022-12-03 11:00:00,20.9
400,2022-12-03 23:00:00,2022-12-03 12:00:00,19.5
400,2022-12-04 00:00:00,2022-12-03 13:00:00,18.6
400,2022-12-04 01:00:00,2022-12-03 14:00:00,17.5
400,2022-12-04 02:00:00,2022-12-03 15:00:00,17.0
400,2022-12-04 03:00:00,2022-12-03 16:00:00,16.8
400,2022-12-04 04:00:00,,15.8
400,2022-12-04 05:00:00,2022-12-03 18:00:00,14.8
400,2022-12-04 06:00:00,2022-12-03 19:00:00,15.2
400,2022-12-04 07:00:00,2022-12-03 20:00:00,19.2
400,2022-12-04 08:00:00,2022-12-03 21:00:00,22.9
400,2022-12-04 09:00:00,2022-12-03 22:00:00,26.0
400,2022-12-04 10:00:00,2022-12-03 23:00:00,28.4
400,2022-12-04 11:00:00,2022-12-04 00:00:00,30.4
400,2022-12-04 12:00:00,2022-12-04 01:00:00,30.9
400,2022-12-04 13:00:00,2022-12-04 02:00:00,31.9
400,2022-12-04 14:00:00,2022-12-04 03:00:00,32.4
400,2022-12-04 15:00:00,2022-12-04 04:00:00,32.4
400,2022-12-04 16:00:00,2022-12-04 05:00:00,32.6
400,2022-12-04 17:00:00,2022-12-04 06:00:00,33.4
400,2022-12-04 18:00:00,2022-12-04 07:00:00,32.5
400,2022-12-04 19:00:00,2022-12-04 08:00:00,31.4
400,2022-12-04 20:00:00,2022-12-04 09:00:00,29.1
400,2022-12-04 21:00:00,2022-12-04 10:00:00,27.8
400,2022-12-04 22:00:00,2022-12-04 11:00:00,26.8
400,2022-12-04 23:00:00,2022-12-04 12:00:00,25.4
400,2022-12-05 00:00:00,2022-12-04 13:00:00,24.4
400,2022-12-05 01:00:00,2022-12-04 14:00:00,21.0
400,2022-12-05 02:00:00,2022-12-04 15:00:00,19.0
400,2022-12-05 03:00:00,2022-12-04 16:00:00,17.8
400,2022-12-05 04:00:00,2022-12-04 17:00:00,16.7
400,2022-12-05 05:00:00,2022-12-04 18:00:00,16.4
400,2022-12-05 06:00:00,2022-12-04 19:00:00,16.4
400,2022-12-05 07:00:00,2022-12-04 20:00:00,15.8
400,2022-12-05 08:00:00,2022-12-04 21:00:00,15.9
400,2022-12-05 09:00:00,2022-12-04 22:00:00,15.0
400,2022-12-05 10:00:00,2022-12-04 23:00:00,13.9
400,2022-12-05 11:00:00,2022-12-05 00:00:00,14.8
400,2022-12-05 12:00:00,2022-12-05 01:00:00,17.0
400,2022-12-05 13:00:00,2022-12-05 02:00:00,18.2
400,2022-12-05 14:00:00,2022-12-05 03:00:00,17.6
400,2022-12-05 15:00:00,2022-12-05 04:00:00,15.9
400,2022-12-05 16:00:00,2022-12-05 05:00:00,17.4
400,2022-12-05 17:00:00,2022-12-05 06:00:00,16.4
400,2022-12-05 18:00:00,2022-12-05 07:00:00,15.7
400,2022-12-05 19:00:00,2022-12-05 08:00:00,14.6
400,2022-12-05 20:00:00,2022-12-05 09:00:00,14.2
400,2022-12-05 21:00:00,2022-12-05 10:00:00,13.5
400,2022-12-05 22:00:00,2022-12-05 11:00:00,12.3
400,2022-12-05 23:00:00,2022-12-05 12:00:00,12.5
400,2022-12-06 00:00:00,2022-12-05 13:00:00,11.9
400,2022-12-06 01:00:00,2022-12-05 14:00:00,12.0
400,2022-12-06 02:00:00,2022-12-05 15:00:00,11.2
400,2022-12-06 03:00:00,2022-12-05 16:00:00,11.3
400,2022-12-06 04:00:00,2022-12-05 17:00:00,11.5
400,2022-12-06 05:00:00,2022-12-05 18:00:00,11.6
400,2022-12-06 06:00:00,2022-12-05 19:00:00,11.6
400,2022-12-06 07:00:00,2022-12-05 20:00:00,11.8
400,2022-12-06 08:00:00,2022-12-05 21:00:00,12.9
400,2022-12-06 09:00:00,2022-12-05 22:00:00,14.5
400,2022-12-06 10:00:00,2022-12-05 23:00:00,15.1
400,2022-12-06 11:00:00,2022-12-06 00:00:00,17.7
400,2022-12-06 12:00:00,2022-12-06 01:00:00,17.7
400,2022-12-06 13:00:00,2022-12-06 02:00:00,18.2
400,2022-12-06 14:00:00,2022-12-06 03:00:00,18.9
400,2022-12-06 15:00:00,2022-12-06 04:00:00,19.4
400,2022-12-06 16:00:00,2022-12-06 05:00:00,20.4
400,2022-12-06 17:00:00,2022-12-06 06:00:00,19.8
400,2022-12-06 18:00:00,2022-12-06 07:00:00,19.6
400,2022-12-06 19:00:00,2022-12-06 08:00:00,18.9
400,2022-12-06 20:00:00,2022-12-06 09:00:00,16.9
400,2022-12-06 21:00:00,2022-12-06 10:00:00,14.9
400,2022-12-06 22:00:00,2022-12-06 11:00:00,13.9
400,2022-12-06 23:00:00,2022-12-06 12:00:00,13.8
400,2022-12-07 00:00:00,2022-12-06 13:00:00,12.4
400,2022-12-07 01:00:00,2022-12-06 14:00:00,12.5
400,2022-12-07 02:00:00,2022-12-06 15:00:00,12.4
400,2022-12-07 03:00:00,2022-12-06 16:00:00,12.2
400,2022-12-07 04:00:00,2022-12-06 17:00:00,11.5
400,2022-12-07 05:00:00,2022-12-06 18:00:00,11.8
400,2022-12-07 06:00:00,2022-12-06 19:00:00,10.6
400,2022-12-07 07:00:00,2022-12-06 20:00:00,11.7
400,2022-12-07 08:00:00,2022-12-06 21:00:00,13.9
400,2022-12-07 09:00:00,2022-12-06 22:00:00,14.0
400,2022-12-07 10:00:00,2022-12-06 23:00:00,15.2
400,2022-12-07 11:00:00,2022-12-07 00:00:00,17.3
400,2022-12-07 12:00:00,2022-12-07 01:00:00,18.9
400,2022-12-07 13:00:00,2022-12-07 02:00:00,18.9
400,2022-12-07 14:00:00,2022-12-07 03:00:00,18.1
400,2022-12-07 15:00:00,2022-12-07 04:00:00,18.3
400,2022-12-07 16:00:00,2022-12-07 05:00:00,16.6
400,2022-12-07 17:00:00,2022-12-07 06:00:00,16.5
400,2022-12-07 18:00:00,2022-12-07 07:00:00,16.6
400,2022-12-07 19:00:00,2022-12-07 08:00:00,18.4
400,2022-12-07 20:00:00,2022-12-07 09:00:00,12.3
400,2022-12-07 21:00:00,2022-12-07 10:00:00,12.0
400,2022-12-07 22:00:00,2022-12-07 11:00:00,12.1
400,2022-12-07 23:00:00,2022-12-07 12:00:00,10.2
400,2022-12-08 00:00:00,2022-12-07 13:00:00,9.2
400,2022-12-08 01:00:00,2022-12-07 14:00:00,8.0
400,2022-12-08 02:00:00,2022-12-07 15:00:00,7.8
400,2022-12-08 03:00:00,2022-12-07 16:00:00,7.7
400,2022-12-08 04:00:00,2022-12-07 17:00:00,7.4
400,2022-12-08 05:00:00,2022-12-07 18:00:00,7.5
400,2022-12-08 06:00:00,2022-12-07 19:00:00,6.9
400,2022-12-08 07:00:00,2022-12-07 20:00:00,8.0
400,2022-12-08 08:00:00,2022-12-07 21:00:00,9.9
400,2022-12-08 09:00:00,2022-12-07 22:00:00,11.4
400,2022-12-08 10:00:00,2022-12-07 23:00:00,12.9
400,2022-12-08 11:00:00,2022-12-08 00:00:00,13.1
400,2022-12-08 12:00:00,2022-12-08 01:00:00,13.9
400,2022-12-08 13:00:00,2022-12-08 02:00:00,14.6
400,2022-12-08 14:00:00,2022-12-08 03:00:00,14.1
400,2022-12-08 15:00:00,2022-12-08 04:00:00,13.3
400,2022-12-08 16:00:00,2022-12-08 05:00:00,15.7
400,2022-12-08 17:00:00,2022-12-08 06:00:00,15.2
400,2022-12-08 18:00:00,2022-12-08 07:00:00,14.3
400,2022-12-08 19:00:00,2022-12-08 08:00:00,13.2
400,2022-12-08 20:00:00,2022-12-08 09:00:00,13.0
400,2022-12-08 21:00:00,2022-12-08 10:00:00,11.7
400,2022-12-08 22:00:00,,10.5
400,2022-12-08 23:00:00,2022-12-08 12:00:00,9.3
400,2022-12-09 00:00:00,2022-12-08 13:00:00,9.3
400,2022-12-09 01:00:00,2022-12-08 14:00:00,9.4
400,2022-12-09 02:00:00,2022-12-08 15:00:00,9.5
400,2022-12-09 03:00:00,2022-12-08 16:00:00,8.0
400,2022-12-09 04:00:00,2022-12-08 17:00:00,8.5
400,2022-12-09 05:00:00,2022-12-08 18:00:00,8.3
400,2022-12-09 06:00:00,2022-12-08 19:00:00,9.5
400,2022-12-09 07:00:00,2022-12-08 20:00:00,8.6
400,2022-12-09 08:00:00,2022-12-08 21:00:00,10.6
400,2022-12-09 09:00:00,2022-12-08 22:00:00,12.8
400,2022-12-09 10:00:00,2022-12-08 23:00:00,13.9
400,2022-12-09 11:00:00,2022-12-09 00:00:00,14.7
400,2022-12-09 12:00:00,2022-12-09 01:00:00,15.0
400,2022-12-09 13:00:00,2022-12-09 02:00:00,15.0
400,2022-12-09 14:00:00,2022-12-09 03:00:00,15.4
400,2022-12-09 15:00:00,2022-12-09 04:00:00,16.2
400,2022-12-09 16:00:00,2022-12-09 05:00:00,15.7
400,2022-12-09 17:00:00,2022-12-09 06:00:00,16.2
400,2022-12-09 18:00:00,2022-12-09 07:00:00,15.9
400,2022-12-09 19:00:00,2022-12-09 08:00:00,15.4
400,2022-12-09 20:00:00,2022-12-09 09:00:00,14.3
400,2022-12-09 21:00:00,2022-12-09 10:00:00,12.7
400,2022-12-09 22:00:00,2022-12-09 11:00:00,12.1
400,2022-12-09 23:00:00,2022-12-09 12:00:00,11.2
400,2022-12-10 00:00:00,2022-12-09 13:00:00,9.5
400,2022-12-10 01:00:00,2022-12-09 14:00:00,8.1
400,2022-12-10 02:00:00,2022-12-09 15:00:00,7.3
400,2022-12-10 03:00:00,2022-12-09 16:00:00,6.4
400,2022-12-10 04:00:00,2022-12-09 17:00:00,6.7
400,2022-12-10 05:00:00,2022-12-09 18:00:00,6.2
400,2022-12-10 06:00:00,2022-12-09 19:00:00,6.4
400,2022-12-10 07:00:00,2022-12-09 20:00:00,7.9
400,2022-12-10 08:00:00,2022-12-09 21:00:00,10.7
400,2022-12-10 09:00:00,2022-12-09 22:00:00,13.1
400,2022-12-10 10:00:00,2022-12-09 23:00:00,15.0
400,2022-12-10 11:00:00,2022-12-10 00:00:00,18.5
400,2022-12-10 12:00:00,2022-12-10 01:00:00,21.3
400,2022-12-10 13:00:00,2022-12-10 02:00:00,22.6
400,2022-12-10 14:00:00,2022-12-10 03:00:00,24.4
400,2022-12-10 15:00:00,2022-12-10 04:00:00,24.3
400,2022-12-10 16:00:00,2022-12-10 05:00:00,25.2
400,2022-12-10 17:00:00,2022-12-10 06:00:00,25.6
400,2022-12-10 18:00:00,2022-12-10 07:00:00,26.1
400,2022-12-10 19:00:00,2022-12-10 08:00:00,24.5
400,2022-12-10 20:00:00,2022-12-10 09:00:00,21.5
400,2022-12-10 21:00:00,2022-12-10 10:00:00,19.0
400,2022-12-10 22:00:00,2022-12-10 11:00:00,16.8
400,2022-12-10 23:00:00,2022-12-10 12:00:00,16.7
400,2022-12-11 00:00:00,2022-12-10 13:00:00,16.8
400,2022-12-11 01:00:00,2022-12-10 14:00:00,16.1
400,2022-12-11 02:00:00,2022-12-10 15:00:00,16.9
400,2022-12-11 03:00:00,2022-12-10 16:00:00,16.0
400,2022-12-11 04:00:00,2022-12-10 17:00:00,15.5
400,2022-12-11 05:00:00,2022-12-10 18:00:00,17.2
400,2022-12-11 06:00:00,2022-12-10 19:00:00,17.0
400,2022-12-11 07:00:00,2022-12-10 20:00:00,16.6
400,2022-12-11 08:00:00,2022-12-10 21:00:00,19.5
400,2022-12-11 09:00:00,2022-12-10 22:00:00,20.3
400,2022-12-11 10:00:00,2022-12-10 23:00:00,24.4
400,2022-12-11 11:00:00,2022-12-11 00:00:00,25.2
400,2022-12-11 12:00:00,2022-12-11 01:00:00,26.7
400,2022-12-11 13:00:00,2022-12-11 02:00:00,27.9
400,2022-12-11 14:00:00,2022-12-11 03:00:00,26.3
400,2022-12-11 15:00:00,2022-12-11 04:00:00,24.1
400,2022-12-11 16:00:00,2022-12-11 05:00:00,22.5
400,2022-12-11 17:00:00,2022-12-11 06:00:00,19.9
400,2022-12-11 18:00:00,2022-12-11 07:00:00,18.4
400,2022-12-11 19:00:00,2022-12-11 08:00:00,15.9
400,2022-12-11 20:00:00,2022-12-11 09:00:00,16.1
400,2022-12-11 21:00:00,2022-12-11 10:00:00,15.6
400,2022-12-11 22:00:00,2022-12-11 11:00:00,15.2
400,2022-12-11 23:00:00,2022-12-11 12:00:00,15.1
400,2022-12-12 00:00:00,2022-12-11 13:00:00,14.2
400,2022-12-12 01:00:00,2022-12-11 14:00:00,13.7
400,2022-12-12 02:00:00,2022-12-11 15:00:00,13.5
400,2022-12-12 03:00:00,2022-12-11 16:00:00,12.9
400,2022-12-12 04:00:00,2022-12-11 17:00:00,12.9
400,2022-12-12 05:00:00,2022-12-11 18:00:00,12.9
400,2022-12-12 06:00:00,2022-12-11 19:00:00,11.3
400,2022-12-12 07:00:00,2022-12-11 20:00:00,10.9
400,2022-12-12 08:00:00,2022-12-11 21:00:00,11.2
400,2022-12-12 09:00:00,2022-12-11 22:00:00,12.1
400,2022-12-12 10:00:00,2022-12-11 23:00:00,12.5
400,2022-12-12 11:00:00,2022-12-12 00:00:00,14.3
400,2022-12-12 12:00:00,2022-12-12 01:00:00,14.2
400,2022-12-12 13:00:00,2022-12-12 02:00:00,15.2
400,2022-12-12 14:00:00,2022-12-12 03:00:00,12.7
400,2022-12-12 15:00:00,2022-12-12 04:00:00,13.5
400,2022-12-12 16:00:00,2022-12-12 05:00:00,15.2
400,2022-12-12 17:00:00,2022-12-12 06:00:00,15.5
400,2022-12-12 18:00:00,2022-12-12 07:00:00,13.2
400,2022-12-12 19:00:00,2022-12-12 08:00:00,12.7
400,2022-12-12 20:00:00,2022-12-12 09:00:00,12.9
400,2022-12-12 21:00:00,2022-12-12 10:00:00,12.0
400,2022-12-12 22:00:00,2022-12-12 11:00:00,10.6
400,2022-12-12 23:00:00,2022-12-12 12:00:00,11.3
400,2022-12-13 00:00:00,2022-12-12 13:00:00,11.4
400,2022-12-13 01:00:00,2022-12-12 14:00:00,10.1
400,2022-12-13 02:00:00,2022-12-12 15:00:00,10.3
400,2022-12-13 03:00:00,2022-12-12 16:00:00,10.0
400,2022-12-13 04:00:00,2022-12-12 17:00:00,9.7
400,2022-12-13 05:00:00,2022-12-12 18:00:00,10.0
400,2022-12-13 06:00:00,2022-12-12 19:00:00,10.0
400,2022-12-13 07:00:00,2022-12-12 20:00:00,10.5
400,2022-12-13 08:00:00,2022-12-12 21:00:00,12.1
400,2022-12-13 09:00:00,2022-12-12 22:00:00,13.2
400,2022-12-13 10:00:00,2022-12-12 23:00:00,14.5
400,2022-12-13 11:00:00,2022-12-13 00:00:00,14.9
400,2022-12-13 12:00:00,2022-12-13 01:00:00,17.3
400,2022-12-13 13:00:00,2022-12-13 02:00:00,17.3
400,2022-12-13 14:00:00,2022-12-13 03:00:00,13.8
400,2022-12-13 15:00:00,2022-12-13 04:00:00,11.8
400,2022-12-13 16:00:00,2022-12-13 05:00:00,12.1
400,2022-12-13 17:00:00,2022-12-13 06:00:00,13.3
400,2022-12-13 18:00:00,2022-12-13 07:00:00,15.1
400,2022-12-13 19:00:00,2022-12-13 08:00:00,13.7
400,2022-12-13 20:00:00,2022-12-13 09:00:00,12.2
400,2022-12-13 21:00:00,2022-12-13 10:00:00,10.6
400,2022-12-13 22:00:00,2022-12-13 11:00:00,9.0
400,2022-12-13 23:00:00,2022-12-13 12:00:00,8.1
400,2022-12-14 00:00:00,2022-12-13 13:00:00,7.3
400,2022-12-14 01:00:00,2022-12-13 14:00:00,7.2
400,2022-12-14 02:00:00,2022-12-13 15:00:00,7.4
400,2022-12-14 03:00:00,2022-12-13 16:00:00,7.8
400,2022-12-14 04:00:00,2022-12-13 17:00:00,8.6
400,2022-12-14 05:00:00,2022-12-13 18:00:00,9.4
400,2022-12-14 06:00:00,2022-12-13 19:00:00,9.2
400,2022-12-14 07:00:00,2022-12-13 20:00:00,9.4
400,2022-12-14 08:00:00,2022-12-13 21:00:00,10.2
400,2022-12-14 09:00:00,2022-12-13 22:00:00,11.1
400,2022-12-14 10:00:00,2022-12-13 23:00:00,11.3
400,2022-12-14 11:00:00,2022-12-14 00:00:00,13.1
400,2022-12-14 12:00:00,2022-12-14 01:00:00,12.6
400,2022-12-14 13:00:00,2022-12-14 02:00:00,12.3
400,2022-12-14 14:00:00,2022-12-14 03:00:00,13.9
400,2022-12-14 15:00:00,2022-12-14 04:00:00,14.0
400,2022-12-14 16:00:00,2022-12-14 05:00:00,14.3
400,2022-12-14 17:00:00,2022-12-14 06:00:00,15.1
400,2022-12-14 18:00:00,2022-12-14 07:00:00,15.0
400,2022-12-14 19:00:00,2022-12-14 08:00:00,13.0
400,2022-12-14 20:00:00,2022-12-14 09:00:00,11.8
400,2022-12-14 21:00:00,2022-12-14 10:00:00,11.5
400,2022-12-14 22:00:00,2022-12-14 11:00:00,10.7
400,2022-12-14 23:00:00,2022-12-14 12:00:00,10.3
400,2022-12-15 00:00:00,2022-12-14 13:00:00,10.9
400,2022-12-15 01:00:00,2022-12-14 14:00:00,10.2
400,2022-12-15 02:00:00,2022-12-14 15:00:00,10.3
400,2022-12-15 03:00:00,2022-12-14 16:00:00,9.5
400,2022-12-15 04:00:00,2022-12-14 17:00:00,10.1
400,2022-12-15 05:00:00,2022-12-14 18:00:00,9.9
400,2022-12-15 06:00:00,2022-12-14 19:00:00,10.5
400,2022-12-15 07:00:00,2022-12-14 20:00:00,9.7
400,2022-12-15 08:00:00,2022-12-14 21:00:00,10.3
400,2022-12-15 09:00:00,2022-12-14 22:00:00,11.5
400,2022-12-15 10:00:00,2022-12-14 23:00:00,12.8
400,2022-12-15 11:00:00,2022-12-15 00:00:00,10.6
400,2022-12-15 12:00:00,2022-12-15 01:00:00,12.2
400,2022-12-15 13:00:00,2022-12-15 02:00:00,15.5
400,2022-12-15 14:00:00,2022-12-15 03:00:00,15.5
400,2022-12-15 15:00:00,2022-12-15 04:00:00,15.7
400,2022-12-15 16:00:00,2022-12-15 05:00:00,15.3
400,2022-12-15 17:00:00,2022-12-15 06:00:00,15.0
400,2022-12-15 18:00:00,2022-12-15 07:00:00,14.9
400,2022-12-15 19:00:00,2022-12-15 08:00:00,14.0
400,2022-12-15 20:00:00,2022-12-15 09:00:00,13.2
400,2022-12-15 21:00:00,2022-12-15 10:00:00,11.6
400,2022-12-15 22:00:00,2022-12-15 11:00:00,10.8
400,2022-12-15 23:00:00,2022-12-15 12:00:00,12.1
400,2022-12-16 00:00:00,2022-12-15 13:00:00,12.1
400,2022-12-16 01:00:00,2022-12-15 14:00:00,12.2
400,2022-12-16 02:00:00,2022-12-15 15:00:00,11.8
400,2022-12-16 03:00:00,2022-12-15 16:00:00,12.1
400,2022-12-16 04:00:00,2022-12-15 17:00:00,11.1
400,2022-12-16 05:00:00,2022-12-15 18:00:00,10.9
400,2022-12-16 06:00:00,2022-12-15 19:00:00,10.7
400,2022-12-16 07:00:00,2022-12-15 20:00:00,10.7
400,2022-12-16 08:00:00,2022-12-15 21:00:00,11.4
400,2022-12-16 09:00:00,2022-12-15 22:00:00,14.3
400,2022-12-16 10:00:00,2022-12-15 23:00:00,15.9
400,2022-12-16 11:00:00,2022-12-16 00:00:00,17.0
400,2022-12-16 12:00:00,2022-12-16 01:00:00,16.4
400,2022-12-16 13:00:00,2022-12-16 02:00:00,17.2
400,2022-12-16 14:00:00,2022-12-16 03:00:00,18.3
400,2022-12-16 15:00:00,2022-12-16 04:00:00,18.4
400,2022-12-16 16:00:00,2022-12-16 05:00:00,17.9
400,2022-12-16 17:00:00,2022-12-16 06:00:00,18.4
400,2022-12-16 18:00:00,2022-12-16 07:00:00,16.9
400,2022-12-16 19:00:00,2022-12-16 08:00:00,16.1
400,2022-12-16 20:00:00,2022-12-16 09:00:00,15.5
400,2022-12-16 21:00:00,2022-12-16 10:00:00,14.2
400,2022-12-16 22:00:00,2022-12-16 11:00:00,13.5
400,2022-12-16 23:00:00,2022-12-16 12:00:00,12.9
400,2022-12-17 00:00:00,2022-12-16 13:00:00,12.3
400,2022-12-17 01:00:00,2022-12-16 14:00:00,11.1
400,2022-12-17 02:00:00,2022-12-16 15:00:00,10.4
400,2022-12-17 03:00:00,2022-12-16 16:00:00,10.1
400,2022-12-17 04:00:00,2022-12-16 17:00:00,8.4
400,2022-12-17 05:00:00,2022-12-16 18:00:00,8.2
400,2022-12-17 06:00:00,2022-12-16 19:00:00,8.5
400,2022-12-17 07:00:00,2022-12-16 20:00:00,10.5
400,2022-12-17 08:00:00,2022-12-16 21:00:00,13.1
400,2022-12-17 09:00:00,2022-12-16 22:00:00,15.4
400,2022-12-17 10:00:00,2022-12-16 23:00:00,17.1
400,2022-12-17 11:00:00,2022-12-17 00:00:00,17.4
400,2022-12-17 12:00:00,2022-12-17 01:00:00,18.6
400,2022-12-17 13:00:00,2022-12-17 02:00:00,19.6
400,2022-12-17 14:00:00,2022-12-17 03:00:00,20.1
400,2022-12-17 15:00:00,2022-12-17 04:00:00,21.4
400,2022-12-17 16:00:00,2022-12-17 05:00:00,21.1
400,2022-12-17 17:00:00,2022-12-17 06:00:00,20.8
400,2022-12-17 18:00:00,2022-12-17 07:00:00,20.6
400,2022-12-17 19:00:00,2022-12-17 08:00:00,20.1
400,2022-12-17 20:00:00,2022-12-17 09:00:00,18.6
400,2022-12-17 21:00:00,2022-12-17 10:00:00,17.1
400,2022-12-17 22:00:00,2022-12-17 11:00:00,16.1
400,2022-12-17 23:00:00,2022-12-17 12:00:00,15.0
400,2022-12-18 00:00:00,2022-12-17 13:00:00,13.1
400,2022-12-18 01:00:00,2022-12-17 14:00:00,11.8
400,2022-12-18 02:00:00,2022-12-17 15:00:00,10.6
400,2022-12-18 03:00:00,2022-12-17 16:00:00,9.6
400,2022-12-18 04:00:00,2022-12-17 17:00:00,8.7
400,2022-12-18 05:00:00,2022-12-17 18:00:00,7.6
400,2022-12-18 06:00:00,2022-12-17 19:00:00,8.0
400,2022-12-18 07:00:00,2022-12-17 20:00:00,9.8
400,2022-12-18 08:00:00,2022-12-17 21:00:00,12.1
400,2022-12-18 09:00:00,2022-12-17 22:00:00,14.3
400,2022-12-18 10:00:00,2022-12-17 23:00:00,15.4
400,2022-12-18 11:00:00,2022-12-18 00:00:00,17.5
400,2022-12-18 12:00:00,2022-12-18 01:00:00,18.9
400,2022-12-18 13:00:00,2022-12-18 02:00:00,19.9
400,2022-12-18 14:00:00,2022-12-18 03:00:00,21.6
400,2022-12-18 15:00:00,2022-12-18 04:00:00,21.8
400,2022-12-18 16:00:00,2022-12-18 05:00:00,21.8
400,2022-12-18 17:00:00,2022-12-18 06:00:00,22.8
400,2022-12-18 18:00:00,2022-12-18 07:00:00,22.6
400,2022-12-18 19:00:00,2022-12-18 08:00:00,21.6
400,2022-12-18 20:00:00,2022-12-18 09:00:00,19.8
400,2022-12-18 21:00:00,2022-12-18 10:00:00,17.8
400,2022-12-18 22:00:00,2022-12-18 11:00:00,16.0
400,2022-12-18 23:00:00,2022-12-18 12:00:00,15.1
400,2022-12-19 00:00:00,2022-12-18 13:00:00,12.8
400,2022-12-19 01:00:00,2022-12-18 14:00:00,11.0
400,2022-12-19 02:00:00,2022-12-18 15:00:00,10.2
400,2022-12-19 03:00:00,2022-12-18 16:00:00,9.5
400,2022-12-19 04:00:00,2022-12-18 17:00:00,9.1
400,2022-12-19 05:00:00,2022-12-18 18:00:00,9.1
400,2022-12-19 06:00:00,2022-12-18 19:00:00,9.0
400,2022-12-19 07:00:00,2022-12-18 20:00:00,10.3
400,2022-12-19 08:00:00,2022-12-18 21:00:00,12.0
400,2022-12-19 09:00:00,2022-12-18 22:00:00,14.3
400,2022-12-19 10:00:00,2022-12-18 23:00:00,16.4
400,2022-12-19 11:00:00,2022-12-19 00:00:00,18.7
400,2022-12-19 12:00:00,2022-12-19 01:00:00,21.2
400,2022-12-19 13:00:00,2022-12-19 02:00:00,22.7
400,2022-12-19 14:00:00,2022-12-19 03:00:00,22.8
400,2022-12-19 15:00:00,2022-12-19 04:00:00,23.8
400,2022-12-19 16:00:00,2022-12-19 05:00:00,24.5
400,2022-12-19 17:00:00,2022-12-19 06:00:00,24.2
400,2022-12-19 18:00:00,2022-12-19 07:00:00,23.8
400,2022-12-19 19:00:00,2022-12-19 08:00:00,23.6
400,2022-12-19 20:00:00,2022-12-19 09:00:00,21.9
400,2022-12-19 21:00:00,2022-12-19 10:00:00,19.8
400,2022-12-19 22:00:00,2022-12-19 11:00:00,17.4
400,2022-12-19 23:00:00,2022-12-19 12:00:00,15.0
400,2022-12-20 00:00:00,2022-12-19 13:00:00,12.4
400,2022-12-20 01:00:00,2022-12-19 14:00:00,11.0
400,2022-12-20 02:00:00,2022-12-19 15:00:00,10.2
400,2022-12-20 03:00:00,2022-12-19 16:00:00,9.8
400,2022-12-20 04:00:00,2022-12-19 17:00:00,9.1
400,2022-12-20 05:00:00,2022-12-19 18:00:00,9.0
400,2022-12-20 06:00:00,2022-12-19 19:00:00,8.5
400,2022-12-20 07:00:00,2022-12-19 20:00:00,10.1
400,2022-12-20 08:00:00,2022-12-19 21:00:00,12.1
400,2022-12-20 09:00:00,2022-12-19 22:00:00,14.8
400,2022-12-20 10:00:00,2022-12-19 23:00:00,18.4
400,2022-12-20 11:00:00,2022-12-20 00:00:00,21.0
400,2022-12-20 12:00:00,2022-12-20 01:00:00,23.7
400,2022-12-20 13:00:00,2022-12-20 02:00:00,24.9
400,2022-12-20 14:00:00,2022-12-20 03:00:00,25.6
400,2022-12-20 15:00:00,2022-12-20 04:00:00,25.8
400,2022-12-20 16:00:00,2022-12-20 05:00:00,25.9
400,2022-12-20 17:00:00,2022-12-20 06:00:00,26.1
400,2022-12-20 18:00:00,2022-12-20 07:00:00,25.9
400,2022-12-20 19:00:00,2022-12-20 08:00:00,23.8
400,2022-12-20 20:00:00,2022-12-20 09:00:00,23.1
400,2022-12-20 21:00:00,2022-12-20 10:00:00,21.2
400,2022-12-20 22:00:00,2022-12-20 11:00:00,18.0
400,2022-12-20 23:00:00,2022-12-20 12:00:00,16.5
400,2022-12-21 00:00:00,2022-12-20 13:00:00,15.1
400,2022-12-21 01:00:00,2022-12-20 14:00:00,13.2
400,2022-12-21 02:00:00,2022-12-20 15:00:00,12.4
400,2022-12-21 03:00:00,2022-12-20 16:00:00,11.8
400,2022-12-21 04:00:00,2022-12-20 17:00:00,11.1
400,2022-12-21 05:00:00,2022-12-20 18:00:00,11.2
400,2022-12-21 06:00:00,2022-12-20 19:00:00,11.6
400,2022-12-21 07:00:00,2022-12-20 20:00:00,11.7
400,2022-12-21 08:00:00,2022-12-20 21:00:00,14.3
400,2022-12-21 09:00:00,2022-12-20 22:00:00,18.6
400,2022-12-21 10:00:00,2022-12-20 23:00:00,21.5
400,2022-12-21 11:00:00,2022-12-21 00:00:00,23.7
400,2022-12-21 12:00:00,2022-12-21 01:00:00,25.3
400,2022-12-21 13:00:00,2022-12-21 02:00:00,26.9
400,2022-12-21 14:00:00,2022-12-21 03:00:00,27.1
400,2022-12-21 15:00:00,2022-12-21 04:00:00,27.8
400,2022-12-21 16:00:00,2022-12-21 05:00:00,27.7
400,2022-12-21 17:00:00,2022-12-21 06:00:00,27.8
400,2022-12-21 18:00:00,2022-12-21 07:00:00,26.5
400,2022-12-21 19:00:00,2022-12-21 08:00:00,25.7
400,2022-12-21 20:00:00,2022-12-21 09:00:00,23.8
400,2022-12-21 21:00:00,2022-12-21 10:00:00,22.0
400,2022-12-21 22:00:00,2022-12-21 11:00:00,21.9
400,2022-12-21 23:00:00,2022-12-21 12:00:00,19.5
400,2022-12-22 00:00:00,2022-12-21 13:00:00,19.3
400,2022-12-22 01:00:00,2022-12-21 14:00:00,18.5
400,2022-12-22 02:00:00,2022-12-21 15:00:00,17.8
400,2022-12-22 03:00:00,2022-12-21 16:00:00,17.3
400,2022-12-22 04:00:00,2022-12-21 17:00:00,16.6
400,2022-12-22 05:00:00,2022-12-21 18:00:00,16.5
400,2022-12-22 06:00:00,2022-12-21 19:00:00,16.1
400,2022-12-22 07:00:00,2022-12-21 20:00:00,15.8
400,2022-12-22 08:00:00,2022-12-21 21:00:00,15.7
400,2022-12-22 09:00:00,2022-12-21 22:00:00,17.6
400,2022-12-22 10:00:00,2022-12-21 23:00:00,18.5
400,2022-12-22 11:00:00,2022-12-22 00:00:00,21.5
400,2022-12-22 12:00:00,2022-12-22 01:00:00,22.9
400,2022-12-22 13:00:00,2022-12-22 02:00:00,24.6
400,2022-12-22 14:00:00,2022-12-22 03:00:00,22.2
400,2022-12-22 15:00:00,2022-12-22 04:00:00,20.0
400,2022-12-22 16:00:00,2022-12-22 05:00:00,24.6
400,2022-12-22 17:00:00,2022-12-22 06:00:00,23.2
400,2022-12-22 18:00:00,2022-12-22 07:00:00,16.0
400,2022-12-22 19:00:00,2022-12-22 08:00:00,17.0
400,2022-12-22 20:00:00,2022-12-22 09:00:00,17.5
400,2022-12-22 21:00:00,2022-12-22 10:00:00,17.3
400,2022-12-22 22:00:00,2022-12-22 11:00:00,16.3
400,2022-12-22 23:00:00,2022-12-22 12:00:00,16.8
400,2022-12-23 00:00:00,2022-12-22 13:00:00,16.3
400,2022-12-23 01:00:00,2022-12-22 14:00:00,15.3
400,2022-12-23 02:00:00,2022-12-22 15:00:00,15.0
400,2022-12-23 03:00:00,2022-12-22 16:00:00,14.6
400,2022-12-23 04:00:00,2022-12-22 17:00:00,13.1
400,2022-12-23 05:00:00,2022-12-22 18:00:00,13.9
400,2022-12-23 06:00:00,2022-12-22 19:00:00,14.4
400,2022-12-23 07:00:00,2022-12-22 20:00:00,14.6
400,2022-12-23 08:00:00,2022-12-22 21:00:00,14.7
400,2022-12-23 09:00:00,2022-12-22 22:00:00,15.9
400,2022-12-23 10:00:00,2022-12-22 23:00:00,17.2
400,2022-12-23 11:00:00,2022-12-23 00:00:00,17.9
400,2022-12-23 12:00:00,2022-12-23 01:00:00,18.7
400,2022-12-23 13:00:00,2022-12-23 02:00:00,20.7
400,2022-12-23 14:00:00,2022-12-23 03:00:00,22.2
400,2022-12-23 15:00:00,2022-12-23 04:00:00,23.2
400,2022-12-23 16:00:00,2022-12-23 05:00:00,23.0
400,2022-12-23 17:00:00,2022-12-23 06:00:00,22.6
400,2022-12-23 18:00:00,2022-12-23 07:00:00,23.4
400,2022-12-23 19:00:00,2022-12-23 08:00:00,22.3
400,2022-12-23 20:00:00,2022-12-23 09:00:00,21.2
400,2022-12-23 21:00:00,2022-12-23 10:00:00,19.3
400,2022-12-23 22:00:00,2022-12-23 11:00:00,17.5
400,2022-12-23 23:00:00,2022-12-23 12:00:00,16.9
400,2022-12-24 00:00:00,2022-12-23 13:00:00,16.8
400,2022-12-24 01:00:00,2022-12-23 14:00:00,16.5
400,2022-12-24 02:00:00,2022-12-23 15:00:00,16.2
400,2022-12-24 03:00:00,2022-12-23 16:00:00,15.8
400,2022-12-24 04:00:00,2022-12-23 17:00:00,15.6
400,2022-12-24 05:00:00,2022-12-23 18:00:00,15.3
400,2022-12-24 06:00:00,2022-12-23 19:00:00,15.3
400,2022-12-24 07:00:00,2022-12-23 20:00:00,15.2
400,2022-12-24 08:00:00,2022-12-23 21:00:00,16.4
400,2022-12-24 09:00:00,2022-12-23 22:00:00,17.4
400,2022-12-24 10:00:00,2022-12-23 23:00:00,18.7
400,2022-12-24 11:00:00,2022-12-24 00:00:00,19.6
400,2022-12-24 12:00:00,2022-12-24 01:00:00,20.8
400,2022-12-24 13:00:00,2022-12-24 02:00:00,21.5
400,2022-12-24 14:00:00,2022-12-24 03:00:00,22.4
400,2022-12-24 15:00:00,2022-12-24 04:00:00,23.5
400,2022-12-24 16:00:00,2022-12-24 05:00:00,23.6
400,2022-12-24 17:00:00,2022-12-24 06:00:00,24.2
400,2022-12-24 18:00:00,2022-12-24 07:00:00,21.0
400,2022-12-24 19:00:00,2022-12-24 08:00:00,19.3
400,2022-12-24 20:00:00,2022-12-24 09:00:00,17.6
400,2022-12-24 21:00:00,2022-12-24 10:00:00,15.8
400,2022-12-24 22:00:00,2022-12-24 11:00:00,14.5
400,2022-12-24 23:00:00,2022-12-24 12:00:00,14.1
400,2022-12-25 00:00:00,2022-12-24 13:00:00,14.1
400,2022-12-25 01:00:00,2022-12-24 14:00:00,13.8
400,2022-12-25 02:00:00,2022-12-24 15:00:00,12.4
400,2022-12-25 03:00:00,,12.0
400,2022-12-25 04:00:00,2022-12-24 17:00:00,11.6
400,2022-12-25 05:00:00,2022-12-24 18:00:00,11.2
400,2022-12-25 06:00:00,2022-12-24 19:00:00,11.7
400,2022-12-25 07:00:00,2022-12-24 20:00:00,12.4
400,2022-12-25 08:00:00,2022-12-24 21:00:00,15.1
400,2022-12-25 09:00:00,2022-12-24 22:00:00,20.4
400,2022-12-25 10:00:00,2022-12-24 23:00:00,23.9
400,2022-12-25 11:00:00,2022-12-25 00:00:00,27.7
400,2022-12-25 12:00:00,2022-12-25 01:00:00,30.0
400,2022-12-25 13:00:00,2022-12-25 02:00:00,30.9
400,2022-12-25 14:00:00,2022-12-25 03:00:00,31.0
400,2022-12-25 15:00:00,2022-12-25 04:00:00,31.6
400,2022-12-25 16:00:00,2022-12-25 05:00:00,30.5
400,2022-12-25 17:00:00,2022-12-25 06:00:00,31.2
400,2022-12-25 18:00:00,2022-12-25 07:00:00,30.9
400,2022-12-25 19:00:00,2022-12-25 08:00:00,27.4
400,2022-12-25 20:00:00,2022-12-25 09:00:00,24.5
400,2022-12-25 21:00:00,2022-12-25 10:00:00,20.9
400,2022-12-25 22:00:00,2022-12-25 11:00:00,19.3
400,2022-12-25 23:00:00,2022-12-25 12:00:00,18.1
400,2022-12-26 00:00:00,2022-12-25 13:00:00,17.5
400,2022-12-26 01:00:00,2022-12-25 14:00:00,16.5
400,2022-12-26 02:00:00,2022-12-25 15:00:00,16.0
400,2022-12-26 03:00:00,2022-12-25 16:00:00,16.2
400,2022-12-26 04:00:00,2022-12-25 17:00:00,15.5
400,2022-12-26 05:00:00,2022-12-25 18:00:00,14.7
400,2022-12-26 06:00:00,2022-12-25 19:00:00,14.8
400,2022-12-26 07:00:00,2022-12-25 20:00:00,16.5
400,2022-12-26 08:00:00,2022-12-25 21:00:00,18.9
400,2022-12-26 09:00:00,2022-12-25 22:00:00,26.5
400,2022-12-26 10:00:00,2022-12-25 23:00:00,28.7
400,2022-12-26 11:00:00,2022-12-26 00:00:00,30.2
400,2022-12-26 12:00:00,2022-12-26 01:00:00,31.6
400,2022-12-26 13:00:00,2022-12-26 02:00:00,28.9
400,2022-12-26 14:00:00,2022-12-26 03:00:00,27.1
400,2022-12-26 15:00:00,2022-12-26 04:00:00,27.8
400,2022-12-26 16:00:00,2022-12-26 05:00:00,27.8
400,2022-12-26 17:00:00,2022-12-26 06:00:00,27.3
400,2022-12-26 18:00:00,2022-12-26 07:00:00,25.5
400,2022-12-26 19:00:00,2022-12-26 08:00:00,25.5
400,2022-12-26 20:00:00,2022-12-26 09:00:00,25.3
400,2022-12-26 21:00:00,2022-12-26 10:00:00,22.5
400,2022-12-26 22:00:00,2022-12-26 11:00:00,21.1
400,2022-12-26 23:00:00,2022-12-26 12:00:00,20.2
400,2022-12-27 00:00:00,2022-12-26 13:00:00,19.2
400,2022-12-27 01:00:00,2022-12-26 14:00:00,18.9
400,2022-12-27 02:00:00,2022-12-26 15:00:00,18.2
400,2022-12-27 03:00:00,2022-12-26 16:00:00,17.0
400,2022-12-27 04:00:00,2022-12-26 17:00:00,16.9
400,2022-12-27 05:00:00,2022-12-26 18:00:00,17.1
400,2022-12-27 06:00:00,2022-12-26 19:00:00,17.8
400,2022-12-27 07:00:00,2022-12-26 20:00:00,18.1
400,2022-12-27 08:00:00,2022-12-26 21:00:00,22.4
400,2022-12-27 09:00:00,2022-12-26 22:00:00,27.6
400,2022-12-27 10:00:00,2022-12-26 23:00:00,30.0
400,2022-12-27 11:00:00,2022-12-27 00:00:00,31.6
400,2022-12-27 12:00:00,2022-12-27 01:00:00,32.9
400,2022-12-27 13:00:00,2022-12-27 02:00:00,34.4
400,2022-12-27 14:00:00,2022-12-27 03:00:00,35.4
400,2022-12-27 15:00:00,2022-12-27 04:00:00,35.8
400,2022-12-27 16:00:00,2022-12-27 05:00:00,36.2
400,2022-12-27 17:00:00,2022-12-27 06:00:00,36.3
400,2022-12-27 18:00:00,2022-12-27 07:00:00,36.0
400,2022-12-27 19:00:00,2022-12-27 08:00:00,35.4
400,2022-12-27 20:00:00,2022-12-27 09:00:00,33.5
400,2022-12-27 21:00:00,2022-12-27 10:00:00,30.4
400,2022-12-27 22:00:00,2022-12-27 11:00:00,30.2
400,2022-12-27 23:00:00,2022-12-27 12:00:00,27.3
400,2022-12-28 00:00:00,2022-12-27 13:00:00,27.9
400,2022-12-28 01:00:00,2022-12-27 14:00:00,27.7
400,2022-12-28 02:00:00,2022-12-27 15:00:00,27.2
400,2022-12-28 03:00:00,2022-12-27 16:00:00,26.3
400,2022-12-28 04:00:00,2022-12-27 17:00:00,26.2
400,2022-12-28 05:00:00,2022-12-27 18:00:00,25.8
400,2022-12-28 06:00:00,2022-12-27 19:00:00,25.7
400,2022-12-28 07:00:00,2022-12-27 20:00:00,25.8
400,2022-12-28 08:00:00,2022-12-27 21:00:00,26.1
400,2022-12-28 09:00:00,2022-12-27 22:00:00,25.9
400,2022-12-28 10:00:00,2022-12-27 23:00:00,24.5
400,2022-12-28 11:00:00,2022-12-28 00:00:00,24.7
400,2022-12-28 12:00:00,2022-12-28 01:00:00,19.6
400,2022-12-28 13:00:00,2022-12-28 02:00:00,21.5
400,2022-12-28 14:00:00,2022-12-28 03:00:00,19.4
400,2022-12-28 15:00:00,2022-12-28 04:00:00,17.0
400,2022-12-28 16:00:00,2022-12-28 05:00:00,16.1
400,2022-12-28 17:00:00,2022-12-28 06:00:00,16.1
400,2022-12-28 18:00:00,2022-12-28 07:00:00,16.5
400,2022-12-28 19:00:00,2022-12-28 08:00:00,16.2
400,2022-12-28 20:00:00,2022-12-28 09:00:00,16.1
400,2022-12-28 21:00:00,2022-12-28 10:00:00,15.8
400,2022-12-28 22:00:00,2022-12-28 11:00:00,15.6
400,2022-12-28 23:00:00,2022-12-28 12:00:00,15.4
400,2022-12-29 00:00:00,2022-12-28 13:00:00,15.1
400,2022-12-29 01:00:00,2022-12-28 14:00:00,14.9
400,2022-12-29 02:00:00,2022-12-28 15:00:00,14.8
400,2022-12-29 03:00:00,2022-12-28 16:00:00,14.6
400,2022-12-29 04:00:00,2022-12-28 17:00:00,13.9
400,2022-12-29 05:00:00,2022-12-28 18:00:00,14.0
400,2022-12-29 06:00:00,2022-12-28 19:00:00,13.3
400,2022-12-29 07:00:00,2022-12-28 20:00:00,13.6
400,2022-12-29 08:00:00,2022-12-28 21:00:00,14.4
400,2022-12-29 09:00:00,2022-12-28 22:00:00,15.0
400,2022-12-29 10:00:00,2022-12-28 23:00:00,15.8
400,2022-12-29 11:00:00,2022-12-29 00:00:00,16.3
400,2022-12-29 12:00:00,2022-12-29 01:00:00,16.8
400,2022-12-29 13:00:00,2022-12-29 02:00:00,17.4
400,2022-12-29 14:00:00,2022-12-29 03:00:00,17.8
400,2022-12-29 15:00:00,2022-12-29 04:00:00,17.9
400,2022-12-29 16:00:00,2022-12-29 05:00:00,17.8
400,2022-12-29 17:00:00,2022-12-29 06:00:00,17.3
400,2022-12-29 18:00:00,2022-12-29 07:00:00,16.5
400,2022-12-29 19:00:00,2022-12-29 08:00:00,15.9
400,2022-12-29 20:00:00,2022-12-29 09:00:00,15.6
400,2022-12-29 21:00:00,2022-12-29 10:00:00,14.6
400,2022-12-29 22:00:00,2022-12-29 11:00:00,14.7
400,2022-12-29 23:00:00,2022-12-29 12:00:00,14.4
400,2022-12-30 00:00:00,2022-12-29 13:00:00,14.8
400,2022-12-30 01:00:00,2022-12-29 14:00:00,14.7
400,2022-12-30 02:00:00,2022-12-29 15:00:00,14.6
400,2022-12-30 03:00:00,2022-12-29 16:00:00,14.2
400,2022-12-30 04:00:00,2022-12-29 17:00:00,14.1
400,2022-12-30 05:00:00,2022-12-29 18:00:00,14.3
400,2022-12-30 06:00:00,2022-12-29 19:00:00,14.6
400,2022-12-30 07:00:00,2022-12-29 20:00:00,14.7
400,2022-12-30 08:00:00,2022-12-29 21:00:00,16.5
400,2022-12-30 09:00:00,2022-12-29 22:00:00,18.0
400,2022-12-30 10:00:00,2022-12-29 23:00:00,19.9
400,2022-12-30 11:00:00,2022-12-30 00:00:00,22.3
400,2022-12-30 12:00:00,2022-12-30 01:00:00,24.7
400,2022-12-30 13:00:00,2022-12-30 02:00:00,28.0
400,2022-12-30 14:00:00,2022-12-30 03:00:00,25.6
400,2022-12-30 15:00:00,2022-12-30 04:00:00,26.2
400,2022-12-30 16:00:00,2022-12-30 05:00:00,25.5
400,2022-12-30 17:00:00,2022-12-30 06:00:00,25.7
400,2022-12-30 18:00:00,2022-12-30 07:00:00,25.3
400,2022-12-30 19:00:00,2022-12-30 08:00:00,23.8
400,2022-12-30 20:00:00,2022-12-30 09:00:00,22.3
400,2022-12-30 21:00:00,2022-12-30 10:00:00,20.2
400,2022-12-30 22:00:00,2022-12-30 11:00:00,20.1
400,2022-12-30 23:00:00,2022-12-30 12:00:00,18.3
400,2022-12-31 00:00:00,2022-12-30 13:00:00,17.1
400,2022-12-31 01:00:00,2022-12-30 14:00:00,16.5
400,2022-12-31 02:00:00,2022-12-30 15:00:00,15.8
400,2022-12-31 03:00:00,2022-12-30 16:00:00,17.0
400,2022-12-31 04:00:00,2022-12-30 17:00:00,16.8
400,2022-12-31 05:00:00,2022-12-30 18:00:00,16.5
400,2022-12-31 06:00:00,2022-12-30 19:00:00,16.5
400,2022-12-31 07:00:00,2022-12-30 20:00:00,16.1
400,2022-12-31 08:00:00,2022-12-30 21:00:00,17.3
400,2022-12-31 09:00:00,2022-12-30 22:00:00,19.3
400,2022-12-31 10:00:00,2022-12-30 23:00:00,21.5
400,2022-12-31 11:00:00,2022-12-31 00:00:00,24.2
400,2022-12-31 12:00:00,2022-12-31 01:00:00,27.0
400,2022-12-31 13:00:00,2022-12-31 02:00:00,28.4
400,2022-12-31 14:00:00,2022-12-31 03:00:00,28.4
400,2022-12-31 15:00:00,2022-12-31 04:00:00,27.1
400,2022-12-31 16:00:00,2022-12-31 05:00:00,29.1
400,2022-12-31 17:00:00,2022-12-31 06:00:00,28.3
400,2022-12-31 18:00:00,2022-12-31 07:00:00,27.5
400,2022-12-31 19:00:00,2022-12-31 08:00:00,26.8
400,2022-12-31 20:00:00,2022-12-31 09:00:00,25.1
400,2022-12-31 21:00:00,2022-12-31 10:00:00,23.4
400,2022-12-31 22:00:00,2022-12-31 11:00:00,21.4
400,2022-12-31 23:00:00,2022-12-31 12:00:00,20.3
400,2023-01-01 00:00:00,2022-12-31 13:00:00,18.2
400,2023-01-01 01:00:00,2022-12-31 14:00:00,17.4
400,2023-01-01 02:00:00,2022-12-31 15:00:00,17.4
400,2023-01-01 03:00:00,2022-12-31 16:00:00,16.9
400,2023-01-01 04:00:00,,16.5
400,2023-01-01 05:00:00,2022-12-31 18:00:00,16.1
400,2023-01-01 06:00:00,2022-12-31 19:00:00,16.3
400,2023-01-01 07:00:00,2022-12-31 20:00:00,18.4
400,2023-01-01 08:00:00,2022-12-31 21:00:00,22.8
400,2023-01-01 09:00:00,2022-12-31 22:00:00,26.2
400,2023-01-01 10:00:00,2022-12-31 23:00:00,27.8
400,2023-01-01 11:00:00,2023-01-01 00:00:00,30.0
400,2023-01-01 12:00:00,2023-01-01 01:00:00,31.4
400,2023-01-01 13:00:00,2023-01-01 02:00:00,32.4
400,2023-01-01 14:00:00,2023-01-01 03:00:00,33.4
400,2023-01-01 15:00:00,2023-01-01 04:00:00,34.6
400,2023-01-01 16:00:00,2023-01-01 05:00:00,33.5
400,2023-01-01 17:00:00,2023-01-01 06:00:00,34.0
400,2023-01-01 18:00:00,2023-01-01 07:00:00,33.8
400,2023-01-01 19:00:00,2023-01-01 08:00:00,34.4
400,2023-01-01 20:00:00,2023-01-01 09:00:00,32.2
400,2023-01-01 21:00:00,2023-01-01 10:00:00,29.3
400,2023-01-01 22:00:00,2023-01-01 11:00:00,27.0
400,2023-01-01 23:00:00,2023-01-01 12:00:00,27.1
400,2023-01-02 00:00:00,2023-01-01 13:00:00,27.3
400,2023-01-02 01:00:00,2023-01-01 14:00:00,27.4
400,2023-01-02 02:00:00,2023-01-01 15:00:00,25.4
400,2023-01-02 03:00:00,2023-01-01 16:00:00,24.0
400,2023-01-02 04:00:00,2023-01-01 17:00:00,25.8
400,2023-01-02 05:00:00,2023-01-01 18:00:00,26.2
400,2023-01-02 06:00:00,2023-01-01 19:00:00,25.6
400,2023-01-02 07:00:00,2023-01-01 20:00:00,25.1
400,2023-01-02 08:00:00,2023-01-01 21:00:00,26.0
400,2023-01-02 09:00:00,2023-01-01 22:00:00,25.9
400,2023-01-02 10:00:00,2023-01-01 23:00:00,26.6
400,2023-01-02 11:00:00,2023-01-02 00:00:00,28.1
400,2023-01-02 12:00:00,2023-01-02 01:00:00,29.5
400,2023-01-02 13:00:00,2023-01-02 02:00:00,31.1
400,2023-01-02 14:00:00,2023-01-02 03:00:00,31.3
400,2023-01-02 15:00:00,2023-01-02 04:00:00,30.1
400,2023-01-02 16:00:00,2023-01-02 05:00:00,23.4
400,2023-01-02 17:00:00,2023-01-02 06:00:00,20.3
400,2023-01-02 18:00:00,2023-01-02 07:00:00,19.0
400,2023-01-02 19:00:00,2023-01-02 08:00:00,19.9
400,2023-01-02 20:00:00,2023-01-02 09:00:00,18.4
400,2023-01-02 21:00:00,2023-01-02 10:00:00,17.7
400,2023-01-02 22:00:00,2023-01-02 11:00:00,17.3
400,2023-01-02 23:00:00,2023-01-02 12:00:00,17.1
400,2023-01-03 00:00:00,2023-01-02 13:00:00,17.0
400,2023-01-03 01:00:00,2023-01-02 14:00:00,17.0
400,2023-01-03 02:00:00,2023-01-02 15:00:00,17.0
400,2023-01-03 03:00:00,2023-01-02 16:00:00,15.2
400,2023-01-03 04:00:00,2023-01-02 17:00:00,15.7
400,2023-01-03 05:00:00,2023-01-02 18:00:00,15.1
400,2023-01-03 06:00:00,2023-01-02 19:00:00,14.8
400,2023-01-03 07:00:00,2023-01-02 20:00:00,14.8
400,2023-01-03 08:00:00,2023-01-02 21:00:00,14.7
400,2023-01-03 09:00:00,2023-01-02 22:00:00,15.1
400,2023-01-03 10:00:00,2023-01-02 23:00:00,15.6
400,2023-01-03 11:00:00,2023-01-03 00:00:00,16.2
400,2023-01-03 12:00:00,2023-01-03 01:00:00,18.0
400,2023-01-03 13:00:00,2023-01-03 02:00:00,18.7
400,2023-01-03 14:00:00,2023-01-03 03:00:00,18.2
400,2023-01-03 15:00:00,2023-01-03 04:00:00,19.7
400,2023-01-03 16:00:00,2023-01-03 05:00:00,20.1
400,2023-01-03 17:00:00,2023-01-03 06:00:00,20.0
400,2023-01-03 18:00:00,2023-01-03 07:00:00,17.9
400,2023-01-03 19:00:00,2023-01-03 08:00:00,17.6
400,2023-01-03 20:00:00,2023-01-03 09:00:00,16.2
400,2023-01-03 21:00:00,2023-01-03 10:00:00,15.7
400,2023-01-03 22:00:00,2023-01-03 11:00:00,15.5
400,2023-01-03 23:00:00,2023-01-03 12:00:00,15.2
400,2023-01-04 00:00:00,2023-01-03 13:00:00,15.0
400,2023-01-04 01:00:00,2023-01-03 14:00:00,14.8
400,2023-01-04 02:00:00,2023-01-03 15:00:00,14.5
400,2023-01-04 03:00:00,2023-01-03 16:00:00,14.0
400,2023-01-04 04:00:00,2023-01-03 17:00:00,13.8
400,2023-01-04 05:00:00,2023-01-03 18:00:00,13.6
400,2023-01-04 06:00:00,2023-01-03 19:00:00,13.5
400,2023-01-04 07:00:00,2023-01-03 20:00:00,13.5
400,2023-01-04 08:00:00,2023-01-03 21:00:00,13.8
400,2023-01-04 09:00:00,2023-01-03 22:00:00,14.2
400,2023-01-04 10:00:00,2023-01-03 23:00:00,15.0
400,2023-01-04 11:00:00,2023-01-04 00:00:00,15.5
400,2023-01-04 12:00:00,2023-01-04 01:00:00,15.4
400,2023-01-04 13:00:00,2023-01-04 02:00:00,15.1
400,2023-01-04 14:00:00,2023-01-04 03:00:00,15.4
400,2023-01-04 15:00:00,2023-01-04 04:00:00,15.0
400,2023-01-04 16:00:00,2023-01-04 05:00:00,16.0
400,2023-01-04 17:00:00,2023-01-04 06:00:00,15.5
400,2023-01-04 18:00:00,2023-01-04 07:00:00,14.2
400,2023-01-04 19:00:00,2023-01-04 08:00:00,15.0
400,2023-01-04 20:00:00,2023-01-04 09:00:00,15.0
400,2023-01-04 21:00:00,2023-01-04 10:00:00,15.2
400,2023-01-04 22:00:00,2023-01-04 11:00:00,15.2
400,2023-01-04 23:00:00,2023-01-04 12:00:00,15.2
400,2023-01-05 00:00:00,2023-01-04 13:00:00,15.0
400,2023-01-05 01:00:00,2023-01-04 14:00:00,13.4
400,2023-01-05 02:00:00,2023-01-04 15:00:00,13.1
400,2023-01-05 03:00:00,2023-01-04 16:00:00,13.6
400,2023-01-05 04:00:00,2023-01-04 17:00:00,14.3
400,2023-01-05 05:00:00,2023-01-04 18:00:00,14.6
400,2023-01-05 06:00:00,2023-01-04 19:00:00,14.5
400,2023-01-05 07:00:00,2023-01-04 20:00:00,14.9
400,2023-01-05 08:00:00,2023-01-04 21:00:00,16.8
400,2023-01-05 09:00:00,2023-01-04 22:00:00,17.2
400,2023-01-05 10:00:00,2023-01-04 23:00:00,18.2
400,2023-01-05 11:00:00,2023-01-05 00:00:00,18.4
400,2023-01-05 12:00:00,2023-01-05 01:00:00,19.3
400,2023-01-05 13:00:00,2023-01-05 02:00:00,19.7
400,2023-01-05 14:00:00,2023-01-05 03:00:00,20.1
400,2023-01-05 15:00:00,2023-01-05 04:00:00,21.0
400,2023-01-05 16:00:00,2023-01-05 05:00:00,20.3
400,2023-01-05 17:00:00,2023-01-05 06:00:00,19.0
400,2023-01-05 18:00:00,2023-01-05 07:00:00,18.9
400,2023-01-05 19:00:00,2023-01-05 08:00:00,18.7
400,2023-01-05 20:00:00,2023-01-05 09:00:00,18.4
400,2023-01-05 21:00:00,2023-01-05 10:00:00,17.9
400,2023-01-05 22:00:00,2023-01-05 11:00:00,17.1
400,2023-01-05 23:00:00,2023-01-05 12:00:00,16.3
400,2023-01-06 00:00:00,2023-01-05 13:00:00,15.9
400,2023-01-06 01:00:00,2023-01-05 14:00:00,15.0
400,2023-01-06 02:00:00,2023-01-05 15:00:00,14.4
400,2023-01-06 03:00:00,2023-01-05 16:00:00,13.0
400,2023-01-06 04:00:00,2023-01-05 17:00:00,12.1
400,2023-01-06 05:00:00,2023-01-05 18:00:00,10.6
400,2023-01-06 06:00:00,2023-01-05 19:00:00,10.4
400,2023-01-06 07:00:00,2023-01-05 20:00:00,11.1
400,2023-01-06 08:00:00,2023-01-05 21:00:00,14.0
400,2023-01-06 09:00:00,2023-01-05 22:00:00,16.2
400,2023-01-06 10:00:00,2023-01-05 23:00:00,17.4
400,2023-01-06 11:00:00,2023-01-06 00:00:00,19.0
400,2023-01-06 12:00:00,2023-01-06 01:00:00,20.5
400,2023-01-06 13:00:00,2023-01-06 02:00:00,22.0
400,2023-01-06 14:00:00,2023-01-06 03:00:00,23.0
400,2023-01-06 15:00:00,2023-01-06 04:00:00,24.5
400,2023-01-06 16:00:00,2023-01-06 05:00:00,24.8
400,2023-01-06 17:00:00,2023-01-06 06:00:00,24.2
400,2023-01-06 18:00:00,2023-01-06 07:00:00,24.1
400,2023-01-06 19:00:00,2023-01-06 08:00:00,23.6
400,2023-01-06 20:00:00,2023-01-06 09:00:00,22.2
400,2023-01-06 21:00:00,2023-01-06 10:00:00,19.7
400,2023-01-06 22:00:00,2023-01-06 11:00:00,18.8
400,2023-01-06 23:00:00,2023-01-06 12:00:00,16.8
400,2023-01-07 00:00:00,2023-01-06 13:00:00,15.3
400,2023-01-07 01:00:00,2023-01-06 14:00:00,13.5
400,2023-01-07 02:00:00,2023-01-06 15:00:00,12.7
400,2023-01-07 03:00:00,2023-01-06 16:00:00,12.4
400,2023-01-07 04:00:00,2023-01-06 17:00:00,12.3
400,2023-01-07 05:00:00,2023-01-06 18:00:00,11.5
400,2023-01-07 06:00:00,2023-01-06 19:00:00,11.6
400,2023-01-07 07:00:00,2023-01-06 20:00:00,12.1
400,2023-01-07 08:00:00,2023-01-06 21:00:00,15.6
400,2023-01-07 09:00:00,2023-01-06 22:00:00,20.0
400,2023-01-07 10:00:00,2023-01-06 23:00:00,22.7
400,2023-01-07 11:00:00,2023-01-07 00:00:00,24.2
400,2023-01-07 12:00:00,2023-01-07 01:00:00,26.2
400,2023-01-07 13:00:00,2023-01-07 02:00:00,26.9
400,2023-01-07 14:00:00,2023-01-07 03:00:00,27.9
400,2023-01-07 15:00:00,2023-01-07 04:00:00,28.6
400,2023-01-07 16:00:00,2023-01-07 05:00:00,28.8
400,2023-01-07 17:00:00,2023-01-07 06:00:00,29.3
400,2023-01-07 18:00:00,2023-01-07 07:00:00,28.7
400,2023-01-07 19:00:00,2023-01-07 08:00:00,28.0
400,2023-01-07 20:00:00,2023-01-07 09:00:00,26.9
400,2023-01-07 21:00:00,2023-01-07 10:00:00,24.6
400,2023-01-07 22:00:00,2023-01-07 11:00:00,22.4
400,2023-01-07 23:00:00,2023-01-07 12:00:00,22.0
400,2023-01-08 00:00:00,2023-01-07 13:00:00,18.2
400,2023-01-08 01:00:00,2023-01-07 14:00:00,17.5
400,2023-01-08 02:00:00,2023-01-07 15:00:00,15.6
400,2023-01-08 03:00:00,,14.95
400,2023-01-08 04:00:00,2023-01-07 17:00:00,14.3
400,2023-01-08 05:00:00,2023-01-07 18:00:00,13.6
400,2023-01-08 06:00:00,2023-01-07 19:00:00,12.6
400,2023-01-08 07:00:00,2023-01-07 20:00:00,14.6
400,2023-01-08 08:00:00,2023-01-07 21:00:00,16.8
400,2023-01-08 09:00:00,2023-01-07 22:00:00,19.1
400,2023-01-08 10:00:00,2023-01-07 23:00:00,22.2
400,2023-01-08 11:00:00,2023-01-08 00:00:00,25.4
400,2023-01-08 12:00:00,2023-01-08 01:00:00,28.4
400,2023-01-08 13:00:00,2023-01-08 02:00:00,29.4
400,2023-01-08 14:00:00,2023-01-08 03:00:00,30.7
400,2023-01-08 15:00:00,2023-01-08 04:00:00,30.5
400,2023-01-08 16:00:00,2023-01-08 05:00:00,31.0
400,2023-01-08 17:00:00,2023-01-08 06:00:00,31.1
400,2023-01-08 18:00:00,2023-01-08 07:00:00,31.0
400,2023-01-08 19:00:00,2023-01-08 08:00:00,30.7
400,2023-01-08 20:00:00,2023-01-08 09:00:00,30.4
400,2023-01-08 21:00:00,2023-01-08 10:00:00,28.8
400,2023-01-08 22:00:00,2023-01-08 11:00:00,26.9
400,2023-01-08 23:00:00,2023-01-08 12:00:00,22.7
400,2023-01-09 00:00:00,2023-01-08 13:00:00,19.5
400,2023-01-09 01:00:00,2023-01-08 14:00:00,19.5
400,2023-01-09 02:00:00,2023-01-08 15:00:00,19.1
400,2023-01-09 03:00:00,2023-01-08 16:00:00,18.8
400,2023-01-09 04:00:00,2023-01-08 17:00:00,19.7
400,2023-01-09 05:00:00,2023-01-08 18:00:00,18.5
400,2023-01-09 06:00:00,2023-01-08 19:00:00,19.6
400,2023-01-09 07:00:00,2023-01-08 20:00:00,19.1
400,2023-01-09 08:00:00,2023-01-08 21:00:00,22.0
400,2023-01-09 09:00:00,2023-01-08 22:00:00,24.5
400,2023-01-09 10:00:00,2023-01-08 23:00:00,25.9
400,2023-01-09 11:00:00,2023-01-09 00:00:00,26.8
400,2023-01-09 12:00:00,2023-01-09 01:00:00,27.4
400,2023-01-09 13:00:00,2023-01-09 02:00:00,27.6
400,2023-01-09 14:00:00,2023-01-09 03:00:00,25.6
400,2023-01-09 15:00:00,2023-01-09 04:00:00,24.6
400,2023-01-09 16:00:00,2023-01-09 05:00:00,23.5
400,2023-01-09 17:00:00,2023-01-09 06:00:00,22.1
400,2023-01-09 18:00:00,2023-01-09 07:00:00,21.2
400,2023-01-09 19:00:00,2023-01-09 08:00:00,20.2
400,2023-01-09 20:00:00,2023-01-09 09:00:00,18.5
400,2023-01-09 21:00:00,2023-01-09 10:00:00,18.2
400,2023-01-09 22:00:00,2023-01-09 11:00:00,18.1
400,2023-01-09 23:00:00,2023-01-09 12:00:00,17.9
400,2023-01-10 00:00:00,2023-01-09 13:00:00,17.5
400,2023-01-10 01:00:00,2023-01-09 14:00:00,17.6
400,2023-01-10 02:00:00,2023-01-09 15:00:00,17.2
400,2023-01-10 03:00:00,2023-01-09 16:00:00,16.1
400,2023-01-10 04:00:00,2023-01-09 17:00:00,16.6
400,2023-01-10 05:00:00,2023-01-09 18:00:00,16.5
400,2023-01-10 06:00:00,2023-01-09 19:00:00,16.2
400,2023-01-10 07:00:00,2023-01-09 20:00:00,16.1
400,2023-01-10 08:00:00,2023-01-09 21:00:00,16.0
400,2023-01-10 09:00:00,2023-01-09 22:00:00,16.3
400,2023-01-10 10:00:00,2023-01-09 23:00:00,16.6
400,2023-01-10 11:00:00,2023-01-10 00:00:00,17.2
400,2023-01-10 12:00:00,2023-01-10 01:00:00,18.0
400,2023-01-10 13:00:00,2023-01-10 02:00:00,19.4
400,2023-01-10 14:00:00,2023-01-10 03:00:00,21.0
400,2023-01-10 15:00:00,2023-01-10 04:00:00,22.3
400,2023-01-10 16:00:00,2023-01-10 05:00:00,23.4
400,2023-01-10 17:00:00,2023-01-10 06:00:00,22.9
400,2023-01-10 18:00:00,2023-01-10 07:00:00,21.9
400,2023-01-10 19:00:00,2023-01-10 08:00:00,21.4
400,2023-01-10 20:00:00,2023-01-10 09:00:00,20.4
400,2023-01-10 21:00:00,2023-01-10 10:00:00,18.6
400,2023-01-10 22:00:00,2023-01-10 11:00:00,17.7
400,2023-01-10 23:00:00,2023-01-10 12:00:00,17.1
400,2023-01-11 00:00:00,2023-01-10 13:00:00,16.3
400,2023-01-11 01:00:00,2023-01-10 14:00:00,16.0
400,2023-01-11 02:00:00,2023-01-10 15:00:00,15.3
400,2023-01-11 03:00:00,2023-01-10 16:00:00,15.3
400,2023-01-11 04:00:00,2023-01-10 17:00:00,14.7
400,2023-01-11 05:00:00,2023-01-10 18:00:00,14.6
400,2023-01-11 06:00:00,2023-01-10 19:00:00,14.8
400,2023-01-11 07:00:00,2023-01-10 20:00:00,15.5
400,2023-01-11 08:00:00,2023-01-10 21:00:00,18.1
400,2023-01-11 09:00:00,2023-01-10 22:00:00,19.8
400,2023-01-11 10:00:00,2023-01-10 23:00:00,22.1
400,2023-01-11 11:00:00,2023-01-11 00:00:00,25.0
400,2023-01-11 12:00:00,2023-01-11 01:00:00,28.3
400,2023-01-11 13:00:00,2023-01-11 02:00:00,30.4
400,2023-01-11 14:00:00,2023-01-11 03:00:00,31.7
400,2023-01-11 15:00:00,2023-01-11 04:00:00,31.6
400,2023-01-11 16:00:00,2023-01-11 05:00:00,31.4
400,2023-01-11 17:00:00,2023-01-11 06:00:00,30.8
400,2023-01-11 18:00:00,2023-01-11 07:00:00,29.7
400,2023-01-11 19:00:00,2023-01-11 08:00:00,28.1
400,2023-01-11 20:00:00,2023-01-11 09:00:00,26.5
400,2023-01-11 21:00:00,2023-01-11 10:00:00,23.7
400,2023-01-11 22:00:00,2023-01-11 11:00:00,21.2
400,2023-01-11 23:00:00,,20.1
400,2023-01-12 00:00:00,2023-01-11 13:00:00,19.0
400,2023-01-12 01:00:00,2023-01-11 14:00:00,18.6
400,2023-01-12 02:00:00,2023-01-11 15:00:00,17.3
400,2023-01-12 03:00:00,2023-01-11 16:00:00,17.4
400,2023-01-12 04:00:00,,17.25
400,2023-01-12 05:00:00,2023-01-11 18:00:00,17.1
400,2023-01-12 06:00:00,2023-01-11 19:00:00,17.6
400,2023-01-12 07:00:00,2023-01-11 20:00:00,17.1
400,2023-01-12 08:00:00,2023-01-11 21:00:00,17.6
400,2023-01-12 09:00:00,2023-01-11 22:00:00,17.7
400,2023-01-12 10:00:00,2023-01-11 23:00:00,18.7
400,2023-01-12 11:00:00,2023-01-12 00:00:00,18.9
400,2023-01-12 12:00:00,2023-01-12 01:00:00,20.7
400,2023-01-12 13:00:00,2023-01-12 02:00:00,22.6
400,2023-01-12 14:00:00,2023-01-12 03:00:00,24.7
400,2023-01-12 15:00:00,2023-01-12 04:00:00,24.6
400,2023-01-12 16:00:00,2023-01-12 05:00:00,25.5
400,2023-01-12 17:00:00,2023-01-12 06:00:00,25.6
400,2023-01-12 18:00:00,2023-01-12 07:00:00,24.8
400,2023-01-12 19:00:00,2023-01-12 08:00:00,24.5
400,2023-01-12 20:00:00,2023-01-12 09:00:00,22.4
400,2023-01-12 21:00:00,2023-01-12 10:00:00,19.8
400,2023-01-12 22:00:00,,19.25
400,2023-01-12 23:00:00,2023-01-12 12:00:00,18.7
400,2023-01-13 00:00:00,2023-01-12 13:00:00,18.7
400,2023-01-13 01:00:00,2023-01-12 14:00:00,18.6
400,2023-01-13 02:00:00,2023-01-12 15:00:00,18.5
400,2023-01-13 03:00:00,2023-01-12 16:00:00,18.1
400,2023-01-13 04:00:00,2023-01-12 17:00:00,18.4
400,2023-01-13 05:00:00,2023-01-12 18:00:00,18.0
400,2023-01-13 06:00:00,2023-01-12 19:00:00,18.0
400,2023-01-13 07:00:00,2023-01-12 20:00:00,18.0
400,2023-01-13 08:00:00,2023-01-12 21:00:00,18.3
400,2023-01-13 09:00:00,2023-01-12 22:00:00,18.9
400,2023-01-13 10:00:00,2023-01-12 23:00:00,19.8
400,2023-01-13 11:00:00,2023-01-13 00:00:00,21.1
400,2023-01-13 12:00:00,2023-01-13 01:00:00,21.9
400,2023-01-13 13:00:00,2023-01-13 02:00:00,22.2
400,2023-01-13 14:00:00,2023-01-13 03:00:00,23.7
400,2023-01-13 15:00:00,2023-01-13 04:00:00,25.1
400,2023-01-13 16:00:00,2023-01-13 05:00:00,25.8
400,2023-01-13 17:00:00,2023-01-13 06:00:00,25.6
400,2023-01-13 18:00:00,2023-01-13 07:00:00,25.6
400,2023-01-13 19:00:00,2023-01-13 08:00:00,24.5
400,2023-01-13 20:00:00,2023-01-13 09:00:00,22.6
400,2023-01-13 21:00:00,2023-01-13 10:00:00,20.8
400,2023-01-13 22:00:00,2023-01-13 11:00:00,20.4
400,2023-01-13 23:00:00,2023-01-13 12:00:00,20.1
400,2023-01-14 00:00:00,2023-01-13 13:00:00,20.0
400,2023-01-14 01:00:00,2023-01-13 14:00:00,20.0
400,2023-01-14 02:00:00,2023-01-13 15:00:00,19.7
400,2023-01-14 03:00:00,2023-01-13 16:00:00,19.4
400,2023-01-14 04:00:00,2023-01-13 17:00:00,19.2
400,2023-01-14 05:00:00,2023-01-13 18:00:00,18.8
400,2023-01-14 06:00:00,2023-01-13 19:00:00,18.8
400,2023-01-14 07:00:00,2023-01-13 20:00:00,19.2
400,2023-01-14 08:00:00,2023-01-13 21:00:00,20.2
400,2023-01-14 09:00:00,2023-01-13 22:00:00,21.7
400,2023-01-14 10:00:00,2023-01-13 23:00:00,26.6
400,2023-01-14 11:00:00,2023-01-14 00:00:00,29.9
400,2023-01-14 12:00:00,2023-01-14 01:00:00,31.9
400,2023-01-14 13:00:00,2023-01-14 02:00:00,33.8
400,2023-01-14 14:00:00,2023-01-14 03:00:00,34.4
400,2023-01-14 15:00:00,2023-01-14 04:00:00,35.5
400,2023-01-14 16:00:00,2023-01-14 05:00:00,36.4
400,2023-01-14 17:00:00,2023-01-14 06:00:00,37.0
400,2023-01-14 18:00:00,2023-01-14 07:00:00,37.1
400,2023-01-14 19:00:00,2023-01-14 08:00:00,35.6
400,2023-01-14 20:00:00,2023-01-14 09:00:00,34.5
400,2023-01-14 21:00:00,2023-01-14 10:00:00,31.8
400,2023-01-14 22:00:00,2023-01-14 11:00:00,27.2
400,2023-01-14 23:00:00,2023-01-14 12:00:00,24.4
400,2023-01-15 00:00:00,2023-01-14 13:00:00,21.2
400,2023-01-15 01:00:00,2023-01-14 14:00:00,20.2
400,2023-01-15 02:00:00,2023-01-14 15:00:00,21.6
400,2023-01-15 03:00:00,2023-01-14 16:00:00,19.5
400,2023-01-15 04:00:00,,18.85
400,2023-01-15 05:00:00,2023-01-14 18:00:00,18.2
400,2023-01-15 06:00:00,2023-01-14 19:00:00,18.1
400,2023-01-15 07:00:00,2023-01-14 20:00:00,17.4
400,2023-01-15 08:00:00,2023-01-14 21:00:00,16.3
400,2023-01-15 09:00:00,2023-01-14 22:00:00,16.3
400,2023-01-15 10:00:00,2023-01-14 23:00:00,16.5
400,2023-01-15 11:00:00,2023-01-15 00:00:00,17.3
400,2023-01-15 12:00:00,2023-01-15 01:00:00,18.2
400,2023-01-15 13:00:00,2023-01-15 02:00:00,18.8
400,2023-01-15 14:00:00,2023-01-15 03:00:00,18.9
400,2023-01-15 15:00:00,2023-01-15 04:00:00,19.2
400,2023-01-15 16:00:00,2023-01-15 05:00:00,19.2
400,2023-01-15 17:00:00,2023-01-15 06:00:00,18.6
400,2023-01-15 18:00:00,2023-01-15 07:00:00,19.0
400,2023-01-15 19:00:00,2023-01-15 08:00:00,18.4
400,2023-01-15 20:00:00,2023-01-15 09:00:00,17.2
400,2023-01-15 21:00:00,2023-01-15 10:00:00,15.9
400,2023-01-15 22:00:00,2023-01-15 11:00:00,15.7
400,2023-01-15 23:00:00,2023-01-15 12:00:00,14.9
400,2023-01-16 00:00:00,2023-01-15 13:00:00,14.9
400,2023-01-16 01:00:00,2023-01-15 14:00:00,15.3
400,2023-01-16 02:00:00,2023-01-15 15:00:00,15.4
400,2023-01-16 03:00:00,2023-01-15 16:00:00,15.1
400,2023-01-16 04:00:00,2023-01-15 17:00:00,15.2
400,2023-01-16 05:00:00,2023-01-15 18:00:00,14.6
400,2023-01-16 06:00:00,2023-01-15 19:00:00,14.9
400,2023-01-16 07:00:00,2023-01-15 20:00:00,15.1
400,2023-01-16 08:00:00,2023-01-15 21:00:00,15.5
400,2023-01-16 09:00:00,2023-01-15 22:00:00,16.5
400,2023-01-16 10:00:00,2023-01-15 23:00:00,17.4
400,2023-01-16 11:00:00,2023-01-16 00:00:00,18.9
400,2023-01-16 12:00:00,2023-01-16 01:00:00,19.4
400,2023-01-16 13:00:00,2023-01-16 02:00:00,22.6
400,2023-01-16 14:00:00,2023-01-16 03:00:00,25.2
400,2023-01-16 15:00:00,2023-01-16 04:00:00,26.9
400,2023-01-16 16:00:00,2023-01-16 05:00:00,24.6
400,2023-01-16 17:00:00,2023-01-16 06:00:00,26.1
400,2023-01-16 18:00:00,2023-01-16 07:00:00,26.8
400,2023-01-16 19:00:00,2023-01-16 08:00:00,25.6
400,2023-01-16 20:00:00,2023-01-16 09:00:00,25.0
400,2023-01-16 21:00:00,2023-01-16 10:00:00,22.5
400,2023-01-16 22:00:00,2023-01-16 11:00:00,20.5
400,2023-01-16 23:00:00,2023-01-16 12:00:00,19.7
400,2023-01-17 00:00:00,2023-01-16 13:00:00,19.8
400,2023-01-17 01:00:00,2023-01-16 14:00:00,20.4
400,2023-01-17 02:00:00,2023-01-16 15:00:00,19.8
400,2023-01-17 03:00:00,2023-01-16 16:00:00,23.0
400,2023-01-17 04:00:00,2023-01-16 17:00:00,24.0
400,2023-01-17 05:00:00,2023-01-16 18:00:00,23.8
400,2023-01-17 06:00:00,2023-01-16 19:00:00,23.1
400,2023-01-17 07:00:00,2023-01-16 20:00:00,22.9
400,2023-01-17 08:00:00,2023-01-16 21:00:00,24.0
400,2023-01-17 09:00:00,2023-01-16 22:00:00,24.8
400,2023-01-17 10:00:00,2023-01-16 23:00:00,28.0
400,2023-01-17 11:00:00,2023-01-17 00:00:00,30.6
400,2023-01-17 12:00:00,2023-01-17 01:00:00,32.5
400,2023-01-17 13:00:00,2023-01-17 02:00:00,34.3
400,2023-01-17 14:00:00,2023-01-17 03:00:00,35.1
400,2023-01-17 15:00:00,2023-01-17 04:00:00,35.6
400,2023-01-17 16:00:00,2023-01-17 05:00:00,35.7
400,2023-01-17 17:00:00,2023-01-17 06:00:00,35.7
400,2023-01-17 18:00:00,2023-01-17 07:00:00,36.0
400,2023-01-17 19:00:00,2023-01-17 08:00:00,34.8
400,2023-01-17 20:00:00,2023-01-17 09:00:00,23.1
400,2023-01-17 21:00:00,2023-01-17 10:00:00,23.9
400,2023-01-17 22:00:00,2023-01-17 11:00:00,23.1
400,2023-01-17 23:00:00,2023-01-17 12:00:00,22.9
400,2023-01-18 00:00:00,2023-01-17 13:00:00,22.5
400,2023-01-18 01:00:00,2023-01-17 14:00:00,22.4
400,2023-01-18 02:00:00,2023-01-17 15:00:00,21.6
400,2023-01-18 03:00:00,2023-01-17 16:00:00,20.2
400,2023-01-18 04:00:00,2023-01-17 17:00:00,19.3
400,2023-01-18 05:00:00,2023-01-17 18:00:00,19.7
400,2023-01-18 06:00:00,2023-01-17 19:00:00,19.8
400,2023-01-18 07:00:00,2023-01-17 20:00:00,19.9
400,2023-01-18 08:00:00,2023-01-17 21:00:00,20.6
400,2023-01-18 09:00:00,2023-01-17 22:00:00,18.7
400,2023-01-18 10:00:00,2023-01-17 23:00:00,18.2
400,2023-01-18 11:00:00,2023-01-18 00:00:00,18.4
400,2023-01-18 12:00:00,2023-01-18 01:00:00,17.3
400,2023-01-18 13:00:00,2023-01-18 02:00:00,16.3
400,2023-01-18 14:00:00,2023-01-18 03:00:00,16.1
400,2023-01-18 15:00:00,2023-01-18 04:00:00,15.4
400,2023-01-18 16:00:00,2023-01-18 05:00:00,15.1
400,2023-01-18 17:00:00,2023-01-18 06:00:00,14.7
400,2023-01-18 18:00:00,2023-01-18 07:00:00,14.0
400,2023-01-18 19:00:00,2023-01-18 08:00:00,14.1
400,2023-01-18 20:00:00,2023-01-18 09:00:00,14.5
400,2023-01-18 21:00:00,2023-01-18 10:00:00,14.2
400,2023-01-18 22:00:00,2023-01-18 11:00:00,13.8
400,2023-01-18 23:00:00,2023-01-18 12:00:00,13.4
400,2023-01-19 00:00:00,2023-01-18 13:00:00,12.9
400,2023-01-19 01:00:00,2023-01-18 14:00:00,12.2
400,2023-01-19 02:00:00,2023-01-18 15:00:00,12.2
400,2023-01-19 03:00:00,2023-01-18 16:00:00,12.1
400,2023-01-19 04:00:00,2023-01-18 17:00:00,12.2
400,2023-01-19 05:00:00,2023-01-18 18:00:00,10.9
400,2023-01-19 06:00:00,2023-01-18 19:00:00,11.4
400,2023-01-19 07:00:00,2023-01-18 20:00:00,11.6
400,2023-01-19 08:00:00,2023-01-18 21:00:00,12.1
400,2023-01-19 09:00:00,2023-01-18 22:00:00,14.9
400,2023-01-19 10:00:00,2023-01-18 23:00:00,15.6
400,2023-01-19 11:00:00,2023-01-19 00:00:00,16.1
400,2023-01-19 12:00:00,2023-01-19 01:00:00,15.9
400,2023-01-19 13:00:00,2023-01-19 02:00:00,17.0
400,2023-01-19 14:00:00,2023-01-19 03:00:00,17.7
400,2023-01-19 15:00:00,2023-01-19 04:00:00,17.3
400,2023-01-19 16:00:00,2023-01-19 05:00:00,17.1
400,2023-01-19 17:00:00,2023-01-19 06:00:00,16.8
400,2023-01-19 18:00:00,2023-01-19 07:00:00,16.2
400,2023-01-19 19:00:00,2023-01-19 08:00:00,15.6
400,2023-01-19 20:00:00,2023-01-19 09:00:00,15.4
400,2023-01-19 21:00:00,2023-01-19 10:00:00,15.2
400,2023-01-19 22:00:00,2023-01-19 11:00:00,15.1
400,2023-01-19 23:00:00,2023-01-19 12:00:00,15.0
400,2023-01-20 00:00:00,2023-01-19 13:00:00,14.9
400,2023-01-20 01:00:00,2023-01-19 14:00:00,14.6
400,2023-01-20 02:00:00,2023-01-19 15:00:00,14.4
400,2023-01-20 03:00:00,2023-01-19 16:00:00,14.6
400,2023-01-20 04:00:00,2023-01-19 17:00:00,14.7
400,2023-01-20 05:00:00,2023-01-19 18:00:00,14.6
400,2023-01-20 06:00:00,2023-01-19 19:00:00,14.6
400,2023-01-20 07:00:00,2023-01-19 20:00:00,14.7
400,2023-01-20 08:00:00,2023-01-19 21:00:00,15.1
400,2023-01-20 09:00:00,2023-01-19 22:00:00,15.9
400,2023-01-20 10:00:00,2023-01-19 23:00:00,17.5
400,2023-01-20 11:00:00,2023-01-20 00:00:00,18.0
400,2023-01-20 12:00:00,2023-01-20 01:00:00,19.3
400,2023-01-20 13:00:00,2023-01-20 02:00:00,20.4
400,2023-01-20 14:00:00,2023-01-20 03:00:00,20.9
400,2023-01-20 15:00:00,2023-01-20 04:00:00,21.7
400,2023-01-20 16:00:00,2023-01-20 05:00:00,22.1
400,2023-01-20 17:00:00,2023-01-20 06:00:00,22.2
400,2023-01-20 18:00:00,2023-01-20 07:00:00,21.0
400,2023-01-20 19:00:00,2023-01-20 08:00:00,19.7
400,2023-01-20 20:00:00,2023-01-20 09:00:00,18.4
400,2023-01-20 21:00:00,2023-01-20 10:00:00,16.4
400,2023-01-20 22:00:00,2023-01-20 11:00:00,15.5
400,2023-01-20 23:00:00,2023-01-20 12:00:00,14.7
400,2023-01-21 00:00:00,2023-01-20 13:00:00,13.7
400,2023-01-21 01:00:00,2023-01-20 14:00:00,13.5
400,2023-01-21 02:00:00,2023-01-20 15:00:00,13.5
400,2023-01-21 03:00:00,2023-01-20 16:00:00,13.4
400,2023-01-21 04:00:00,2023-01-20 17:00:00,12.6
400,2023-01-21 05:00:00,2023-01-20 18:00:00,12.6
400,2023-01-21 06:00:00,2023-01-20 19:00:00,12.2
400,2023-01-21 07:00:00,2023-01-20 20:00:00,13.0
400,2023-01-21 08:00:00,,14.5
400,2023-01-21 09:00:00,2023-01-20 22:00:00,16.0
400,2023-01-21 10:00:00,2023-01-20 23:00:00,18.5
400,2023-01-21 11:00:00,2023-01-21 00:00:00,21.5
400,2023-01-21 12:00:00,2023-01-21 01:00:00,23.1
400,2023-01-21 13:00:00,2023-01-21 02:00:00,25.2
400,2023-01-21 14:00:00,2023-01-21 03:00:00,24.2
400,2023-01-21 15:00:00,2023-01-21 04:00:00,24.6
400,2023-01-21 16:00:00,2023-01-21 05:00:00,22.3
400,2023-01-21 17:00:00,2023-01-21 06:00:00,24.1
400,2023-01-21 18:00:00,2023-01-21 07:00:00,20.8
400,2023-01-21 19:00:00,2023-01-21 08:00:00,21.2
400,2023-01-21 20:00:00,2023-01-21 09:00:00,20.0
400,2023-01-21 21:00:00,2023-01-21 10:00:00,18.2
400,2023-01-21 22:00:00,2023-01-21 11:00:00,17.3
400,2023-01-21 23:00:00,2023-01-21 12:00:00,16.9
400,2023-01-22 00:00:00,2023-01-21 13:00:00,16.9
400,2023-01-22 01:00:00,2023-01-21 14:00:00,17.0
400,2023-01-22 02:00:00,2023-01-21 15:00:00,17.4
400,2023-01-22 03:00:00,2023-01-21 16:00:00,17.4
400,2023-01-22 04:00:00,2023-01-21 17:00:00,17.7
400,2023-01-22 05:00:00,2023-01-21 18:00:00,17.6
400,2023-01-22 06:00:00,2023-01-21 19:00:00,17.5
400,2023-01-22 07:00:00,2023-01-21 20:00:00,17.2
400,2023-01-22 08:00:00,2023-01-21 21:00:00,17.8
400,2023-01-22 09:00:00,2023-01-21 22:00:00,18.7
400,2023-01-22 10:00:00,2023-01-21 23:00:00,19.8
400,2023-01-22 11:00:00,2023-01-22 00:00:00,21.0
400,2023-01-22 12:00:00,2023-01-22 01:00:00,21.3
400,2023-01-22 13:00:00,2023-01-22 02:00:00,23.6
400,2023-01-22 14:00:00,2023-01-22 03:00:00,23.3
400,2023-01-22 15:00:00,2023-01-22 04:00:00,25.1
400,2023-01-22 16:00:00,2023-01-22 05:00:00,23.5
400,2023-01-22 17:00:00,2023-01-22 06:00:00,23.4
400,2023-01-22 18:00:00,2023-01-22 07:00:00,22.2
400,2023-01-22 19:00:00,2023-01-22 08:00:00,21.7
400,2023-01-22 20:00:00,2023-01-22 09:00:00,20.7
400,2023-01-22 21:00:00,2023-01-22 10:00:00,19.0
400,2023-01-22 22:00:00,2023-01-22 11:00:00,18.1
400,2023-01-22 23:00:00,2023-01-22 12:00:00,17.5
400,2023-01-23 00:00:00,2023-01-22 13:00:00,17.2
400,2023-01-23 01:00:00,2023-01-22 14:00:00,16.9
400,2023-01-23 02:00:00,,15.9
400,2023-01-23 03:00:00,2023-01-22 16:00:00,14.9
400,2023-01-23 04:00:00,2023-01-22 17:00:00,15.9
400,2023-01-23 05:00:00,2023-01-22 18:00:00,16.7
400,2023-01-23 06:00:00,2023-01-22 19:00:00,16.8
400,2023-01-23 07:00:00,2023-01-22 20:00:00,17.0
400,2023-01-23 08:00:00,2023-01-22 21:00:00,17.3
400,2023-01-23 09:00:00,2023-01-22 22:00:00,18.2
400,2023-01-23 10:00:00,2023-01-22 23:00:00,20.0
400,2023-01-23 11:00:00,2023-01-23 00:00:00,22.3
400,2023-01-23 12:00:00,2023-01-23 01:00:00,23.9
400,2023-01-23 13:00:00,2023-01-23 02:00:00,25.3
400,2023-01-23 14:00:00,2023-01-23 03:00:00,27.3
400,2023-01-23 15:00:00,2023-01-23 04:00:00,27.6
400,2023-01-23 16:00:00,2023-01-23 05:00:00,27.4
400,2023-01-23 17:00:00,2023-01-23 06:00:00,27.1
400,2023-01-23 18:00:00,2023-01-23 07:00:00,25.8
400,2023-01-23 19:00:00,2023-01-23 08:00:00,25.9
400,2023-01-23 20:00:00,2023-01-23 09:00:00,24.6
400,2023-01-23 21:00:00,2023-01-23 10:00:00,22.8
400,2023-01-23 22:00:00,2023-01-23 11:00:00,21.5
400,2023-01-23 23:00:00,2023-01-23 12:00:00,19.9
400,2023-01-24 00:00:00,2023-01-23 13:00:00,19.1
400,2023-01-24 01:00:00,2023-01-23 14:00:00,18.1
400,2023-01-24 02:00:00,2023-01-23 15:00:00,17.2
400,2023-01-24 03:00:00,2023-01-23 16:00:00,16.8
400,2023-01-24 04:00:00,2023-01-23 17:00:00,16.5
400,2023-01-24 05:00:00,2023-01-23 18:00:00,16.4
400,2023-01-24 06:00:00,2023-01-23 19:00:00,16.3
400,2023-01-24 07:00:00,2023-01-23 20:00:00,15.5
400,2023-01-24 08:00:00,2023-01-23 21:00:00,17.8
400,2023-01-24 09:00:00,2023-01-23 22:00:00,19.0
400,2023-01-24 10:00:00,2023-01-23 23:00:00,22.1
400,2023-01-24 11:00:00,2023-01-24 00:00:00,25.7
400,2023-01-24 12:00:00,2023-01-24 01:00:00,25.8
400,2023-01-24 13:00:00,2023-01-24 02:00:00,25.5
400,2023-01-24 14:00:00,2023-01-24 03:00:00,26.7
400,2023-01-24 15:00:00,2023-01-24 04:00:00,26.9
400,2023-01-24 16:00:00,2023-01-24 05:00:00,25.7
400,2023-01-24 17:00:00,2023-01-24 06:00:00,26.2
400,2023-01-24 18:00:00,2023-01-24 07:00:00,21.4
400,2023-01-24 19:00:00,2023-01-24 08:00:00,21.8
400,2023-01-24 20:00:00,2023-01-24 09:00:00,21.7
400,2023-01-24 21:00:00,2023-01-24 10:00:00,19.8
400,2023-01-24 22:00:00,2023-01-24 11:00:00,19.1
400,2023-01-24 23:00:00,2023-01-24 12:00:00,17.8
400,2023-01-25 00:00:00,2023-01-24 13:00:00,17.3
400,2023-01-25 01:00:00,2023-01-24 14:00:00,16.5
400,2023-01-25 02:00:00,2023-01-24 15:00:00,15.6
400,2023-01-25 03:00:00,2023-01-24 16:00:00,15.7
400,2023-01-25 04:00:00,2023-01-24 17:00:00,16.1
400,2023-01-25 05:00:00,2023-01-24 18:00:00,16.6
400,2023-01-25 06:00:00,2023-01-24 19:00:00,17.1
400,2023-01-25 07:00:00,2023-01-24 20:00:00,17.6
400,2023-01-25 08:00:00,2023-01-24 21:00:00,18.2
400,2023-01-25 09:00:00,2023-01-24 22:00:00,19.3
400,2023-01-25 10:00:00,2023-01-24 23:00:00,23.1
400,2023-01-25 11:00:00,2023-01-25 00:00:00,26.5
400,2023-01-25 12:00:00,2023-01-25 01:00:00,28.9
400,2023-01-25 13:00:00,2023-01-25 02:00:00,29.6
400,2023-01-25 14:00:00,2023-01-25 03:00:00,30.1
400,2023-01-25 15:00:00,2023-01-25 04:00:00,29.8
400,2023-01-25 16:00:00,2023-01-25 05:00:00,30.0
400,2023-01-25 17:00:00,2023-01-25 06:00:00,27.8
400,2023-01-25 18:00:00,2023-01-25 07:00:00,29.8
400,2023-01-25 19:00:00,,25.85
400,2023-01-25 20:00:00,2023-01-25 09:00:00,21.9
400,2023-01-25 21:00:00,2023-01-25 10:00:00,19.0
400,2023-01-25 22:00:00,2023-01-25 11:00:00,18.5
400,2023-01-25 23:00:00,2023-01-25 12:00:00,18.5
400,2023-01-26 00:00:00,2023-01-25 13:00:00,18.2
400,2023-01-26 01:00:00,2023-01-25 14:00:00,18.1
400,2023-01-26 02:00:00,2023-01-25 15:00:00,17.1
400,2023-01-26 03:00:00,2023-01-25 16:00:00,16.1
400,2023-01-26 04:00:00,2023-01-25 17:00:00,15.3
400,2023-01-26 05:00:00,2023-01-25 18:00:00,14.3
400,2023-01-26 06:00:00,2023-01-25 19:00:00,14.3
400,2023-01-26 07:00:00,2023-01-25 20:00:00,13.7
400,2023-01-26 08:00:00,2023-01-25 21:00:00,15.8
400,2023-01-26 09:00:00,2023-01-25 22:00:00,17.3
400,2023-01-26 10:00:00,2023-01-25 23:00:00,18.0
400,2023-01-26 11:00:00,2023-01-26 00:00:00,18.8
400,2023-01-26 12:00:00,2023-01-26 01:00:00,21.3
400,2023-01-26 13:00:00,2023-01-26 02:00:00,21.2
400,2023-01-26 14:00:00,2023-01-26 03:00:00,20.2
400,2023-01-26 15:00:00,2023-01-26 04:00:00,21.0
400,2023-01-26 16:00:00,2023-01-26 05:00:00,21.2
400,2023-01-26 17:00:00,2023-01-26 06:00:00,20.8
400,2023-01-26 18:00:00,2023-01-26 07:00:00,20.2
400,2023-01-26 19:00:00,2023-01-26 08:00:00,19.5
400,2023-01-26 20:00:00,2023-01-26 09:00:00,18.4
400,2023-01-26 21:00:00,2023-01-26 10:00:00,16.6
400,2023-01-26 22:00:00,2023-01-26 11:00:00,15.7
400,2023-01-26 23:00:00,2023-01-26 12:00:00,15.5
400,2023-01-27 00:00:00,2023-01-26 13:00:00,15.5
400,2023-01-27 01:00:00,2023-01-26 14:00:00,14.6
400,2023-01-27 02:00:00,2023-01-26 15:00:00,14.1
400,2023-01-27 03:00:00,2023-01-26 16:00:00,12.7
400,2023-01-27 04:00:00,2023-01-26 17:00:00,11.8
400,2023-01-27 05:00:00,2023-01-26 18:00:00,10.7
400,2023-01-27 06:00:00,2023-01-26 19:00:00,10.7
400,2023-01-27 07:00:00,2023-01-26 20:00:00,10.6
400,2023-01-27 08:00:00,2023-01-26 21:00:00,13.7
400,2023-01-27 09:00:00,2023-01-26 22:00:00,16.3
400,2023-01-27 10:00:00,2023-01-26 23:00:00,17.5
400,2023-01-27 11:00:00,2023-01-27 00:00:00,20.1
400,2023-01-27 12:00:00,2023-01-27 01:00:00,22.2
400,2023-01-27 13:00:00,2023-01-27 02:00:00,23.9
400,2023-01-27 14:00:00,2023-01-27 03:00:00,26.1
400,2023-01-27 15:00:00,2023-01-27 04:00:00,27.4
400,2023-01-27 16:00:00,2023-01-27 05:00:00,28.2
400,2023-01-27 17:00:00,2023-01-27 06:00:00,28.5
400,2023-01-27 18:00:00,2023-01-27 07:00:00,27.7
400,2023-01-27 19:00:00,2023-01-27 08:00:00,26.6
400,2023-01-27 20:00:00,2023-01-27 09:00:00,25.2
400,2023-01-27 21:00:00,2023-01-27 10:00:00,21.8
400,2023-01-27 22:00:00,2023-01-27 11:00:00,19.8
400,2023-01-27 23:00:00,2023-01-27 12:00:00,19.1
400,2023-01-28 00:00:00,2023-01-27 13:00:00,17.4
400,2023-01-28 01:00:00,2023-01-27 14:00:00,16.6
400,2023-01-28 02:00:00,2023-01-27 15:00:00,15.3
400,2023-01-28 03:00:00,2023-01-27 16:00:00,14.1
400,2023-01-28 04:00:00,2023-01-27 17:00:00,18.8
400,2023-01-28 05:00:00,2023-01-27 18:00:00,17.8
400,2023-01-28 06:00:00,2023-01-27 19:00:00,16.4
400,2023-01-28 07:00:00,2023-01-27 20:00:00,19.8
400,2023-01-28 08:00:00,2023-01-27 21:00:00,23.0
400,2023-01-28 09:00:00,2023-01-27 22:00:00,24.5
400,2023-01-28 10:00:00,2023-01-27 23:00:00,26.8
400,2023-01-28 11:00:00,2023-01-28 00:00:00,28.7
400,2023-01-28 12:00:00,2023-01-28 01:00:00,30.6
400,2023-01-28 13:00:00,2023-01-28 02:00:00,34.0
400,2023-01-28 14:00:00,2023-01-28 03:00:00,33.4
400,2023-01-28 15:00:00,2023-01-28 04:00:00,34.4
400,2023-01-28 16:00:00,2023-01-28 05:00:00,34.1
400,2023-01-28 17:00:00,2023-01-28 06:00:00,30.5
400,2023-01-28 18:00:00,2023-01-28 07:00:00,26.1
400,2023-01-28 19:00:00,2023-01-28 08:00:00,23.2
400,2023-01-28 20:00:00,2023-01-28 09:00:00,21.8
400,2023-01-28 21:00:00,2023-01-28 10:00:00,20.6
400,2023-01-28 22:00:00,2023-01-28 11:00:00,20.4
400,2023-01-28 23:00:00,2023-01-28 12:00:00,19.8
400,2023-01-29 00:00:00,2023-01-28 13:00:00,19.1
400,2023-01-29 01:00:00,2023-01-28 14:00:00,19.0
400,2023-01-29 02:00:00,2023-01-28 15:00:00,18.7
400,2023-01-29 03:00:00,2023-01-28 16:00:00,19.1
400,2023-01-29 04:00:00,2023-01-28 17:00:00,19.1
400,2023-01-29 05:00:00,2023-01-28 18:00:00,18.8
400,2023-01-29 06:00:00,2023-01-28 19:00:00,18.5
400,2023-01-29 07:00:00,2023-01-28 20:00:00,18.1
400,2023-01-29 08:00:00,2023-01-28 21:00:00,18.8
400,2023-01-29 09:00:00,2023-01-28 22:00:00,19.7
400,2023-01-29 10:00:00,2023-01-28 23:00:00,20.3
400,2023-01-29 11:00:00,2023-01-29 00:00:00,22.6
400,2023-01-29 12:00:00,2023-01-29 01:00:00,23.2
400,2023-01-29 13:00:00,2023-01-29 02:00:00,23.1
400,2023-01-29 14:00:00,2023-01-29 03:00:00,21.6
400,2023-01-29 15:00:00,2023-01-29 04:00:00,21.7
400,2023-01-29 16:00:00,2023-01-29 05:00:00,21.0
400,2023-01-29 17:00:00,2023-01-29 06:00:00,20.4
400,2023-01-29 18:00:00,2023-01-29 07:00:00,19.4
400,2023-01-29 19:00:00,2023-01-29 08:00:00,19.1
400,2023-01-29 20:00:00,2023-01-29 09:00:00,18.7
400,2023-01-29 21:00:00,2023-01-29 10:00:00,18.2
400,2023-01-29 22:00:00,2023-01-29 11:00:00,17.9
400,2023-01-29 23:00:00,2023-01-29 12:00:00,17.8
400,2023-01-30 00:00:00,2023-01-29 13:00:00,17.9
400,2023-01-30 01:00:00,2023-01-29 14:00:00,17.8
400,2023-01-30 02:00:00,2023-01-29 15:00:00,17.5
400,2023-01-30 03:00:00,2023-01-29 16:00:00,17.4
400,2023-01-30 04:00:00,2023-01-29 17:00:00,17.4
400,2023-01-30 05:00:00,2023-01-29 18:00:00,17.2
400,2023-01-30 06:00:00,2023-01-29 19:00:00,17.1
400,2023-01-30 07:00:00,2023-01-29 20:00:00,17.2
400,2023-01-30 08:00:00,2023-01-29 21:00:00,17.5
400,2023-01-30 09:00:00,2023-01-29 22:00:00,17.9
400,2023-01-30 10:00:00,2023-01-29 23:00:00,17.6
400,2023-01-30 11:00:00,2023-01-30 00:00:00,18.8
400,2023-01-30 12:00:00,2023-01-30 01:00:00,18.8
400,2023-01-30 13:00:00,2023-01-30 02:00:00,20.0
400,2023-01-30 14:00:00,2023-01-30 03:00:00,20.6
400,2023-01-30 15:00:00,2023-01-30 04:00:00,21.1
400,2023-01-30 16:00:00,2023-01-30 05:00:00,20.2
400,2023-01-30 17:00:00,2023-01-30 06:00:00,21.3
400,2023-01-30 18:00:00,2023-01-30 07:00:00,20.1
400,2023-01-30 19:00:00,2023-01-30 08:00:00,19.5
400,2023-01-30 20:00:00,2023-01-30 09:00:00,18.6
400,2023-01-30 21:00:00,2023-01-30 10:00:00,17.1
400,2023-01-30 22:00:00,2023-01-30 11:00:00,16.1
400,2023-01-30 23:00:00,2023-01-30 12:00:00,16.9
400,2023-01-31 00:00:00,2023-01-30 13:00:00,17.1
400,2023-01-31 01:00:00,2023-01-30 14:00:00,17.0
400,2023-01-31 02:00:00,2023-01-30 15:00:00,17.0
400,2023-01-31 03:00:00,2023-01-30 16:00:00,16.2
400,2023-01-31 04:00:00,2023-01-30 17:00:00,15.9
400,2023-01-31 05:00:00,2023-01-30 18:00:00,15.7
400,2023-01-31 06:00:00,2023-01-30 19:00:00,15.2
400,2023-01-31 07:00:00,2023-01-30 20:00:00,15.1
400,2023-01-31 08:00:00,2023-01-30 21:00:00,15.6
400,2023-01-31 09:00:00,2023-01-30 22:00:00,16.8
400,2023-01-31 10:00:00,2023-01-30 23:00:00,18.2
400,2023-01-31 11:00:00,2023-01-31 00:00:00,19.1
400,2023-01-31 12:00:00,2023-01-31 01:00:00,20.1
400,2023-01-31 13:00:00,2023-01-31 02:00:00,21.3
400,2023-01-31 14:00:00,2023-01-31 03:00:00,22.2
400,2023-01-31 15:00:00,2023-01-31 04:00:00,22.2
400,2023-01-31 16:00:00,2023-01-31 05:00:00,22.5
400,2023-01-31 17:00:00,2023-01-31 06:00:00,22.1
400,2023-01-31 18:00:00,2023-01-31 07:00:00,22.1
400,2023-01-31 19:00:00,2023-01-31 08:00:00,21.0
400,2023-01-31 20:00:00,2023-01-31 09:00:00,19.3
400,2023-01-31 21:00:00,2023-01-31 10:00:00,17.4
400,2023-01-31 22:00:00,2023-01-31 11:00:00,15.9
400,2023-01-31 23:00:00,2023-01-31 12:00:00,15.2
400,2023-02-01 00:00:00,2023-01-31 13:00:00,14.0
400,2023-02-01 01:00:00,2023-01-31 14:00:00,13.3
400,2023-02-01 02:00:00,2023-01-31 15:00:00,12.5
400,2023-02-01 03:00:00,2023-01-31 16:00:00,12.4
400,2023-02-01 04:00:00,2023-01-31 17:00:00,11.6
400,2023-02-01 05:00:00,2023-01-31 18:00:00,10.5
400,2023-02-01 06:00:00,2023-01-31 19:00:00,10.8
400,2023-02-01 07:00:00,2023-01-31 20:00:00,11.8
400,2023-02-01 08:00:00,2023-01-31 21:00:00,13.7
400,2023-02-01 09:00:00,2023-01-31 22:00:00,17.0
400,2023-02-01 10:00:00,2023-01-31 23:00:00,18.5
400,2023-02-01 11:00:00,2023-02-01 00:00:00,20.5
400,2023-02-01 12:00:00,2023-02-01 01:00:00,20.0
400,2023-02-01 13:00:00,2023-02-01 02:00:00,17.7
400,2023-02-01 14:00:00,2023-02-01 03:00:00,18.2
400,2023-02-01 15:00:00,2023-02-01 04:00:00,17.7
400,2023-02-01 16:00:00,2023-02-01 05:00:00,17.5
400,2023-02-01 17:00:00,2023-02-01 06:00:00,17.1
400,2023-02-01 18:00:00,2023-02-01 07:00:00,17.3
400,2023-02-01 19:00:00,2023-02-01 08:00:00,17.2
400,2023-02-01 20:00:00,2023-02-01 09:00:00,16.6
400,2023-02-01 21:00:00,2023-02-01 10:00:00,16.0
400,2023-02-01 22:00:00,2023-02-01 11:00:00,15.7
400,2023-02-01 23:00:00,2023-02-01 12:00:00,14.7
400,2023-02-02 00:00:00,2023-02-01 13:00:00,13.5
400,2023-02-02 01:00:00,2023-02-01 14:00:00,12.1
400,2023-02-02 02:00:00,2023-02-01 15:00:00,12.0
400,2023-02-02 03:00:00,2023-02-01 16:00:00,11.5
400,2023-02-02 04:00:00,2023-02-01 17:00:00,10.1
400,2023-02-02 05:00:00,2023-02-01 18:00:00,11.3
400,2023-02-02 06:00:00,2023-02-01 19:00:00,11.7
400,2023-02-02 07:00:00,2023-02-01 20:00:00,12.6
400,2023-02-02 08:00:00,2023-02-01 21:00:00,12.4
400,2023-02-02 09:00:00,2023-02-01 22:00:00,14.9
400,2023-02-02 10:00:00,2023-02-01 23:00:00,16.4
400,2023-02-02 11:00:00,2023-02-02 00:00:00,18.0
400,2023-02-02 12:00:00,2023-02-02 01:00:00,19.0
400,2023-02-02 13:00:00,2023-02-02 02:00:00,19.5
400,2023-02-02 14:00:00,2023-02-02 03:00:00,21.1
400,2023-02-02 15:00:00,2023-02-02 04:00:00,20.8
400,2023-02-02 16:00:00,2023-02-02 05:00:00,19.3
400,2023-02-02 17:00:00,2023-02-02 06:00:00,11.1
400,2023-02-02 18:00:00,2023-02-02 07:00:00,11.5
400,2023-02-02 19:00:00,2023-02-02 08:00:00,12.2
400,2023-02-02 20:00:00,2023-02-02 09:00:00,13.4
400,2023-02-02 21:00:00,2023-02-02 10:00:00,12.4
400,2023-02-02 22:00:00,2023-02-02 11:00:00,11.6
400,2023-02-02 23:00:00,2023-02-02 12:00:00,10.5
400,2023-02-03 00:00:00,2023-02-02 13:00:00,11.0
400,2023-02-03 01:00:00,2023-02-02 14:00:00,10.6
400,2023-02-03 02:00:00,2023-02-02 15:00:00,10.7
400,2023-02-03 03:00:00,2023-02-02 16:00:00,10.1
400,2023-02-03 04:00:00,2023-02-02 17:00:00,10.0
400,2023-02-03 05:00:00,2023-02-02 18:00:00,9.1
400,2023-02-03 06:00:00,2023-02-02 19:00:00,10.4
400,2023-02-03 07:00:00,2023-02-02 20:00:00,10.0
400,2023-02-03 08:00:00,2023-02-02 21:00:00,10.9
400,2023-02-03 09:00:00,2023-02-02 22:00:00,12.7
400,2023-02-03 10:00:00,2023-02-02 23:00:00,12.5
400,2023-02-03 11:00:00,2023-02-03 00:00:00,11.6
400,2023-02-03 12:00:00,2023-02-03 01:00:00,12.4
400,2023-02-03 13:00:00,2023-02-03 02:00:00,11.5
400,2023-02-03 14:00:00,2023-02-03 03:00:00,14.4
400,2023-02-03 15:00:00,2023-02-03 04:00:00,16.5
400,2023-02-03 16:00:00,2023-02-03 05:00:00,17.4
400,2023-02-03 17:00:00,2023-02-03 06:00:00,14.5
400,2023-02-03 18:00:00,2023-02-03 07:00:00,15.8
400,2023-02-03 19:00:00,2023-02-03 08:00:00,15.6
400,2023-02-03 20:00:00,2023-02-03 09:00:00,13.8
400,2023-02-03 21:00:00,2023-02-03 10:00:00,11.7
400,2023-02-03 22:00:00,2023-02-03 11:00:00,11.2
400,2023-02-03 23:00:00,2023-02-03 12:00:00,10.7
400,2023-02-04 00:00:00,2023-02-03 13:00:00,11.1
400,2023-02-04 01:00:00,2023-02-03 14:00:00,11.2
400,2023-02-04 02:00:00,2023-02-03 15:00:00,11.3
400,2023-02-04 03:00:00,2023-02-03 16:00:00,12.1
400,2023-02-04 04:00:00,2023-02-03 17:00:00,12.5
400,2023-02-04 05:00:00,2023-02-03 18:00:00,12.7
400,2023-02-04 06:00:00,2023-02-03 19:00:00,11.6
400,2023-02-04 07:00:00,2023-02-03 20:00:00,11.9
400,2023-02-04 08:00:00,2023-02-03 21:00:00,12.6
400,2023-02-04 09:00:00,2023-02-03 22:00:00,14.3
400,2023-02-04 10:00:00,2023-02-03 23:00:00,15.3
400,2023-02-04 11:00:00,2023-02-04 00:00:00,16.2
400,2023-02-04 12:00:00,2023-02-04 01:00:00,17.3
400,2023-02-04 13:00:00,2023-02-04 02:00:00,19.4
400,2023-02-04 14:00:00,2023-02-04 03:00:00,20.4
400,2023-02-04 15:00:00,2023-02-04 04:00:00,20.3
400,2023-02-04 16:00:00,2023-02-04 05:00:00,20.5
400,2023-02-04 17:00:00,2023-02-04 06:00:00,20.7
400,2023-02-04 18:00:00,2023-02-04 07:00:00,19.7
400,2023-02-04 19:00:00,2023-02-04 08:00:00,19.6
400,2023-02-04 20:00:00,2023-02-04 09:00:00,17.9
400,2023-02-04 21:00:00,2023-02-04 10:00:00,16.4
400,2023-02-04 22:00:00,2023-02-04 11:00:00,15.4
400,2023-02-04 23:00:00,2023-02-04 12:00:00,14.3
400,2023-02-05 00:00:00,2023-02-04 13:00:00,14.2
400,2023-02-05 01:00:00,2023-02-04 14:00:00,13.8
400,2023-02-05 02:00:00,2023-02-04 15:00:00,13.4
400,2023-02-05 03:00:00,,12.55
400,2023-02-05 04:00:00,2023-02-04 17:00:00,11.7
400,2023-02-05 05:00:00,2023-02-04 18:00:00,12.6
400,2023-02-05 06:00:00,2023-02-04 19:00:00,11.7
400,2023-02-05 07:00:00,2023-02-04 20:00:00,12.3
400,2023-02-05 08:00:00,2023-02-04 21:00:00,12.4
400,2023-02-05 09:00:00,2023-02-04 22:00:00,15.5
400,2023-02-05 10:00:00,2023-02-04 23:00:00,17.7
400,2023-02-05 11:00:00,2023-02-05 00:00:00,17.8
400,2023-02-05 12:00:00,2023-02-05 01:00:00,18.1
400,2023-02-05 13:00:00,2023-02-05 02:00:00,18.4
400,2023-02-05 14:00:00,2023-02-05 03:00:00,18.9
400,2023-02-05 15:00:00,2023-02-05 04:00:00,19.6
400,2023-02-05 16:00:00,2023-02-05 05:00:00,19.3
400,2023-02-05 17:00:00,2023-02-05 06:00:00,18.5
400,2023-02-05 18:00:00,2023-02-05 07:00:00,18.9
400,2023-02-05 19:00:00,2023-02-05 08:00:00,18.2
400,2023-02-05 20:00:00,2023-02-05 09:00:00,17.1
400,2023-02-05 21:00:00,2023-02-05 10:00:00,16.6
400,2023-02-05 22:00:00,2023-02-05 11:00:00,16.0
400,2023-02-05 23:00:00,2023-02-05 12:00:00,16.0
400,2023-02-06 00:00:00,2023-02-05 13:00:00,15.6
400,2023-02-06 01:00:00,2023-02-05 14:00:00,15.8
400,2023-02-06 02:00:00,2023-02-05 15:00:00,15.6
400,2023-02-06 03:00:00,2023-02-05 16:00:00,15.2
400,2023-02-06 04:00:00,2023-02-05 17:00:00,14.6
400,2023-02-06 05:00:00,2023-02-05 18:00:00,14.8
400,2023-02-06 06:00:00,2023-02-05 19:00:00,15.1
400,2023-02-06 07:00:00,2023-02-05 20:00:00,14.7
400,2023-02-06 08:00:00,2023-02-05 21:00:00,15.2
400,2023-02-06 09:00:00,2023-02-05 22:00:00,16.2
400,2023-02-06 10:00:00,2023-02-05 23:00:00,16.6
400,2023-02-06 11:00:00,2023-02-06 00:00:00,17.4
400,2023-02-06 12:00:00,2023-02-06 01:00:00,17.9
400,2023-02-06 13:00:00,2023-02-06 02:00:00,19.9
400,2023-02-06 14:00:00,2023-02-06 03:00:00,20.2
400,2023-02-06 15:00:00,2023-02-06 04:00:00,21.1
400,2023-02-06 16:00:00,2023-02-06 05:00:00,21.7
400,2023-02-06 17:00:00,2023-02-06 06:00:00,20.3
400,2023-02-06 18:00:00,2023-02-06 07:00:00,21.1
400,2023-02-06 19:00:00,2023-02-06 08:00:00,19.6
400,2023-02-06 20:00:00,2023-02-06 09:00:00,18.0
400,2023-02-06 21:00:00,2023-02-06 10:00:00,16.1
400,2023-02-06 22:00:00,2023-02-06 11:00:00,15.2
400,2023-02-06 23:00:00,2023-02-06 12:00:00,15.6
400,2023-02-07 00:00:00,2023-02-06 13:00:00,16.1
400,2023-02-07 01:00:00,2023-02-06 14:00:00,15.4
400,2023-02-07 02:00:00,2023-02-06 15:00:00,15.2
400,2023-02-07 03:00:00,2023-02-06 16:00:00,15.4
400,2023-02-07 04:00:00,2023-02-06 17:00:00,15.1
400,2023-02-07 05:00:00,2023-02-06 18:00:00,15.2
400,2023-02-07 06:00:00,2023-02-06 19:00:00,15.3
400,2023-02-07 07:00:00,2023-02-06 20:00:00,14.9
400,2023-02-07 08:00:00,2023-02-06 21:00:00,14.7
400,2023-02-07 09:00:00,2023-02-06 22:00:00,15.6
400,2023-02-07 10:00:00,2023-02-06 23:00:00,16.6
400,2023-02-07 11:00:00,2023-02-07 00:00:00,18.0
400,2023-02-07 12:00:00,2023-02-07 01:00:00,18.7
400,2023-02-07 13:00:00,2023-02-07 02:00:00,19.7
400,2023-02-07 14:00:00,2023-02-07 03:00:00,21.3
400,2023-02-07 15:00:00,2023-02-07 04:00:00,20.5
400,2023-02-07 16:00:00,2023-02-07 05:00:00,21.1
400,2023-02-07 17:00:00,2023-02-07 06:00:00,20.9
400,2023-02-07 18:00:00,2023-02-07 07:00:00,20.3
400,2023-02-07 19:00:00,2023-02-07 08:00:00,18.5
400,2023-02-07 20:00:00,2023-02-07 09:00:00,16.9
400,2023-02-07 21:00:00,2023-02-07 10:00:00,15.9
400,2023-02-07 22:00:00,2023-02-07 11:00:00,16.0
400,2023-02-07 23:00:00,2023-02-07 12:00:00,15.9
400,2023-02-08 00:00:00,2023-02-07 13:00:00,15.5
400,2023-02-08 01:00:00,2023-02-07 14:00:00,15.4
400,2023-02-08 02:00:00,2023-02-07 15:00:00,15.3
400,2023-02-08 03:00:00,2023-02-07 16:00:00,15.0
400,2023-02-08 04:00:00,2023-02-07 17:00:00,14.4
400,2023-02-08 05:00:00,2023-02-07 18:00:00,14.5
400,2023-02-08 06:00:00,2023-02-07 19:00:00,14.5
400,2023-02-08 07:00:00,2023-02-07 20:00:00,14.3
400,2023-02-08 08:00:00,2023-02-07 21:00:00,15.2
400,2023-02-08 09:00:00,2023-02-07 22:00:00,16.3
400,2023-02-08 10:00:00,2023-02-07 23:00:00,17.7
400,2023-02-08 11:00:00,2023-02-08 00:00:00,19.1
400,2023-02-08 12:00:00,2023-02-08 01:00:00,20.1
400,2023-02-08 13:00:00,2023-02-08 02:00:00,21.7
400,2023-02-08 14:00:00,2023-02-08 03:00:00,21.1
400,2023-02-08 15:00:00,2023-02-08 04:00:00,22.2
400,2023-02-08 16:00:00,2023-02-08 05:00:00,22.5
400,2023-02-08 17:00:00,2023-02-08 06:00:00,22.0
400,2023-02-08 18:00:00,2023-02-08 07:00:00,21.5
400,2023-02-08 19:00:00,2023-02-08 08:00:00,21.0
400,2023-02-08 20:00:00,2023-02-08 09:00:00,20.0
400,2023-02-08 21:00:00,2023-02-08 10:00:00,17.9
400,2023-02-08 22:00:00,2023-02-08 11:00:00,16.8
400,2023-02-08 23:00:00,2023-02-08 12:00:00,16.0
400,2023-02-09 00:00:00,2023-02-08 13:00:00,14.9
400,2023-02-09 01:00:00,2023-02-08 14:00:00,13.8
400,2023-02-09 02:00:00,2023-02-08 15:00:00,13.3
400,2023-02-09 03:00:00,2023-02-08 16:00:00,13.0
400,2023-02-09 04:00:00,2023-02-08 17:00:00,13.2
400,2023-02-09 05:00:00,2023-02-08 18:00:00,13.2
400,2023-02-09 06:00:00,2023-02-08 19:00:00,14.7
400,2023-02-09 07:00:00,2023-02-08 20:00:00,14.3
400,2023-02-09 08:00:00,2023-02-08 21:00:00,15.5
400,2023-02-09 09:00:00,2023-02-08 22:00:00,17.4
400,2023-02-09 10:00:00,2023-02-08 23:00:00,20.3
400,2023-02-09 11:00:00,2023-02-09 00:00:00,23.4
400,2023-02-09 12:00:00,2023-02-09 01:00:00,25.7
400,2023-02-09 13:00:00,2023-02-09 02:00:00,26.6
400,2023-02-09 14:00:00,2023-02-09 03:00:00,27.9
400,2023-02-09 15:00:00,2023-02-09 04:00:00,26.7
400,2023-02-09 16:00:00,2023-02-09 05:00:00,28.3
400,2023-02-09 17:00:00,2023-02-09 06:00:00,26.8
400,2023-02-09 18:00:00,2023-02-09 07:00:00,26.2
400,2023-02-09 19:00:00,2023-02-09 08:00:00,25.5
400,2023-02-09 20:00:00,2023-02-09 09:00:00,24.2
400,2023-02-09 21:00:00,2023-02-09 10:00:00,21.2
400,2023-02-09 22:00:00,2023-02-09 11:00:00,19.4
400,2023-02-09 23:00:00,2023-02-09 12:00:00,18.4
400,2023-02-10 00:00:00,2023-02-09 13:00:00,17.0
400,2023-02-10 01:00:00,2023-02-09 14:00:00,16.8
400,2023-02-10 02:00:00,2023-02-09 15:00:00,15.7
400,2023-02-10 03:00:00,2023-02-09 16:00:00,14.9
400,2023-02-10 04:00:00,2023-02-09 17:00:00,14.1
400,2023-02-10 05:00:00,2023-02-09 18:00:00,13.1
400,2023-02-10 06:00:00,2023-02-09 19:00:00,12.2
400,2023-02-10 07:00:00,2023-02-09 20:00:00,12.5
400,2023-02-10 08:00:00,2023-02-09 21:00:00,14.0
400,2023-02-10 09:00:00,2023-02-09 22:00:00,14.9
400,2023-02-10 10:00:00,2023-02-09 23:00:00,16.3
400,2023-02-10 11:00:00,2023-02-10 00:00:00,20.6
400,2023-02-10 12:00:00,2023-02-10 01:00:00,23.5
400,2023-02-10 13:00:00,2023-02-10 02:00:00,26.0
400,2023-02-10 14:00:00,2023-02-10 03:00:00,26.6
400,2023-02-10 15:00:00,2023-02-10 04:00:00,27.1
400,2023-02-10 16:00:00,2023-02-10 05:00:00,26.8
400,2023-02-10 17:00:00,2023-02-10 06:00:00,26.1
400,2023-02-10 18:00:00,2023-02-10 07:00:00,26.3
400,2023-02-10 19:00:00,2023-02-10 08:00:00,24.2
400,2023-02-10 20:00:00,2023-02-10 09:00:00,23.4
400,2023-02-10 21:00:00,2023-02-10 10:00:00,20.8
400,2023-02-10 22:00:00,2023-02-10 11:00:00,19.1
400,2023-02-10 23:00:00,2023-02-10 12:00:00,17.9
400,2023-02-11 00:00:00,2023-02-10 13:00:00,17.1
400,2023-02-11 01:00:00,2023-02-10 14:00:00,16.6
400,2023-02-11 02:00:00,2023-02-10 15:00:00,16.0
400,2023-02-11 03:00:00,2023-02-10 16:00:00,15.5
400,2023-02-11 04:00:00,2023-02-10 17:00:00,15.4
400,2023-02-11 05:00:00,2023-02-10 18:00:00,15.1
400,2023-02-11 06:00:00,2023-02-10 19:00:00,14.1
400,2023-02-11 07:00:00,2023-02-10 20:00:00,13.6
400,2023-02-11 08:00:00,2023-02-10 21:00:00,15.1
400,2023-02-11 09:00:00,2023-02-10 22:00:00,18.3
400,2023-02-11 10:00:00,2023-02-10 23:00:00,24.8
400,2023-02-11 11:00:00,2023-02-11 00:00:00,28.1
400,2023-02-11 12:00:00,2023-02-11 01:00:00,28.1
400,2023-02-11 13:00:00,2023-02-11 02:00:00,26.7
400,2023-02-11 14:00:00,2023-02-11 03:00:00,26.8
400,2023-02-11 15:00:00,2023-02-11 04:00:00,27.6
400,2023-02-11 16:00:00,2023-02-11 05:00:00,27.7
400,2023-02-11 17:00:00,2023-02-11 06:00:00,25.2
400,2023-02-11 18:00:00,2023-02-11 07:00:00,24.4
400,2023-02-11 19:00:00,2023-02-11 08:00:00,22.6
400,2023-02-11 20:00:00,2023-02-11 09:00:00,20.9
400,2023-02-11 21:00:00,2023-02-11 10:00:00,19.2
400,2023-02-11 22:00:00,2023-02-11 11:00:00,18.8
400,2023-02-11 23:00:00,2023-02-11 12:00:00,19.6
400,2023-02-12 00:00:00,2023-02-11 13:00:00,19.9
400,2023-02-12 01:00:00,2023-02-11 14:00:00,18.7
400,2023-02-12 02:00:00,2023-02-11 15:00:00,18.2
400,2023-02-12 03:00:00,2023-02-11 16:00:00,17.2
400,2023-02-12 04:00:00,2023-02-11 17:00:00,17.2
400,2023-02-12 05:00:00,2023-02-11 18:00:00,16.4
400,2023-02-12 06:00:00,2023-02-11 19:00:00,16.4
400,2023-02-12 07:00:00,2023-02-11 20:00:00,15.7
400,2023-02-12 08:00:00,2023-02-11 21:00:00,16.6
400,2023-02-12 09:00:00,2023-02-11 22:00:00,17.6
400,2023-02-12 10:00:00,2023-02-11 23:00:00,18.1
400,2023-02-12 11:00:00,2023-02-12 00:00:00,19.9
400,2023-02-12 12:00:00,2023-02-12 01:00:00,18.3
400,2023-02-12 13:00:00,2023-02-12 02:00:00,20.5
400,2023-02-12 14:00:00,2023-02-12 03:00:00,20.3
400,2023-02-12 15:00:00,2023-02-12 04:00:00,19.7
400,2023-02-12 16:00:00,2023-02-12 05:00:00,19.0
400,2023-02-12 17:00:00,2023-02-12 06:00:00,18.8
400,2023-02-12 18:00:00,2023-02-12 07:00:00,17.4
400,2023-02-12 19:00:00,2023-02-12 08:00:00,16.8
400,2023-02-12 20:00:00,2023-02-12 09:00:00,16.2
400,2023-02-12 21:00:00,2023-02-12 10:00:00,15.7
400,2023-02-12 22:00:00,2023-02-12 11:00:00,15.0
400,2023-02-12 23:00:00,2023-02-12 12:00:00,15.1
400,2023-02-13 00:00:00,2023-02-12 13:00:00,14.9
400,2023-02-13 01:00:00,2023-02-12 14:00:00,15.0
400,2023-02-13 02:00:00,2023-02-12 15:00:00,15.0
400,2023-02-13 03:00:00,2023-02-12 16:00:00,14.3
400,2023-02-13 04:00:00,2023-02-12 17:00:00,14.1
400,2023-02-13 05:00:00,2023-02-12 18:00:00,14.0
400,2023-02-13 06:00:00,2023-02-12 19:00:00,14.0
400,2023-02-13 07:00:00,2023-02-12 20:00:00,13.9
400,2023-02-13 08:00:00,2023-02-12 21:00:00,14.0
400,2023-02-13 09:00:00,2023-02-12 22:00:00,16.5
400,2023-02-13 10:00:00,2023-02-12 23:00:00,16.6
400,2023-02-13 11:00:00,2023-02-13 00:00:00,17.9
400,2023-02-13 12:00:00,2023-02-13 01:00:00,18.1
400,2023-02-13 13:00:00,2023-02-13 02:00:00,19.4
400,2023-02-13 14:00:00,2023-02-13 03:00:00,18.5
400,2023-02-13 15:00:00,2023-02-13 04:00:00,20.3
400,2023-02-13 16:00:00,2023-02-13 05:00:00,18.6
400,2023-02-13 17:00:00,2023-02-13 06:00:00,19.9
400,2023-02-13 18:00:00,2023-02-13 07:00:00,18.5
400,2023-02-13 19:00:00,2023-02-13 08:00:00,18.1
400,2023-02-13 20:00:00,2023-02-13 09:00:00,16.7
400,2023-02-13 21:00:00,2023-02-13 10:00:00,15.9
400,2023-02-13 22:00:00,2023-02-13 11:00:00,16.1
400,2023-02-13 23:00:00,2023-02-13 12:00:00,16.0
400,2023-02-14 00:00:00,2023-02-13 13:00:00,15.1
400,2023-02-14 01:00:00,2023-02-13 14:00:00,14.8
400,2023-02-14 02:00:00,2023-02-13 15:00:00,14.7
400,2023-02-14 03:00:00,2023-02-13 16:00:00,13.9
400,2023-02-14 04:00:00,2023-02-13 17:00:00,12.1
400,2023-02-14 05:00:00,2023-02-13 18:00:00,12.2
400,2023-02-14 06:00:00,2023-02-13 19:00:00,11.5
400,2023-02-14 07:00:00,2023-02-13 20:00:00,11.1
400,2023-02-14 08:00:00,2023-02-13 21:00:00,12.6
400,2023-02-14 09:00:00,2023-02-13 22:00:00,16.3
400,2023-02-14 10:00:00,2023-02-13 23:00:00,18.7
400,2023-02-14 11:00:00,2023-02-14 00:00:00,19.4
400,2023-02-14 12:00:00,2023-02-14 01:00:00,18.9
400,2023-02-14 13:00:00,2023-02-14 02:00:00,20.7
400,2023-02-14 14:00:00,2023-02-14 03:00:00,21.4
400,2023-02-14 15:00:00,2023-02-14 04:00:00,21.5
400,2023-02-14 16:00:00,2023-02-14 05:00:00,22.0
400,2023-02-14 17:00:00,2023-02-14 06:00:00,22.6
400,2023-02-14 18:00:00,2023-02-14 07:00:00,21.2
400,2023-02-14 19:00:00,2023-02-14 08:00:00,19.9
400,2023-02-14 20:00:00,2023-02-14 09:00:00,18.5
400,2023-02-14 21:00:00,2023-02-14 10:00:00,16.8
400,2023-02-14 22:00:00,2023-02-14 11:00:00,15.7
400,2023-02-14 23:00:00,2023-02-14 12:00:00,14.6
400,2023-02-15 00:00:00,2023-02-14 13:00:00,12.7
400,2023-02-15 01:00:00,2023-02-14 14:00:00,12.5
400,2023-02-15 02:00:00,2023-02-14 15:00:00,12.2
400,2023-02-15 03:00:00,2023-02-14 16:00:00,11.4
400,2023-02-15 04:00:00,2023-02-14 17:00:00,11.2
400,2023-02-15 05:00:00,2023-02-14 18:00:00,11.0
400,2023-02-15 06:00:00,2023-02-14 19:00:00,10.9
400,2023-02-15 07:00:00,2023-02-14 20:00:00,11.9
400,2023-02-15 08:00:00,2023-02-14 21:00:00,15.0
400,2023-02-15 09:00:00,2023-02-14 22:00:00,20.6
400,2023-02-15 10:00:00,2023-02-14 23:00:00,23.3
400,2023-02-15 11:00:00,2023-02-15 00:00:00,26.1
400,2023-02-15 12:00:00,2023-02-15 01:00:00,28.0
400,2023-02-15 13:00:00,2023-02-15 02:00:00,30.9
400,2023-02-15 14:00:00,2023-02-15 03:00:00,30.6
400,2023-02-15 15:00:00,2023-02-15 04:00:00,32.4
400,2023-02-15 16:00:00,2023-02-15 05:00:00,31.3
400,2023-02-15 17:00:00,2023-02-15 06:00:00,32.6
400,2023-02-15 18:00:00,2023-02-15 07:00:00,31.2
400,2023-02-15 19:00:00,2023-02-15 08:00:00,29.9
400,2023-02-15 20:00:00,2023-02-15 09:00:00,26.2
400,2023-02-15 21:00:00,2023-02-15 10:00:00,24.0
400,2023-02-15 22:00:00,2023-02-15 11:00:00,21.4
400,2023-02-15 23:00:00,2023-02-15 12:00:00,20.6
400,2023-02-16 00:00:00,2023-02-15 13:00:00,19.0
400,2023-02-16 01:00:00,2023-02-15 14:00:00,18.1
400,2023-02-16 02:00:00,2023-02-15 15:00:00,17.6
400,2023-02-16 03:00:00,2023-02-15 16:00:00,18.2
400,2023-02-16 04:00:00,2023-02-15 17:00:00,20.8
400,2023-02-16 05:00:00,2023-02-15 18:00:00,21.9
400,2023-02-16 06:00:00,2023-02-15 19:00:00,22.1
400,2023-02-16 07:00:00,2023-02-15 20:00:00,21.6
400,2023-02-16 08:00:00,2023-02-15 21:00:00,23.2
400,2023-02-16 09:00:00,2023-02-15 22:00:00,26.0
400,2023-02-16 10:00:00,2023-02-15 23:00:00,29.0
400,2023-02-16 11:00:00,2023-02-16 00:00:00,30.4
400,2023-02-16 12:00:00,2023-02-16 01:00:00,33.1
400,2023-02-16 13:00:00,2023-02-16 02:00:00,34.4
400,2023-02-16 14:00:00,2023-02-16 03:00:00,36.3
400,2023-02-16 15:00:00,2023-02-16 04:00:00,35.4
400,2023-02-16 16:00:00,2023-02-16 05:00:00,35.9
400,2023-02-16 17:00:00,2023-02-16 06:00:00,36.3
400,2023-02-16 18:00:00,2023-02-16 07:00:00,35.6
400,2023-02-16 19:00:00,2023-02-16 08:00:00,35.9
400,2023-02-16 20:00:00,2023-02-16 09:00:00,29.4
400,2023-02-16 21:00:00,2023-02-16 10:00:00,26.1
400,2023-02-16 22:00:00,2023-02-16 11:00:00,24.2
400,2023-02-16 23:00:00,2023-02-16 12:00:00,22.6
400,2023-02-17 00:00:00,2023-02-16 13:00:00,22.4
400,2023-02-17 01:00:00,2023-02-16 14:00:00,22.6
400,2023-02-17 02:00:00,2023-02-16 15:00:00,21.8
400,2023-02-17 03:00:00,2023-02-16 16:00:00,23.1
400,2023-02-17 04:00:00,2023-02-16 17:00:00,24.6
400,2023-02-17 05:00:00,2023-02-16 18:00:00,26.0
400,2023-02-17 06:00:00,2023-02-16 19:00:00,27.3
400,2023-02-17 07:00:00,2023-02-16 20:00:00,27.0
400,2023-02-17 08:00:00,2023-02-16 21:00:00,27.6
400,2023-02-17 09:00:00,2023-02-16 22:00:00,27.8
400,2023-02-17 10:00:00,2023-02-16 23:00:00,28.8
400,2023-02-17 11:00:00,2023-02-17 00:00:00,31.4
400,2023-02-17 12:00:00,2023-02-17 01:00:00,35.6
400,2023-02-17 13:00:00,2023-02-17 02:00:00,37.3
400,2023-02-17 14:00:00,2023-02-17 03:00:00,39.0
400,2023-02-17 15:00:00,2023-02-17 04:00:00,39.4
400,2023-02-17 16:00:00,2023-02-17 05:00:00,40.7
400,2023-02-17 17:00:00,2023-02-17 06:00:00,28.8
400,2023-02-17 18:00:00,2023-02-17 07:00:00,24.5
400,2023-02-17 19:00:00,2023-02-17 08:00:00,21.3
400,2023-02-17 20:00:00,2023-02-17 09:00:00,19.5
400,2023-02-17 21:00:00,2023-02-17 10:00:00,18.1
400,2023-02-17 22:00:00,2023-02-17 11:00:00,18.1
400,2023-02-17 23:00:00,2023-02-17 12:00:00,17.8
400,2023-02-18 00:00:00,2023-02-17 13:00:00,17.7
400,2023-02-18 01:00:00,2023-02-17 14:00:00,17.3
400,2023-02-18 02:00:00,2023-02-17 15:00:00,17.4
400,2023-02-18 03:00:00,2023-02-17 16:00:00,17.1
400,2023-02-18 04:00:00,2023-02-17 17:00:00,16.7
400,2023-02-18 05:00:00,2023-02-17 18:00:00,16.8
400,2023-02-18 06:00:00,2023-02-17 19:00:00,16.5
400,2023-02-18 07:00:00,2023-02-17 20:00:00,16.4
400,2023-02-18 08:00:00,2023-02-17 21:00:00,16.4
400,2023-02-18 09:00:00,2023-02-17 22:00:00,16.9
400,2023-02-18 10:00:00,2023-02-17 23:00:00,17.3
400,2023-02-18 11:00:00,2023-02-18 00:00:00,18.4
400,2023-02-18 12:00:00,2023-02-18 01:00:00,20.6
400,2023-02-18 13:00:00,2023-02-18 02:00:00,21.0
400,2023-02-18 14:00:00,2023-02-18 03:00:00,22.1
400,2023-02-18 15:00:00,2023-02-18 04:00:00,22.5
400,2023-02-18 16:00:00,2023-02-18 05:00:00,23.9
400,2023-02-18 17:00:00,2023-02-18 06:00:00,24.4
400,2023-02-18 18:00:00,2023-02-18 07:00:00,22.0
400,2023-02-18 19:00:00,2023-02-18 08:00:00,20.1
400,2023-02-18 20:00:00,2023-02-18 09:00:00,18.5
400,2023-02-18 21:00:00,2023-02-18 10:00:00,17.4
400,2023-02-18 22:00:00,2023-02-18 11:00:00,16.8
400,2023-02-18 23:00:00,2023-02-18 12:00:00,16.1
400,2023-02-19 00:00:00,2023-02-18 13:00:00,17.0
400,2023-02-19 01:00:00,2023-02-18 14:00:00,16.8
400,2023-02-19 02:00:00,2023-02-18 15:00:00,16.7
400,2023-02-19 03:00:00,2023-02-18 16:00:00,16.4
400,2023-02-19 04:00:00,2023-02-18 17:00:00,15.6
400,2023-02-19 05:00:00,2023-02-18 18:00:00,14.4
400,2023-02-19 06:00:00,2023-02-18 19:00:00,13.1
400,2023-02-19 07:00:00,2023-02-18 20:00:00,13.5
400,2023-02-19 08:00:00,2023-02-18 21:00:00,14.7
400,2023-02-19 09:00:00,2023-02-18 22:00:00,17.2
400,2023-02-19 10:00:00,2023-02-18 23:00:00,19.8
400,2023-02-19 11:00:00,2023-02-19 00:00:00,21.3
400,2023-02-19 12:00:00,2023-02-19 01:00:00,22.8
400,2023-02-19 13:00:00,2023-02-19 02:00:00,23.0
400,2023-02-19 14:00:00,2023-02-19 03:00:00,24.1
400,2023-02-19 15:00:00,2023-02-19 04:00:00,26.5
400,2023-02-19 16:00:00,2023-02-19 05:00:00,27.3
400,2023-02-19 17:00:00,2023-02-19 06:00:00,27.7
400,2023-02-19 18:00:00,2023-02-19 07:00:00,28.3
400,2023-02-19 19:00:00,2023-02-19 08:00:00,24.2
400,2023-02-19 20:00:00,2023-02-19 09:00:00,21.0
400,2023-02-19 21:00:00,2023-02-19 10:00:00,18.5
400,2023-02-19 22:00:00,2023-02-19 11:00:00,18.1
400,2023-02-19 23:00:00,2023-02-19 12:00:00,17.3
400,2023-02-20 00:00:00,2023-02-19 13:00:00,16.5
400,2023-02-20 01:00:00,2023-02-19 14:00:00,15.2
400,2023-02-20 02:00:00,2023-02-19 15:00:00,14.8
400,2023-02-20 03:00:00,2023-02-19 16:00:00,14.4
400,2023-02-20 04:00:00,2023-02-19 17:00:00,13.2
400,2023-02-20 05:00:00,2023-02-19 18:00:00,12.7
400,2023-02-20 06:00:00,2023-02-19 19:00:00,13.2
400,2023-02-20 07:00:00,2023-02-19 20:00:00,12.4
400,2023-02-20 08:00:00,2023-02-19 21:00:00,14.1
400,2023-02-20 09:00:00,2023-02-19 22:00:00,16.1
400,2023-02-20 10:00:00,2023-02-19 23:00:00,18.3
400,2023-02-20 11:00:00,2023-02-20 00:00:00,20.8
400,2023-02-20 12:00:00,2023-02-20 01:00:00,22.6
400,2023-02-20 13:00:00,2023-02-20 02:00:00,23.9
400,2023-02-20 14:00:00,2023-02-20 03:00:00,24.4
400,2023-02-20 15:00:00,2023-02-20 04:00:00,26.2
400,2023-02-20 16:00:00,2023-02-20 05:00:00,25.9
400,2023-02-20 17:00:00,2023-02-20 06:00:00,25.7
400,2023-02-20 18:00:00,2023-02-20 07:00:00,23.6
400,2023-02-20 19:00:00,2023-02-20 08:00:00,22.2
400,2023-02-20 20:00:00,2023-02-20 09:00:00,20.1
400,2023-02-20 21:00:00,2023-02-20 10:00:00,18.7
400,2023-02-20 22:00:00,2023-02-20 11:00:00,18.4
400,2023-02-20 23:00:00,2023-02-20 12:00:00,18.3
400,2023-02-21 00:00:00,2023-02-20 13:00:00,18.2
400,2023-02-21 01:00:00,2023-02-20 14:00:00,18.1
400,2023-02-21 02:00:00,2023-02-20 15:00:00,17.6
400,2023-02-21 03:00:00,2023-02-20 16:00:00,17.0
400,2023-02-21 04:00:00,2023-02-20 17:00:00,17.6
400,2023-02-21 05:00:00,2023-02-20 18:00:00,18.1
400,2023-02-21 06:00:00,2023-02-20 19:00:00,18.2
400,2023-02-21 07:00:00,2023-02-20 20:00:00,16.4
400,2023-02-21 08:00:00,2023-02-20 21:00:00,16.1
400,2023-02-21 09:00:00,2023-02-20 22:00:00,16.2
400,2023-02-21 10:00:00,2023-02-20 23:00:00,16.7
400,2023-02-21 11:00:00,2023-02-21 00:00:00,16.8
400,2023-02-21 12:00:00,2023-02-21 01:00:00,17.8
400,2023-02-21 13:00:00,2023-02-21 02:00:00,19.3
400,2023-02-21 14:00:00,2023-02-21 03:00:00,21.3
400,2023-02-21 15:00:00,2023-02-21 04:00:00,20.0
400,2023-02-21 16:00:00,2023-02-21 05:00:00,20.6
400,2023-02-21 17:00:00,2023-02-21 06:00:00,20.0
400,2023-02-21 18:00:00,2023-02-21 07:00:00,19.6
400,2023-02-21 19:00:00,2023-02-21 08:00:00,18.3
400,2023-02-21 20:00:00,2023-02-21 09:00:00,17.0
400,2023-02-21 21:00:00,2023-02-21 10:00:00,16.5
400,2023-02-21 22:00:00,2023-02-21 11:00:00,16.3
400,2023-02-21 23:00:00,2023-02-21 12:00:00,16.1
400,2023-02-22 00:00:00,2023-02-21 13:00:00,16.1
400,2023-02-22 01:00:00,2023-02-21 14:00:00,15.8
400,2023-02-22 02:00:00,2023-02-21 15:00:00,15.6
400,2023-02-22 03:00:00,2023-02-21 16:00:00,12.5
400,2023-02-22 04:00:00,2023-02-21 17:00:00,11.9
400,2023-02-22 05:00:00,2023-02-21 18:00:00,11.7
400,2023-02-22 06:00:00,2023-02-21 19:00:00,13.7
400,2023-02-22 07:00:00,2023-02-21 20:00:00,13.7
400,2023-02-22 08:00:00,2023-02-21 21:00:00,14.2
400,2023-02-22 09:00:00,2023-02-21 22:00:00,16.3
400,2023-02-22 10:00:00,2023-02-21 23:00:00,19.1
400,2023-02-22 11:00:00,2023-02-22 00:00:00,20.8
400,2023-02-22 12:00:00,2023-02-22 01:00:00,23.6
400,2023-02-22 13:00:00,2023-02-22 02:00:00,25.3
400,2023-02-22 14:00:00,2023-02-22 03:00:00,28.0
400,2023-02-22 15:00:00,2023-02-22 04:00:00,28.3
400,2023-02-22 16:00:00,2023-02-22 05:00:00,29.2
400,2023-02-22 17:00:00,2023-02-22 06:00:00,29.4
400,2023-02-22 18:00:00,2023-02-22 07:00:00,29.3
400,2023-02-22 19:00:00,2023-02-22 08:00:00,27.6
400,2023-02-22 20:00:00,2023-02-22 09:00:00,26.0
400,2023-02-22 21:00:00,2023-02-22 10:00:00,24.1
400,2023-02-22 22:00:00,2023-02-22 11:00:00,21.3
400,2023-02-22 23:00:00,2023-02-22 12:00:00,20.0
400,2023-02-23 00:00:00,2023-02-22 13:00:00,18.8
400,2023-02-23 01:00:00,2023-02-22 14:00:00,17.9
400,2023-02-23 02:00:00,2023-02-22 15:00:00,17.0
400,2023-02-23 03:00:00,2023-02-22 16:00:00,16.2
400,2023-02-23 04:00:00,2023-02-22 17:00:00,20.7
400,2023-02-23 05:00:00,2023-02-22 18:00:00,20.3
400,2023-02-23 06:00:00,2023-02-22 19:00:00,19.3
400,2023-02-23 07:00:00,2023-02-22 20:00:00,18.6
400,2023-02-23 08:00:00,2023-02-22 21:00:00,19.0
400,2023-02-23 09:00:00,2023-02-22 22:00:00,20.7
400,2023-02-23 10:00:00,2023-02-22 23:00:00,22.2
400,2023-02-23 11:00:00,2023-02-23 00:00:00,25.0
400,2023-02-23 12:00:00,2023-02-23 01:00:00,26.3
400,2023-02-23 13:00:00,2023-02-23 02:00:00,28.8
400,2023-02-23 14:00:00,2023-02-23 03:00:00,29.1
400,2023-02-23 15:00:00,2023-02-23 04:00:00,30.8
400,2023-02-23 16:00:00,2023-02-23 05:00:00,31.0
400,2023-02-23 17:00:00,2023-02-23 06:00:00,31.8
400,2023-02-23 18:00:00,2023-02-23 07:00:00,30.9
400,2023-02-23 19:00:00,2023-02-23 08:00:00,30.4
400,2023-02-23 20:00:00,2023-02-23 09:00:00,28.7
400,2023-02-23 21:00:00,2023-02-23 10:00:00,25.1
400,2023-02-23 22:00:00,2023-02-23 11:00:00,24.5
400,2023-02-23 23:00:00,2023-02-23 12:00:00,22.5
400,2023-02-24 00:00:00,2023-02-23 13:00:00,20.2
400,2023-02-24 01:00:00,2023-02-23 14:00:00,18.0
400,2023-02-24 02:00:00,2023-02-23 15:00:00,17.4
400,2023-02-24 03:00:00,2023-02-23 16:00:00,20.1
400,2023-02-24 04:00:00,2023-02-23 17:00:00,21.3
400,2023-02-24 05:00:00,2023-02-23 18:00:00,20.8
400,2023-02-24 06:00:00,2023-02-23 19:00:00,20.3
400,2023-02-24 07:00:00,2023-02-23 20:00:00,19.7
400,2023-02-24 08:00:00,2023-02-23 21:00:00,20.0
400,2023-02-24 09:00:00,2023-02-23 22:00:00,21.7
400,2023-02-24 10:00:00,2023-02-23 23:00:00,23.7
400,2023-02-24 11:00:00,2023-02-24 00:00:00,25.5
400,2023-02-24 12:00:00,2023-02-24 01:00:00,26.7
400,2023-02-24 13:00:00,2023-02-24 02:00:00,28.8
400,2023-02-24 14:00:00,2023-02-24 03:00:00,30.5
400,2023-02-24 15:00:00,2023-02-24 04:00:00,31.5
400,2023-02-24 16:00:00,2023-02-24 05:00:00,31.7
400,2023-02-24 17:00:00,2023-02-24 06:00:00,31.9
400,2023-02-24 18:00:00,2023-02-24 07:00:00,32.6
400,2023-02-24 19:00:00,2023-02-24 08:00:00,31.4
400,2023-02-24 20:00:00,2023-02-24 09:00:00,29.2
400,2023-02-24 21:00:00,2023-02-24 10:00:00,27.1
400,2023-02-24 22:00:00,2023-02-24 11:00:00,25.6
400,2023-02-24 23:00:00,2023-02-24 12:00:00,25.9
400,2023-02-25 00:00:00,2023-02-24 13:00:00,25.1
400,2023-02-25 01:00:00,2023-02-24 14:00:00,24.5
400,2023-02-25 02:00:00,2023-02-24 15:00:00,23.8
400,2023-02-25 03:00:00,2023-02-24 16:00:00,23.9
400,2023-02-25 04:00:00,2023-02-24 17:00:00,24.6
400,2023-02-25 05:00:00,2023-02-24 18:00:00,24.2
400,2023-02-25 06:00:00,2023-02-24 19:00:00,24.2
400,2023-02-25 07:00:00,2023-02-24 20:00:00,23.7
400,2023-02-25 08:00:00,2023-02-24 21:00:00,24.0
400,2023-02-25 09:00:00,2023-02-24 22:00:00,23.9
400,2023-02-25 10:00:00,2023-02-24 23:00:00,23.6
400,2023-02-25 11:00:00,2023-02-25 00:00:00,24.3
400,2023-02-25 12:00:00,2023-02-25 01:00:00,25.0
400,2023-02-25 13:00:00,2023-02-25 02:00:00,27.2
400,2023-02-25 14:00:00,2023-02-25 03:00:00,26.5
400,2023-02-25 15:00:00,2023-02-25 04:00:00,23.7
400,2023-02-25 16:00:00,2023-02-25 05:00:00,20.7
400,2023-02-25 17:00:00,2023-02-25 06:00:00,20.4
400,2023-02-25 18:00:00,2023-02-25 07:00:00,20.7
400,2023-02-25 19:00:00,2023-02-25 08:00:00,20.0
400,2023-02-25 20:00:00,2023-02-25 09:00:00,20.8
400,2023-02-25 21:00:00,2023-02-25 10:00:00,17.6
400,2023-02-25 22:00:00,2023-02-25 11:00:00,17.0
400,2023-02-25 23:00:00,2023-02-25 12:00:00,17.5
400,2023-02-26 00:00:00,2023-02-25 13:00:00,17.9
400,2023-02-26 01:00:00,2023-02-25 14:00:00,18.4
400,2023-02-26 02:00:00,2023-02-25 15:00:00,16.6
400,2023-02-26 03:00:00,2023-02-25 16:00:00,16.2
400,2023-02-26 04:00:00,2023-02-25 17:00:00,16.0
400,2023-02-26 05:00:00,2023-02-25 18:00:00,15.2
400,2023-02-26 06:00:00,2023-02-25 19:00:00,13.4
400,2023-02-26 07:00:00,2023-02-25 20:00:00,14.6
400,2023-02-26 08:00:00,2023-02-25 21:00:00,15.5
400,2023-02-26 09:00:00,2023-02-25 22:00:00,16.2
400,2023-02-26 10:00:00,2023-02-25 23:00:00,17.1
400,2023-02-26 11:00:00,2023-02-26 00:00:00,18.2
400,2023-02-26 12:00:00,2023-02-26 01:00:00,21.0
400,2023-02-26 13:00:00,2023-02-26 02:00:00,21.7
400,2023-02-26 14:00:00,2023-02-26 03:00:00,23.1
400,2023-02-26 15:00:00,2023-02-26 04:00:00,24.5
400,2023-02-26 16:00:00,2023-02-26 05:00:00,23.8
400,2023-02-26 17:00:00,2023-02-26 06:00:00,20.6
400,2023-02-26 18:00:00,2023-02-26 07:00:00,20.2
400,2023-02-26 19:00:00,2023-02-26 08:00:00,19.6
400,2023-02-26 20:00:00,2023-02-26 09:00:00,18.8
400,2023-02-26 21:00:00,2023-02-26 10:00:00,18.2
400,2023-02-26 22:00:00,2023-02-26 11:00:00,17.7
400,2023-02-26 23:00:00,2023-02-26 12:00:00,17.4
400,2023-02-27 00:00:00,2023-02-26 13:00:00,17.3
400,2023-02-27 01:00:00,2023-02-26 14:00:00,16.4
400,2023-02-27 02:00:00,2023-02-26 15:00:00,15.6
400,2023-02-27 03:00:00,2023-02-26 16:00:00,14.9
400,2023-02-27 04:00:00,2023-02-26 17:00:00,15.5
400,2023-02-27 05:00:00,2023-02-26 18:00:00,15.8
400,2023-02-27 06:00:00,2023-02-26 19:00:00,15.8
400,2023-02-27 07:00:00,2023-02-26 20:00:00,15.6
400,2023-02-27 08:00:00,2023-02-26 21:00:00,15.5
400,2023-02-27 09:00:00,2023-02-26 22:00:00,16.4
400,2023-02-27 10:00:00,2023-02-26 23:00:00,17.4
400,2023-02-27 11:00:00,2023-02-27 00:00:00,17.8
400,2023-02-27 12:00:00,2023-02-27 01:00:00,18.5
400,2023-02-27 13:00:00,2023-02-27 02:00:00,18.7
400,2023-02-27 14:00:00,2023-02-27 03:00:00,18.6
400,2023-02-27 15:00:00,2023-02-27 04:00:00,19.9
400,2023-02-27 16:00:00,2023-02-27 05:00:00,19.3
400,2023-02-27 17:00:00,2023-02-27 06:00:00,19.5
400,2023-02-27 18:00:00,2023-02-27 07:00:00,18.8
400,2023-02-27 19:00:00,2023-02-27 08:00:00,17.9
400,2023-02-27 20:00:00,2023-02-27 09:00:00,17.3
400,2023-02-27 21:00:00,2023-02-27 10:00:00,16.6
400,2023-02-27 22:00:00,2023-02-27 11:00:00,16.5
400,2023-02-27 23:00:00,2023-02-27 12:00:00,16.3
400,2023-02-28 00:00:00,2023-02-27 13:00:00,16.6
400,2023-02-28 01:00:00,2023-02-27 14:00:00,16.6
400,2023-02-28 02:00:00,2023-02-27 15:00:00,16.4
400,2023-02-28 03:00:00,2023-02-27 16:00:00,16.3
400,2023-02-28 04:00:00,2023-02-27 17:00:00,16.0
400,2023-02-28 05:00:00,2023-02-27 18:00:00,15.7
400,2023-02-28 06:00:00,2023-02-27 19:00:00,15.7
400,2023-02-28 07:00:00,2023-02-27 20:00:00,15.5
400,2023-02-28 08:00:00,2023-02-27 21:00:00,14.5
400,2023-02-28 09:00:00,2023-02-27 22:00:00,14.2
400,2023-02-28 10:00:00,2023-02-27 23:00:00,15.1
400,2023-02-28 11:00:00,2023-02-28 00:00:00,14.5
400,2023-02-28 12:00:00,2023-02-28 01:00:00,14.8
400,2023-02-28 13:00:00,2023-02-28 02:00:00,15.3
400,2023-02-28 14:00:00,2023-02-28 03:00:00,15.5
400,2023-02-28 15:00:00,2023-02-28 04:00:00,15.2
400,2023-02-28 16:00:00,2023-02-28 05:00:00,15.1
400,2023-02-28 17:00:00,2023-02-28 06:00:00,16.2
400,2023-02-28 18:00:00,2023-02-28 07:00:00,16.2
400,2023-02-28 19:00:00,2023-02-28 08:00:00,15.8
400,2023-02-28 20:00:00,2023-02-28 09:00:00,15.3
400,2023-02-28 21:00:00,2023-02-28 10:00:00,15.0
400,2023-02-28 22:00:00,2023-02-28 11:00:00,15.1
400,2023-02-28 23:00:00,2023-02-28 12:00:00,15.2
500,2022-12-01 00:00:00,2022-11-30 13:00:00,13.7
500,2022-12-01 01:00:00,2022-11-30 14:00:00,13.3
500,2022-12-01 02:00:00,2022-11-30 15:00:00,12.3
500,2022-12-01 03:00:00,2022-11-30 16:00:00,12.6
500,2022-12-01 04:00:00,2022-11-30 17:00:00,13.5
500,2022-12-01 05:00:00,2022-11-30 18:00:00,13.9
500,2022-12-01 06:00:00,2022-11-30 19:00:00,13.8
500,2022-12-01 07:00:00,2022-11-30 20:00:00,14.4
500,2022-12-01 08:00:00,2022-11-30 21:00:00,15.0
500,2022-12-01 09:00:00,2022-11-30 22:00:00,15.8
500,2022-12-01 10:00:00,2022-11-30 23:00:00,16.5
500,2022-12-01 11:00:00,2022-12-01 00:00:00,16.2
500,2022-12-01 12:00:00,2022-12-01 01:00:00,17.0
500,2022-12-01 13:00:00,2022-12-01 02:00:00,16.9
500,2022-12-01 14:00:00,2022-12-01 03:00:00,17.5
500,2022-12-01 15:00:00,2022-12-01 04:00:00,18.0
500,2022-12-01 16:00:00,2022-12-01 05:00:00,17.6
500,2022-12-01 17:00:00,2022-12-01 06:00:00,16.7
500,2022-12-01 18:00:00,2022-12-01 07:00:00,17.5
500,2022-12-01 19:00:00,2022-12-01 08:00:00,16.8
500,2022-12-01 20:00:00,2022-12-01 09:00:00,15.7
500,2022-12-01 21:00:00,2022-12-01 10:00:00,15.0
500,2022-12-01 22:00:00,2022-12-01 11:00:00,14.3
500,2022-12-01 23:00:00,2022-12-01 12:00:00,13.4
500,2022-12-02 00:00:00,2022-12-01 13:00:00,12.7
500,2022-12-02 01:00:00,2022-12-01 14:00:00,12.3
500,2022-12-02 02:00:00,2022-12-01 15:00:00,11.4
500,2022-12-02 03:00:00,2022-12-01 16:00:00,11.0
500,2022-12-02 04:00:00,2022-12-01 17:00:00,10.4
500,2022-12-02 05:00:00,2022-12-01 18:00:00,10.2
500,2022-12-02 06:00:00,2022-12-01 19:00:00,9.8
500,2022-12-02 07:00:00,2022-12-01 20:00:00,10.1
500,2022-12-02 08:00:00,2022-12-01 21:00:00,13.5
500,2022-12-02 09:00:00,2022-12-01 22:00:00,14.9
500,2022-12-02 10:00:00,2022-12-01 23:00:00,16.5
500,2022-12-02 11:00:00,2022-12-02 00:00:00,17.0
500,2022-12-02 12:00:00,2022-12-02 01:00:00,18.9
500,2022-12-02 13:00:00,2022-12-02 02:00:00,19.8
500,2022-12-02 14:00:00,2022-12-02 03:00:00,19.4
500,2022-12-02 15:00:00,2022-12-02 04:00:00,20.1
500,2022-12-02 16:00:00,2022-12-02 05:00:00,20.7
500,2022-12-02 17:00:00,2022-12-02 06:00:00,20.8
500,2022-12-02 18:00:00,2022-12-02 07:00:00,20.6
500,2022-12-02 19:00:00,2022-12-02 08:00:00,20.8
500,2022-12-02 20:00:00,2022-12-02 09:00:00,19.8
500,2022-12-02 21:00:00,2022-12-02 10:00:00,18.8
500,2022-12-02 22:00:00,2022-12-02 11:00:00,18.3
500,2022-12-02 23:00:00,2022-12-02 12:00:00,17.9
500,2022-12-03 00:00:00,2022-12-02 13:00:00,17.0
500,2022-12-03 01:00:00,2022-12-02 14:00:00,16.4
500,2022-12-03 02:00:00,2022-12-02 15:00:00,15.4
500,2022-12-03 03:00:00,2022-12-02 16:00:00,15.0
500,2022-12-03 04:00:00,2022-12-02 17:00:00,14.2
500,2022-12-03 05:00:00,2022-12-02 18:00:00,13.9
500,2022-12-03 06:00:00,2022-12-02 19:00:00,14.4
500,2022-12-03 07:00:00,2022-12-02 20:00:00,14.7
500,2022-12-03 08:00:00,2022-12-02 21:00:00,17.0
500,2022-12-03 09:00:00,2022-12-02 22:00:00,20.7
500,2022-12-03 10:00:00,2022-12-02 23:00:00,24.8
500,2022-12-03 11:00:00,2022-12-03 00:00:00,27.3
500,2022-12-03 12:00:00,2022-12-03 01:00:00,28.8
500,2022-12-03 13:00:00,2022-12-03 02:00:00,29.3
500,2022-12-03 14:00:00,2022-12-03 03:00:00,30.4
500,2022-12-03 15:00:00,2022-12-03 04:00:00,28.3
500,2022-12-03 16:00:00,2022-12-03 05:00:00,29.8
500,2022-12-03 17:00:00,2022-12-03 06:00:00,30.0
500,2022-12-03 18:00:00,2022-12-03 07:00:00,29.6
500,2022-12-03 19:00:00,2022-12-03 08:00:00,27.5
500,2022-12-03 20:00:00,2022-12-03 09:00:00,27.1
500,2022-12-03 21:00:00,2022-12-03 10:00:00,25.5
500,2022-12-03 22:00:00,2022-12-03 11:00:00,24.4
500,2022-12-03 23:00:00,2022-12-03 12:00:00,22.5
500,2022-12-04 00:00:00,2022-12-03 13:00:00,20.8
500,2022-12-04 01:00:00,2022-12-03 14:00:00,20.6
500,2022-12-04 02:00:00,2022-12-03 15:00:00,19.0
500,2022-12-04 03:00:00,2022-12-03 16:00:00,17.8
500,2022-12-04 04:00:00,,17.95
500,2022-12-04 05:00:00,2022-12-03 18:00:00,18.1
500,2022-12-04 06:00:00,2022-12-03 19:00:00,17.9
500,2022-12-04 07:00:00,2022-12-03 20:00:00,18.4
500,2022-12-04 08:00:00,2022-12-03 21:00:00,21.3
500,2022-12-04 09:00:00,2022-12-03 22:00:00,25.8
500,2022-12-04 10:00:00,2022-12-03 23:00:00,28.9
500,2022-12-04 11:00:00,2022-12-04 00:00:00,29.8
500,2022-12-04 12:00:00,2022-12-04 01:00:00,31.3
500,2022-12-04 13:00:00,2022-12-04 02:00:00,31.9
500,2022-12-04 14:00:00,2022-12-04 03:00:00,32.2
500,2022-12-04 15:00:00,2022-12-04 04:00:00,32.6
500,2022-12-04 16:00:00,2022-12-04 05:00:00,33.5
500,2022-12-04 17:00:00,2022-12-04 06:00:00,33.1
500,2022-12-04 18:00:00,2022-12-04 07:00:00,33.0
500,2022-12-04 19:00:00,2022-12-04 08:00:00,32.9
500,2022-12-04 20:00:00,2022-12-04 09:00:00,32.2
500,2022-12-04 21:00:00,2022-12-04 10:00:00,29.6
500,2022-12-04 22:00:00,2022-12-04 11:00:00,29.4
500,2022-12-04 23:00:00,2022-12-04 12:00:00,28.5
500,2022-12-05 00:00:00,2022-12-04 13:00:00,26.9
500,2022-12-05 01:00:00,2022-12-04 14:00:00,20.2
500,2022-12-05 02:00:00,2022-12-04 15:00:00,19.0
500,2022-12-05 03:00:00,2022-12-04 16:00:00,18.7
500,2022-12-05 04:00:00,2022-12-04 17:00:00,18.1
500,2022-12-05 05:00:00,2022-12-04 18:00:00,18.0
500,2022-12-05 06:00:00,2022-12-04 19:00:00,17.6
500,2022-12-05 07:00:00,2022-12-04 20:00:00,17.3
500,2022-12-05 08:00:00,2022-12-04 21:00:00,17.0
500,2022-12-05 09:00:00,2022-12-04 22:00:00,16.4
500,2022-12-05 10:00:00,2022-12-04 23:00:00,16.3
500,2022-12-05 11:00:00,2022-12-05 00:00:00,16.0
500,2022-12-05 12:00:00,2022-12-05 01:00:00,16.7
500,2022-12-05 13:00:00,2022-12-05 02:00:00,17.0
500,2022-12-05 14:00:00,2022-12-05 03:00:00,16.6
500,2022-12-05 15:00:00,2022-12-05 04:00:00,16.4
500,2022-12-05 16:00:00,2022-12-05 05:00:00,17.5
500,2022-12-05 17:00:00,2022-12-05 06:00:00,16.8
500,2022-12-05 18:00:00,2022-12-05 07:00:00,16.0
500,2022-12-05 19:00:00,2022-12-05 08:00:00,15.4
500,2022-12-05 20:00:00,2022-12-05 09:00:00,15.1
500,2022-12-05 21:00:00,2022-12-05 10:00:00,13.5
500,2022-12-05 22:00:00,2022-12-05 11:00:00,13.8
500,2022-12-05 23:00:00,2022-12-05 12:00:00,14.0
500,2022-12-06 00:00:00,2022-12-05 13:00:00,14.0
500,2022-12-06 01:00:00,2022-12-05 14:00:00,13.5
500,2022-12-06 02:00:00,2022-12-05 15:00:00,13.9
500,2022-12-06 03:00:00,2022-12-05 16:00:00,14.8
500,2022-12-06 04:00:00,2022-12-05 17:00:00,14.2
500,2022-12-06 05:00:00,2022-12-05 18:00:00,14.2
500,2022-12-06 06:00:00,2022-12-05 19:00:00,13.9
500,2022-12-06 07:00:00,2022-12-05 20:00:00,13.9
500,2022-12-06 08:00:00,2022-12-05 21:00:00,14.3
500,2022-12-06 09:00:00,2022-12-05 22:00:00,15.6
500,2022-12-06 10:00:00,2022-12-05 23:00:00,16.8
500,2022-12-06 11:00:00,2022-12-06 00:00:00,18.3
500,2022-12-06 12:00:00,2022-12-06 01:00:00,17.9
500,2022-12-06 13:00:00,2022-12-06 02:00:00,18.2
500,2022-12-06 14:00:00,2022-12-06 03:00:00,19.3
500,2022-12-06 15:00:00,2022-12-06 04:00:00,19.4
500,2022-12-06 16:00:00,2022-12-06 05:00:00,19.2
500,2022-12-06 17:00:00,2022-12-06 06:00:00,19.2
500,2022-12-06 18:00:00,2022-12-06 07:00:00,19.4
500,2022-12-06 19:00:00,2022-12-06 08:00:00,19.1
500,2022-12-06 20:00:00,2022-12-06 09:00:00,18.5
500,2022-12-06 21:00:00,2022-12-06 10:00:00,17.3
500,2022-12-06 22:00:00,2022-12-06 11:00:00,16.1
500,2022-12-06 23:00:00,2022-12-06 12:00:00,15.0
500,2022-12-07 00:00:00,2022-12-06 13:00:00,13.8
500,2022-12-07 01:00:00,2022-12-06 14:00:00,13.8
500,2022-12-07 02:00:00,2022-12-06 15:00:00,13.3
500,2022-12-07 03:00:00,2022-12-06 16:00:00,13.6
500,2022-12-07 04:00:00,2022-12-06 17:00:00,14.3
500,2022-12-07 05:00:00,2022-12-06 18:00:00,14.6
500,2022-12-07 06:00:00,2022-12-06 19:00:00,14.1
500,2022-12-07 07:00:00,2022-12-06 20:00:00,14.6
500,2022-12-07 08:00:00,2022-12-06 21:00:00,16.2
500,2022-12-07 09:00:00,2022-12-06 22:00:00,16.4
500,2022-12-07 10:00:00,2022-12-06 23:00:00,16.3
500,2022-12-07 11:00:00,2022-12-07 00:00:00,17.6
500,2022-12-07 12:00:00,2022-12-07 01:00:00,17.8
500,2022-12-07 13:00:00,2022-12-07 02:00:00,18.3
500,2022-12-07 14:00:00,2022-12-07 03:00:00,18.8
500,2022-12-07 15:00:00,2022-12-07 04:00:00,17.7
500,2022-12-07 16:00:00,2022-12-07 05:00:00,17.9
500,2022-12-07 17:00:00,2022-12-07 06:00:00,17.1
500,2022-12-07 18:00:00,2022-12-07 07:00:00,17.2
500,2022-12-07 19:00:00,2022-12-07 08:00:00,18.6
500,2022-12-07 20:00:00,2022-12-07 09:00:00,14.5
500,2022-12-07 21:00:00,2022-12-07 10:00:00,14.0
500,2022-12-07 22:00:00,2022-12-07 11:00:00,13.5
500,2022-12-07 23:00:00,2022-12-07 12:00:00,12.8
500,2022-12-08 00:00:00,2022-12-07 13:00:00,11.8
500,2022-12-08 01:00:00,2022-12-07 14:00:00,11.1
500,2022-12-08 02:00:00,2022-12-07 15:00:00,10.5
500,2022-12-08 03:00:00,2022-12-07 16:00:00,10.5
500,2022-12-08 04:00:00,2022-12-07 17:00:00,10.0
500,2022-12-08 05:00:00,2022-12-07 18:00:00,9.6
500,2022-12-08 06:00:00,2022-12-07 19:00:00,9.6
500,2022-12-08 07:00:00,2022-12-07 20:00:00,9.5
500,2022-12-08 08:00:00,2022-12-07 21:00:00,10.6
500,2022-12-08 09:00:00,2022-12-07 22:00:00,11.8
500,2022-12-08 10:00:00,2022-12-07 23:00:00,12.6
500,2022-12-08 11:00:00,2022-12-08 00:00:00,11.2
500,2022-12-08 12:00:00,2022-12-08 01:00:00,14.2
500,2022-12-08 13:00:00,2022-12-08 02:00:00,12.5
500,2022-12-08 14:00:00,2022-12-08 03:00:00,15.4
500,2022-12-08 15:00:00,2022-12-08 04:00:00,15.4
500,2022-12-08 16:00:00,2022-12-08 05:00:00,14.8
500,2022-12-08 17:00:00,2022-12-08 06:00:00,15.6
500,2022-12-08 18:00:00,2022-12-08 07:00:00,14.7
500,2022-12-08 19:00:00,2022-12-08 08:00:00,14.0
500,2022-12-08 20:00:00,2022-12-08 09:00:00,13.7
500,2022-12-08 21:00:00,2022-12-08 10:00:00,13.3
500,2022-12-08 22:00:00,,13.1
500,2022-12-08 23:00:00,2022-12-08 12:00:00,12.9
500,2022-12-09 00:00:00,2022-12-08 13:00:00,12.9
500,2022-12-09 01:00:00,2022-12-08 14:00:00,12.7
500,2022-12-09 02:00:00,2022-12-08 15:00:00,12.3
500,2022-12-09 03:00:00,2022-12-08 16:00:00,12.1
500,2022-12-09 04:00:00,2022-12-08 17:00:00,12.5
500,2022-12-09 05:00:00,2022-12-08 18:00:00,11.9
500,2022-12-09 06:00:00,2022-12-08 19:00:00,12.0
500,2022-12-09 07:00:00,2022-12-08 20:00:00,12.2
500,2022-12-09 08:00:00,2022-12-08 21:00:00,13.0
500,2022-12-09 09:00:00,2022-12-08 22:00:00,14.3
500,2022-12-09 10:00:00,2022-12-08 23:00:00,14.4
500,2022-12-09 11:00:00,2022-12-09 00:00:00,14.9
500,2022-12-09 12:00:00,2022-12-09 01:00:00,15.2
500,2022-12-09 13:00:00,2022-12-09 02:00:00,15.4
500,2022-12-09 14:00:00,2022-12-09 03:00:00,15.9
500,2022-12-09 15:00:00,2022-12-09 04:00:00,16.5
500,2022-12-09 16:00:00,2022-12-09 05:00:00,16.6
500,2022-12-09 17:00:00,2022-12-09 06:00:00,16.5
500,2022-12-09 18:00:00,2022-12-09 07:00:00,16.5
500,2022-12-09 19:00:00,2022-12-09 08:00:00,16.6
500,2022-12-09 20:00:00,2022-12-09 09:00:00,15.8
500,2022-12-09 21:00:00,2022-12-09 10:00:00,14.4
500,2022-12-09 22:00:00,2022-12-09 11:00:00,13.7
500,2022-12-09 23:00:00,2022-12-09 12:00:00,12.9
500,2022-12-10 00:00:00,2022-12-09 13:00:00,11.6
500,2022-12-10 01:00:00,2022-12-09 14:00:00,11.5
500,2022-12-10 02:00:00,2022-12-09 15:00:00,11.0
500,2022-12-10 03:00:00,2022-12-09 16:00:00,10.5
500,2022-12-10 04:00:00,2022-12-09 17:00:00,9.2
500,2022-12-10 05:00:00,2022-12-09 18:00:00,8.9
500,2022-12-10 06:00:00,2022-12-09 19:00:00,8.4
500,2022-12-10 07:00:00,2022-12-09 20:00:00,9.3
500,2022-12-10 08:00:00,2022-12-09 21:00:00,12.4
500,2022-12-10 09:00:00,2022-12-09 22:00:00,13.2
500,2022-12-10 10:00:00,2022-12-09 23:00:00,16.0
500,2022-12-10 11:00:00,2022-12-10 00:00:00,18.1
500,2022-12-10 12:00:00,2022-12-10 01:00:00,20.4
500,2022-12-10 13:00:00,2022-12-10 02:00:00,22.4
500,2022-12-10 14:00:00,2022-12-10 03:00:00,23.6
500,2022-12-10 15:00:00,2022-12-10 04:00:00,25.1
500,2022-12-10 16:00:00,2022-12-10 05:00:00,23.4
500,2022-12-10 17:00:00,2022-12-10 06:00:00,24.9
500,2022-12-10 18:00:00,2022-12-10 07:00:00,24.2
500,2022-12-10 19:00:00,2022-12-10 08:00:00,24.1
500,2022-12-10 20:00:00,2022-12-10 09:00:00,22.2
500,2022-12-10 21:00:00,2022-12-10 10:00:00,21.9
500,2022-12-10 22:00:00,2022-12-10 11:00:00,21.0
500,2022-12-10 23:00:00,2022-12-10 12:00:00,20.2
500,2022-12-11 00:00:00,2022-12-10 13:00:00,19.2
500,2022-12-11 01:00:00,2022-12-10 14:00:00,19.0
500,2022-12-11 02:00:00,2022-12-10 15:00:00,18.0
500,2022-12-11 03:00:00,2022-12-10 16:00:00,17.9
500,2022-12-11 04:00:00,2022-12-10 17:00:00,17.2
500,2022-12-11 05:00:00,2022-12-10 18:00:00,17.1
500,2022-12-11 06:00:00,2022-12-10 19:00:00,16.7
500,2022-12-11 07:00:00,2022-12-10 20:00:00,16.2
500,2022-12-11 08:00:00,2022-12-10 21:00:00,17.7
500,2022-12-11 09:00:00,2022-12-10 22:00:00,19.8
500,2022-12-11 10:00:00,2022-12-10 23:00:00,24.2
500,2022-12-11 11:00:00,2022-12-11 00:00:00,26.1
500,2022-12-11 12:00:00,2022-12-11 01:00:00,27.8
500,2022-12-11 13:00:00,2022-12-11 02:00:00,27.9
500,2022-12-11 14:00:00,2022-12-11 03:00:00,27.4
500,2022-12-11 15:00:00,2022-12-11 04:00:00,26.3
500,2022-12-11 16:00:00,2022-12-11 05:00:00,24.1
500,2022-12-11 17:00:00,2022-12-11 06:00:00,20.3
500,2022-12-11 18:00:00,2022-12-11 07:00:00,20.0
500,2022-12-11 19:00:00,2022-12-11 08:00:00,18.4
500,2022-12-11 20:00:00,2022-12-11 09:00:00,17.5
500,2022-12-11 21:00:00,2022-12-11 10:00:00,16.5
500,2022-12-11 22:00:00,2022-12-11 11:00:00,15.7
500,2022-12-11 23:00:00,2022-12-11 12:00:00,15.4
500,2022-12-12 00:00:00,2022-12-11 13:00:00,15.3
500,2022-12-12 01:00:00,2022-12-11 14:00:00,14.7
500,2022-12-12 02:00:00,2022-12-11 15:00:00,14.1
500,2022-12-12 03:00:00,2022-12-11 16:00:00,13.9
500,2022-12-12 04:00:00,2022-12-11 17:00:00,13.8
500,2022-12-12 05:00:00,2022-12-11 18:00:00,13.7
500,2022-12-12 06:00:00,2022-12-11 19:00:00,12.8
500,2022-12-12 07:00:00,2022-12-11 20:00:00,12.1
500,2022-12-12 08:00:00,2022-12-11 21:00:00,11.6
500,2022-12-12 09:00:00,2022-12-11 22:00:00,12.4
500,2022-12-12 10:00:00,2022-12-11 23:00:00,13.8
500,2022-12-12 11:00:00,2022-12-12 00:00:00,15.0
500,2022-12-12 12:00:00,2022-12-12 01:00:00,16.5
500,2022-12-12 13:00:00,2022-12-12 02:00:00,15.4
500,2022-12-12 14:00:00,2022-12-12 03:00:00,15.3
500,2022-12-12 15:00:00,2022-12-12 04:00:00,15.9
500,2022-12-12 16:00:00,2022-12-12 05:00:00,15.6
500,2022-12-12 17:00:00,2022-12-12 06:00:00,14.8
500,2022-12-12 18:00:00,2022-12-12 07:00:00,14.7
500,2022-12-12 19:00:00,2022-12-12 08:00:00,15.5
500,2022-12-12 20:00:00,2022-12-12 09:00:00,14.5
500,2022-12-12 21:00:00,2022-12-12 10:00:00,14.1
500,2022-12-12 22:00:00,2022-12-12 11:00:00,13.5
500,2022-12-12 23:00:00,2022-12-12 12:00:00,13.3
500,2022-12-13 00:00:00,2022-12-12 13:00:00,12.9
500,2022-12-13 01:00:00,2022-12-12 14:00:00,12.6
500,2022-12-13 02:00:00,2022-12-12 15:00:00,12.2
500,2022-12-13 03:00:00,2022-12-12 16:00:00,12.2
500,2022-12-13 04:00:00,2022-12-12 17:00:00,11.8
500,2022-12-13 05:00:00,2022-12-12 18:00:00,11.9
500,2022-12-13 06:00:00,2022-12-12 19:00:00,11.9
500,2022-12-13 07:00:00,2022-12-12 20:00:00,12.2
500,2022-12-13 08:00:00,2022-12-12 21:00:00,12.7
500,2022-12-13 09:00:00,2022-12-12 22:00:00,14.1
500,2022-12-13 10:00:00,2022-12-12 23:00:00,15.5
500,2022-12-13 11:00:00,2022-12-13 00:00:00,15.7
500,2022-12-13 12:00:00,2022-12-13 01:00:00,16.9
500,2022-12-13 13:00:00,2022-12-13 02:00:00,17.6
500,2022-12-13 14:00:00,2022-12-13 03:00:00,12.5
500,2022-12-13 15:00:00,2022-12-13 04:00:00,12.4
500,2022-12-13 16:00:00,2022-12-13 05:00:00,14.0
500,2022-12-13 17:00:00,2022-12-13 06:00:00,15.1
500,2022-12-13 18:00:00,2022-12-13 07:00:00,16.3
500,2022-12-13 19:00:00,2022-12-13 08:00:00,15.3
500,2022-12-13 20:00:00,2022-12-13 09:00:00,13.5
500,2022-12-13 21:00:00,2022-12-13 10:00:00,12.0
500,2022-12-13 22:00:00,2022-12-13 11:00:00,11.2
500,2022-12-13 23:00:00,2022-12-13 12:00:00,10.6
500,2022-12-14 00:00:00,2022-12-13 13:00:00,10.0
500,2022-12-14 01:00:00,2022-12-13 14:00:00,10.0
500,2022-12-14 02:00:00,2022-12-13 15:00:00,9.6
500,2022-12-14 03:00:00,2022-12-13 16:00:00,9.5
500,2022-12-14 04:00:00,2022-12-13 17:00:00,9.4
500,2022-12-14 05:00:00,2022-12-13 18:00:00,10.0
500,2022-12-14 06:00:00,2022-12-13 19:00:00,10.3
500,2022-12-14 07:00:00,2022-12-13 20:00:00,11.2
500,2022-12-14 08:00:00,2022-12-13 21:00:00,13.1
500,2022-12-14 09:00:00,2022-12-13 22:00:00,13.6
500,2022-12-14 10:00:00,2022-12-13 23:00:00,13.2
500,2022-12-14 11:00:00,2022-12-14 00:00:00,14.8
500,2022-12-14 12:00:00,2022-12-14 01:00:00,14.8
500,2022-12-14 13:00:00,2022-12-14 02:00:00,14.9
500,2022-12-14 14:00:00,2022-12-14 03:00:00,14.7
500,2022-12-14 15:00:00,2022-12-14 04:00:00,12.1
500,2022-12-14 16:00:00,2022-12-14 05:00:00,13.5
500,2022-12-14 17:00:00,2022-12-14 06:00:00,15.0
500,2022-12-14 18:00:00,2022-12-14 07:00:00,12.9
500,2022-12-14 19:00:00,2022-12-14 08:00:00,11.5
500,2022-12-14 20:00:00,2022-12-14 09:00:00,12.4
500,2022-12-14 21:00:00,2022-12-14 10:00:00,12.0
500,2022-12-14 22:00:00,2022-12-14 11:00:00,11.7
500,2022-12-14 23:00:00,2022-12-14 12:00:00,12.1
500,2022-12-15 00:00:00,2022-12-14 13:00:00,12.5
500,2022-12-15 01:00:00,2022-12-14 14:00:00,12.9
500,2022-12-15 02:00:00,2022-12-14 15:00:00,13.0
500,2022-12-15 03:00:00,2022-12-14 16:00:00,13.1
500,2022-12-15 04:00:00,2022-12-14 17:00:00,13.1
500,2022-12-15 05:00:00,2022-12-14 18:00:00,13.0
500,2022-12-15 06:00:00,2022-12-14 19:00:00,13.0
500,2022-12-15 07:00:00,2022-12-14 20:00:00,13.5
500,2022-12-15 08:00:00,2022-12-14 21:00:00,12.6
500,2022-12-15 09:00:00,2022-12-14 22:00:00,14.6
500,2022-12-15 10:00:00,2022-12-14 23:00:00,14.2
500,2022-12-15 11:00:00,2022-12-15 00:00:00,13.5
500,2022-12-15 12:00:00,2022-12-15 01:00:00,13.6
500,2022-12-15 13:00:00,2022-12-15 02:00:00,13.0
500,2022-12-15 14:00:00,2022-12-15 03:00:00,14.9
500,2022-12-15 15:00:00,2022-12-15 04:00:00,15.6
500,2022-12-15 16:00:00,2022-12-15 05:00:00,15.5
500,2022-12-15 17:00:00,2022-12-15 06:00:00,15.6
500,2022-12-15 18:00:00,2022-12-15 07:00:00,15.7
500,2022-12-15 19:00:00,2022-12-15 08:00:00,15.3
500,2022-12-15 20:00:00,2022-12-15 09:00:00,14.4
500,2022-12-15 21:00:00,2022-12-15 10:00:00,13.4
500,2022-12-15 22:00:00,2022-12-15 11:00:00,13.1
500,2022-12-15 23:00:00,2022-12-15 12:00:00,12.8
500,2022-12-16 00:00:00,2022-12-15 13:00:00,13.0
500,2022-12-16 01:00:00,2022-12-15 14:00:00,12.4
500,2022-12-16 02:00:00,2022-12-15 15:00:00,12.1
500,2022-12-16 03:00:00,2022-12-15 16:00:00,11.1
500,2022-12-16 04:00:00,2022-12-15 17:00:00,11.2
500,2022-12-16 05:00:00,2022-12-15 18:00:00,10.9
500,2022-12-16 06:00:00,2022-12-15 19:00:00,12.4
500,2022-12-16 07:00:00,2022-12-15 20:00:00,12.4
500,2022-12-16 08:00:00,2022-12-15 21:00:00,13.8
500,2022-12-16 09:00:00,2022-12-15 22:00:00,15.1
500,2022-12-16 10:00:00,2022-12-15 23:00:00,17.3
500,2022-12-16 11:00:00,2022-12-16 00:00:00,17.4
500,2022-12-16 12:00:00,2022-12-16 01:00:00,17.6
500,2022-12-16 13:00:00,2022-12-16 02:00:00,18.9
500,2022-12-16 14:00:00,2022-12-16 03:00:00,18.5
500,2022-12-16 15:00:00,2022-12-16 04:00:00,19.3
500,2022-12-16 16:00:00,2022-12-16 05:00:00,19.0
500,2022-12-16 17:00:00,2022-12-16 06:00:00,18.6
500,2022-12-16 18:00:00,2022-12-16 07:00:00,17.6
500,2022-12-16 19:00:00,2022-12-16 08:00:00,17.9
500,2022-12-16 20:00:00,2022-12-16 09:00:00,16.9
500,2022-12-16 21:00:00,2022-12-16 10:00:00,15.7
500,2022-12-16 22:00:00,2022-12-16 11:00:00,15.0
500,2022-12-16 23:00:00,2022-12-16 12:00:00,14.4
500,2022-12-17 00:00:00,2022-12-16 13:00:00,14.0
500,2022-12-17 01:00:00,2022-12-16 14:00:00,13.5
500,2022-12-17 02:00:00,2022-12-16 15:00:00,13.1
500,2022-12-17 03:00:00,2022-12-16 16:00:00,12.4
500,2022-12-17 04:00:00,2022-12-16 17:00:00,11.7
500,2022-12-17 05:00:00,2022-12-16 18:00:00,11.5
500,2022-12-17 06:00:00,2022-12-16 19:00:00,11.1
500,2022-12-17 07:00:00,2022-12-16 20:00:00,12.4
500,2022-12-17 08:00:00,2022-12-16 21:00:00,14.3
500,2022-12-17 09:00:00,2022-12-16 22:00:00,16.7
500,2022-12-17 10:00:00,2022-12-16 23:00:00,17.7
500,2022-12-17 11:00:00,2022-12-17 00:00:00,18.8
500,2022-12-17 12:00:00,2022-12-17 01:00:00,19.6
500,2022-12-17 13:00:00,2022-12-17 02:00:00,20.6
500,2022-12-17 14:00:00,2022-12-17 03:00:00,21.2
500,2022-12-17 15:00:00,2022-12-17 04:00:00,21.3
500,2022-12-17 16:00:00,2022-12-17 05:00:00,21.3
500,2022-12-17 17:00:00,2022-12-17 06:00:00,21.5
500,2022-12-17 18:00:00,2022-12-17 07:00:00,21.7
500,2022-12-17 19:00:00,2022-12-17 08:00:00,20.9
500,2022-12-17 20:00:00,2022-12-17 09:00:00,19.6
500,2022-12-17 21:00:00,2022-12-17 10:00:00,18.2
500,2022-12-17 22:00:00,2022-12-17 11:00:00,17.0
500,2022-12-17 23:00:00,2022-12-17 12:00:00,15.6
500,2022-12-18 00:00:00,2022-12-17 13:00:00,14.3
500,2022-12-18 01:00:00,2022-12-17 14:00:00,13.6
500,2022-12-18 02:00:00,2022-12-17 15:00:00,13.3
500,2022-12-18 03:00:00,2022-12-17 16:00:00,12.9
500,2022-12-18 04:00:00,2022-12-17 17:00:00,12.7
500,2022-12-18 05:00:00,2022-12-17 18:00:00,12.3
500,2022-12-18 06:00:00,2022-12-17 19:00:00,11.8
500,2022-12-18 07:00:00,2022-12-17 20:00:00,13.2
500,2022-12-18 08:00:00,2022-12-17 21:00:00,14.5
500,2022-12-18 09:00:00,2022-12-17 22:00:00,16.5
500,2022-12-18 10:00:00,2022-12-17 23:00:00,18.1
500,2022-12-18 11:00:00,2022-12-18 00:00:00,19.4
500,2022-12-18 12:00:00,2022-12-18 01:00:00,20.4
500,2022-12-18 13:00:00,2022-12-18 02:00:00,21.5
500,2022-12-18 14:00:00,2022-12-18 03:00:00,22.1
500,2022-12-18 15:00:00,2022-12-18 04:00:00,22.8
500,2022-12-18 16:00:00,2022-12-18 05:00:00,22.9
500,2022-12-18 17:00:00,2022-12-18 06:00:00,23.0
500,2022-12-18 18:00:00,2022-12-18 07:00:00,22.4
500,2022-12-18 19:00:00,2022-12-18 08:00:00,21.2
500,2022-12-18 20:00:00,2022-12-18 09:00:00,20.1
500,2022-12-18 21:00:00,2022-12-18 10:00:00,18.4
500,2022-12-18 22:00:00,2022-12-18 11:00:00,17.1
500,2022-12-18 23:00:00,2022-12-18 12:00:00,16.0
500,2022-12-19 00:00:00,2022-12-18 13:00:00,14.8
500,2022-12-19 01:00:00,2022-12-18 14:00:00,14.1
500,2022-12-19 02:00:00,2022-12-18 15:00:00,13.0
500,2022-12-19 03:00:00,2022-12-18 16:00:00,12.6
500,2022-12-19 04:00:00,2022-12-18 17:00:00,11.8
500,2022-12-19 05:00:00,2022-12-18 18:00:00,10.6
500,2022-12-19 06:00:00,2022-12-18 19:00:00,10.0
500,2022-12-19 07:00:00,2022-12-18 20:00:00,12.0
500,2022-12-19 08:00:00,2022-12-18 21:00:00,14.4
500,2022-12-19 09:00:00,2022-12-18 22:00:00,15.6
500,2022-12-19 10:00:00,2022-12-18 23:00:00,18.5
500,2022-12-19 11:00:00,2022-12-19 00:00:00,19.8
500,2022-12-19 12:00:00,2022-12-19 01:00:00,20.4
500,2022-12-19 13:00:00,2022-12-19 02:00:00,20.3
500,2022-12-19 14:00:00,2022-12-19 03:00:00,22.2
500,2022-12-19 15:00:00,2022-12-19 04:00:00,22.1
500,2022-12-19 16:00:00,2022-12-19 05:00:00,23.7
500,2022-12-19 17:00:00,2022-12-19 06:00:00,25.5
500,2022-12-19 18:00:00,2022-12-19 07:00:00,25.0
500,2022-12-19 19:00:00,2022-12-19 08:00:00,24.3
500,2022-12-19 20:00:00,2022-12-19 09:00:00,22.8
500,2022-12-19 21:00:00,2022-12-19 10:00:00,20.3
500,2022-12-19 22:00:00,2022-12-19 11:00:00,18.1
500,2022-12-19 23:00:00,2022-12-19 12:00:00,16.8
500,2022-12-20 00:00:00,2022-12-19 13:00:00,15.2
500,2022-12-20 01:00:00,2022-12-19 14:00:00,13.4
500,2022-12-20 02:00:00,2022-12-19 15:00:00,13.6
500,2022-12-20 03:00:00,2022-12-19 16:00:00,12.7
500,2022-12-20 04:00:00,2022-12-19 17:00:00,11.4
500,2022-12-20 05:00:00,2022-12-19 18:00:00,10.4
500,2022-12-20 06:00:00,2022-12-19 19:00:00,10.3
500,2022-12-20 07:00:00,2022-12-19 20:00:00,11.9
500,2022-12-20 08:00:00,2022-12-19 21:00:00,13.4
500,2022-12-20 09:00:00,2022-12-19 22:00:00,15.7
500,2022-12-20 10:00:00,2022-12-19 23:00:00,17.9
500,2022-12-20 11:00:00,2022-12-20 00:00:00,20.6
500,2022-12-20 12:00:00,2022-12-20 01:00:00,22.3
500,2022-12-20 13:00:00,2022-12-20 02:00:00,24.7
500,2022-12-20 14:00:00,2022-12-20 03:00:00,25.6
500,2022-12-20 15:00:00,2022-12-20 04:00:00,26.4
500,2022-12-20 16:00:00,2022-12-20 05:00:00,26.6
500,2022-12-20 17:00:00,2022-12-20 06:00:00,27.1
500,2022-12-20 18:00:00,2022-12-20 07:00:00,26.8
500,2022-12-20 19:00:00,2022-12-20 08:00:00,25.1
500,2022-12-20 20:00:00,2022-12-20 09:00:00,23.6
500,2022-12-20 21:00:00,2022-12-20 10:00:00,21.3
500,2022-12-20 22:00:00,2022-12-20 11:00:00,19.5
500,2022-12-20 23:00:00,2022-12-20 12:00:00,17.9
500,2022-12-21 00:00:00,2022-12-20 13:00:00,16.3
500,2022-12-21 01:00:00,2022-12-20 14:00:00,15.2
500,2022-12-21 02:00:00,2022-12-20 15:00:00,13.7
500,2022-12-21 03:00:00,2022-12-20 16:00:00,13.3
500,2022-12-21 04:00:00,2022-12-20 17:00:00,13.3
500,2022-12-21 05:00:00,2022-12-20 18:00:00,13.1
500,2022-12-21 06:00:00,2022-12-20 19:00:00,13.8
500,2022-12-21 07:00:00,2022-12-20 20:00:00,13.9
500,2022-12-21 08:00:00,2022-12-20 21:00:00,15.3
500,2022-12-21 09:00:00,2022-12-20 22:00:00,17.9
500,2022-12-21 10:00:00,2022-12-20 23:00:00,19.8
500,2022-12-21 11:00:00,2022-12-21 00:00:00,22.7
500,2022-12-21 12:00:00,2022-12-21 01:00:00,25.2
500,2022-12-21 13:00:00,2022-12-21 02:00:00,26.9
500,2022-12-21 14:00:00,2022-12-21 03:00:00,27.9
500,2022-12-21 15:00:00,2022-12-21 04:00:00,27.8
500,2022-12-21 16:00:00,2022-12-21 05:00:00,28.7
500,2022-12-21 17:00:00,2022-12-21 06:00:00,28.5
500,2022-12-21 18:00:00,2022-12-21 07:00:00,28.5
500,2022-12-21 19:00:00,2022-12-21 08:00:00,27.3
500,2022-12-21 20:00:00,2022-12-21 09:00:00,26.9
500,2022-12-21 21:00:00,2022-12-21 10:00:00,23.9
500,2022-12-21 22:00:00,2022-12-21 11:00:00,23.3
500,2022-12-21 23:00:00,2022-12-21 12:00:00,22.8
500,2022-12-22 00:00:00,2022-12-21 13:00:00,22.1
500,2022-12-22 01:00:00,2022-12-21 14:00:00,21.2
500,2022-12-22 02:00:00,2022-12-21 15:00:00,20.0
500,2022-12-22 03:00:00,2022-12-21 16:00:00,19.6
500,2022-12-22 04:00:00,2022-12-21 17:00:00,18.9
500,2022-12-22 05:00:00,2022-12-21 18:00:00,18.7
500,2022-12-22 06:00:00,2022-12-21 19:00:00,18.4
500,2022-12-22 07:00:00,2022-12-21 20:00:00,17.9
500,2022-12-22 08:00:00,2022-12-21 21:00:00,17.0
500,2022-12-22 09:00:00,2022-12-21 22:00:00,17.1
500,2022-12-22 10:00:00,2022-12-21 23:00:00,18.2
500,2022-12-22 11:00:00,2022-12-22 00:00:00,19.3
500,2022-12-22 12:00:00,2022-12-22 01:00:00,22.5
500,2022-12-22 13:00:00,2022-12-22 02:00:00,22.6
500,2022-12-22 14:00:00,2022-12-22 03:00:00,23.4
500,2022-12-22 15:00:00,2022-12-22 04:00:00,20.9
500,2022-12-22 16:00:00,2022-12-22 05:00:00,24.7
500,2022-12-22 17:00:00,2022-12-22 06:00:00,23.0
500,2022-12-22 18:00:00,2022-12-22 07:00:00,21.6
500,2022-12-22 19:00:00,2022-12-22 08:00:00,19.0
500,2022-12-22 20:00:00,2022-12-22 09:00:00,19.5
500,2022-12-22 21:00:00,2022-12-22 10:00:00,18.9
500,2022-12-22 22:00:00,2022-12-22 11:00:00,18.1
500,2022-12-22 23:00:00,2022-12-22 12:00:00,18.9
500,2022-12-23 00:00:00,2022-12-22 13:00:00,18.6
500,2022-12-23 01:00:00,2022-12-22 14:00:00,18.2
500,2022-12-23 02:00:00,2022-12-22 15:00:00,17.8
500,2022-12-23 03:00:00,2022-12-22 16:00:00,17.0
500,2022-12-23 04:00:00,2022-12-22 17:00:00,16.2
500,2022-12-23 05:00:00,2022-12-22 18:00:00,16.2
500,2022-12-23 06:00:00,2022-12-22 19:00:00,15.9
500,2022-12-23 07:00:00,2022-12-22 20:00:00,16.6
500,2022-12-23 08:00:00,2022-12-22 21:00:00,17.1
500,2022-12-23 09:00:00,2022-12-22 22:00:00,18.0
500,2022-12-23 10:00:00,2022-12-22 23:00:00,19.7
500,2022-12-23 11:00:00,2022-12-23 00:00:00,19.6
500,2022-12-23 12:00:00,2022-12-23 01:00:00,20.7
500,2022-12-23 13:00:00,2022-12-23 02:00:00,20.4
500,2022-12-23 14:00:00,2022-12-23 03:00:00,20.3
500,2022-12-23 15:00:00,2022-12-23 04:00:00,20.4
500,2022-12-23 16:00:00,2022-12-23 05:00:00,21.0
500,2022-12-23 17:00:00,2022-12-23 06:00:00,21.5
500,2022-12-23 18:00:00,2022-12-23 07:00:00,22.3
500,2022-12-23 19:00:00,2022-12-23 08:00:00,21.2
500,2022-12-23 20:00:00,2022-12-23 09:00:00,20.1
500,2022-12-23 21:00:00,2022-12-23 10:00:00,19.0
500,2022-12-23 22:00:00,2022-12-23 11:00:00,18.0
500,2022-12-23 23:00:00,2022-12-23 12:00:00,17.5
500,2022-12-24 00:00:00,2022-12-23 13:00:00,17.6
500,2022-12-24 01:00:00,2022-12-23 14:00:00,17.4
500,2022-12-24 02:00:00,2022-12-23 15:00:00,17.4
500,2022-12-24 03:00:00,2022-12-23 16:00:00,17.4
500,2022-12-24 04:00:00,2022-12-23 17:00:00,17.3
500,2022-12-24 05:00:00,2022-12-23 18:00:00,17.2
500,2022-12-24 06:00:00,2022-12-23 19:00:00,16.9
500,2022-12-24 07:00:00,2022-12-23 20:00:00,16.7
500,2022-12-24 08:00:00,2022-12-23 21:00:00,17.6
500,2022-12-24 09:00:00,2022-12-23 22:00:00,19.0
500,2022-12-24 10:00:00,2022-12-23 23:00:00,19.2
500,2022-12-24 11:00:00,2022-12-24 00:00:00,19.4
500,2022-12-24 12:00:00,2022-12-24 01:00:00,20.2
500,2022-12-24 13:00:00,2022-12-24 02:00:00,20.8
500,2022-12-24 14:00:00,2022-12-24 03:00:00,21.8
500,2022-12-24 15:00:00,2022-12-24 04:00:00,22.1
500,2022-12-24 16:00:00,2022-12-24 05:00:00,22.7
500,2022-12-24 17:00:00,2022-12-24 06:00:00,21.6
500,2022-12-24 18:00:00,2022-12-24 07:00:00,20.3
500,2022-12-24 19:00:00,2022-12-24 08:00:00,19.6
500,2022-12-24 20:00:00,2022-12-24 09:00:00,18.4
500,2022-12-24 21:00:00,2022-12-24 10:00:00,17.6
500,2022-12-24 22:00:00,2022-12-24 11:00:00,17.0
500,2022-12-24 23:00:00,2022-12-24 12:00:00,16.4
500,2022-12-25 00:00:00,2022-12-24 13:00:00,15.9
500,2022-12-25 01:00:00,2022-12-24 14:00:00,15.0
500,2022-12-25 02:00:00,2022-12-24 15:00:00,14.6
500,2022-12-25 03:00:00,,14.0
500,2022-12-25 04:00:00,2022-12-24 17:00:00,13.4
500,2022-12-25 05:00:00,2022-12-24 18:00:00,13.1
500,2022-12-25 06:00:00,2022-12-24 19:00:00,13.6
500,2022-12-25 07:00:00,2022-12-24 20:00:00,13.8
500,2022-12-25 08:00:00,2022-12-24 21:00:00,15.5
500,2022-12-25 09:00:00,2022-12-24 22:00:00,18.7
500,2022-12-25 10:00:00,2022-12-24 23:00:00,21.9
500,2022-12-25 11:00:00,2022-12-25 00:00:00,25.2
500,2022-12-25 12:00:00,2022-12-25 01:00:00,28.7
500,2022-12-25 13:00:00,2022-12-25 02:00:00,29.1
500,2022-12-25 14:00:00,2022-12-25 03:00:00,29.6
500,2022-12-25 15:00:00,2022-12-25 04:00:00,30.1
500,2022-12-25 16:00:00,2022-12-25 05:00:00,30.2
500,2022-12-25 17:00:00,2022-12-25 06:00:00,31.1
500,2022-12-25 18:00:00,2022-12-25 07:00:00,29.9
500,2022-12-25 19:00:00,2022-12-25 08:00:00,27.8
500,2022-12-25 20:00:00,2022-12-25 09:00:00,28.2
500,2022-12-25 21:00:00,2022-12-25 10:00:00,23.4
500,2022-12-25 22:00:00,2022-12-25 11:00:00,21.6
500,2022-12-25 23:00:00,2022-12-25 12:00:00,20.8
500,2022-12-26 00:00:00,2022-12-25 13:00:00,20.4
500,2022-12-26 01:00:00,2022-12-25 14:00:00,19.9
500,2022-12-26 02:00:00,2022-12-25 15:00:00,18.8
500,2022-12-26 03:00:00,2022-12-25 16:00:00,18.2
500,2022-12-26 04:00:00,2022-12-25 17:00:00,18.0
500,2022-12-26 05:00:00,2022-12-25 18:00:00,17.3
500,2022-12-26 06:00:00,2022-12-25 19:00:00,17.7
500,2022-12-26 07:00:00,2022-12-25 20:00:00,18.0
500,2022-12-26 08:00:00,2022-12-25 21:00:00,19.3
500,2022-12-26 09:00:00,2022-12-25 22:00:00,21.9
500,2022-12-26 10:00:00,2022-12-25 23:00:00,25.2
500,2022-12-26 11:00:00,2022-12-26 00:00:00,27.4
500,2022-12-26 12:00:00,2022-12-26 01:00:00,23.0
500,2022-12-26 13:00:00,2022-12-26 02:00:00,22.2
500,2022-12-26 14:00:00,2022-12-26 03:00:00,23.3
500,2022-12-26 15:00:00,2022-12-26 04:00:00,23.2
500,2022-12-26 16:00:00,2022-12-26 05:00:00,23.9
500,2022-12-26 17:00:00,2022-12-26 06:00:00,23.3
500,2022-12-26 18:00:00,2022-12-26 07:00:00,22.4
500,2022-12-26 19:00:00,2022-12-26 08:00:00,22.0
500,2022-12-26 20:00:00,2022-12-26 09:00:00,20.7
500,2022-12-26 21:00:00,2022-12-26 10:00:00,20.1
500,2022-12-26 22:00:00,2022-12-26 11:00:00,20.0
500,2022-12-26 23:00:00,2022-12-26 12:00:00,19.8
500,2022-12-27 00:00:00,2022-12-26 13:00:00,19.5
500,2022-12-27 01:00:00,2022-12-26 14:00:00,19.6
500,2022-12-27 02:00:00,2022-12-26 15:00:00,19.0
500,2022-12-27 03:00:00,2022-12-26 16:00:00,18.4
500,2022-12-27 04:00:00,2022-12-26 17:00:00,18.0
500,2022-12-27 05:00:00,2022-12-26 18:00:00,18.4
500,2022-12-27 06:00:00,2022-12-26 19:00:00,18.5
500,2022-12-27 07:00:00,2022-12-26 20:00:00,19.1
500,2022-12-27 08:00:00,2022-12-26 21:00:00,21.0
500,2022-12-27 09:00:00,2022-12-26 22:00:00,24.4
500,2022-12-27 10:00:00,2022-12-26 23:00:00,28.3
500,2022-12-27 11:00:00,2022-12-27 00:00:00,31.5
500,2022-12-27 12:00:00,2022-12-27 01:00:00,33.7
500,2022-12-27 13:00:00,2022-12-27 02:00:00,34.7
500,2022-12-27 14:00:00,2022-12-27 03:00:00,35.4
500,2022-12-27 15:00:00,2022-12-27 04:00:00,36.4
500,2022-12-27 16:00:00,2022-12-27 05:00:00,36.7
500,2022-12-27 17:00:00,2022-12-27 06:00:00,37.1
500,2022-12-27 18:00:00,2022-12-27 07:00:00,37.2
500,2022-12-27 19:00:00,2022-12-27 08:00:00,36.6
500,2022-12-27 20:00:00,2022-12-27 09:00:00,36.1
500,2022-12-27 21:00:00,2022-12-27 10:00:00,34.3
500,2022-12-27 22:00:00,2022-12-27 11:00:00,32.5
500,2022-12-27 23:00:00,2022-12-27 12:00:00,31.5
500,2022-12-28 00:00:00,2022-12-27 13:00:00,29.9
500,2022-12-28 01:00:00,2022-12-27 14:00:00,30.3
500,2022-12-28 02:00:00,2022-12-27 15:00:00,29.2
500,2022-12-28 03:00:00,2022-12-27 16:00:00,28.3
500,2022-12-28 04:00:00,2022-12-27 17:00:00,29.2
500,2022-12-28 05:00:00,2022-12-27 18:00:00,28.6
500,2022-12-28 06:00:00,2022-12-27 19:00:00,28.2
500,2022-12-28 07:00:00,2022-12-27 20:00:00,27.7
500,2022-12-28 08:00:00,2022-12-27 21:00:00,28.4
500,2022-12-28 09:00:00,2022-12-27 22:00:00,27.6
500,2022-12-28 10:00:00,2022-12-27 23:00:00,24.8
500,2022-12-28 11:00:00,2022-12-28 00:00:00,26.2
500,2022-12-28 12:00:00,2022-12-28 01:00:00,19.7
500,2022-12-28 13:00:00,2022-12-28 02:00:00,20.7
500,2022-12-28 14:00:00,2022-12-28 03:00:00,19.6
500,2022-12-28 15:00:00,2022-12-28 04:00:00,18.5
500,2022-12-28 16:00:00,2022-12-28 05:00:00,17.8
500,2022-12-28 17:00:00,2022-12-28 06:00:00,16.5
500,2022-12-28 18:00:00,2022-12-28 07:00:00,17.0
500,2022-12-28 19:00:00,2022-12-28 08:00:00,16.9
500,2022-12-28 20:00:00,2022-12-28 09:00:00,17.3
500,2022-12-28 21:00:00,2022-12-28 10:00:00,17.0
500,2022-12-28 22:00:00,2022-12-28 11:00:00,16.8
500,2022-12-28 23:00:00,2022-12-28 12:00:00,16.7
500,2022-12-29 00:00:00,2022-12-28 13:00:00,16.4
500,2022-12-29 01:00:00,2022-12-28 14:00:00,16.1
500,2022-12-29 02:00:00,2022-12-28 15:00:00,15.7
500,2022-12-29 03:00:00,2022-12-28 16:00:00,15.4
500,2022-12-29 04:00:00,2022-12-28 17:00:00,15.0
500,2022-12-29 05:00:00,2022-12-28 18:00:00,14.7
500,2022-12-29 06:00:00,2022-12-28 19:00:00,14.0
500,2022-12-29 07:00:00,2022-12-28 20:00:00,14.5
500,2022-12-29 08:00:00,2022-12-28 21:00:00,15.2
500,2022-12-29 09:00:00,2022-12-28 22:00:00,15.7
500,2022-12-29 10:00:00,2022-12-28 23:00:00,16.8
500,2022-12-29 11:00:00,2022-12-29 00:00:00,17.2
500,2022-12-29 12:00:00,2022-12-29 01:00:00,18.0
500,2022-12-29 13:00:00,2022-12-29 02:00:00,18.4
500,2022-12-29 14:00:00,2022-12-29 03:00:00,18.9
500,2022-12-29 15:00:00,2022-12-29 04:00:00,18.5
500,2022-12-29 16:00:00,2022-12-29 05:00:00,18.2
500,2022-12-29 17:00:00,2022-12-29 06:00:00,18.3
500,2022-12-29 18:00:00,2022-12-29 07:00:00,17.9
500,2022-12-29 19:00:00,2022-12-29 08:00:00,17.6
500,2022-12-29 20:00:00,2022-12-29 09:00:00,17.0
500,2022-12-29 21:00:00,2022-12-29 10:00:00,16.6
500,2022-12-29 22:00:00,2022-12-29 11:00:00,16.9
500,2022-12-29 23:00:00,2022-12-29 12:00:00,16.8
500,2022-12-30 00:00:00,2022-12-29 13:00:00,16.3
500,2022-12-30 01:00:00,2022-12-29 14:00:00,15.6
500,2022-12-30 02:00:00,2022-12-29 15:00:00,14.6
500,2022-12-30 03:00:00,2022-12-29 16:00:00,14.2
500,2022-12-30 04:00:00,2022-12-29 17:00:00,13.9
500,2022-12-30 05:00:00,2022-12-29 18:00:00,13.2
500,2022-12-30 06:00:00,2022-12-29 19:00:00,13.0
500,2022-12-30 07:00:00,2022-12-29 20:00:00,13.3
500,2022-12-30 08:00:00,2022-12-29 21:00:00,15.6
500,2022-12-30 09:00:00,2022-12-29 22:00:00,18.6
500,2022-12-30 10:00:00,2022-12-29 23:00:00,20.2
500,2022-12-30 11:00:00,2022-12-30 00:00:00,21.9
500,2022-12-30 12:00:00,2022-12-30 01:00:00,22.7
500,2022-12-30 13:00:00,2022-12-30 02:00:00,22.6
500,2022-12-30 14:00:00,2022-12-30 03:00:00,23.3
500,2022-12-30 15:00:00,2022-12-30 04:00:00,24.2
500,2022-12-30 16:00:00,2022-12-30 05:00:00,24.8
500,2022-12-30 17:00:00,2022-12-30 06:00:00,24.8
500,2022-12-30 18:00:00,2022-12-30 07:00:00,25.5
500,2022-12-30 19:00:00,2022-12-30 08:00:00,24.3
500,2022-12-30 20:00:00,2022-12-30 09:00:00,23.3
500,2022-12-30 21:00:00,2022-12-30 10:00:00,21.8
500,2022-12-30 22:00:00,2022-12-30 11:00:00,21.2
500,2022-12-30 23:00:00,2022-12-30 12:00:00,20.6
500,2022-12-31 00:00:00,2022-12-30 13:00:00,19.8
500,2022-12-31 01:00:00,2022-12-30 14:00:00,18.8
500,2022-12-31 02:00:00,2022-12-30 15:00:00,18.8
500,2022-12-31 03:00:00,2022-12-30 16:00:00,18.4
500,2022-12-31 04:00:00,2022-12-30 17:00:00,18.2
500,2022-12-31 05:00:00,2022-12-30 18:00:00,18.4
500,2022-12-31 06:00:00,2022-12-30 19:00:00,17.9
500,2022-12-31 07:00:00,2022-12-30 20:00:00,18.0
500,2022-12-31 08:00:00,2022-12-30 21:00:00,18.5
500,2022-12-31 09:00:00,2022-12-30 22:00:00,19.5
500,2022-12-31 10:00:00,2022-12-30 23:00:00,21.8
500,2022-12-31 11:00:00,2022-12-31 00:00:00,24.1
500,2022-12-31 12:00:00,2022-12-31 01:00:00,24.1
500,2022-12-31 13:00:00,2022-12-31 02:00:00,25.0
500,2022-12-31 14:00:00,2022-12-31 03:00:00,25.2
500,2022-12-31 15:00:00,2022-12-31 04:00:00,26.9
500,2022-12-31 16:00:00,2022-12-31 05:00:00,27.8
500,2022-12-31 17:00:00,2022-12-31 06:00:00,28.7
500,2022-12-31 18:00:00,2022-12-31 07:00:00,29.8
500,2022-12-31 19:00:00,2022-12-31 08:00:00,29.9
500,2022-12-31 20:00:00,2022-12-31 09:00:00,28.5
500,2022-12-31 21:00:00,2022-12-31 10:00:00,26.4
500,2022-12-31 22:00:00,2022-12-31 11:00:00,23.5
500,2022-12-31 23:00:00,2022-12-31 12:00:00,21.9
500,2023-01-01 00:00:00,2022-12-31 13:00:00,21.1
500,2023-01-01 01:00:00,2022-12-31 14:00:00,20.5
500,2023-01-01 02:00:00,2022-12-31 15:00:00,19.6
500,2023-01-01 03:00:00,2022-12-31 16:00:00,18.9
500,2023-01-01 04:00:00,,18.7
500,2023-01-01 05:00:00,2022-12-31 18:00:00,18.5
500,2023-01-01 06:00:00,2022-12-31 19:00:00,18.9
500,2023-01-01 07:00:00,2022-12-31 20:00:00,19.4
500,2023-01-01 08:00:00,2022-12-31 21:00:00,21.3
500,2023-01-01 09:00:00,2022-12-31 22:00:00,24.0
500,2023-01-01 10:00:00,2022-12-31 23:00:00,28.4
500,2023-01-01 11:00:00,2023-01-01 00:00:00,30.0
500,2023-01-01 12:00:00,2023-01-01 01:00:00,31.5
500,2023-01-01 13:00:00,2023-01-01 02:00:00,33.2
500,2023-01-01 14:00:00,2023-01-01 03:00:00,33.5
500,2023-01-01 15:00:00,2023-01-01 04:00:00,34.3
500,2023-01-01 16:00:00,2023-01-01 05:00:00,35.6
500,2023-01-01 17:00:00,2023-01-01 06:00:00,34.9
500,2023-01-01 18:00:00,2023-01-01 07:00:00,35.0
500,2023-01-01 19:00:00,2023-01-01 08:00:00,35.6
500,2023-01-01 20:00:00,2023-01-01 09:00:00,34.7
500,2023-01-01 21:00:00,2023-01-01 10:00:00,33.2
500,2023-01-01 22:00:00,2023-01-01 11:00:00,31.4
500,2023-01-01 23:00:00,2023-01-01 12:00:00,30.1
500,2023-01-02 00:00:00,2023-01-01 13:00:00,29.1
500,2023-01-02 01:00:00,2023-01-01 14:00:00,24.9
500,2023-01-02 02:00:00,2023-01-01 15:00:00,22.6
500,2023-01-02 03:00:00,2023-01-01 16:00:00,24.2
500,2023-01-02 04:00:00,2023-01-01 17:00:00,24.2
500,2023-01-02 05:00:00,2023-01-01 18:00:00,24.5
500,2023-01-02 06:00:00,2023-01-01 19:00:00,24.8
500,2023-01-02 07:00:00,2023-01-01 20:00:00,27.1
500,2023-01-02 08:00:00,2023-01-01 21:00:00,27.9
500,2023-01-02 09:00:00,2023-01-01 22:00:00,29.3
500,2023-01-02 10:00:00,2023-01-01 23:00:00,28.1
500,2023-01-02 11:00:00,2023-01-02 00:00:00,29.4
500,2023-01-02 12:00:00,2023-01-02 01:00:00,29.6
500,2023-01-02 13:00:00,2023-01-02 02:00:00,30.6
500,2023-01-02 14:00:00,2023-01-02 03:00:00,27.6
500,2023-01-02 15:00:00,2023-01-02 04:00:00,21.8
500,2023-01-02 16:00:00,2023-01-02 05:00:00,21.6
500,2023-01-02 17:00:00,2023-01-02 06:00:00,19.9
500,2023-01-02 18:00:00,2023-01-02 07:00:00,19.7
500,2023-01-02 19:00:00,2023-01-02 08:00:00,19.4
500,2023-01-02 20:00:00,2023-01-02 09:00:00,18.8
500,2023-01-02 21:00:00,2023-01-02 10:00:00,18.9
500,2023-01-02 22:00:00,2023-01-02 11:00:00,18.6
500,2023-01-02 23:00:00,2023-01-02 12:00:00,18.4
500,2023-01-03 00:00:00,2023-01-02 13:00:00,18.3
500,2023-01-03 01:00:00,2023-01-02 14:00:00,18.2
500,2023-01-03 02:00:00,2023-01-02 15:00:00,18.2
500,2023-01-03 03:00:00,2023-01-02 16:00:00,17.5
500,2023-01-03 04:00:00,2023-01-02 17:00:00,17.1
500,2023-01-03 05:00:00,2023-01-02 18:00:00,17.5
500,2023-01-03 06:00:00,2023-01-02 19:00:00,16.3
500,2023-01-03 07:00:00,2023-01-02 20:00:00,15.9
500,2023-01-03 08:00:00,2023-01-02 21:00:00,16.7
500,2023-01-03 09:00:00,2023-01-02 22:00:00,17.3
500,2023-01-03 10:00:00,2023-01-02 23:00:00,17.0
500,2023-01-03 11:00:00,2023-01-03 00:00:00,18.0
500,2023-01-03 12:00:00,2023-01-03 01:00:00,18.7
500,2023-01-03 13:00:00,2023-01-03 02:00:00,19.9
500,2023-01-03 14:00:00,2023-01-03 03:00:00,19.6
500,2023-01-03 15:00:00,2023-01-03 04:00:00,20.9
500,2023-01-03 16:00:00,2023-01-03 05:00:00,19.5
500,2023-01-03 17:00:00,2023-01-03 06:00:00,19.4
500,2023-01-03 18:00:00,2023-01-03 07:00:00,19.2
500,2023-01-03 19:00:00,2023-01-03 08:00:00,19.1
500,2023-01-03 20:00:00,2023-01-03 09:00:00,17.4
500,2023-01-03 21:00:00,2023-01-03 10:00:00,16.8
500,2023-01-03 22:00:00,2023-01-03 11:00:00,16.4
500,2023-01-03 23:00:00,2023-01-03 12:00:00,16.2
500,2023-01-04 00:00:00,2023-01-03 13:00:00,16.0
500,2023-01-04 01:00:00,2023-01-03 14:00:00,15.9
500,2023-01-04 02:00:00,2023-01-03 15:00:00,15.6
500,2023-01-04 03:00:00,2023-01-03 16:00:00,15.5
500,2023-01-04 04:00:00,2023-01-03 17:00:00,15.3
500,2023-01-04 05:00:00,2023-01-03 18:00:00,15.4
500,2023-01-04 06:00:00,2023-01-03 19:00:00,15.3
500,2023-01-04 07:00:00,2023-01-03 20:00:00,15.3
500,2023-01-04 08:00:00,2023-01-03 21:00:00,15.6
500,2023-01-04 09:00:00,2023-01-03 22:00:00,15.7
500,2023-01-04 10:00:00,2023-01-03 23:00:00,15.7
500,2023-01-04 11:00:00,2023-01-04 00:00:00,15.6
500,2023-01-04 12:00:00,2023-01-04 01:00:00,15.2
500,2023-01-04 13:00:00,2023-01-04 02:00:00,14.5
500,2023-01-04 14:00:00,2023-01-04 03:00:00,14.4
500,2023-01-04 15:00:00,2023-01-04 04:00:00,15.8
500,2023-01-04 16:00:00,2023-01-04 05:00:00,16.8
500,2023-01-04 17:00:00,2023-01-04 06:00:00,15.8
500,2023-01-04 18:00:00,2023-01-04 07:00:00,15.5
500,2023-01-04 19:00:00,2023-01-04 08:00:00,15.7
500,2023-01-04 20:00:00,2023-01-04 09:00:00,16.0
500,2023-01-04 21:00:00,2023-01-04 10:00:00,16.3
500,2023-01-04 22:00:00,2023-01-04 11:00:00,16.3
500,2023-01-04 23:00:00,2023-01-04 12:00:00,16.2
500,2023-01-05 00:00:00,2023-01-04 13:00:00,15.5
500,2023-01-05 01:00:00,2023-01-04 14:00:00,14.4
500,2023-01-05 02:00:00,2023-01-04 15:00:00,14.5
500,2023-01-05 03:00:00,2023-01-04 16:00:00,14.9
500,2023-01-05 04:00:00,2023-01-04 17:00:00,15.2
500,2023-01-05 05:00:00,2023-01-04 18:00:00,15.0
500,2023-01-05 06:00:00,2023-01-04 19:00:00,15.3
500,2023-01-05 07:00:00,2023-01-04 20:00:00,15.7
500,2023-01-05 08:00:00,2023-01-04 21:00:00,16.9
500,2023-01-05 09:00:00,2023-01-04 22:00:00,18.5
500,2023-01-05 10:00:00,2023-01-04 23:00:00,18.9
500,2023-01-05 11:00:00,2023-01-05 00:00:00,21.0
500,2023-01-05 12:00:00,2023-01-05 01:00:00,18.8
500,2023-01-05 13:00:00,2023-01-05 02:00:00,19.9
500,2023-01-05 14:00:00,2023-01-05 03:00:00,19.5
500,2023-01-05 15:00:00,2023-01-05 04:00:00,19.8
500,2023-01-05 16:00:00,2023-01-05 05:00:00,20.6
500,2023-01-05 17:00:00,2023-01-05 06:00:00,20.4
500,2023-01-05 18:00:00,2023-01-05 07:00:00,20.6
500,2023-01-05 19:00:00,2023-01-05 08:00:00,21.3
500,2023-01-05 20:00:00,2023-01-05 09:00:00,20.9
500,2023-01-05 21:00:00,2023-01-05 10:00:00,20.3
500,2023-01-05 22:00:00,2023-01-05 11:00:00,18.9
500,2023-01-05 23:00:00,2023-01-05 12:00:00,17.7
500,2023-01-06 00:00:00,2023-01-05 13:00:00,17.0
500,2023-01-06 01:00:00,2023-01-05 14:00:00,16.0
500,2023-01-06 02:00:00,2023-01-05 15:00:00,15.0
500,2023-01-06 03:00:00,2023-01-05 16:00:00,14.3
500,2023-01-06 04:00:00,2023-01-05 17:00:00,14.0
500,2023-01-06 05:00:00,2023-01-05 18:00:00,13.3
500,2023-01-06 06:00:00,2023-01-05 19:00:00,13.6
500,2023-01-06 07:00:00,2023-01-05 20:00:00,14.5
500,2023-01-06 08:00:00,2023-01-05 21:00:00,15.9
500,2023-01-06 09:00:00,2023-01-05 22:00:00,18.5
500,2023-01-06 10:00:00,2023-01-05 23:00:00,20.0
500,2023-01-06 11:00:00,2023-01-06 00:00:00,20.4
500,2023-01-06 12:00:00,2023-01-06 01:00:00,21.8
500,2023-01-06 13:00:00,2023-01-06 02:00:00,22.9
500,2023-01-06 14:00:00,2023-01-06 03:00:00,23.9
500,2023-01-06 15:00:00,2023-01-06 04:00:00,24.6
500,2023-01-06 16:00:00,2023-01-06 05:00:00,25.1
500,2023-01-06 17:00:00,2023-01-06 06:00:00,24.7
500,2023-01-06 18:00:00,2023-01-06 07:00:00,24.4
500,2023-01-06 19:00:00,2023-01-06 08:00:00,23.8
500,2023-01-06 20:00:00,2023-01-06 09:00:00,22.4
500,2023-01-06 21:00:00,2023-01-06 10:00:00,20.5
500,2023-01-06 22:00:00,2023-01-06 11:00:00,19.3
500,2023-01-06 23:00:00,2023-01-06 12:00:00,18.0
500,2023-01-07 00:00:00,2023-01-06 13:00:00,17.2
500,2023-01-07 01:00:00,2023-01-06 14:00:00,16.3
500,2023-01-07 02:00:00,2023-01-06 15:00:00,15.0
500,2023-01-07 03:00:00,2023-01-06 16:00:00,14.3
500,2023-01-07 04:00:00,2023-01-06 17:00:00,13.7
500,2023-01-07 05:00:00,2023-01-06 18:00:00,13.5
500,2023-01-07 06:00:00,2023-01-06 19:00:00,13.5
500,2023-01-07 07:00:00,2023-01-06 20:00:00,14.2
500,2023-01-07 08:00:00,2023-01-06 21:00:00,15.1
500,2023-01-07 09:00:00,2023-01-06 22:00:00,18.1
500,2023-01-07 10:00:00,2023-01-06 23:00:00,20.5
500,2023-01-07 11:00:00,2023-01-07 00:00:00,23.6
500,2023-01-07 12:00:00,2023-01-07 01:00:00,25.2
500,2023-01-07 13:00:00,2023-01-07 02:00:00,26.9
500,2023-01-07 14:00:00,2023-01-07 03:00:00,28.6
500,2023-01-07 15:00:00,2023-01-07 04:00:00,28.8
500,2023-01-07 16:00:00,2023-01-07 05:00:00,29.3
500,2023-01-07 17:00:00,2023-01-07 06:00:00,29.3
500,2023-01-07 18:00:00,2023-01-07 07:00:00,29.4
500,2023-01-07 19:00:00,2023-01-07 08:00:00,28.6
500,2023-01-07 20:00:00,2023-01-07 09:00:00,26.9
500,2023-01-07 21:00:00,2023-01-07 10:00:00,24.8
500,2023-01-07 22:00:00,2023-01-07 11:00:00,22.8
500,2023-01-07 23:00:00,2023-01-07 12:00:00,21.5
500,2023-01-08 00:00:00,2023-01-07 13:00:00,20.0
500,2023-01-08 01:00:00,2023-01-07 14:00:00,18.4
500,2023-01-08 02:00:00,2023-01-07 15:00:00,17.1
500,2023-01-08 03:00:00,,16.45
500,2023-01-08 04:00:00,2023-01-07 17:00:00,15.8
500,2023-01-08 05:00:00,2023-01-07 18:00:00,16.6
500,2023-01-08 06:00:00,2023-01-07 19:00:00,15.1
500,2023-01-08 07:00:00,2023-01-07 20:00:00,16.4
500,2023-01-08 08:00:00,2023-01-07 21:00:00,17.6
500,2023-01-08 09:00:00,2023-01-07 22:00:00,20.4
500,2023-01-08 10:00:00,2023-01-07 23:00:00,22.2
500,2023-01-08 11:00:00,2023-01-08 00:00:00,25.0
500,2023-01-08 12:00:00,2023-01-08 01:00:00,27.0
500,2023-01-08 13:00:00,2023-01-08 02:00:00,27.7
500,2023-01-08 14:00:00,2023-01-08 03:00:00,29.5
500,2023-01-08 15:00:00,2023-01-08 04:00:00,30.0
500,2023-01-08 16:00:00,2023-01-08 05:00:00,30.8
500,2023-01-08 17:00:00,2023-01-08 06:00:00,30.8
500,2023-01-08 18:00:00,2023-01-08 07:00:00,30.9
500,2023-01-08 19:00:00,2023-01-08 08:00:00,31.4
500,2023-01-08 20:00:00,2023-01-08 09:00:00,30.9
500,2023-01-08 21:00:00,2023-01-08 10:00:00,28.2
500,2023-01-08 22:00:00,2023-01-08 11:00:00,24.9
500,2023-01-08 23:00:00,2023-01-08 12:00:00,22.9
500,2023-01-09 00:00:00,2023-01-08 13:00:00,21.5
500,2023-01-09 01:00:00,2023-01-08 14:00:00,20.8
500,2023-01-09 02:00:00,2023-01-08 15:00:00,20.2
500,2023-01-09 03:00:00,2023-01-08 16:00:00,21.3
500,2023-01-09 04:00:00,2023-01-08 17:00:00,20.2
500,2023-01-09 05:00:00,2023-01-08 18:00:00,19.4
500,2023-01-09 06:00:00,2023-01-08 19:00:00,19.0
500,2023-01-09 07:00:00,2023-01-08 20:00:00,19.0
500,2023-01-09 08:00:00,2023-01-08 21:00:00,20.3
500,2023-01-09 09:00:00,2023-01-08 22:00:00,24.6
500,2023-01-09 10:00:00,2023-01-08 23:00:00,25.5
500,2023-01-09 11:00:00,2023-01-09 00:00:00,24.4
500,2023-01-09 12:00:00,2023-01-09 01:00:00,23.8
500,2023-01-09 13:00:00,2023-01-09 02:00:00,22.1
500,2023-01-09 14:00:00,2023-01-09 03:00:00,22.4
500,2023-01-09 15:00:00,2023-01-09 04:00:00,21.7
500,2023-01-09 16:00:00,2023-01-09 05:00:00,20.6
500,2023-01-09 17:00:00,2023-01-09 06:00:00,20.6
500,2023-01-09 18:00:00,2023-01-09 07:00:00,19.5
500,2023-01-09 19:00:00,2023-01-09 08:00:00,19.7
500,2023-01-09 20:00:00,2023-01-09 09:00:00,19.4
500,2023-01-09 21:00:00,2023-01-09 10:00:00,19.0
500,2023-01-09 22:00:00,2023-01-09 11:00:00,19.0
500,2023-01-09 23:00:00,2023-01-09 12:00:00,18.8
500,2023-01-10 00:00:00,2023-01-09 13:00:00,18.4
500,2023-01-10 01:00:00,2023-01-09 14:00:00,18.2
500,2023-01-10 02:00:00,2023-01-09 15:00:00,17.5
500,2023-01-10 03:00:00,2023-01-09 16:00:00,17.5
500,2023-01-10 04:00:00,2023-01-09 17:00:00,17.5
500,2023-01-10 05:00:00,2023-01-09 18:00:00,17.4
500,2023-01-10 06:00:00,2023-01-09 19:00:00,17.0
500,2023-01-10 07:00:00,2023-01-09 20:00:00,17.0
500,2023-01-10 08:00:00,2023-01-09 21:00:00,16.9
500,2023-01-10 09:00:00,2023-01-09 22:00:00,17.5
500,2023-01-10 10:00:00,2023-01-09 23:00:00,17.7
500,2023-01-10 11:00:00,2023-01-10 00:00:00,18.6
500,2023-01-10 12:00:00,2023-01-10 01:00:00,18.8
500,2023-01-10 13:00:00,2023-01-10 02:00:00,20.1
500,2023-01-10 14:00:00,2023-01-10 03:00:00,20.1
500,2023-01-10 15:00:00,2023-01-10 04:00:00,20.7
500,2023-01-10 16:00:00,2023-01-10 05:00:00,20.7
500,2023-01-10 17:00:00,2023-01-10 06:00:00,20.8
500,2023-01-10 18:00:00,2023-01-10 07:00:00,21.1
500,2023-01-10 19:00:00,2023-01-10 08:00:00,21.0
500,2023-01-10 20:00:00,2023-01-10 09:00:00,20.6
500,2023-01-10 21:00:00,2023-01-10 10:00:00,19.9
500,2023-01-10 22:00:00,2023-01-10 11:00:00,20.1
500,2023-01-10 23:00:00,2023-01-10 12:00:00,20.2
500,2023-01-11 00:00:00,2023-01-10 13:00:00,18.9
500,2023-01-11 01:00:00,2023-01-10 14:00:00,18.2
500,2023-01-11 02:00:00,2023-01-10 15:00:00,17.9
500,2023-01-11 03:00:00,2023-01-10 16:00:00,17.1
500,2023-01-11 04:00:00,2023-01-10 17:00:00,16.3
500,2023-01-11 05:00:00,2023-01-10 18:00:00,16.6
500,2023-01-11 06:00:00,2023-01-10 19:00:00,15.9
500,2023-01-11 07:00:00,2023-01-10 20:00:00,16.5
500,2023-01-11 08:00:00,2023-01-10 21:00:00,17.4
500,2023-01-11 09:00:00,2023-01-10 22:00:00,20.2
500,2023-01-11 10:00:00,2023-01-10 23:00:00,22.5
500,2023-01-11 11:00:00,2023-01-11 00:00:00,24.6
500,2023-01-11 12:00:00,2023-01-11 01:00:00,27.2
500,2023-01-11 13:00:00,2023-01-11 02:00:00,29.1
500,2023-01-11 14:00:00,2023-01-11 03:00:00,29.1
500,2023-01-11 15:00:00,2023-01-11 04:00:00,28.0
500,2023-01-11 16:00:00,2023-01-11 05:00:00,29.2
500,2023-01-11 17:00:00,2023-01-11 06:00:00,26.9
500,2023-01-11 18:00:00,2023-01-11 07:00:00,26.7
500,2023-01-11 19:00:00,2023-01-11 08:00:00,26.2
500,2023-01-11 20:00:00,2023-01-11 09:00:00,24.8
500,2023-01-11 21:00:00,2023-01-11 10:00:00,22.9
500,2023-01-11 22:00:00,2023-01-11 11:00:00,22.2
500,2023-01-11 23:00:00,,21.9
500,2023-01-12 00:00:00,2023-01-11 13:00:00,21.6
500,2023-01-12 01:00:00,2023-01-11 14:00:00,20.9
500,2023-01-12 02:00:00,2023-01-11 15:00:00,20.2
500,2023-01-12 03:00:00,2023-01-11 16:00:00,19.4
500,2023-01-12 04:00:00,,19.15
500,2023-01-12 05:00:00,2023-01-11 18:00:00,18.9
500,2023-01-12 06:00:00,2023-01-11 19:00:00,19.4
500,2023-01-12 07:00:00,2023-01-11 20:00:00,19.6
500,2023-01-12 08:00:00,2023-01-11 21:00:00,19.5
500,2023-01-12 09:00:00,2023-01-11 22:00:00,18.8
500,2023-01-12 10:00:00,2023-01-11 23:00:00,18.3
500,2023-01-12 11:00:00,2023-01-12 00:00:00,18.4
500,2023-01-12 12:00:00,2023-01-12 01:00:00,19.5
500,2023-01-12 13:00:00,2023-01-12 02:00:00,20.8
500,2023-01-12 14:00:00,2023-01-12 03:00:00,22.0
500,2023-01-12 15:00:00,2023-01-12 04:00:00,22.6
500,2023-01-12 16:00:00,2023-01-12 05:00:00,22.6
500,2023-01-12 17:00:00,2023-01-12 06:00:00,23.4
500,2023-01-12 18:00:00,2023-01-12 07:00:00,23.0
500,2023-01-12 19:00:00,2023-01-12 08:00:00,22.5
500,2023-01-12 20:00:00,2023-01-12 09:00:00,21.3
500,2023-01-12 21:00:00,2023-01-12 10:00:00,20.2
500,2023-01-12 22:00:00,,19.9
500,2023-01-12 23:00:00,2023-01-12 12:00:00,19.6
500,2023-01-13 00:00:00,2023-01-12 13:00:00,19.4
500,2023-01-13 01:00:00,2023-01-12 14:00:00,19.4
500,2023-01-13 02:00:00,2023-01-12 15:00:00,19.5
500,2023-01-13 03:00:00,2023-01-12 16:00:00,19.6
500,2023-01-13 04:00:00,2023-01-12 17:00:00,19.6
500,2023-01-13 05:00:00,2023-01-12 18:00:00,19.8
500,2023-01-13 06:00:00,2023-01-12 19:00:00,19.7
500,2023-01-13 07:00:00,2023-01-12 20:00:00,19.7
500,2023-01-13 08:00:00,2023-01-12 21:00:00,19.9
500,2023-01-13 09:00:00,2023-01-12 22:00:00,20.2
500,2023-01-13 10:00:00,2023-01-12 23:00:00,20.3
500,2023-01-13 11:00:00,2023-01-13 00:00:00,20.4
500,2023-01-13 12:00:00,2023-01-13 01:00:00,21.1
500,2023-01-13 13:00:00,2023-01-13 02:00:00,22.5
500,2023-01-13 14:00:00,2023-01-13 03:00:00,23.2
500,2023-01-13 15:00:00,2023-01-13 04:00:00,23.9
500,2023-01-13 16:00:00,2023-01-13 05:00:00,23.4
500,2023-01-13 17:00:00,2023-01-13 06:00:00,24.0
500,2023-01-13 18:00:00,2023-01-13 07:00:00,23.7
500,2023-01-13 19:00:00,2023-01-13 08:00:00,23.1
500,2023-01-13 20:00:00,2023-01-13 09:00:00,22.4
500,2023-01-13 21:00:00,2023-01-13 10:00:00,22.0
500,2023-01-13 22:00:00,2023-01-13 11:00:00,21.3
500,2023-01-13 23:00:00,2023-01-13 12:00:00,20.9
500,2023-01-14 00:00:00,2023-01-13 13:00:00,20.6
500,2023-01-14 01:00:00,2023-01-13 14:00:00,20.6
500,2023-01-14 02:00:00,2023-01-13 15:00:00,20.7
500,2023-01-14 03:00:00,2023-01-13 16:00:00,20.6
500,2023-01-14 04:00:00,2023-01-13 17:00:00,20.5
500,2023-01-14 05:00:00,2023-01-13 18:00:00,20.7
500,2023-01-14 06:00:00,2023-01-13 19:00:00,20.2
500,2023-01-14 07:00:00,2023-01-13 20:00:00,20.7
500,2023-01-14 08:00:00,2023-01-13 21:00:00,21.0
500,2023-01-14 09:00:00,2023-01-13 22:00:00,22.9
500,2023-01-14 10:00:00,2023-01-13 23:00:00,24.9
500,2023-01-14 11:00:00,2023-01-14 00:00:00,27.8
500,2023-01-14 12:00:00,2023-01-14 01:00:00,31.8
500,2023-01-14 13:00:00,2023-01-14 02:00:00,33.2
500,2023-01-14 14:00:00,2023-01-14 03:00:00,34.5
500,2023-01-14 15:00:00,2023-01-14 04:00:00,35.3
500,2023-01-14 16:00:00,2023-01-14 05:00:00,35.8
500,2023-01-14 17:00:00,2023-01-14 06:00:00,36.2
500,2023-01-14 18:00:00,2023-01-14 07:00:00,37.2
500,2023-01-14 19:00:00,2023-01-14 08:00:00,36.4
500,2023-01-14 20:00:00,2023-01-14 09:00:00,35.9
500,2023-01-14 21:00:00,2023-01-14 10:00:00,30.8
500,2023-01-14 22:00:00,2023-01-14 11:00:00,24.5
500,2023-01-14 23:00:00,2023-01-14 12:00:00,23.1
500,2023-01-15 00:00:00,2023-01-14 13:00:00,22.4
500,2023-01-15 01:00:00,2023-01-14 14:00:00,22.6
500,2023-01-15 02:00:00,2023-01-14 15:00:00,23.2
500,2023-01-15 03:00:00,2023-01-14 16:00:00,20.9
500,2023-01-15 04:00:00,,20.1
500,2023-01-15 05:00:00,2023-01-14 18:00:00,19.3
500,2023-01-15 06:00:00,2023-01-14 19:00:00,18.4
500,2023-01-15 07:00:00,2023-01-14 20:00:00,18.4
500,2023-01-15 08:00:00,2023-01-14 21:00:00,18.7
500,2023-01-15 09:00:00,2023-01-14 22:00:00,18.4
500,2023-01-15 10:00:00,2023-01-14 23:00:00,18.5
500,2023-01-15 11:00:00,2023-01-15 00:00:00,18.6
500,2023-01-15 12:00:00,2023-01-15 01:00:00,19.2
500,2023-01-15 13:00:00,2023-01-15 02:00:00,19.5
500,2023-01-15 14:00:00,2023-01-15 03:00:00,19.2
500,2023-01-15 15:00:00,2023-01-15 04:00:00,19.6
500,2023-01-15 16:00:00,2023-01-15 05:00:00,19.7
500,2023-01-15 17:00:00,2023-01-15 06:00:00,20.0
500,2023-01-15 18:00:00,2023-01-15 07:00:00,19.8
500,2023-01-15 19:00:00,2023-01-15 08:00:00,19.4
500,2023-01-15 20:00:00,2023-01-15 09:00:00,18.3
500,2023-01-15 21:00:00,2023-01-15 10:00:00,17.1
500,2023-01-15 22:00:00,2023-01-15 11:00:00,16.6
500,2023-01-15 23:00:00,2023-01-15 12:00:00,15.9
500,2023-01-16 00:00:00,2023-01-15 13:00:00,15.8
500,2023-01-16 01:00:00,2023-01-15 14:00:00,16.1
500,2023-01-16 02:00:00,2023-01-15 15:00:00,15.8
500,2023-01-16 03:00:00,2023-01-15 16:00:00,15.5
500,2023-01-16 04:00:00,2023-01-15 17:00:00,16.3
500,2023-01-16 05:00:00,2023-01-15 18:00:00,16.6
500,2023-01-16 06:00:00,2023-01-15 19:00:00,16.1
500,2023-01-16 07:00:00,2023-01-15 20:00:00,15.6
500,2023-01-16 08:00:00,2023-01-15 21:00:00,15.3
500,2023-01-16 09:00:00,2023-01-15 22:00:00,16.2
500,2023-01-16 10:00:00,2023-01-15 23:00:00,17.7
500,2023-01-16 11:00:00,2023-01-16 00:00:00,19.4
500,2023-01-16 12:00:00,2023-01-16 01:00:00,20.8
500,2023-01-16 13:00:00,2023-01-16 02:00:00,23.7
500,2023-01-16 14:00:00,2023-01-16 03:00:00,26.2
500,2023-01-16 15:00:00,2023-01-16 04:00:00,24.8
500,2023-01-16 16:00:00,2023-01-16 05:00:00,24.1
500,2023-01-16 17:00:00,2023-01-16 06:00:00,25.5
500,2023-01-16 18:00:00,2023-01-16 07:00:00,25.3
500,2023-01-16 19:00:00,2023-01-16 08:00:00,24.6
500,2023-01-16 20:00:00,2023-01-16 09:00:00,26.4
500,2023-01-16 21:00:00,2023-01-16 10:00:00,24.7
500,2023-01-16 22:00:00,2023-01-16 11:00:00,22.6
500,2023-01-16 23:00:00,2023-01-16 12:00:00,21.0
500,2023-01-17 00:00:00,2023-01-16 13:00:00,20.1
500,2023-01-17 01:00:00,2023-01-16 14:00:00,20.6
500,2023-01-17 02:00:00,2023-01-16 15:00:00,21.4
500,2023-01-17 03:00:00,2023-01-16 16:00:00,20.4
500,2023-01-17 04:00:00,2023-01-16 17:00:00,20.2
500,2023-01-17 05:00:00,2023-01-16 18:00:00,20.0
500,2023-01-17 06:00:00,2023-01-16 19:00:00,21.0
500,2023-01-17 07:00:00,2023-01-16 20:00:00,23.5
500,2023-01-17 08:00:00,2023-01-16 21:00:00,24.5
500,2023-01-17 09:00:00,2023-01-16 22:00:00,26.4
500,2023-01-17 10:00:00,2023-01-16 23:00:00,27.7
500,2023-01-17 11:00:00,2023-01-17 00:00:00,29.8
500,2023-01-17 12:00:00,2023-01-17 01:00:00,31.2
500,2023-01-17 13:00:00,2023-01-17 02:00:00,33.1
500,2023-01-17 14:00:00,2023-01-17 03:00:00,34.2
500,2023-01-17 15:00:00,2023-01-17 04:00:00,35.5
500,2023-01-17 16:00:00,2023-01-17 05:00:00,35.8
500,2023-01-17 17:00:00,2023-01-17 06:00:00,36.2
500,2023-01-17 18:00:00,2023-01-17 07:00:00,35.4
500,2023-01-17 19:00:00,2023-01-17 08:00:00,35.0
500,2023-01-17 20:00:00,2023-01-17 09:00:00,28.4
500,2023-01-17 21:00:00,2023-01-17 10:00:00,25.1
500,2023-01-17 22:00:00,2023-01-17 11:00:00,24.5
500,2023-01-17 23:00:00,2023-01-17 12:00:00,24.3
500,2023-01-18 00:00:00,2023-01-17 13:00:00,22.5
500,2023-01-18 01:00:00,2023-01-17 14:00:00,22.3
500,2023-01-18 02:00:00,2023-01-17 15:00:00,22.2
500,2023-01-18 03:00:00,2023-01-17 16:00:00,21.2
500,2023-01-18 04:00:00,2023-01-17 17:00:00,20.5
500,2023-01-18 05:00:00,2023-01-17 18:00:00,20.9
500,2023-01-18 06:00:00,2023-01-17 19:00:00,21.4
500,2023-01-18 07:00:00,2023-01-17 20:00:00,21.2
500,2023-01-18 08:00:00,2023-01-17 21:00:00,21.2
500,2023-01-18 09:00:00,2023-01-17 22:00:00,20.2
500,2023-01-18 10:00:00,2023-01-17 23:00:00,18.9
500,2023-01-18 11:00:00,2023-01-18 00:00:00,18.0
500,2023-01-18 12:00:00,2023-01-18 01:00:00,17.6
500,2023-01-18 13:00:00,2023-01-18 02:00:00,17.1
500,2023-01-18 14:00:00,2023-01-18 03:00:00,17.0
500,2023-01-18 15:00:00,2023-01-18 04:00:00,16.5
500,2023-01-18 16:00:00,2023-01-18 05:00:00,16.0
500,2023-01-18 17:00:00,2023-01-18 06:00:00,16.4
500,2023-01-18 18:00:00,2023-01-18 07:00:00,16.5
500,2023-01-18 19:00:00,2023-01-18 08:00:00,16.2
500,2023-01-18 20:00:00,2023-01-18 09:00:00,16.3
500,2023-01-18 21:00:00,2023-01-18 10:00:00,16.2
500,2023-01-18 22:00:00,2023-01-18 11:00:00,16.0
500,2023-01-18 23:00:00,2023-01-18 12:00:00,15.7
500,2023-01-19 00:00:00,2023-01-18 13:00:00,15.6
500,2023-01-19 01:00:00,2023-01-18 14:00:00,15.7
500,2023-01-19 02:00:00,2023-01-18 15:00:00,15.7
500,2023-01-19 03:00:00,2023-01-18 16:00:00,15.3
500,2023-01-19 04:00:00,2023-01-18 17:00:00,14.7
500,2023-01-19 05:00:00,2023-01-18 18:00:00,15.2
500,2023-01-19 06:00:00,2023-01-18 19:00:00,15.4
500,2023-01-19 07:00:00,2023-01-18 20:00:00,15.0
500,2023-01-19 08:00:00,2023-01-18 21:00:00,15.8
500,2023-01-19 09:00:00,2023-01-18 22:00:00,16.2
500,2023-01-19 10:00:00,2023-01-18 23:00:00,17.1
500,2023-01-19 11:00:00,2023-01-19 00:00:00,17.5
500,2023-01-19 12:00:00,2023-01-19 01:00:00,17.5
500,2023-01-19 13:00:00,2023-01-19 02:00:00,18.3
500,2023-01-19 14:00:00,2023-01-19 03:00:00,17.2
500,2023-01-19 15:00:00,2023-01-19 04:00:00,17.8
500,2023-01-19 16:00:00,2023-01-19 05:00:00,18.9
500,2023-01-19 17:00:00,2023-01-19 06:00:00,18.3
500,2023-01-19 18:00:00,2023-01-19 07:00:00,17.5
500,2023-01-19 19:00:00,2023-01-19 08:00:00,17.1
500,2023-01-19 20:00:00,2023-01-19 09:00:00,16.6
500,2023-01-19 21:00:00,2023-01-19 10:00:00,16.4
500,2023-01-19 22:00:00,2023-01-19 11:00:00,16.2
500,2023-01-19 23:00:00,2023-01-19 12:00:00,16.1
500,2023-01-20 00:00:00,2023-01-19 13:00:00,16.0
500,2023-01-20 01:00:00,2023-01-19 14:00:00,16.0
500,2023-01-20 02:00:00,2023-01-19 15:00:00,15.9
500,2023-01-20 03:00:00,2023-01-19 16:00:00,15.9
500,2023-01-20 04:00:00,2023-01-19 17:00:00,15.8
500,2023-01-20 05:00:00,2023-01-19 18:00:00,15.6
500,2023-01-20 06:00:00,2023-01-19 19:00:00,15.6
500,2023-01-20 07:00:00,2023-01-19 20:00:00,15.6
500,2023-01-20 08:00:00,2023-01-19 21:00:00,15.9
500,2023-01-20 09:00:00,2023-01-19 22:00:00,17.1
500,2023-01-20 10:00:00,2023-01-19 23:00:00,18.0
500,2023-01-20 11:00:00,2023-01-20 00:00:00,18.7
500,2023-01-20 12:00:00,2023-01-20 01:00:00,18.9
500,2023-01-20 13:00:00,2023-01-20 02:00:00,19.8
500,2023-01-20 14:00:00,2023-01-20 03:00:00,20.1
500,2023-01-20 15:00:00,2023-01-20 04:00:00,20.0
500,2023-01-20 16:00:00,2023-01-20 05:00:00,20.4
500,2023-01-20 17:00:00,2023-01-20 06:00:00,20.6
500,2023-01-20 18:00:00,2023-01-20 07:00:00,20.0
500,2023-01-20 19:00:00,2023-01-20 08:00:00,19.9
500,2023-01-20 20:00:00,2023-01-20 09:00:00,19.7
500,2023-01-20 21:00:00,2023-01-20 10:00:00,18.6
500,2023-01-20 22:00:00,2023-01-20 11:00:00,18.3
500,2023-01-20 23:00:00,2023-01-20 12:00:00,18.2
500,2023-01-21 00:00:00,2023-01-20 13:00:00,17.7
500,2023-01-21 01:00:00,2023-01-20 14:00:00,16.9
500,2023-01-21 02:00:00,2023-01-20 15:00:00,15.6
500,2023-01-21 03:00:00,2023-01-20 16:00:00,14.8
500,2023-01-21 04:00:00,2023-01-20 17:00:00,14.2
500,2023-01-21 05:00:00,2023-01-20 18:00:00,14.7
500,2023-01-21 06:00:00,2023-01-20 19:00:00,14.4
500,2023-01-21 07:00:00,2023-01-20 20:00:00,14.6
500,2023-01-21 08:00:00,,15.75
500,2023-01-21 09:00:00,2023-01-20 22:00:00,16.9
500,2023-01-21 10:00:00,2023-01-20 23:00:00,19.7
500,2023-01-21 11:00:00,2023-01-21 00:00:00,20.7
500,2023-01-21 12:00:00,2023-01-21 01:00:00,21.2
500,2023-01-21 13:00:00,2023-01-21 02:00:00,20.9
500,2023-01-21 14:00:00,2023-01-21 03:00:00,21.2
500,2023-01-21 15:00:00,2023-01-21 04:00:00,21.4
500,2023-01-21 16:00:00,2023-01-21 05:00:00,21.5
500,2023-01-21 17:00:00,2023-01-21 06:00:00,21.8
500,2023-01-21 18:00:00,2023-01-21 07:00:00,21.1
500,2023-01-21 19:00:00,2023-01-21 08:00:00,21.4
500,2023-01-21 20:00:00,2023-01-21 09:00:00,21.0
500,2023-01-21 21:00:00,2023-01-21 10:00:00,20.0
500,2023-01-21 22:00:00,2023-01-21 11:00:00,19.5
500,2023-01-21 23:00:00,2023-01-21 12:00:00,19.2
500,2023-01-22 00:00:00,2023-01-21 13:00:00,19.4
500,2023-01-22 01:00:00,2023-01-21 14:00:00,19.1
500,2023-01-22 02:00:00,2023-01-21 15:00:00,18.5
500,2023-01-22 03:00:00,2023-01-21 16:00:00,18.1
500,2023-01-22 04:00:00,2023-01-21 17:00:00,18.0
500,2023-01-22 05:00:00,2023-01-21 18:00:00,17.5
500,2023-01-22 06:00:00,2023-01-21 19:00:00,17.6
500,2023-01-22 07:00:00,2023-01-21 20:00:00,17.5
500,2023-01-22 08:00:00,2023-01-21 21:00:00,18.7
500,2023-01-22 09:00:00,2023-01-21 22:00:00,20.3
500,2023-01-22 10:00:00,2023-01-21 23:00:00,20.9
500,2023-01-22 11:00:00,2023-01-22 00:00:00,21.1
500,2023-01-22 12:00:00,2023-01-22 01:00:00,22.5
500,2023-01-22 13:00:00,2023-01-22 02:00:00,22.1
500,2023-01-22 14:00:00,2023-01-22 03:00:00,22.3
500,2023-01-22 15:00:00,2023-01-22 04:00:00,22.4
500,2023-01-22 16:00:00,2023-01-22 05:00:00,22.0
500,2023-01-22 17:00:00,2023-01-22 06:00:00,22.4
500,2023-01-22 18:00:00,2023-01-22 07:00:00,21.9
500,2023-01-22 19:00:00,2023-01-22 08:00:00,21.1
500,2023-01-22 20:00:00,2023-01-22 09:00:00,20.7
500,2023-01-22 21:00:00,2023-01-22 10:00:00,19.9
500,2023-01-22 22:00:00,2023-01-22 11:00:00,19.7
500,2023-01-22 23:00:00,2023-01-22 12:00:00,19.6
500,2023-01-23 00:00:00,2023-01-22 13:00:00,19.5
500,2023-01-23 01:00:00,2023-01-22 14:00:00,19.2
500,2023-01-23 02:00:00,,19.0
500,2023-01-23 03:00:00,2023-01-22 16:00:00,18.8
500,2023-01-23 04:00:00,2023-01-22 17:00:00,18.5
500,2023-01-23 05:00:00,2023-01-22 18:00:00,18.6
500,2023-01-23 06:00:00,2023-01-22 19:00:00,18.7
500,2023-01-23 07:00:00,2023-01-22 20:00:00,18.8
500,2023-01-23 08:00:00,2023-01-22 21:00:00,19.2
500,2023-01-23 09:00:00,2023-01-22 22:00:00,20.3
500,2023-01-23 10:00:00,2023-01-22 23:00:00,21.0
500,2023-01-23 11:00:00,2023-01-23 00:00:00,22.1
500,2023-01-23 12:00:00,2023-01-23 01:00:00,24.4
500,2023-01-23 13:00:00,2023-01-23 02:00:00,24.1
500,2023-01-23 14:00:00,2023-01-23 03:00:00,25.3
500,2023-01-23 15:00:00,2023-01-23 04:00:00,26.2
500,2023-01-23 16:00:00,2023-01-23 05:00:00,26.9
500,2023-01-23 17:00:00,2023-01-23 06:00:00,27.3
500,2023-01-23 18:00:00,2023-01-23 07:00:00,27.7
500,2023-01-23 19:00:00,2023-01-23 08:00:00,27.0
500,2023-01-23 20:00:00,2023-01-23 09:00:00,26.3
500,2023-01-23 21:00:00,2023-01-23 10:00:00,24.6
500,2023-01-23 22:00:00,2023-01-23 11:00:00,23.2
500,2023-01-23 23:00:00,2023-01-23 12:00:00,21.5
500,2023-01-24 00:00:00,2023-01-23 13:00:00,20.7
500,2023-01-24 01:00:00,2023-01-23 14:00:00,19.5
500,2023-01-24 02:00:00,2023-01-23 15:00:00,20.6
500,2023-01-24 03:00:00,2023-01-23 16:00:00,19.8
500,2023-01-24 04:00:00,2023-01-23 17:00:00,18.5
500,2023-01-24 05:00:00,2023-01-23 18:00:00,18.2
500,2023-01-24 06:00:00,2023-01-23 19:00:00,18.3
500,2023-01-24 07:00:00,2023-01-23 20:00:00,17.6
500,2023-01-24 08:00:00,2023-01-23 21:00:00,18.2
500,2023-01-24 09:00:00,2023-01-23 22:00:00,20.4
500,2023-01-24 10:00:00,2023-01-23 23:00:00,22.4
500,2023-01-24 11:00:00,2023-01-24 00:00:00,24.4
500,2023-01-24 12:00:00,2023-01-24 01:00:00,25.2
500,2023-01-24 13:00:00,2023-01-24 02:00:00,26.0
500,2023-01-24 14:00:00,2023-01-24 03:00:00,25.7
500,2023-01-24 15:00:00,2023-01-24 04:00:00,27.7
500,2023-01-24 16:00:00,2023-01-24 05:00:00,23.9
500,2023-01-24 17:00:00,2023-01-24 06:00:00,21.6
500,2023-01-24 18:00:00,2023-01-24 07:00:00,22.3
500,2023-01-24 19:00:00,2023-01-24 08:00:00,21.3
500,2023-01-24 20:00:00,2023-01-24 09:00:00,23.2
500,2023-01-24 21:00:00,2023-01-24 10:00:00,20.4
500,2023-01-24 22:00:00,2023-01-24 11:00:00,19.5
500,2023-01-24 23:00:00,2023-01-24 12:00:00,18.3
500,2023-01-25 00:00:00,2023-01-24 13:00:00,17.6
500,2023-01-25 01:00:00,2023-01-24 14:00:00,17.4
500,2023-01-25 02:00:00,2023-01-24 15:00:00,17.6
500,2023-01-25 03:00:00,2023-01-24 16:00:00,18.6
500,2023-01-25 04:00:00,2023-01-24 17:00:00,18.3
500,2023-01-25 05:00:00,2023-01-24 18:00:00,18.0
500,2023-01-25 06:00:00,2023-01-24 19:00:00,18.0
500,2023-01-25 07:00:00,2023-01-24 20:00:00,17.5
500,2023-01-25 08:00:00,,18.75
500,2023-01-25 09:00:00,2023-01-24 22:00:00,20.0
500,2023-01-25 10:00:00,2023-01-24 23:00:00,21.8
500,2023-01-25 11:00:00,2023-01-25 00:00:00,24.6
500,2023-01-25 12:00:00,2023-01-25 01:00:00,27.8
500,2023-01-25 13:00:00,2023-01-25 02:00:00,29.6
500,2023-01-25 14:00:00,2023-01-25 03:00:00,27.3
500,2023-01-25 15:00:00,2023-01-25 04:00:00,27.0
500,2023-01-25 16:00:00,2023-01-25 05:00:00,29.4
500,2023-01-25 17:00:00,2023-01-25 06:00:00,26.4
500,2023-01-25 18:00:00,2023-01-25 07:00:00,28.8
500,2023-01-25 19:00:00,,25.0
500,2023-01-25 20:00:00,2023-01-25 09:00:00,21.2
500,2023-01-25 21:00:00,2023-01-25 10:00:00,20.4
500,2023-01-25 22:00:00,2023-01-25 11:00:00,19.6
500,2023-01-25 23:00:00,2023-01-25 12:00:00,19.4
500,2023-01-26 00:00:00,2023-01-25 13:00:00,19.2
500,2023-01-26 01:00:00,2023-01-25 14:00:00,19.1
500,2023-01-26 02:00:00,2023-01-25 15:00:00,18.6
500,2023-01-26 03:00:00,2023-01-25 16:00:00,17.6
500,2023-01-26 04:00:00,2023-01-25 17:00:00,16.9
500,2023-01-26 05:00:00,2023-01-25 18:00:00,16.5
500,2023-01-26 06:00:00,2023-01-25 19:00:00,16.0
500,2023-01-26 07:00:00,2023-01-25 20:00:00,16.3
500,2023-01-26 08:00:00,2023-01-25 21:00:00,17.7
500,2023-01-26 09:00:00,2023-01-25 22:00:00,18.4
500,2023-01-26 10:00:00,2023-01-25 23:00:00,18.1
500,2023-01-26 11:00:00,2023-01-26 00:00:00,19.7
500,2023-01-26 12:00:00,2023-01-26 01:00:00,20.5
500,2023-01-26 13:00:00,2023-01-26 02:00:00,20.2
500,2023-01-26 14:00:00,2023-01-26 03:00:00,20.7
500,2023-01-26 15:00:00,2023-01-26 04:00:00,20.8
500,2023-01-26 16:00:00,2023-01-26 05:00:00,20.8
500,2023-01-26 17:00:00,2023-01-26 06:00:00,21.3
500,2023-01-26 18:00:00,2023-01-26 07:00:00,20.5
500,2023-01-26 19:00:00,2023-01-26 08:00:00,20.5
500,2023-01-26 20:00:00,2023-01-26 09:00:00,19.5
500,2023-01-26 21:00:00,2023-01-26 10:00:00,18.5
500,2023-01-26 22:00:00,2023-01-26 11:00:00,17.8
500,2023-01-26 23:00:00,2023-01-26 12:00:00,16.9
500,2023-01-27 00:00:00,2023-01-26 13:00:00,16.3
500,2023-01-27 01:00:00,2023-01-26 14:00:00,15.6
500,2023-01-27 02:00:00,2023-01-26 15:00:00,14.8
500,2023-01-27 03:00:00,2023-01-26 16:00:00,14.2
500,2023-01-27 04:00:00,2023-01-26 17:00:00,13.8
500,2023-01-27 05:00:00,2023-01-26 18:00:00,13.7
500,2023-01-27 06:00:00,2023-01-26 19:00:00,13.8
500,2023-01-27 07:00:00,2023-01-26 20:00:00,13.8
500,2023-01-27 08:00:00,2023-01-26 21:00:00,15.1
500,2023-01-27 09:00:00,2023-01-26 22:00:00,17.1
500,2023-01-27 10:00:00,2023-01-26 23:00:00,18.4
500,2023-01-27 11:00:00,2023-01-27 00:00:00,20.4
500,2023-01-27 12:00:00,2023-01-27 01:00:00,21.7
500,2023-01-27 13:00:00,2023-01-27 02:00:00,21.9
500,2023-01-27 14:00:00,2023-01-27 03:00:00,23.0
500,2023-01-27 15:00:00,2023-01-27 04:00:00,24.4
500,2023-01-27 16:00:00,2023-01-27 05:00:00,24.9
500,2023-01-27 17:00:00,2023-01-27 06:00:00,26.0
500,2023-01-27 18:00:00,2023-01-27 07:00:00,25.6
500,2023-01-27 19:00:00,2023-01-27 08:00:00,25.4
500,2023-01-27 20:00:00,2023-01-27 09:00:00,23.9
500,2023-01-27 21:00:00,2023-01-27 10:00:00,22.1
500,2023-01-27 22:00:00,2023-01-27 11:00:00,20.7
500,2023-01-27 23:00:00,2023-01-27 12:00:00,19.7
500,2023-01-28 00:00:00,2023-01-27 13:00:00,18.9
500,2023-01-28 01:00:00,2023-01-27 14:00:00,18.2
500,2023-01-28 02:00:00,2023-01-27 15:00:00,17.7
500,2023-01-28 03:00:00,2023-01-27 16:00:00,16.8
500,2023-01-28 04:00:00,2023-01-27 17:00:00,16.9
500,2023-01-28 05:00:00,2023-01-27 18:00:00,16.1
500,2023-01-28 06:00:00,2023-01-27 19:00:00,15.6
500,2023-01-28 07:00:00,2023-01-27 20:00:00,15.5
500,2023-01-28 08:00:00,2023-01-27 21:00:00,18.1
500,2023-01-28 09:00:00,2023-01-27 22:00:00,24.5
500,2023-01-28 10:00:00,2023-01-27 23:00:00,27.0
500,2023-01-28 11:00:00,2023-01-28 00:00:00,28.0
500,2023-01-28 12:00:00,2023-01-28 01:00:00,29.9
500,2023-01-28 13:00:00,2023-01-28 02:00:00,32.6
500,2023-01-28 14:00:00,2023-01-28 03:00:00,32.9
500,2023-01-28 15:00:00,2023-01-28 04:00:00,34.0
500,2023-01-28 16:00:00,2023-01-28 05:00:00,30.4
500,2023-01-28 17:00:00,2023-01-28 06:00:00,26.0
500,2023-01-28 18:00:00,2023-01-28 07:00:00,23.5
500,2023-01-28 19:00:00,2023-01-28 08:00:00,22.3
500,2023-01-28 20:00:00,2023-01-28 09:00:00,21.5
500,2023-01-28 21:00:00,2023-01-28 10:00:00,21.8
500,2023-01-28 22:00:00,2023-01-28 11:00:00,21.7
500,2023-01-28 23:00:00,2023-01-28 12:00:00,21.2
500,2023-01-29 00:00:00,2023-01-28 13:00:00,20.5
500,2023-01-29 01:00:00,2023-01-28 14:00:00,20.3
500,2023-01-29 02:00:00,2023-01-28 15:00:00,20.2
500,2023-01-29 03:00:00,2023-01-28 16:00:00,20.3
500,2023-01-29 04:00:00,2023-01-28 17:00:00,20.4
500,2023-01-29 05:00:00,2023-01-28 18:00:00,20.1
500,2023-01-29 06:00:00,2023-01-28 19:00:00,19.8
500,2023-01-29 07:00:00,2023-01-28 20:00:00,19.5
500,2023-01-29 08:00:00,2023-01-28 21:00:00,19.8
500,2023-01-29 09:00:00,2023-01-28 22:00:00,20.6
500,2023-01-29 10:00:00,2023-01-28 23:00:00,21.0
500,2023-01-29 11:00:00,2023-01-29 00:00:00,22.4
500,2023-01-29 12:00:00,2023-01-29 01:00:00,23.1
500,2023-01-29 13:00:00,2023-01-29 02:00:00,22.2
500,2023-01-29 14:00:00,2023-01-29 03:00:00,22.1
500,2023-01-29 15:00:00,2023-01-29 04:00:00,22.3
500,2023-01-29 16:00:00,2023-01-29 05:00:00,21.1
500,2023-01-29 17:00:00,2023-01-29 06:00:00,20.6
500,2023-01-29 18:00:00,2023-01-29 07:00:00,20.5
500,2023-01-29 19:00:00,2023-01-29 08:00:00,20.4
500,2023-01-29 20:00:00,2023-01-29 09:00:00,19.9
500,2023-01-29 21:00:00,2023-01-29 10:00:00,19.4
500,2023-01-29 22:00:00,2023-01-29 11:00:00,18.9
500,2023-01-29 23:00:00,2023-01-29 12:00:00,18.6
500,2023-01-30 00:00:00,2023-01-29 13:00:00,18.5
500,2023-01-30 01:00:00,2023-01-29 14:00:00,18.5
500,2023-01-30 02:00:00,2023-01-29 15:00:00,18.4
500,2023-01-30 03:00:00,2023-01-29 16:00:00,18.2
500,2023-01-30 04:00:00,2023-01-29 17:00:00,18.3
500,2023-01-30 05:00:00,2023-01-29 18:00:00,18.1
500,2023-01-30 06:00:00,2023-01-29 19:00:00,18.0
500,2023-01-30 07:00:00,2023-01-29 20:00:00,18.0
500,2023-01-30 08:00:00,2023-01-29 21:00:00,18.2
500,2023-01-30 09:00:00,2023-01-29 22:00:00,18.0
500,2023-01-30 10:00:00,2023-01-29 23:00:00,19.0
500,2023-01-30 11:00:00,2023-01-30 00:00:00,19.5
500,2023-01-30 12:00:00,2023-01-30 01:00:00,19.7
500,2023-01-30 13:00:00,2023-01-30 02:00:00,20.3
500,2023-01-30 14:00:00,2023-01-30 03:00:00,21.4
500,2023-01-30 15:00:00,2023-01-30 04:00:00,20.7
500,2023-01-30 16:00:00,2023-01-30 05:00:00,20.0
500,2023-01-30 17:00:00,2023-01-30 06:00:00,19.9
500,2023-01-30 18:00:00,2023-01-30 07:00:00,19.9
500,2023-01-30 19:00:00,2023-01-30 08:00:00,19.8
500,2023-01-30 20:00:00,2023-01-30 09:00:00,19.2
500,2023-01-30 21:00:00,2023-01-30 10:00:00,18.5
500,2023-01-30 22:00:00,2023-01-30 11:00:00,17.7
500,2023-01-30 23:00:00,2023-01-30 12:00:00,17.3
500,2023-01-31 00:00:00,2023-01-30 13:00:00,17.4
500,2023-01-31 01:00:00,2023-01-30 14:00:00,17.4
500,2023-01-31 02:00:00,2023-01-30 15:00:00,17.1
500,2023-01-31 03:00:00,2023-01-30 16:00:00,16.8
500,2023-01-31 04:00:00,2023-01-30 17:00:00,16.3
500,2023-01-31 05:00:00,2023-01-30 18:00:00,16.3
500,2023-01-31 06:00:00,2023-01-30 19:00:00,17.1
500,2023-01-31 07:00:00,2023-01-30 20:00:00,17.2
500,2023-01-31 08:00:00,2023-01-30 21:00:00,18.2
500,2023-01-31 09:00:00,2023-01-30 22:00:00,18.4
500,2023-01-31 10:00:00,2023-01-30 23:00:00,19.4
500,2023-01-31 11:00:00,2023-01-31 00:00:00,20.0
500,2023-01-31 12:00:00,2023-01-31 01:00:00,20.3
500,2023-01-31 13:00:00,2023-01-31 02:00:00,21.0
500,2023-01-31 14:00:00,2023-01-31 03:00:00,21.1
500,2023-01-31 15:00:00,2023-01-31 04:00:00,21.1
500,2023-01-31 16:00:00,2023-01-31 05:00:00,21.5
500,2023-01-31 17:00:00,2023-01-31 06:00:00,21.3
500,2023-01-31 18:00:00,2023-01-31 07:00:00,21.7
500,2023-01-31 19:00:00,2023-01-31 08:00:00,20.8
500,2023-01-31 20:00:00,2023-01-31 09:00:00,19.8
500,2023-01-31 21:00:00,2023-01-31 10:00:00,18.9
500,2023-01-31 22:00:00,2023-01-31 11:00:00,18.6
500,2023-01-31 23:00:00,2023-01-31 12:00:00,17.8
500,2023-02-01 00:00:00,2023-01-31 13:00:00,16.9
500,2023-02-01 01:00:00,2023-01-31 14:00:00,16.9
500,2023-02-01 02:00:00,2023-01-31 15:00:00,16.0
500,2023-02-01 03:00:00,2023-01-31 16:00:00,16.4
500,2023-02-01 04:00:00,2023-01-31 17:00:00,16.7
500,2023-02-01 05:00:00,2023-01-31 18:00:00,16.6
500,2023-02-01 06:00:00,2023-01-31 19:00:00,15.6
500,2023-02-01 07:00:00,2023-01-31 20:00:00,15.0
500,2023-02-01 08:00:00,2023-01-31 21:00:00,15.9
500,2023-02-01 09:00:00,2023-01-31 22:00:00,17.7
500,2023-02-01 10:00:00,2023-01-31 23:00:00,19.7
500,2023-02-01 11:00:00,2023-02-01 00:00:00,20.5
500,2023-02-01 12:00:00,2023-02-01 01:00:00,17.9
500,2023-02-01 13:00:00,2023-02-01 02:00:00,17.8
500,2023-02-01 14:00:00,2023-02-01 03:00:00,18.4
500,2023-02-01 15:00:00,2023-02-01 04:00:00,18.3
500,2023-02-01 16:00:00,2023-02-01 05:00:00,17.9
500,2023-02-01 17:00:00,2023-02-01 06:00:00,18.3
500,2023-02-01 18:00:00,2023-02-01 07:00:00,18.5
500,2023-02-01 19:00:00,2023-02-01 08:00:00,18.3
500,2023-02-01 20:00:00,2023-02-01 09:00:00,17.8
500,2023-02-01 21:00:00,2023-02-01 10:00:00,17.0
500,2023-02-01 22:00:00,2023-02-01 11:00:00,16.9
500,2023-02-01 23:00:00,2023-02-01 12:00:00,16.6
500,2023-02-02 00:00:00,2023-02-01 13:00:00,15.2
500,2023-02-02 01:00:00,2023-02-01 14:00:00,15.7
500,2023-02-02 02:00:00,2023-02-01 15:00:00,15.6
500,2023-02-02 03:00:00,2023-02-01 16:00:00,15.4
500,2023-02-02 04:00:00,2023-02-01 17:00:00,14.7
500,2023-02-02 05:00:00,2023-02-01 18:00:00,14.7
500,2023-02-02 06:00:00,2023-02-01 19:00:00,14.7
500,2023-02-02 07:00:00,2023-02-01 20:00:00,14.6
500,2023-02-02 08:00:00,2023-02-01 21:00:00,14.7
500,2023-02-02 09:00:00,2023-02-01 22:00:00,15.5
500,2023-02-02 10:00:00,2023-02-01 23:00:00,16.5
500,2023-02-02 11:00:00,2023-02-02 00:00:00,17.7
500,2023-02-02 12:00:00,2023-02-02 01:00:00,18.6
500,2023-02-02 13:00:00,2023-02-02 02:00:00,18.8
500,2023-02-02 14:00:00,2023-02-02 03:00:00,19.7
500,2023-02-02 15:00:00,2023-02-02 04:00:00,19.9
500,2023-02-02 16:00:00,2023-02-02 05:00:00,19.9
500,2023-02-02 17:00:00,2023-02-02 06:00:00,11.8
500,2023-02-02 18:00:00,2023-02-02 07:00:00,12.1
500,2023-02-02 19:00:00,2023-02-02 08:00:00,13.2
500,2023-02-02 20:00:00,2023-02-02 09:00:00,13.1
500,2023-02-02 21:00:00,2023-02-02 10:00:00,13.5
500,2023-02-02 22:00:00,2023-02-02 11:00:00,13.2
500,2023-02-02 23:00:00,2023-02-02 12:00:00,12.7
500,2023-02-03 00:00:00,2023-02-02 13:00:00,12.6
500,2023-02-03 01:00:00,2023-02-02 14:00:00,12.3
500,2023-02-03 02:00:00,2023-02-02 15:00:00,12.4
500,2023-02-03 03:00:00,2023-02-02 16:00:00,12.2
500,2023-02-03 04:00:00,2023-02-02 17:00:00,11.5
500,2023-02-03 05:00:00,2023-02-02 18:00:00,11.8
500,2023-02-03 06:00:00,2023-02-02 19:00:00,11.9
500,2023-02-03 07:00:00,2023-02-02 20:00:00,11.9
500,2023-02-03 08:00:00,2023-02-02 21:00:00,12.0
500,2023-02-03 09:00:00,2023-02-02 22:00:00,13.8
500,2023-02-03 10:00:00,2023-02-02 23:00:00,14.2
500,2023-02-03 11:00:00,2023-02-03 00:00:00,14.9
500,2023-02-03 12:00:00,2023-02-03 01:00:00,12.8
500,2023-02-03 13:00:00,2023-02-03 02:00:00,12.7
500,2023-02-03 14:00:00,2023-02-03 03:00:00,13.3
500,2023-02-03 15:00:00,2023-02-03 04:00:00,18.0
500,2023-02-03 16:00:00,2023-02-03 05:00:00,17.1
500,2023-02-03 17:00:00,2023-02-03 06:00:00,16.2
500,2023-02-03 18:00:00,2023-02-03 07:00:00,16.8
500,2023-02-03 19:00:00,2023-02-03 08:00:00,15.5
500,2023-02-03 20:00:00,2023-02-03 09:00:00,13.6
500,2023-02-03 21:00:00,2023-02-03 10:00:00,13.5
500,2023-02-03 22:00:00,2023-02-03 11:00:00,13.2
500,2023-02-03 23:00:00,2023-02-03 12:00:00,13.1
500,2023-02-04 00:00:00,2023-02-03 13:00:00,13.1
500,2023-02-04 01:00:00,2023-02-03 14:00:00,13.2
500,2023-02-04 02:00:00,2023-02-03 15:00:00,13.1
500,2023-02-04 03:00:00,2023-02-03 16:00:00,13.0
500,2023-02-04 04:00:00,2023-02-03 17:00:00,13.3
500,2023-02-04 05:00:00,2023-02-03 18:00:00,13.7
500,2023-02-04 06:00:00,2023-02-03 19:00:00,13.5
500,2023-02-04 07:00:00,2023-02-03 20:00:00,12.8
500,2023-02-04 08:00:00,2023-02-03 21:00:00,13.3
500,2023-02-04 09:00:00,2023-02-03 22:00:00,14.5
500,2023-02-04 10:00:00,2023-02-03 23:00:00,15.4
500,2023-02-04 11:00:00,2023-02-04 00:00:00,15.7
500,2023-02-04 12:00:00,2023-02-04 01:00:00,17.5
500,2023-02-04 13:00:00,2023-02-04 02:00:00,18.5
500,2023-02-04 14:00:00,2023-02-04 03:00:00,19.5
500,2023-02-04 15:00:00,2023-02-04 04:00:00,19.5
500,2023-02-04 16:00:00,2023-02-04 05:00:00,19.9
500,2023-02-04 17:00:00,2023-02-04 06:00:00,19.4
500,2023-02-04 18:00:00,2023-02-04 07:00:00,18.8
500,2023-02-04 19:00:00,2023-02-04 08:00:00,18.6
500,2023-02-04 20:00:00,2023-02-04 09:00:00,17.9
500,2023-02-04 21:00:00,2023-02-04 10:00:00,17.5
500,2023-02-04 22:00:00,2023-02-04 11:00:00,17.6
500,2023-02-04 23:00:00,2023-02-04 12:00:00,16.6
500,2023-02-05 00:00:00,2023-02-04 13:00:00,16.0
500,2023-02-05 01:00:00,2023-02-04 14:00:00,15.8
500,2023-02-05 02:00:00,2023-02-04 15:00:00,15.1
500,2023-02-05 03:00:00,,14.65
500,2023-02-05 04:00:00,2023-02-04 17:00:00,14.2
500,2023-02-05 05:00:00,2023-02-04 18:00:00,14.0
500,2023-02-05 06:00:00,2023-02-04 19:00:00,14.0
500,2023-02-05 07:00:00,2023-02-04 20:00:00,14.4
500,2023-02-05 08:00:00,2023-02-04 21:00:00,15.2
500,2023-02-05 09:00:00,2023-02-04 22:00:00,16.4
500,2023-02-05 10:00:00,2023-02-04 23:00:00,17.9
500,2023-02-05 11:00:00,2023-02-05 00:00:00,19.0
500,2023-02-05 12:00:00,2023-02-05 01:00:00,18.3
500,2023-02-05 13:00:00,2023-02-05 02:00:00,18.0
500,2023-02-05 14:00:00,2023-02-05 03:00:00,19.0
500,2023-02-05 15:00:00,2023-02-05 04:00:00,18.9
500,2023-02-05 16:00:00,2023-02-05 05:00:00,18.8
500,2023-02-05 17:00:00,2023-02-05 06:00:00,19.4
500,2023-02-05 18:00:00,2023-02-05 07:00:00,19.2
500,2023-02-05 19:00:00,2023-02-05 08:00:00,18.2
500,2023-02-05 20:00:00,2023-02-05 09:00:00,17.8
500,2023-02-05 21:00:00,2023-02-05 10:00:00,17.6
500,2023-02-05 22:00:00,2023-02-05 11:00:00,17.5
500,2023-02-05 23:00:00,2023-02-05 12:00:00,17.4
500,2023-02-06 00:00:00,2023-02-05 13:00:00,17.0
500,2023-02-06 01:00:00,2023-02-05 14:00:00,16.7
500,2023-02-06 02:00:00,2023-02-05 15:00:00,16.8
500,2023-02-06 03:00:00,2023-02-05 16:00:00,16.8
500,2023-02-06 04:00:00,2023-02-05 17:00:00,16.6
500,2023-02-06 05:00:00,2023-02-05 18:00:00,16.1
500,2023-02-06 06:00:00,2023-02-05 19:00:00,16.6
500,2023-02-06 07:00:00,2023-02-05 20:00:00,16.4
500,2023-02-06 08:00:00,2023-02-05 21:00:00,16.6
500,2023-02-06 09:00:00,2023-02-05 22:00:00,16.7
500,2023-02-06 10:00:00,2023-02-05 23:00:00,17.4
500,2023-02-06 11:00:00,2023-02-06 00:00:00,17.6
500,2023-02-06 12:00:00,2023-02-06 01:00:00,17.8
500,2023-02-06 13:00:00,2023-02-06 02:00:00,18.9
500,2023-02-06 14:00:00,2023-02-06 03:00:00,19.0
500,2023-02-06 15:00:00,2023-02-06 04:00:00,19.8
500,2023-02-06 16:00:00,2023-02-06 05:00:00,20.1
500,2023-02-06 17:00:00,2023-02-06 06:00:00,20.0
500,2023-02-06 18:00:00,2023-02-06 07:00:00,20.5
500,2023-02-06 19:00:00,2023-02-06 08:00:00,19.1
500,2023-02-06 20:00:00,2023-02-06 09:00:00,18.1
500,2023-02-06 21:00:00,2023-02-06 10:00:00,17.2
500,2023-02-06 22:00:00,2023-02-06 11:00:00,17.5
500,2023-02-06 23:00:00,2023-02-06 12:00:00,17.4
500,2023-02-07 00:00:00,2023-02-06 13:00:00,17.2
500,2023-02-07 01:00:00,2023-02-06 14:00:00,17.2
500,2023-02-07 02:00:00,2023-02-06 15:00:00,17.0
500,2023-02-07 03:00:00,2023-02-06 16:00:00,16.9
500,2023-02-07 04:00:00,2023-02-06 17:00:00,17.0
500,2023-02-07 05:00:00,2023-02-06 18:00:00,16.8
500,2023-02-07 06:00:00,2023-02-06 19:00:00,16.9
500,2023-02-07 07:00:00,2023-02-06 20:00:00,16.8
500,2023-02-07 08:00:00,2023-02-06 21:00:00,16.8
500,2023-02-07 09:00:00,2023-02-06 22:00:00,17.4
500,2023-02-07 10:00:00,2023-02-06 23:00:00,18.6
500,2023-02-07 11:00:00,2023-02-07 00:00:00,19.1
500,2023-02-07 12:00:00,2023-02-07 01:00:00,19.8
500,2023-02-07 13:00:00,2023-02-07 02:00:00,20.0
500,2023-02-07 14:00:00,2023-02-07 03:00:00,20.1
500,2023-02-07 15:00:00,2023-02-07 04:00:00,19.7
500,2023-02-07 16:00:00,2023-02-07 05:00:00,19.5
500,2023-02-07 17:00:00,2023-02-07 06:00:00,19.8
500,2023-02-07 18:00:00,2023-02-07 07:00:00,19.6
500,2023-02-07 19:00:00,2023-02-07 08:00:00,18.9
500,2023-02-07 20:00:00,2023-02-07 09:00:00,17.7
500,2023-02-07 21:00:00,2023-02-07 10:00:00,16.7
500,2023-02-07 22:00:00,2023-02-07 11:00:00,16.3
500,2023-02-07 23:00:00,2023-02-07 12:00:00,15.6
500,2023-02-08 00:00:00,2023-02-07 13:00:00,15.2
500,2023-02-08 01:00:00,2023-02-07 14:00:00,15.9
500,2023-02-08 02:00:00,2023-02-07 15:00:00,16.0
500,2023-02-08 03:00:00,2023-02-07 16:00:00,15.8
500,2023-02-08 04:00:00,2023-02-07 17:00:00,15.7
500,2023-02-08 05:00:00,2023-02-07 18:00:00,15.5
500,2023-02-08 06:00:00,2023-02-07 19:00:00,15.7
500,2023-02-08 07:00:00,2023-02-07 20:00:00,15.4
500,2023-02-08 08:00:00,2023-02-07 21:00:00,15.8
500,2023-02-08 09:00:00,2023-02-07 22:00:00,17.2
500,2023-02-08 10:00:00,2023-02-07 23:00:00,18.4
500,2023-02-08 11:00:00,2023-02-08 00:00:00,19.1
500,2023-02-08 12:00:00,2023-02-08 01:00:00,19.6
500,2023-02-08 13:00:00,,19.5
500,2023-02-08 14:00:00,2023-02-08 03:00:00,19.4
500,2023-02-08 15:00:00,2023-02-08 04:00:00,19.6
500,2023-02-08 16:00:00,2023-02-08 05:00:00,20.6
500,2023-02-08 17:00:00,2023-02-08 06:00:00,21.7
500,2023-02-08 18:00:00,2023-02-08 07:00:00,21.4
500,2023-02-08 19:00:00,2023-02-08 08:00:00,21.4
500,2023-02-08 20:00:00,2023-02-08 09:00:00,20.1
500,2023-02-08 21:00:00,2023-02-08 10:00:00,19.9
500,2023-02-08 22:00:00,2023-02-08 11:00:00,19.5
500,2023-02-08 23:00:00,2023-02-08 12:00:00,18.3
500,2023-02-09 00:00:00,2023-02-08 13:00:00,16.9
500,2023-02-09 01:00:00,2023-02-08 14:00:00,15.4
500,2023-02-09 02:00:00,2023-02-08 15:00:00,14.2
500,2023-02-09 03:00:00,2023-02-08 16:00:00,13.6
500,2023-02-09 04:00:00,2023-02-08 17:00:00,14.0
500,2023-02-09 05:00:00,2023-02-08 18:00:00,13.6
500,2023-02-09 06:00:00,2023-02-08 19:00:00,13.5
500,2023-02-09 07:00:00,2023-02-08 20:00:00,13.4
500,2023-02-09 08:00:00,2023-02-08 21:00:00,14.4
500,2023-02-09 09:00:00,2023-02-08 22:00:00,17.1
500,2023-02-09 10:00:00,2023-02-08 23:00:00,19.0
500,2023-02-09 11:00:00,2023-02-09 00:00:00,21.6
500,2023-02-09 12:00:00,2023-02-09 01:00:00,23.9
500,2023-02-09 13:00:00,2023-02-09 02:00:00,24.9
500,2023-02-09 14:00:00,2023-02-09 03:00:00,24.0
500,2023-02-09 15:00:00,2023-02-09 04:00:00,24.8
500,2023-02-09 16:00:00,2023-02-09 05:00:00,26.3
500,2023-02-09 17:00:00,2023-02-09 06:00:00,24.8
500,2023-02-09 18:00:00,2023-02-09 07:00:00,25.0
500,2023-02-09 19:00:00,2023-02-09 08:00:00,23.6
500,2023-02-09 20:00:00,2023-02-09 09:00:00,21.9
500,2023-02-09 21:00:00,2023-02-09 10:00:00,21.2
500,2023-02-09 22:00:00,2023-02-09 11:00:00,20.8
500,2023-02-09 23:00:00,2023-02-09 12:00:00,19.7
500,2023-02-10 00:00:00,2023-02-09 13:00:00,19.0
500,2023-02-10 01:00:00,2023-02-09 14:00:00,18.5
500,2023-02-10 02:00:00,2023-02-09 15:00:00,17.6
500,2023-02-10 03:00:00,2023-02-09 16:00:00,17.0
500,2023-02-10 04:00:00,2023-02-09 17:00:00,16.5
500,2023-02-10 05:00:00,2023-02-09 18:00:00,16.9
500,2023-02-10 06:00:00,2023-02-09 19:00:00,17.3
500,2023-02-10 07:00:00,2023-02-09 20:00:00,17.4
500,2023-02-10 08:00:00,2023-02-09 21:00:00,17.9
500,2023-02-10 09:00:00,2023-02-09 22:00:00,19.0
500,2023-02-10 10:00:00,2023-02-09 23:00:00,20.7
500,2023-02-10 11:00:00,2023-02-10 00:00:00,20.8
500,2023-02-10 12:00:00,2023-02-10 01:00:00,21.7
500,2023-02-10 13:00:00,2023-02-10 02:00:00,22.6
500,2023-02-10 14:00:00,2023-02-10 03:00:00,23.1
500,2023-02-10 15:00:00,2023-02-10 04:00:00,23.8
500,2023-02-10 16:00:00,2023-02-10 05:00:00,24.5
500,2023-02-10 17:00:00,2023-02-10 06:00:00,24.5
500,2023-02-10 18:00:00,2023-02-10 07:00:00,23.4
500,2023-02-10 19:00:00,2023-02-10 08:00:00,24.9
500,2023-02-10 20:00:00,2023-02-10 09:00:00,25.2
500,2023-02-10 21:00:00,2023-02-10 10:00:00,22.7
500,2023-02-10 22:00:00,2023-02-10 11:00:00,20.9
500,2023-02-10 23:00:00,2023-02-10 12:00:00,20.3
500,2023-02-11 00:00:00,2023-02-10 13:00:00,19.6
500,2023-02-11 01:00:00,2023-02-10 14:00:00,18.5
500,2023-02-11 02:00:00,2023-02-10 15:00:00,17.7
500,2023-02-11 03:00:00,2023-02-10 16:00:00,17.7
500,2023-02-11 04:00:00,2023-02-10 17:00:00,17.3
500,2023-02-11 05:00:00,2023-02-10 18:00:00,17.0
500,2023-02-11 06:00:00,2023-02-10 19:00:00,16.3
500,2023-02-11 07:00:00,2023-02-10 20:00:00,16.0
500,2023-02-11 08:00:00,2023-02-10 21:00:00,17.1
500,2023-02-11 09:00:00,2023-02-10 22:00:00,20.0
500,2023-02-11 10:00:00,2023-02-10 23:00:00,23.4
500,2023-02-11 11:00:00,2023-02-11 00:00:00,24.6
500,2023-02-11 12:00:00,2023-02-11 01:00:00,22.6
500,2023-02-11 13:00:00,2023-02-11 02:00:00,22.4
500,2023-02-11 14:00:00,2023-02-11 03:00:00,22.6
500,2023-02-11 15:00:00,2023-02-11 04:00:00,22.0
500,2023-02-11 16:00:00,2023-02-11 05:00:00,23.7
500,2023-02-11 17:00:00,2023-02-11 06:00:00,24.6
500,2023-02-11 18:00:00,2023-02-11 07:00:00,24.5
500,2023-02-11 19:00:00,2023-02-11 08:00:00,22.6
500,2023-02-11 20:00:00,2023-02-11 09:00:00,21.2
500,2023-02-11 21:00:00,2023-02-11 10:00:00,20.4
500,2023-02-11 22:00:00,2023-02-11 11:00:00,20.2
500,2023-02-11 23:00:00,2023-02-11 12:00:00,20.8
500,2023-02-12 00:00:00,2023-02-11 13:00:00,20.8
500,2023-02-12 01:00:00,2023-02-11 14:00:00,19.8
500,2023-02-12 02:00:00,2023-02-11 15:00:00,19.2
500,2023-02-12 03:00:00,2023-02-11 16:00:00,17.9
500,2023-02-12 04:00:00,2023-02-11 17:00:00,18.2
500,2023-02-12 05:00:00,2023-02-11 18:00:00,18.2
500,2023-02-12 06:00:00,2023-02-11 19:00:00,18.0
500,2023-02-12 07:00:00,2023-02-11 20:00:00,17.3
500,2023-02-12 08:00:00,2023-02-11 21:00:00,18.7
500,2023-02-12 09:00:00,2023-02-11 22:00:00,18.7
500,2023-02-12 10:00:00,2023-02-11 23:00:00,18.9
500,2023-02-12 11:00:00,2023-02-12 00:00:00,18.3
500,2023-02-12 12:00:00,2023-02-12 01:00:00,18.9
500,2023-02-12 13:00:00,2023-02-12 02:00:00,19.4
500,2023-02-12 14:00:00,2023-02-12 03:00:00,19.1
500,2023-02-12 15:00:00,2023-02-12 04:00:00,19.8
500,2023-02-12 16:00:00,2023-02-12 05:00:00,19.2
500,2023-02-12 17:00:00,2023-02-12 06:00:00,18.7
500,2023-02-12 18:00:00,2023-02-12 07:00:00,18.3
500,2023-02-12 19:00:00,2023-02-12 08:00:00,18.0
500,2023-02-12 20:00:00,2023-02-12 09:00:00,17.1
500,2023-02-12 21:00:00,2023-02-12 10:00:00,16.6
500,2023-02-12 22:00:00,2023-02-12 11:00:00,16.7
500,2023-02-12 23:00:00,2023-02-12 12:00:00,16.4
500,2023-02-13 00:00:00,2023-02-12 13:00:00,16.2
500,2023-02-13 01:00:00,2023-02-12 14:00:00,16.0
500,2023-02-13 02:00:00,2023-02-12 15:00:00,16.4
500,2023-02-13 03:00:00,2023-02-12 16:00:00,16.4
500,2023-02-13 04:00:00,2023-02-12 17:00:00,15.9
500,2023-02-13 05:00:00,2023-02-12 18:00:00,16.3
500,2023-02-13 06:00:00,2023-02-12 19:00:00,16.2
500,2023-02-13 07:00:00,2023-02-12 20:00:00,16.4
500,2023-02-13 08:00:00,2023-02-12 21:00:00,16.6
500,2023-02-13 09:00:00,2023-02-12 22:00:00,17.1
500,2023-02-13 10:00:00,2023-02-12 23:00:00,17.5
500,2023-02-13 11:00:00,2023-02-13 00:00:00,18.1
500,2023-02-13 12:00:00,2023-02-13 01:00:00,18.8
500,2023-02-13 13:00:00,2023-02-13 02:00:00,18.5
500,2023-02-13 14:00:00,2023-02-13 03:00:00,19.1
500,2023-02-13 15:00:00,2023-02-13 04:00:00,19.6
500,2023-02-13 16:00:00,2023-02-13 05:00:00,20.0
500,2023-02-13 17:00:00,2023-02-13 06:00:00,19.4
500,2023-02-13 18:00:00,2023-02-13 07:00:00,19.0
500,2023-02-13 19:00:00,2023-02-13 08:00:00,18.6
500,2023-02-13 20:00:00,2023-02-13 09:00:00,17.7
500,2023-02-13 21:00:00,2023-02-13 10:00:00,17.0
500,2023-02-13 22:00:00,2023-02-13 11:00:00,16.6
500,2023-02-13 23:00:00,2023-02-13 12:00:00,16.0
500,2023-02-14 00:00:00,2023-02-13 13:00:00,15.1
500,2023-02-14 01:00:00,2023-02-13 14:00:00,14.2
500,2023-02-14 02:00:00,2023-02-13 15:00:00,13.4
500,2023-02-14 03:00:00,2023-02-13 16:00:00,13.7
500,2023-02-14 04:00:00,2023-02-13 17:00:00,12.9
500,2023-02-14 05:00:00,2023-02-13 18:00:00,12.5
500,2023-02-14 06:00:00,2023-02-13 19:00:00,12.5
500,2023-02-14 07:00:00,2023-02-13 20:00:00,12.2
500,2023-02-14 08:00:00,2023-02-13 21:00:00,13.5
500,2023-02-14 09:00:00,2023-02-13 22:00:00,16.8
500,2023-02-14 10:00:00,2023-02-13 23:00:00,18.5
500,2023-02-14 11:00:00,2023-02-14 00:00:00,20.0
500,2023-02-14 12:00:00,,20.95
500,2023-02-14 13:00:00,2023-02-14 02:00:00,21.9
500,2023-02-14 14:00:00,2023-02-14 03:00:00,21.4
500,2023-02-14 15:00:00,2023-02-14 04:00:00,21.4
500,2023-02-14 16:00:00,2023-02-14 05:00:00,21.5
500,2023-02-14 17:00:00,2023-02-14 06:00:00,21.1
500,2023-02-14 18:00:00,2023-02-14 07:00:00,21.4
500,2023-02-14 19:00:00,2023-02-14 08:00:00,20.5
500,2023-02-14 20:00:00,2023-02-14 09:00:00,20.0
500,2023-02-14 21:00:00,2023-02-14 10:00:00,18.2
500,2023-02-14 22:00:00,2023-02-14 11:00:00,17.2
500,2023-02-14 23:00:00,2023-02-14 12:00:00,16.4
500,2023-02-15 00:00:00,2023-02-14 13:00:00,15.6
500,2023-02-15 01:00:00,2023-02-14 14:00:00,14.6
500,2023-02-15 02:00:00,2023-02-14 15:00:00,13.8
500,2023-02-15 03:00:00,2023-02-14 16:00:00,13.4
500,2023-02-15 04:00:00,2023-02-14 17:00:00,13.2
500,2023-02-15 05:00:00,2023-02-14 18:00:00,12.9
500,2023-02-15 06:00:00,2023-02-14 19:00:00,12.9
500,2023-02-15 07:00:00,2023-02-14 20:00:00,12.6
500,2023-02-15 08:00:00,2023-02-14 21:00:00,13.9
500,2023-02-15 09:00:00,2023-02-14 22:00:00,16.5
500,2023-02-15 10:00:00,2023-02-14 23:00:00,23.3
500,2023-02-15 11:00:00,2023-02-15 00:00:00,25.7
500,2023-02-15 12:00:00,2023-02-15 01:00:00,27.2
500,2023-02-15 13:00:00,2023-02-15 02:00:00,29.3
500,2023-02-15 14:00:00,2023-02-15 03:00:00,30.7
500,2023-02-15 15:00:00,2023-02-15 04:00:00,31.5
500,2023-02-15 16:00:00,2023-02-15 05:00:00,30.8
500,2023-02-15 17:00:00,2023-02-15 06:00:00,30.7
500,2023-02-15 18:00:00,2023-02-15 07:00:00,31.7
500,2023-02-15 19:00:00,2023-02-15 08:00:00,30.9
500,2023-02-15 20:00:00,2023-02-15 09:00:00,28.2
500,2023-02-15 21:00:00,2023-02-15 10:00:00,26.2
500,2023-02-15 22:00:00,2023-02-15 11:00:00,24.9
500,2023-02-15 23:00:00,2023-02-15 12:00:00,23.9
500,2023-02-16 00:00:00,2023-02-15 13:00:00,20.9
500,2023-02-16 01:00:00,2023-02-15 14:00:00,20.4
500,2023-02-16 02:00:00,2023-02-15 15:00:00,19.8
500,2023-02-16 03:00:00,2023-02-15 16:00:00,18.4
500,2023-02-16 04:00:00,2023-02-15 17:00:00,19.5
500,2023-02-16 05:00:00,2023-02-15 18:00:00,19.3
500,2023-02-16 06:00:00,2023-02-15 19:00:00,19.4
500,2023-02-16 07:00:00,2023-02-15 20:00:00,19.6
500,2023-02-16 08:00:00,2023-02-15 21:00:00,20.3
500,2023-02-16 09:00:00,2023-02-15 22:00:00,22.8
500,2023-02-16 10:00:00,2023-02-15 23:00:00,28.0
500,2023-02-16 11:00:00,2023-02-16 00:00:00,30.3
500,2023-02-16 12:00:00,2023-02-16 01:00:00,32.0
500,2023-02-16 13:00:00,2023-02-16 02:00:00,34.1
500,2023-02-16 14:00:00,2023-02-16 03:00:00,34.8
500,2023-02-16 15:00:00,2023-02-16 04:00:00,35.0
500,2023-02-16 16:00:00,2023-02-16 05:00:00,36.1
500,2023-02-16 17:00:00,2023-02-16 06:00:00,35.6
500,2023-02-16 18:00:00,2023-02-16 07:00:00,36.2
500,2023-02-16 19:00:00,2023-02-16 08:00:00,33.1
500,2023-02-16 20:00:00,2023-02-16 09:00:00,30.5
500,2023-02-16 21:00:00,2023-02-16 10:00:00,28.8
500,2023-02-16 22:00:00,2023-02-16 11:00:00,28.3
500,2023-02-16 23:00:00,2023-02-16 12:00:00,25.2
500,2023-02-17 00:00:00,2023-02-16 13:00:00,26.8
500,2023-02-17 01:00:00,2023-02-16 14:00:00,26.3
500,2023-02-17 02:00:00,2023-02-16 15:00:00,25.0
500,2023-02-17 03:00:00,2023-02-16 16:00:00,24.2
500,2023-02-17 04:00:00,2023-02-16 17:00:00,23.6
500,2023-02-17 05:00:00,2023-02-16 18:00:00,24.0
500,2023-02-17 06:00:00,2023-02-16 19:00:00,24.1
500,2023-02-17 07:00:00,2023-02-16 20:00:00,28.1
500,2023-02-17 08:00:00,2023-02-16 21:00:00,28.0
500,2023-02-17 09:00:00,2023-02-16 22:00:00,29.9
500,2023-02-17 10:00:00,2023-02-16 23:00:00,30.8
500,2023-02-17 11:00:00,2023-02-17 00:00:00,31.3
500,2023-02-17 12:00:00,2023-02-17 01:00:00,33.1
500,2023-02-17 13:00:00,2023-02-17 02:00:00,36.6
500,2023-02-17 14:00:00,2023-02-17 03:00:00,38.4
500,2023-02-17 15:00:00,2023-02-17 04:00:00,39.2
500,2023-02-17 16:00:00,2023-02-17 05:00:00,40.1
500,2023-02-17 17:00:00,2023-02-17 06:00:00,23.9
500,2023-02-17 18:00:00,2023-02-17 07:00:00,22.9
500,2023-02-17 19:00:00,2023-02-17 08:00:00,20.5
500,2023-02-17 20:00:00,2023-02-17 09:00:00,19.7
500,2023-02-17 21:00:00,2023-02-17 10:00:00,19.3
500,2023-02-17 22:00:00,2023-02-17 11:00:00,19.1
500,2023-02-17 23:00:00,2023-02-17 12:00:00,18.6
500,2023-02-18 00:00:00,2023-02-17 13:00:00,18.2
500,2023-02-18 01:00:00,2023-02-17 14:00:00,18.0
500,2023-02-18 02:00:00,2023-02-17 15:00:00,18.3
500,2023-02-18 03:00:00,2023-02-17 16:00:00,18.1
500,2023-02-18 04:00:00,2023-02-17 17:00:00,17.7
500,2023-02-18 05:00:00,2023-02-17 18:00:00,17.6
500,2023-02-18 06:00:00,2023-02-17 19:00:00,17.7
500,2023-02-18 07:00:00,2023-02-17 20:00:00,17.5
500,2023-02-18 08:00:00,2023-02-17 21:00:00,17.8
500,2023-02-18 09:00:00,2023-02-17 22:00:00,18.2
500,2023-02-18 10:00:00,2023-02-17 23:00:00,18.8
500,2023-02-18 11:00:00,2023-02-18 00:00:00,19.3
500,2023-02-18 12:00:00,2023-02-18 01:00:00,19.4
500,2023-02-18 13:00:00,2023-02-18 02:00:00,20.3
500,2023-02-18 14:00:00,2023-02-18 03:00:00,20.8
500,2023-02-18 15:00:00,2023-02-18 04:00:00,22.2
500,2023-02-18 16:00:00,2023-02-18 05:00:00,23.5
500,2023-02-18 17:00:00,2023-02-18 06:00:00,23.2
500,2023-02-18 18:00:00,2023-02-18 07:00:00,21.4
500,2023-02-18 19:00:00,2023-02-18 08:00:00,20.7
500,2023-02-18 20:00:00,2023-02-18 09:00:00,19.5
500,2023-02-18 21:00:00,2023-02-18 10:00:00,19.1
500,2023-02-18 22:00:00,2023-02-18 11:00:00,18.7
500,2023-02-18 23:00:00,2023-02-18 12:00:00,18.2
500,2023-02-19 00:00:00,2023-02-18 13:00:00,17.8
500,2023-02-19 01:00:00,2023-02-18 14:00:00,17.3
500,2023-02-19 02:00:00,2023-02-18 15:00:00,16.7
500,2023-02-19 03:00:00,2023-02-18 16:00:00,16.5
500,2023-02-19 04:00:00,2023-02-18 17:00:00,17.4
500,2023-02-19 05:00:00,2023-02-18 18:00:00,17.0
500,2023-02-19 06:00:00,2023-02-18 19:00:00,15.7
500,2023-02-19 07:00:00,2023-02-18 20:00:00,15.2
500,2023-02-19 08:00:00,2023-02-18 21:00:00,15.5
500,2023-02-19 09:00:00,2023-02-18 22:00:00,19.1
500,2023-02-19 10:00:00,2023-02-18 23:00:00,19.8
500,2023-02-19 11:00:00,2023-02-19 00:00:00,20.9
500,2023-02-19 12:00:00,2023-02-19 01:00:00,21.3
500,2023-02-19 13:00:00,2023-02-19 02:00:00,21.9
500,2023-02-19 14:00:00,2023-02-19 03:00:00,23.4
500,2023-02-19 15:00:00,2023-02-19 04:00:00,25.1
500,2023-02-19 16:00:00,2023-02-19 05:00:00,26.3
500,2023-02-19 17:00:00,2023-02-19 06:00:00,27.6
500,2023-02-19 18:00:00,2023-02-19 07:00:00,26.9
500,2023-02-19 19:00:00,2023-02-19 08:00:00,22.4
500,2023-02-19 20:00:00,2023-02-19 09:00:00,21.4
500,2023-02-19 21:00:00,2023-02-19 10:00:00,20.2
500,2023-02-19 22:00:00,2023-02-19 11:00:00,19.3
500,2023-02-19 23:00:00,2023-02-19 12:00:00,18.4
500,2023-02-20 00:00:00,2023-02-19 13:00:00,17.9
500,2023-02-20 01:00:00,2023-02-19 14:00:00,16.7
500,2023-02-20 02:00:00,2023-02-19 15:00:00,16.1
500,2023-02-20 03:00:00,2023-02-19 16:00:00,15.6
500,2023-02-20 04:00:00,2023-02-19 17:00:00,15.8
500,2023-02-20 05:00:00,2023-02-19 18:00:00,15.9
500,2023-02-20 06:00:00,2023-02-19 19:00:00,15.4
500,2023-02-20 07:00:00,2023-02-19 20:00:00,15.0
500,2023-02-20 08:00:00,2023-02-19 21:00:00,16.0
500,2023-02-20 09:00:00,2023-02-19 22:00:00,18.0
500,2023-02-20 10:00:00,2023-02-19 23:00:00,20.3
500,2023-02-20 11:00:00,2023-02-20 00:00:00,21.0
500,2023-02-20 12:00:00,2023-02-20 01:00:00,21.5
500,2023-02-20 13:00:00,2023-02-20 02:00:00,22.1
500,2023-02-20 14:00:00,2023-02-20 03:00:00,22.8
500,2023-02-20 15:00:00,2023-02-20 04:00:00,23.3
500,2023-02-20 16:00:00,2023-02-20 05:00:00,23.0
500,2023-02-20 17:00:00,2023-02-20 06:00:00,23.2
500,2023-02-20 18:00:00,2023-02-20 07:00:00,22.6
500,2023-02-20 19:00:00,2023-02-20 08:00:00,21.9
500,2023-02-20 20:00:00,2023-02-20 09:00:00,21.2
500,2023-02-20 21:00:00,2023-02-20 10:00:00,20.4
500,2023-02-20 22:00:00,2023-02-20 11:00:00,20.0
500,2023-02-20 23:00:00,2023-02-20 12:00:00,19.2
500,2023-02-21 00:00:00,2023-02-20 13:00:00,19.1
500,2023-02-21 01:00:00,2023-02-20 14:00:00,18.9
500,2023-02-21 02:00:00,2023-02-20 15:00:00,18.7
500,2023-02-21 03:00:00,2023-02-20 16:00:00,18.2
500,2023-02-21 04:00:00,2023-02-20 17:00:00,18.6
500,2023-02-21 05:00:00,2023-02-20 18:00:00,18.8
500,2023-02-21 06:00:00,2023-02-20 19:00:00,18.8
500,2023-02-21 07:00:00,2023-02-20 20:00:00,18.1
500,2023-02-21 08:00:00,2023-02-20 21:00:00,17.8
500,2023-02-21 09:00:00,2023-02-20 22:00:00,18.3
500,2023-02-21 10:00:00,2023-02-20 23:00:00,18.2
500,2023-02-21 11:00:00,2023-02-21 00:00:00,18.1
500,2023-02-21 12:00:00,2023-02-21 01:00:00,19.5
500,2023-02-21 13:00:00,2023-02-21 02:00:00,20.7
500,2023-02-21 14:00:00,2023-02-21 03:00:00,20.8
500,2023-02-21 15:00:00,2023-02-21 04:00:00,21.1
500,2023-02-21 16:00:00,2023-02-21 05:00:00,21.9
500,2023-02-21 17:00:00,2023-02-21 06:00:00,21.5
500,2023-02-21 18:00:00,2023-02-21 07:00:00,20.9
500,2023-02-21 19:00:00,,19.8
500,2023-02-21 20:00:00,2023-02-21 09:00:00,18.7
500,2023-02-21 21:00:00,2023-02-21 10:00:00,18.1
500,2023-02-21 22:00:00,2023-02-21 11:00:00,17.7
500,2023-02-21 23:00:00,2023-02-21 12:00:00,18.2
500,2023-02-22 00:00:00,2023-02-21 13:00:00,17.6
500,2023-02-22 01:00:00,2023-02-21 14:00:00,17.4
500,2023-02-22 02:00:00,2023-02-21 15:00:00,17.4
500,2023-02-22 03:00:00,2023-02-21 16:00:00,17.0
500,2023-02-22 04:00:00,2023-02-21 17:00:00,16.0
500,2023-02-22 05:00:00,2023-02-21 18:00:00,15.5
500,2023-02-22 06:00:00,2023-02-21 19:00:00,15.1
500,2023-02-22 07:00:00,2023-02-21 20:00:00,15.2
500,2023-02-22 08:00:00,2023-02-21 21:00:00,14.7
500,2023-02-22 09:00:00,2023-02-21 22:00:00,17.1
500,2023-02-22 10:00:00,2023-02-21 23:00:00,19.5
500,2023-02-22 11:00:00,2023-02-22 00:00:00,21.4
500,2023-02-22 12:00:00,2023-02-22 01:00:00,24.1
500,2023-02-22 13:00:00,2023-02-22 02:00:00,25.3
500,2023-02-22 14:00:00,2023-02-22 03:00:00,26.1
500,2023-02-22 15:00:00,2023-02-22 04:00:00,27.3
500,2023-02-22 16:00:00,2023-02-22 05:00:00,28.5
500,2023-02-22 17:00:00,2023-02-22 06:00:00,29.8
500,2023-02-22 18:00:00,2023-02-22 07:00:00,29.3
500,2023-02-22 19:00:00,2023-02-22 08:00:00,27.6
500,2023-02-22 20:00:00,2023-02-22 09:00:00,25.8
500,2023-02-22 21:00:00,2023-02-22 10:00:00,23.9
500,2023-02-22 22:00:00,2023-02-22 11:00:00,22.6
500,2023-02-22 23:00:00,2023-02-22 12:00:00,21.7
500,2023-02-23 00:00:00,2023-02-22 13:00:00,20.3
500,2023-02-23 01:00:00,2023-02-22 14:00:00,18.5
500,2023-02-23 02:00:00,2023-02-22 15:00:00,18.5
500,2023-02-23 03:00:00,2023-02-22 16:00:00,19.5
500,2023-02-23 04:00:00,2023-02-22 17:00:00,19.3
500,2023-02-23 05:00:00,2023-02-22 18:00:00,20.5
500,2023-02-23 06:00:00,2023-02-22 19:00:00,20.9
500,2023-02-23 07:00:00,2023-02-22 20:00:00,20.3
500,2023-02-23 08:00:00,2023-02-22 21:00:00,20.2
500,2023-02-23 09:00:00,2023-02-22 22:00:00,21.4
500,2023-02-23 10:00:00,2023-02-22 23:00:00,22.9
500,2023-02-23 11:00:00,2023-02-23 00:00:00,24.5
500,2023-02-23 12:00:00,2023-02-23 01:00:00,25.8
500,2023-02-23 13:00:00,2023-02-23 02:00:00,27.0
500,2023-02-23 14:00:00,2023-02-23 03:00:00,28.5
500,2023-02-23 15:00:00,2023-02-23 04:00:00,30.1
500,2023-02-23 16:00:00,2023-02-23 05:00:00,31.0
500,2023-02-23 17:00:00,2023-02-23 06:00:00,31.1
500,2023-02-23 18:00:00,2023-02-23 07:00:00,32.1
500,2023-02-23 19:00:00,2023-02-23 08:00:00,30.3
500,2023-02-23 20:00:00,2023-02-23 09:00:00,28.8
500,2023-02-23 21:00:00,2023-02-23 10:00:00,27.3
500,2023-02-23 22:00:00,2023-02-23 11:00:00,26.5
500,2023-02-23 23:00:00,2023-02-23 12:00:00,25.4
500,2023-02-24 00:00:00,2023-02-23 13:00:00,23.0
500,2023-02-24 01:00:00,2023-02-23 14:00:00,22.9
500,2023-02-24 02:00:00,2023-02-23 15:00:00,22.8
500,2023-02-24 03:00:00,2023-02-23 16:00:00,20.8
500,2023-02-24 04:00:00,2023-02-23 17:00:00,20.6
500,2023-02-24 05:00:00,2023-02-23 18:00:00,19.7
500,2023-02-24 06:00:00,2023-02-23 19:00:00,20.1
500,2023-02-24 07:00:00,2023-02-23 20:00:00,20.6
500,2023-02-24 08:00:00,2023-02-23 21:00:00,21.1
500,2023-02-24 09:00:00,2023-02-23 22:00:00,22.7
500,2023-02-24 10:00:00,2023-02-23 23:00:00,24.7
500,2023-02-24 11:00:00,2023-02-24 00:00:00,26.1
500,2023-02-24 12:00:00,2023-02-24 01:00:00,27.2
500,2023-02-24 13:00:00,2023-02-24 02:00:00,28.5
500,2023-02-24 14:00:00,2023-02-24 03:00:00,29.8
500,2023-02-24 15:00:00,2023-02-24 04:00:00,29.8
500,2023-02-24 16:00:00,2023-02-24 05:00:00,31.0
500,2023-02-24 17:00:00,2023-02-24 06:00:00,31.7
500,2023-02-24 18:00:00,2023-02-24 07:00:00,32.0
500,2023-02-24 19:00:00,2023-02-24 08:00:00,31.6
500,2023-02-24 20:00:00,2023-02-24 09:00:00,30.3
500,2023-02-24 21:00:00,2023-02-24 10:00:00,28.8
500,2023-02-24 22:00:00,2023-02-24 11:00:00,27.3
500,2023-02-24 23:00:00,2023-02-24 12:00:00,25.8
500,2023-02-25 00:00:00,2023-02-24 13:00:00,24.9
500,2023-02-25 01:00:00,2023-02-24 14:00:00,24.5
500,2023-02-25 02:00:00,2023-02-24 15:00:00,23.5
500,2023-02-25 03:00:00,2023-02-24 16:00:00,23.4
500,2023-02-25 04:00:00,2023-02-24 17:00:00,24.2
500,2023-02-25 05:00:00,2023-02-24 18:00:00,24.3
500,2023-02-25 06:00:00,2023-02-24 19:00:00,23.7
500,2023-02-25 07:00:00,2023-02-24 20:00:00,23.4
500,2023-02-25 08:00:00,2023-02-24 21:00:00,23.2
500,2023-02-25 09:00:00,2023-02-24 22:00:00,25.0
500,2023-02-25 10:00:00,2023-02-24 23:00:00,25.2
500,2023-02-25 11:00:00,2023-02-25 00:00:00,25.1
500,2023-02-25 12:00:00,2023-02-25 01:00:00,25.7
500,2023-02-25 13:00:00,2023-02-25 02:00:00,25.7
500,2023-02-25 14:00:00,2023-02-25 03:00:00,26.6
500,2023-02-25 15:00:00,2023-02-25 04:00:00,24.4
500,2023-02-25 16:00:00,2023-02-25 05:00:00,21.6
500,2023-02-25 17:00:00,2023-02-25 06:00:00,21.4
500,2023-02-25 18:00:00,2023-02-25 07:00:00,21.3
500,2023-02-25 19:00:00,2023-02-25 08:00:00,20.5
500,2023-02-25 20:00:00,2023-02-25 09:00:00,21.1
500,2023-02-25 21:00:00,2023-02-25 10:00:00,19.3
500,2023-02-25 22:00:00,2023-02-25 11:00:00,18.8
500,2023-02-25 23:00:00,2023-02-25 12:00:00,18.7
500,2023-02-26 00:00:00,2023-02-25 13:00:00,18.8
500,2023-02-26 01:00:00,2023-02-25 14:00:00,18.7
500,2023-02-26 02:00:00,2023-02-25 15:00:00,17.5
500,2023-02-26 03:00:00,2023-02-25 16:00:00,17.4
500,2023-02-26 04:00:00,2023-02-25 17:00:00,17.0
500,2023-02-26 05:00:00,2023-02-25 18:00:00,16.6
500,2023-02-26 06:00:00,2023-02-25 19:00:00,15.8
500,2023-02-26 07:00:00,2023-02-25 20:00:00,16.1
500,2023-02-26 08:00:00,2023-02-25 21:00:00,16.5
500,2023-02-26 09:00:00,2023-02-25 22:00:00,16.9
500,2023-02-26 10:00:00,2023-02-25 23:00:00,17.7
500,2023-02-26 11:00:00,2023-02-26 00:00:00,19.1
500,2023-02-26 12:00:00,2023-02-26 01:00:00,19.9
500,2023-02-26 13:00:00,2023-02-26 02:00:00,21.0
500,2023-02-26 14:00:00,2023-02-26 03:00:00,21.1
500,2023-02-26 15:00:00,2023-02-26 04:00:00,23.1
500,2023-02-26 16:00:00,2023-02-26 05:00:00,21.5
500,2023-02-26 17:00:00,2023-02-26 06:00:00,20.3
500,2023-02-26 18:00:00,2023-02-26 07:00:00,20.4
500,2023-02-26 19:00:00,2023-02-26 08:00:00,20.3
500,2023-02-26 20:00:00,2023-02-26 09:00:00,19.2
500,2023-02-26 21:00:00,2023-02-26 10:00:00,18.8
500,2023-02-26 22:00:00,2023-02-26 11:00:00,18.7
500,2023-02-26 23:00:00,2023-02-26 12:00:00,18.4
500,2023-02-27 00:00:00,2023-02-26 13:00:00,18.2
500,2023-02-27 01:00:00,2023-02-26 14:00:00,18.2
500,2023-02-27 02:00:00,2023-02-26 15:00:00,17.9
500,2023-02-27 03:00:00,2023-02-26 16:00:00,16.8
500,2023-02-27 04:00:00,2023-02-26 17:00:00,16.9
500,2023-02-27 05:00:00,2023-02-26 18:00:00,17.2
500,2023-02-27 06:00:00,2023-02-26 19:00:00,16.5
500,2023-02-27 07:00:00,2023-02-26 20:00:00,16.6
500,2023-02-27 08:00:00,2023-02-26 21:00:00,16.6
500,2023-02-27 09:00:00,2023-02-26 22:00:00,17.7
500,2023-02-27 10:00:00,2023-02-26 23:00:00,17.8
500,2023-02-27 11:00:00,2023-02-27 00:00:00,18.6
500,2023-02-27 12:00:00,2023-02-27 01:00:00,19.8
500,2023-02-27 13:00:00,2023-02-27 02:00:00,19.4
500,2023-02-27 14:00:00,2023-02-27 03:00:00,19.3
500,2023-02-27 15:00:00,2023-02-27 04:00:00,18.8
500,2023-02-27 16:00:00,2023-02-27 05:00:00,19.3
500,2023-02-27 17:00:00,2023-02-27 06:00:00,18.9
500,2023-02-27 18:00:00,2023-02-27 07:00:00,18.9
500,2023-02-27 19:00:00,2023-02-27 08:00:00,18.7
500,2023-02-27 20:00:00,2023-02-27 09:00:00,18.2
500,2023-02-27 21:00:00,2023-02-27 10:00:00,18.0
500,2023-02-27 22:00:00,2023-02-27 11:00:00,17.5
500,2023-02-27 23:00:00,2023-02-27 12:00:00,17.7
500,2023-02-28 00:00:00,2023-02-27 13:00:00,17.4
500,2023-02-28 01:00:00,2023-02-27 14:00:00,17.3
500,2023-02-28 02:00:00,2023-02-27 15:00:00,17.2
500,2023-02-28 03:00:00,2023-02-27 16:00:00,17.1
500,2023-02-28 04:00:00,2023-02-27 17:00:00,16.8
500,2023-02-28 05:00:00,2023-02-27 18:00:00,16.6
500,2023-02-28 06:00:00,2023-02-27 19:00:00,16.6
500,2023-02-28 07:00:00,2023-02-27 20:00:00,16.5
500,2023-02-28 08:00:00,2023-02-27 21:00:00,16.8
500,2023-02-28 09:00:00,2023-02-27 22:00:00,17.0
500,2023-02-28 10:00:00,2023-02-27 23:00:00,17.5
500,2023-02-28 11:00:00,2023-02-28 00:00:00,17.2
500,2023-02-28 12:00:00,2023-02-28 01:00:00,16.9
500,2023-02-28 13:00:00,2023-02-28 02:00:00,16.3
500,2023-02-28 14:00:00,2023-02-28 03:00:00,16.3
500,2023-02-28 15:00:00,2023-02-28 04:00:00,16.1
500,2023-02-28 16:00:00,2023-02-28 05:00:00,15.8
500,2023-02-28 17:00:00,2023-02-28 06:00:00,16.8
500,2023-02-28 18:00:00,2023-02-28 07:00:00,17.0
500,2023-02-28 19:00:00,2023-02-28 08:00:00,16.7
500,2023-02-28 20:00:00,2023-02-28 09:00:00,16.4
500,2023-02-28 21:00:00,2023-02-28 10:00:00,16.4
500,2023-02-28 22:00:00,2023-02-28 11:00:00,16.1
500,2023-02-28 23:00:00,2023-02-28 12:00:00,16.4
300,2022-12-01 00:00:00,2022-11-30 13:00:00,12.1
300,2022-12-01 01:00:00,2022-11-30 14:00:00,12.3
300,2022-12-01 02:00:00,2022-11-30 15:00:00,11.6
300,2022-12-01 03:00:00,2022-11-30 16:00:00,11.2
300,2022-12-01 04:00:00,2022-11-30 17:00:00,12.2
300,2022-12-01 05:00:00,2022-11-30 18:00:00,12.7
300,2022-12-01 06:00:00,2022-11-30 19:00:00,12.9
300,2022-12-01 07:00:00,2022-11-30 20:00:00,12.8
300,2022-12-01 08:00:00,2022-11-30 21:00:00,13.5
300,2022-12-01 09:00:00,2022-11-30 22:00:00,14.3
300,2022-12-01 10:00:00,2022-11-30 23:00:00,17.0
300,2022-12-01 11:00:00,2022-12-01 00:00:00,16.6
300,2022-12-01 12:00:00,2022-12-01 01:00:00,18.1
300,2022-12-01 13:00:00,2022-12-01 02:00:00,18.1
300,2022-12-01 14:00:00,2022-12-01 03:00:00,18.0
300,2022-12-01 15:00:00,2022-12-01 04:00:00,18.6
300,2022-12-01 16:00:00,2022-12-01 05:00:00,19.9
300,2022-12-01 17:00:00,2022-12-01 06:00:00,18.0
300,2022-12-01 18:00:00,2022-12-01 07:00:00,17.7
300,2022-12-01 19:00:00,2022-12-01 08:00:00,16.6
300,2022-12-01 20:00:00,2022-12-01 09:00:00,15.3
300,2022-12-01 21:00:00,2022-12-01 10:00:00,14.3
300,2022-12-01 22:00:00,2022-12-01 11:00:00,13.0
300,2022-12-01 23:00:00,2022-12-01 12:00:00,11.7
300,2022-12-02 00:00:00,2022-12-01 13:00:00,11.4
300,2022-12-02 01:00:00,2022-12-01 14:00:00,10.4
300,2022-12-02 02:00:00,2022-12-01 15:00:00,10.0
300,2022-12-02 03:00:00,2022-12-01 16:00:00,9.4
300,2022-12-02 04:00:00,2022-12-01 17:00:00,9.0
300,2022-12-02 05:00:00,2022-12-01 18:00:00,8.7
300,2022-12-02 06:00:00,2022-12-01 19:00:00,8.1
300,2022-12-02 07:00:00,2022-12-01 20:00:00,8.8
300,2022-12-02 08:00:00,2022-12-01 21:00:00,11.8
300,2022-12-02 09:00:00,2022-12-01 22:00:00,13.6
300,2022-12-02 10:00:00,2022-12-01 23:00:00,15.3
300,2022-12-02 11:00:00,2022-12-02 00:00:00,18.2
300,2022-12-02 12:00:00,2022-12-02 01:00:00,19.1
300,2022-12-02 13:00:00,2022-12-02 02:00:00,21.4
300,2022-12-02 14:00:00,2022-12-02 03:00:00,23.6
300,2022-12-02 15:00:00,2022-12-02 04:00:00,24.9
300,2022-12-02 16:00:00,2022-12-02 05:00:00,25.3
300,2022-12-02 17:00:00,2022-12-02 06:00:00,24.6
300,2022-12-02 18:00:00,2022-12-02 07:00:00,25.2
300,2022-12-02 19:00:00,2022-12-02 08:00:00,23.8
300,2022-12-02 20:00:00,2022-12-02 09:00:00,21.8
300,2022-12-02 21:00:00,2022-12-02 10:00:00,19.5
300,2022-12-02 22:00:00,2022-12-02 11:00:00,18.2
300,2022-12-02 23:00:00,2022-12-02 12:00:00,17.4
300,2022-12-03 00:00:00,2022-12-02 13:00:00,16.6
300,2022-12-03 01:00:00,2022-12-02 14:00:00,15.7
300,2022-12-03 02:00:00,2022-12-02 15:00:00,15.0
300,2022-12-03 03:00:00,2022-12-02 16:00:00,14.4
300,2022-12-03 04:00:00,2022-12-02 17:00:00,14.0
300,2022-12-03 05:00:00,2022-12-02 18:00:00,12.8
300,2022-12-03 06:00:00,2022-12-02 19:00:00,12.0
300,2022-12-03 07:00:00,2022-12-02 20:00:00,13.2
300,2022-12-03 08:00:00,2022-12-02 21:00:00,16.9
300,2022-12-03 09:00:00,2022-12-02 22:00:00,20.5
300,2022-12-03 10:00:00,2022-12-02 23:00:00,24.1
300,2022-12-03 11:00:00,2022-12-03 00:00:00,26.6
300,2022-12-03 12:00:00,2022-12-03 01:00:00,28.3
300,2022-12-03 13:00:00,2022-12-03 02:00:00,29.1
300,2022-12-03 14:00:00,2022-12-03 03:00:00,29.3
300,2022-12-03 15:00:00,2022-12-03 04:00:00,30.2
300,2022-12-03 16:00:00,2022-12-03 05:00:00,28.7
300,2022-12-03 17:00:00,2022-12-03 06:00:00,30.1
300,2022-12-03 18:00:00,2022-12-03 07:00:00,28.6
300,2022-12-03 19:00:00,2022-12-03 08:00:00,29.2
300,2022-12-03 20:00:00,2022-12-03 09:00:00,26.8
300,2022-12-03 21:00:00,2022-12-03 10:00:00,24.3
300,2022-12-03 22:00:00,2022-12-03 11:00:00,22.9
300,2022-12-03 23:00:00,2022-12-03 12:00:00,22.3
300,2022-12-04 00:00:00,2022-12-03 13:00:00,20.7
300,2022-12-04 01:00:00,2022-12-03 14:00:00,19.4
300,2022-12-04 02:00:00,2022-12-03 15:00:00,18.6
300,2022-12-04 03:00:00,2022-12-03 16:00:00,17.8
300,2022-12-04 04:00:00,,16.55
300,2022-12-04 05:00:00,2022-12-03 18:00:00,15.3
300,2022-12-04 06:00:00,2022-12-03 19:00:00,14.6
300,2022-12-04 07:00:00,2022-12-03 20:00:00,15.9
300,2022-12-04 08:00:00,2022-12-03 21:00:00,20.1
300,2022-12-04 09:00:00,2022-12-03 22:00:00,26.0
300,2022-12-04 10:00:00,2022-12-03 23:00:00,27.5
300,2022-12-04 11:00:00,2022-12-04 00:00:00,29.2
300,2022-12-04 12:00:00,2022-12-04 01:00:00,30.3
300,2022-12-04 13:00:00,2022-12-04 02:00:00,31.2
300,2022-12-04 14:00:00,2022-12-04 03:00:00,32.1
300,2022-12-04 15:00:00,2022-12-04 04:00:00,32.3
300,2022-12-04 16:00:00,2022-12-04 05:00:00,32.4
300,2022-12-04 17:00:00,2022-12-04 06:00:00,32.9
300,2022-12-04 18:00:00,2022-12-04 07:00:00,33.4
300,2022-12-04 19:00:00,2022-12-04 08:00:00,32.1
300,2022-12-04 20:00:00,2022-12-04 09:00:00,30.8
300,2022-12-04 21:00:00,2022-12-04 10:00:00,27.1
300,2022-12-04 22:00:00,2022-12-04 11:00:00,26.4
300,2022-12-04 23:00:00,2022-12-04 12:00:00,26.9
300,2022-12-05 00:00:00,2022-12-04 13:00:00,28.0
300,2022-12-05 01:00:00,2022-12-04 14:00:00,20.2
300,2022-12-05 02:00:00,2022-12-04 15:00:00,18.5
300,2022-12-05 03:00:00,2022-12-04 16:00:00,18.2
300,2022-12-05 04:00:00,2022-12-04 17:00:00,17.6
300,2022-12-05 05:00:00,2022-12-04 18:00:00,17.5
300,2022-12-05 06:00:00,2022-12-04 19:00:00,16.9
300,2022-12-05 07:00:00,2022-12-04 20:00:00,17.1
300,2022-12-05 08:00:00,2022-12-04 21:00:00,15.8
300,2022-12-05 09:00:00,2022-12-04 22:00:00,15.7
300,2022-12-05 10:00:00,2022-12-04 23:00:00,15.1
300,2022-12-05 11:00:00,2022-12-05 00:00:00,14.7
300,2022-12-05 12:00:00,2022-12-05 01:00:00,15.7
300,2022-12-05 13:00:00,2022-12-05 02:00:00,16.6
300,2022-12-05 14:00:00,2022-12-05 03:00:00,15.0
300,2022-12-05 15:00:00,2022-12-05 04:00:00,16.5
300,2022-12-05 16:00:00,2022-12-05 05:00:00,15.8
300,2022-12-05 17:00:00,2022-12-05 06:00:00,15.7
300,2022-12-05 18:00:00,2022-12-05 07:00:00,14.9
300,2022-12-05 19:00:00,2022-12-05 08:00:00,13.4
300,2022-12-05 20:00:00,2022-12-05 09:00:00,13.0
300,2022-12-05 21:00:00,2022-12-05 10:00:00,12.2
300,2022-12-05 22:00:00,2022-12-05 11:00:00,12.5
300,2022-12-05 23:00:00,2022-12-05 12:00:00,12.6
300,2022-12-06 00:00:00,2022-12-05 13:00:00,12.6
300,2022-12-06 01:00:00,2022-12-05 14:00:00,12.6
300,2022-12-06 02:00:00,2022-12-05 15:00:00,12.9
300,2022-12-06 03:00:00,2022-12-05 16:00:00,13.2
300,2022-12-06 04:00:00,2022-12-05 17:00:00,13.2
300,2022-12-06 05:00:00,2022-12-05 18:00:00,13.1
300,2022-12-06 06:00:00,2022-12-05 19:00:00,13.1
300,2022-12-06 07:00:00,2022-12-05 20:00:00,12.9
300,2022-12-06 08:00:00,2022-12-05 21:00:00,13.2
300,2022-12-06 09:00:00,2022-12-05 22:00:00,14.5
300,2022-12-06 10:00:00,2022-12-05 23:00:00,17.0
300,2022-12-06 11:00:00,2022-12-06 00:00:00,17.3
300,2022-12-06 12:00:00,2022-12-06 01:00:00,18.2
300,2022-12-06 13:00:00,2022-12-06 02:00:00,19.7
300,2022-12-06 14:00:00,2022-12-06 03:00:00,21.3
300,2022-12-06 15:00:00,2022-12-06 04:00:00,20.9
300,2022-12-06 16:00:00,2022-12-06 05:00:00,20.0
300,2022-12-06 17:00:00,2022-12-06 06:00:00,21.2
300,2022-12-06 18:00:00,2022-12-06 07:00:00,20.4
300,2022-12-06 19:00:00,2022-12-06 08:00:00,19.1
300,2022-12-06 20:00:00,2022-12-06 09:00:00,17.8
300,2022-12-06 21:00:00,2022-12-06 10:00:00,15.6
300,2022-12-06 22:00:00,2022-12-06 11:00:00,14.5
300,2022-12-06 23:00:00,2022-12-06 12:00:00,13.6
300,2022-12-07 00:00:00,2022-12-06 13:00:00,12.9
300,2022-12-07 01:00:00,2022-12-06 14:00:00,12.5
300,2022-12-07 02:00:00,2022-12-06 15:00:00,12.6
300,2022-12-07 03:00:00,2022-12-06 16:00:00,12.6
300,2022-12-07 04:00:00,2022-12-06 17:00:00,12.3
300,2022-12-07 05:00:00,2022-12-06 18:00:00,12.2
300,2022-12-07 06:00:00,2022-12-06 19:00:00,11.2
300,2022-12-07 07:00:00,2022-12-06 20:00:00,11.6
300,2022-12-07 08:00:00,2022-12-06 21:00:00,14.0
300,2022-12-07 09:00:00,2022-12-06 22:00:00,14.8
300,2022-12-07 10:00:00,2022-12-06 23:00:00,16.0
300,2022-12-07 11:00:00,2022-12-07 00:00:00,18.1
300,2022-12-07 12:00:00,2022-12-07 01:00:00,20.0
300,2022-12-07 13:00:00,2022-12-07 02:00:00,19.5
300,2022-12-07 14:00:00,2022-12-07 03:00:00,19.4
300,2022-12-07 15:00:00,2022-12-07 04:00:00,19.4
300,2022-12-07 16:00:00,2022-12-07 05:00:00,18.8
300,2022-12-07 17:00:00,2022-12-07 06:00:00,18.5
300,2022-12-07 18:00:00,2022-12-07 07:00:00,18.5
300,2022-12-07 19:00:00,2022-12-07 08:00:00,16.9
300,2022-12-07 20:00:00,2022-12-07 09:00:00,15.1
300,2022-12-07 21:00:00,2022-12-07 10:00:00,12.8
300,2022-12-07 22:00:00,2022-12-07 11:00:00,12.7
300,2022-12-07 23:00:00,2022-12-07 12:00:00,11.9
300,2022-12-08 00:00:00,2022-12-07 13:00:00,10.6
300,2022-12-08 01:00:00,2022-12-07 14:00:00,9.4
300,2022-12-08 02:00:00,2022-12-07 15:00:00,9.6
300,2022-12-08 03:00:00,2022-12-07 16:00:00,9.1
300,2022-12-08 04:00:00,2022-12-07 17:00:00,8.7
300,2022-12-08 05:00:00,2022-12-07 18:00:00,8.3
300,2022-12-08 06:00:00,2022-12-07 19:00:00,7.8
300,2022-12-08 07:00:00,2022-12-07 20:00:00,8.0
300,2022-12-08 08:00:00,2022-12-07 21:00:00,8.7
300,2022-12-08 09:00:00,2022-12-07 22:00:00,10.3
300,2022-12-08 10:00:00,2022-12-07 23:00:00,11.2
300,2022-12-08 11:00:00,2022-12-08 00:00:00,12.8
300,2022-12-08 12:00:00,2022-12-08 01:00:00,13.2
300,2022-12-08 13:00:00,2022-12-08 02:00:00,14.7
300,2022-12-08 14:00:00,2022-12-08 03:00:00,14.4
300,2022-12-08 15:00:00,2022-12-08 04:00:00,16.4
300,2022-12-08 16:00:00,2022-12-08 05:00:00,15.6
300,2022-12-08 17:00:00,2022-12-08 06:00:00,14.7
300,2022-12-08 18:00:00,2022-12-08 07:00:00,14.8
300,2022-12-08 19:00:00,2022-12-08 08:00:00,13.6
300,2022-12-08 20:00:00,2022-12-08 09:00:00,12.6
300,2022-12-08 21:00:00,2022-12-08 10:00:00,12.3
300,2022-12-08 22:00:00,,11.9
300,2022-12-08 23:00:00,2022-12-08 12:00:00,11.5
300,2022-12-09 00:00:00,2022-12-08 13:00:00,10.7
300,2022-12-09 01:00:00,2022-12-08 14:00:00,10.3
300,2022-12-09 02:00:00,2022-12-08 15:00:00,9.4
300,2022-12-09 03:00:00,2022-12-08 16:00:00,9.1
300,2022-12-09 04:00:00,2022-12-08 17:00:00,9.0
300,2022-12-09 05:00:00,2022-12-08 18:00:00,9.4
300,2022-12-09 06:00:00,2022-12-08 19:00:00,10.3
300,2022-12-09 07:00:00,2022-12-08 20:00:00,10.2
300,2022-12-09 08:00:00,2022-12-08 21:00:00,12.0
300,2022-12-09 09:00:00,2022-12-08 22:00:00,12.2
300,2022-12-09 10:00:00,2022-12-08 23:00:00,15.1
300,2022-12-09 11:00:00,2022-12-09 00:00:00,14.5
300,2022-12-09 12:00:00,2022-12-09 01:00:00,15.8
300,2022-12-09 13:00:00,2022-12-09 02:00:00,16.4
300,2022-12-09 14:00:00,2022-12-09 03:00:00,16.0
300,2022-12-09 15:00:00,2022-12-09 04:00:00,18.5
300,2022-12-09 16:00:00,2022-12-09 05:00:00,18.1
300,2022-12-09 17:00:00,2022-12-09 06:00:00,17.0
300,2022-12-09 18:00:00,2022-12-09 07:00:00,17.4
300,2022-12-09 19:00:00,2022-12-09 08:00:00,17.0
300,2022-12-09 20:00:00,2022-12-09 09:00:00,15.1
300,2022-12-09 21:00:00,2022-12-09 10:00:00,13.2
300,2022-12-09 22:00:00,2022-12-09 11:00:00,12.5
300,2022-12-09 23:00:00,2022-12-09 12:00:00,11.4
300,2022-12-10 00:00:00,2022-12-09 13:00:00,10.7
300,2022-12-10 01:00:00,2022-12-09 14:00:00,10.0
300,2022-12-10 02:00:00,2022-12-09 15:00:00,9.2
300,2022-12-10 03:00:00,2022-12-09 16:00:00,8.4
300,2022-12-10 04:00:00,2022-12-09 17:00:00,7.3
300,2022-12-10 05:00:00,2022-12-09 18:00:00,6.3
300,2022-12-10 06:00:00,2022-12-09 19:00:00,5.3
300,2022-12-10 07:00:00,2022-12-09 20:00:00,6.5
300,2022-12-10 08:00:00,2022-12-09 21:00:00,9.9
300,2022-12-10 09:00:00,2022-12-09 22:00:00,12.8
300,2022-12-10 10:00:00,2022-12-09 23:00:00,15.3
300,2022-12-10 11:00:00,2022-12-10 00:00:00,18.6
300,2022-12-10 12:00:00,2022-12-10 01:00:00,21.3
300,2022-12-10 13:00:00,2022-12-10 02:00:00,22.8
300,2022-12-10 14:00:00,2022-12-10 03:00:00,23.9
300,2022-12-10 15:00:00,2022-12-10 04:00:00,25.0
300,2022-12-10 16:00:00,2022-12-10 05:00:00,25.5
300,2022-12-10 17:00:00,2022-12-10 06:00:00,25.7
300,2022-12-10 18:00:00,2022-12-10 07:00:00,25.8
300,2022-12-10 19:00:00,2022-12-10 08:00:00,24.9
300,2022-12-10 20:00:00,2022-12-10 09:00:00,23.3
300,2022-12-10 21:00:00,2022-12-10 10:00:00,23.0
300,2022-12-10 22:00:00,2022-12-10 11:00:00,20.4
300,2022-12-10 23:00:00,2022-12-10 12:00:00,19.3
300,2022-12-11 00:00:00,2022-12-10 13:00:00,17.6
300,2022-12-11 01:00:00,2022-12-10 14:00:00,16.5
300,2022-12-11 02:00:00,2022-12-10 15:00:00,15.4
300,2022-12-11 03:00:00,2022-12-10 16:00:00,15.3
300,2022-12-11 04:00:00,2022-12-10 17:00:00,14.2
300,2022-12-11 05:00:00,2022-12-10 18:00:00,13.9
300,2022-12-11 06:00:00,2022-12-10 19:00:00,13.8
300,2022-12-11 07:00:00,2022-12-10 20:00:00,14.4
300,2022-12-11 08:00:00,2022-12-10 21:00:00,16.2
300,2022-12-11 09:00:00,2022-12-10 22:00:00,21.7
300,2022-12-11 10:00:00,2022-12-10 23:00:00,24.1
300,2022-12-11 11:00:00,2022-12-11 00:00:00,23.7
300,2022-12-11 12:00:00,2022-12-11 01:00:00,26.9
300,2022-12-11 13:00:00,2022-12-11 02:00:00,27.3
300,2022-12-11 14:00:00,2022-12-11 03:00:00,26.5
300,2022-12-11 15:00:00,2022-12-11 04:00:00,25.4
300,2022-12-11 16:00:00,2022-12-11 05:00:00,23.6
300,2022-12-11 17:00:00,2022-12-11 06:00:00,20.2
300,2022-12-11 18:00:00,2022-12-11 07:00:00,18.0
300,2022-12-11 19:00:00,2022-12-11 08:00:00,16.7
300,2022-12-11 20:00:00,2022-12-11 09:00:00,16.4
300,2022-12-11 21:00:00,2022-12-11 10:00:00,16.0
300,2022-12-11 22:00:00,2022-12-11 11:00:00,15.8
300,2022-12-11 23:00:00,2022-12-11 12:00:00,15.1
300,2022-12-12 00:00:00,2022-12-11 13:00:00,14.5
300,2022-12-12 01:00:00,2022-12-11 14:00:00,14.3
300,2022-12-12 02:00:00,2022-12-11 15:00:00,13.5
300,2022-12-12 03:00:00,2022-12-11 16:00:00,13.8
300,2022-12-12 04:00:00,2022-12-11 17:00:00,13.3
300,2022-12-12 05:00:00,2022-12-11 18:00:00,13.1
300,2022-12-12 06:00:00,2022-12-11 19:00:00,12.9
300,2022-12-12 07:00:00,2022-12-11 20:00:00,11.4
300,2022-12-12 08:00:00,2022-12-11 21:00:00,10.8
300,2022-12-12 09:00:00,2022-12-11 22:00:00,11.9
300,2022-12-12 10:00:00,2022-12-11 23:00:00,13.2
300,2022-12-12 11:00:00,2022-12-12 00:00:00,15.3
300,2022-12-12 12:00:00,2022-12-12 01:00:00,16.3
300,2022-12-12 13:00:00,2022-12-12 02:00:00,16.7
300,2022-12-12 14:00:00,2022-12-12 03:00:00,13.1
300,2022-12-12 15:00:00,2022-12-12 04:00:00,15.7
300,2022-12-12 16:00:00,2022-12-12 05:00:00,14.7
300,2022-12-12 17:00:00,2022-12-12 06:00:00,12.3
300,2022-12-12 18:00:00,2022-12-12 07:00:00,12.3
300,2022-12-12 19:00:00,2022-12-12 08:00:00,15.1
300,2022-12-12 20:00:00,2022-12-12 09:00:00,14.2
300,2022-12-12 21:00:00,2022-12-12 10:00:00,13.0
300,2022-12-12 22:00:00,2022-12-12 11:00:00,12.2
300,2022-12-12 23:00:00,2022-12-12 12:00:00,12.0
300,2022-12-13 00:00:00,2022-12-12 13:00:00,11.8
300,2022-12-13 01:00:00,2022-12-12 14:00:00,11.5
300,2022-12-13 02:00:00,2022-12-12 15:00:00,10.8
300,2022-12-13 03:00:00,2022-12-12 16:00:00,11.0
300,2022-12-13 04:00:00,2022-12-12 17:00:00,10.4
300,2022-12-13 05:00:00,2022-12-12 18:00:00,10.8
300,2022-12-13 06:00:00,2022-12-12 19:00:00,10.9
300,2022-12-13 07:00:00,2022-12-12 20:00:00,11.4
300,2022-12-13 08:00:00,2022-12-12 21:00:00,11.8
300,2022-12-13 09:00:00,2022-12-12 22:00:00,13.7
300,2022-12-13 10:00:00,2022-12-12 23:00:00,15.0
300,2022-12-13 11:00:00,2022-12-13 00:00:00,14.9
300,2022-12-13 12:00:00,2022-12-13 01:00:00,15.8
300,2022-12-13 13:00:00,2022-12-13 02:00:00,16.9
300,2022-12-13 14:00:00,2022-12-13 03:00:00,13.7
300,2022-12-13 15:00:00,2022-12-13 04:00:00,11.5
300,2022-12-13 16:00:00,2022-12-13 05:00:00,12.9
300,2022-12-13 17:00:00,2022-12-13 06:00:00,14.1
300,2022-12-13 18:00:00,2022-12-13 07:00:00,14.6
300,2022-12-13 19:00:00,2022-12-13 08:00:00,15.4
300,2022-12-13 20:00:00,2022-12-13 09:00:00,12.9
300,2022-12-13 21:00:00,2022-12-13 10:00:00,11.8
300,2022-12-13 22:00:00,2022-12-13 11:00:00,10.2
300,2022-12-13 23:00:00,2022-12-13 12:00:00,9.6
300,2022-12-14 00:00:00,2022-12-13 13:00:00,8.5
300,2022-12-14 01:00:00,2022-12-13 14:00:00,8.3
300,2022-12-14 02:00:00,2022-12-13 15:00:00,8.3
300,2022-12-14 03:00:00,2022-12-13 16:00:00,8.5
300,2022-12-14 04:00:00,2022-12-13 17:00:00,7.9
300,2022-12-14 05:00:00,2022-12-13 18:00:00,8.8
300,2022-12-14 06:00:00,2022-12-13 19:00:00,9.4
300,2022-12-14 07:00:00,2022-12-13 20:00:00,9.7
300,2022-12-14 08:00:00,2022-12-13 21:00:00,10.0
300,2022-12-14 09:00:00,2022-12-13 22:00:00,12.7
300,2022-12-14 10:00:00,2022-12-13 23:00:00,11.6
300,2022-12-14 11:00:00,2022-12-14 00:00:00,13.4
300,2022-12-14 12:00:00,2022-12-14 01:00:00,13.9
300,2022-12-14 13:00:00,2022-12-14 02:00:00,15.4
300,2022-12-14 14:00:00,2022-12-14 03:00:00,14.6
300,2022-12-14 15:00:00,2022-12-14 04:00:00,15.0
300,2022-12-14 16:00:00,2022-12-14 05:00:00,13.7
300,2022-12-14 17:00:00,2022-12-14 06:00:00,15.1
300,2022-12-14 18:00:00,2022-12-14 07:00:00,13.0
300,2022-12-14 19:00:00,2022-12-14 08:00:00,11.0
300,2022-12-14 20:00:00,2022-12-14 09:00:00,11.0
300,2022-12-14 21:00:00,2022-12-14 10:00:00,9.9
300,2022-12-14 22:00:00,2022-12-14 11:00:00,10.0
300,2022-12-14 23:00:00,2022-12-14 12:00:00,9.9
300,2022-12-15 00:00:00,2022-12-14 13:00:00,9.6
300,2022-12-15 01:00:00,2022-12-14 14:00:00,10.1
300,2022-12-15 02:00:00,2022-12-14 15:00:00,10.4
300,2022-12-15 03:00:00,2022-12-14 16:00:00,10.2
300,2022-12-15 04:00:00,2022-12-14 17:00:00,10.2
300,2022-12-15 05:00:00,2022-12-14 18:00:00,10.4
300,2022-12-15 06:00:00,2022-12-14 19:00:00,10.4
300,2022-12-15 07:00:00,2022-12-14 20:00:00,11.1
300,2022-12-15 08:00:00,2022-12-14 21:00:00,12.7
300,2022-12-15 09:00:00,2022-12-14 22:00:00,14.0
300,2022-12-15 10:00:00,2022-12-14 23:00:00,14.3
300,2022-12-15 11:00:00,2022-12-15 00:00:00,15.5
300,2022-12-15 12:00:00,2022-12-15 01:00:00,13.7
300,2022-12-15 13:00:00,2022-12-15 02:00:00,13.4
300,2022-12-15 14:00:00,2022-12-15 03:00:00,14.1
300,2022-12-15 15:00:00,2022-12-15 04:00:00,15.8
300,2022-12-15 16:00:00,2022-12-15 05:00:00,14.9
300,2022-12-15 17:00:00,2022-12-15 06:00:00,15.0
300,2022-12-15 18:00:00,2022-12-15 07:00:00,15.5
300,2022-12-15 19:00:00,2022-12-15 08:00:00,15.3
300,2022-12-15 20:00:00,2022-12-15 09:00:00,14.1
300,2022-12-15 21:00:00,2022-12-15 10:00:00,12.5
300,2022-12-15 22:00:00,2022-12-15 11:00:00,11.5
300,2022-12-15 23:00:00,2022-12-15 12:00:00,10.4
300,2022-12-16 00:00:00,2022-12-15 13:00:00,9.9
300,2022-12-16 01:00:00,2022-12-15 14:00:00,10.3
300,2022-12-16 02:00:00,2022-12-15 15:00:00,9.3
300,2022-12-16 03:00:00,2022-12-15 16:00:00,8.9
300,2022-12-16 04:00:00,2022-12-15 17:00:00,9.1
300,2022-12-16 05:00:00,2022-12-15 18:00:00,8.9
300,2022-12-16 06:00:00,2022-12-15 19:00:00,8.9
300,2022-12-16 07:00:00,2022-12-15 20:00:00,9.6
300,2022-12-16 08:00:00,2022-12-15 21:00:00,11.3
300,2022-12-16 09:00:00,2022-12-15 22:00:00,15.4
300,2022-12-16 10:00:00,2022-12-15 23:00:00,16.8
300,2022-12-16 11:00:00,2022-12-16 00:00:00,17.5
300,2022-12-16 12:00:00,2022-12-16 01:00:00,17.7
300,2022-12-16 13:00:00,2022-12-16 02:00:00,18.3
300,2022-12-16 14:00:00,2022-12-16 03:00:00,18.6
300,2022-12-16 15:00:00,2022-12-16 04:00:00,19.9
300,2022-12-16 16:00:00,2022-12-16 05:00:00,19.6
300,2022-12-16 17:00:00,2022-12-16 06:00:00,18.5
300,2022-12-16 18:00:00,2022-12-16 07:00:00,17.6
300,2022-12-16 19:00:00,2022-12-16 08:00:00,17.0
300,2022-12-16 20:00:00,2022-12-16 09:00:00,17.0
300,2022-12-16 21:00:00,2022-12-16 10:00:00,15.2
300,2022-12-16 22:00:00,2022-12-16 11:00:00,13.6
300,2022-12-16 23:00:00,2022-12-16 12:00:00,13.3
300,2022-12-17 00:00:00,2022-12-16 13:00:00,12.7
300,2022-12-17 01:00:00,2022-12-16 14:00:00,11.9
300,2022-12-17 02:00:00,2022-12-16 15:00:00,11.2
300,2022-12-17 03:00:00,2022-12-16 16:00:00,10.3
300,2022-12-17 04:00:00,2022-12-16 17:00:00,10.0
300,2022-12-17 05:00:00,2022-12-16 18:00:00,10.0
300,2022-12-17 06:00:00,2022-12-16 19:00:00,9.7
300,2022-12-17 07:00:00,2022-12-16 20:00:00,10.1
300,2022-12-17 08:00:00,2022-12-16 21:00:00,12.1
300,2022-12-17 09:00:00,2022-12-16 22:00:00,16.9
300,2022-12-17 10:00:00,2022-12-16 23:00:00,18.1
300,2022-12-17 11:00:00,2022-12-17 00:00:00,19.6
300,2022-12-17 12:00:00,2022-12-17 01:00:00,20.1
300,2022-12-17 13:00:00,2022-12-17 02:00:00,20.8
300,2022-12-17 14:00:00,2022-12-17 03:00:00,22.0
300,2022-12-17 15:00:00,2022-12-17 04:00:00,21.7
300,2022-12-17 16:00:00,2022-12-17 05:00:00,21.6
300,2022-12-17 17:00:00,2022-12-17 06:00:00,21.3
300,2022-12-17 18:00:00,2022-12-17 07:00:00,21.0
300,2022-12-17 19:00:00,2022-12-17 08:00:00,20.2
300,2022-12-17 20:00:00,2022-12-17 09:00:00,18.7
300,2022-12-17 21:00:00,2022-12-17 10:00:00,16.8
300,2022-12-17 22:00:00,2022-12-17 11:00:00,15.6
300,2022-12-17 23:00:00,2022-12-17 12:00:00,14.2
300,2022-12-18 00:00:00,2022-12-17 13:00:00,13.0
300,2022-12-18 01:00:00,2022-12-17 14:00:00,12.1
300,2022-12-18 02:00:00,2022-12-17 15:00:00,11.3
300,2022-12-18 03:00:00,2022-12-17 16:00:00,10.9
300,2022-12-18 04:00:00,2022-12-17 17:00:00,10.3
300,2022-12-18 05:00:00,2022-12-17 18:00:00,10.0
300,2022-12-18 06:00:00,2022-12-17 19:00:00,9.8
300,2022-12-18 07:00:00,2022-12-17 20:00:00,9.4
300,2022-12-18 08:00:00,2022-12-17 21:00:00,11.6
300,2022-12-18 09:00:00,2022-12-17 22:00:00,14.4
300,2022-12-18 10:00:00,2022-12-17 23:00:00,17.2
300,2022-12-18 11:00:00,2022-12-18 00:00:00,18.9
300,2022-12-18 12:00:00,2022-12-18 01:00:00,20.5
300,2022-12-18 13:00:00,2022-12-18 02:00:00,21.4
300,2022-12-18 14:00:00,2022-12-18 03:00:00,22.7
300,2022-12-18 15:00:00,2022-12-18 04:00:00,22.9
300,2022-12-18 16:00:00,2022-12-18 05:00:00,23.5
300,2022-12-18 17:00:00,2022-12-18 06:00:00,23.3
300,2022-12-18 18:00:00,2022-12-18 07:00:00,22.9
300,2022-12-18 19:00:00,2022-12-18 08:00:00,21.4
300,2022-12-18 20:00:00,2022-12-18 09:00:00,20.0
300,2022-12-18 21:00:00,2022-12-18 10:00:00,17.4
300,2022-12-18 22:00:00,2022-12-18 11:00:00,15.8
300,2022-12-18 23:00:00,2022-12-18 12:00:00,14.5
300,2022-12-19 00:00:00,2022-12-18 13:00:00,13.5
300,2022-12-19 01:00:00,2022-12-18 14:00:00,12.5
300,2022-12-19 02:00:00,2022-12-18 15:00:00,11.6
300,2022-12-19 03:00:00,2022-12-18 16:00:00,10.8
300,2022-12-19 04:00:00,2022-12-18 17:00:00,10.1
300,2022-12-19 05:00:00,2022-12-18 18:00:00,9.0
300,2022-12-19 06:00:00,2022-12-18 19:00:00,8.7
300,2022-12-19 07:00:00,2022-12-18 20:00:00,8.9
300,2022-12-19 08:00:00,2022-12-18 21:00:00,11.4
300,2022-12-19 09:00:00,2022-12-18 22:00:00,15.4
300,2022-12-19 10:00:00,2022-12-18 23:00:00,17.6
300,2022-12-19 11:00:00,2022-12-19 00:00:00,19.4
300,2022-12-19 12:00:00,2022-12-19 01:00:00,21.4
300,2022-12-19 13:00:00,2022-12-19 02:00:00,23.6
300,2022-12-19 14:00:00,2022-12-19 03:00:00,25.0
300,2022-12-19 15:00:00,2022-12-19 04:00:00,25.0
300,2022-12-19 16:00:00,2022-12-19 05:00:00,25.9
300,2022-12-19 17:00:00,2022-12-19 06:00:00,25.6
300,2022-12-19 18:00:00,2022-12-19 07:00:00,25.0
300,2022-12-19 19:00:00,2022-12-19 08:00:00,23.5
300,2022-12-19 20:00:00,2022-12-19 09:00:00,22.1
300,2022-12-19 21:00:00,2022-12-19 10:00:00,18.7
300,2022-12-19 22:00:00,2022-12-19 11:00:00,16.3
300,2022-12-19 23:00:00,2022-12-19 12:00:00,15.1
300,2022-12-20 00:00:00,2022-12-19 13:00:00,13.8
300,2022-12-20 01:00:00,2022-12-19 14:00:00,12.5
300,2022-12-20 02:00:00,2022-12-19 15:00:00,10.9
300,2022-12-20 03:00:00,2022-12-19 16:00:00,10.2
300,2022-12-20 04:00:00,2022-12-19 17:00:00,9.5
300,2022-12-20 05:00:00,2022-12-19 18:00:00,9.1
300,2022-12-20 06:00:00,2022-12-19 19:00:00,8.4
300,2022-12-20 07:00:00,2022-12-19 20:00:00,9.1
300,2022-12-20 08:00:00,2022-12-19 21:00:00,11.4
300,2022-12-20 09:00:00,2022-12-19 22:00:00,15.1
300,2022-12-20 10:00:00,2022-12-19 23:00:00,18.4
300,2022-12-20 11:00:00,2022-12-20 00:00:00,20.5
300,2022-12-20 12:00:00,2022-12-20 01:00:00,22.7
300,2022-12-20 13:00:00,2022-12-20 02:00:00,24.0
300,2022-12-20 14:00:00,2022-12-20 03:00:00,26.1
300,2022-12-20 15:00:00,2022-12-20 04:00:00,26.7
300,2022-12-20 16:00:00,2022-12-20 05:00:00,27.7
300,2022-12-20 17:00:00,2022-12-20 06:00:00,27.3
300,2022-12-20 18:00:00,2022-12-20 07:00:00,26.6
300,2022-12-20 19:00:00,2022-12-20 08:00:00,24.5
300,2022-12-20 20:00:00,2022-12-20 09:00:00,22.7
300,2022-12-20 21:00:00,2022-12-20 10:00:00,20.3
300,2022-12-20 22:00:00,2022-12-20 11:00:00,18.3
300,2022-12-20 23:00:00,2022-12-20 12:00:00,16.9
300,2022-12-21 00:00:00,2022-12-20 13:00:00,15.6
300,2022-12-21 01:00:00,2022-12-20 14:00:00,14.3
300,2022-12-21 02:00:00,2022-12-20 15:00:00,13.7
300,2022-12-21 03:00:00,2022-12-20 16:00:00,13.4
300,2022-12-21 04:00:00,2022-12-20 17:00:00,13.3
300,2022-12-21 05:00:00,2022-12-20 18:00:00,12.0
300,2022-12-21 06:00:00,2022-12-20 19:00:00,10.9
300,2022-12-21 07:00:00,2022-12-20 20:00:00,11.5
300,2022-12-21 08:00:00,2022-12-20 21:00:00,13.9
300,2022-12-21 09:00:00,2022-12-20 22:00:00,17.7
300,2022-12-21 10:00:00,2022-12-20 23:00:00,19.7
300,2022-12-21 11:00:00,2022-12-21 00:00:00,23.4
300,2022-12-21 12:00:00,2022-12-21 01:00:00,26.1
300,2022-12-21 13:00:00,2022-12-21 02:00:00,27.3
300,2022-12-21 14:00:00,2022-12-21 03:00:00,27.7
300,2022-12-21 15:00:00,2022-12-21 04:00:00,28.2
300,2022-12-21 16:00:00,2022-12-21 05:00:00,27.6
300,2022-12-21 17:00:00,2022-12-21 06:00:00,28.3
300,2022-12-21 18:00:00,2022-12-21 07:00:00,27.7
300,2022-12-21 19:00:00,2022-12-21 08:00:00,26.2
300,2022-12-21 20:00:00,2022-12-21 09:00:00,25.5
300,2022-12-21 21:00:00,2022-12-21 10:00:00,23.9
300,2022-12-21 22:00:00,2022-12-21 11:00:00,22.1
300,2022-12-21 23:00:00,2022-12-21 12:00:00,21.4
300,2022-12-22 00:00:00,2022-12-21 13:00:00,20.3
300,2022-12-22 01:00:00,2022-12-21 14:00:00,19.9
300,2022-12-22 02:00:00,2022-12-21 15:00:00,19.6
300,2022-12-22 03:00:00,2022-12-21 16:00:00,19.2
300,2022-12-22 04:00:00,2022-12-21 17:00:00,18.7
300,2022-12-22 05:00:00,2022-12-21 18:00:00,18.5
300,2022-12-22 06:00:00,2022-12-21 19:00:00,17.9
300,2022-12-22 07:00:00,2022-12-21 20:00:00,16.1
300,2022-12-22 08:00:00,2022-12-21 21:00:00,16.0
300,2022-12-22 09:00:00,2022-12-21 22:00:00,16.5
300,2022-12-22 10:00:00,2022-12-21 23:00:00,17.9
300,2022-12-22 11:00:00,2022-12-22 00:00:00,20.5
300,2022-12-22 12:00:00,2022-12-22 01:00:00,22.9
300,2022-12-22 13:00:00,2022-12-22 02:00:00,25.3
300,2022-12-22 14:00:00,2022-12-22 03:00:00,25.1
300,2022-12-22 15:00:00,2022-12-22 04:00:00,21.6
300,2022-12-22 16:00:00,2022-12-22 05:00:00,21.0
300,2022-12-22 17:00:00,2022-12-22 06:00:00,21.3
300,2022-12-22 18:00:00,2022-12-22 07:00:00,19.7
300,2022-12-22 19:00:00,2022-12-22 08:00:00,18.2
300,2022-12-22 20:00:00,2022-12-22 09:00:00,18.3
300,2022-12-22 21:00:00,2022-12-22 10:00:00,17.9
300,2022-12-22 22:00:00,2022-12-22 11:00:00,17.5
300,2022-12-22 23:00:00,2022-12-22 12:00:00,17.6
300,2022-12-23 00:00:00,2022-12-22 13:00:00,17.3
300,2022-12-23 01:00:00,2022-12-22 14:00:00,17.1
300,2022-12-23 02:00:00,2022-12-22 15:00:00,16.6
300,2022-12-23 03:00:00,2022-12-22 16:00:00,16.0
300,2022-12-23 04:00:00,2022-12-22 17:00:00,15.2
300,2022-12-23 05:00:00,2022-12-22 18:00:00,14.7
300,2022-12-23 06:00:00,2022-12-22 19:00:00,15.0
300,2022-12-23 07:00:00,2022-12-22 20:00:00,15.7
300,2022-12-23 08:00:00,2022-12-22 21:00:00,15.8
300,2022-12-23 09:00:00,2022-12-22 22:00:00,16.2
300,2022-12-23 10:00:00,2022-12-22 23:00:00,17.8
300,2022-12-23 11:00:00,2022-12-23 00:00:00,20.1
300,2022-12-23 12:00:00,2022-12-23 01:00:00,22.4
300,2022-12-23 13:00:00,2022-12-23 02:00:00,22.9
300,2022-12-23 14:00:00,2022-12-23 03:00:00,23.8
300,2022-12-23 15:00:00,2022-12-23 04:00:00,24.1
300,2022-12-23 16:00:00,2022-12-23 05:00:00,24.5
300,2022-12-23 17:00:00,2022-12-23 06:00:00,23.0
300,2022-12-23 18:00:00,2022-12-23 07:00:00,23.5
300,2022-12-23 19:00:00,2022-12-23 08:00:00,23.1
300,2022-12-23 20:00:00,2022-12-23 09:00:00,21.7
300,2022-12-23 21:00:00,2022-12-23 10:00:00,20.5
300,2022-12-23 22:00:00,2022-12-23 11:00:00,18.0
300,2022-12-23 23:00:00,2022-12-23 12:00:00,17.3
300,2022-12-24 00:00:00,2022-12-23 13:00:00,17.2
300,2022-12-24 01:00:00,2022-12-23 14:00:00,17.2
300,2022-12-24 02:00:00,2022-12-23 15:00:00,17.0
300,2022-12-24 03:00:00,2022-12-23 16:00:00,17.0
300,2022-12-24 04:00:00,2022-12-23 17:00:00,16.9
300,2022-12-24 05:00:00,2022-12-23 18:00:00,16.8
300,2022-12-24 06:00:00,2022-12-23 19:00:00,16.8
300,2022-12-24 07:00:00,2022-12-23 20:00:00,16.3
300,2022-12-24 08:00:00,2022-12-23 21:00:00,16.9
300,2022-12-24 09:00:00,2022-12-23 22:00:00,18.5
300,2022-12-24 10:00:00,2022-12-23 23:00:00,19.6
300,2022-12-24 11:00:00,2022-12-24 00:00:00,20.5
300,2022-12-24 12:00:00,2022-12-24 01:00:00,21.7
300,2022-12-24 13:00:00,2022-12-24 02:00:00,22.8
300,2022-12-24 14:00:00,2022-12-24 03:00:00,24.0
300,2022-12-24 15:00:00,2022-12-24 04:00:00,25.3
300,2022-12-24 16:00:00,2022-12-24 05:00:00,24.7
300,2022-12-24 17:00:00,2022-12-24 06:00:00,25.3
300,2022-12-24 18:00:00,2022-12-24 07:00:00,23.9
300,2022-12-24 19:00:00,2022-12-24 08:00:00,22.4
300,2022-12-24 20:00:00,2022-12-24 09:00:00,20.5
300,2022-12-24 21:00:00,2022-12-24 10:00:00,17.9
300,2022-12-24 22:00:00,2022-12-24 11:00:00,16.1
300,2022-12-24 23:00:00,2022-12-24 12:00:00,15.2
300,2022-12-25 00:00:00,2022-12-24 13:00:00,14.7
300,2022-12-25 01:00:00,2022-12-24 14:00:00,14.0
300,2022-12-25 02:00:00,2022-12-24 15:00:00,13.5
300,2022-12-25 03:00:00,,12.9
300,2022-12-25 04:00:00,2022-12-24 17:00:00,12.3
300,2022-12-25 05:00:00,2022-12-24 18:00:00,11.7
300,2022-12-25 06:00:00,2022-12-24 19:00:00,11.2
300,2022-12-25 07:00:00,2022-12-24 20:00:00,11.8
300,2022-12-25 08:00:00,2022-12-24 21:00:00,14.1
300,2022-12-25 09:00:00,2022-12-24 22:00:00,18.5
300,2022-12-25 10:00:00,2022-12-24 23:00:00,21.8
300,2022-12-25 11:00:00,2022-12-25 00:00:00,26.0
300,2022-12-25 12:00:00,2022-12-25 01:00:00,29.7
300,2022-12-25 13:00:00,2022-12-25 02:00:00,31.2
300,2022-12-25 14:00:00,2022-12-25 03:00:00,32.2
300,2022-12-25 15:00:00,2022-12-25 04:00:00,32.9
300,2022-12-25 16:00:00,2022-12-25 05:00:00,33.5
300,2022-12-25 17:00:00,2022-12-25 06:00:00,33.6
300,2022-12-25 18:00:00,2022-12-25 07:00:00,33.5
300,2022-12-25 19:00:00,2022-12-25 08:00:00,32.1
300,2022-12-25 20:00:00,2022-12-25 09:00:00,29.2
300,2022-12-25 21:00:00,2022-12-25 10:00:00,25.7
300,2022-12-25 22:00:00,2022-12-25 11:00:00,23.2
300,2022-12-25 23:00:00,2022-12-25 12:00:00,21.6
300,2022-12-26 00:00:00,2022-12-25 13:00:00,19.9
300,2022-12-26 01:00:00,2022-12-25 14:00:00,18.9
300,2022-12-26 02:00:00,2022-12-25 15:00:00,18.0
300,2022-12-26 03:00:00,2022-12-25 16:00:00,17.4
300,2022-12-26 04:00:00,2022-12-25 17:00:00,17.0
300,2022-12-26 05:00:00,2022-12-25 18:00:00,16.8
300,2022-12-26 06:00:00,2022-12-25 19:00:00,16.4
300,2022-12-26 07:00:00,2022-12-25 20:00:00,17.1
300,2022-12-26 08:00:00,2022-12-25 21:00:00,18.6
300,2022-12-26 09:00:00,2022-12-25 22:00:00,22.6
300,2022-12-26 10:00:00,2022-12-25 23:00:00,26.7
300,2022-12-26 11:00:00,2022-12-26 00:00:00,29.5
300,2022-12-26 12:00:00,2022-12-26 01:00:00,32.4
300,2022-12-26 13:00:00,2022-12-26 02:00:00,32.3
300,2022-12-26 14:00:00,2022-12-26 03:00:00,28.8
300,2022-12-26 15:00:00,2022-12-26 04:00:00,29.0
300,2022-12-26 16:00:00,2022-12-26 05:00:00,29.0
300,2022-12-26 17:00:00,2022-12-26 06:00:00,29.6
300,2022-12-26 18:00:00,2022-12-26 07:00:00,26.6
300,2022-12-26 19:00:00,2022-12-26 08:00:00,25.5
300,2022-12-26 20:00:00,2022-12-26 09:00:00,23.4
300,2022-12-26 21:00:00,2022-12-26 10:00:00,21.4
300,2022-12-26 22:00:00,2022-12-26 11:00:00,19.7
300,2022-12-26 23:00:00,2022-12-26 12:00:00,19.4
300,2022-12-27 00:00:00,2022-12-26 13:00:00,19.0
300,2022-12-27 01:00:00,2022-12-26 14:00:00,18.6
300,2022-12-27 02:00:00,2022-12-26 15:00:00,18.3
300,2022-12-27 03:00:00,2022-12-26 16:00:00,18.1
300,2022-12-27 04:00:00,2022-12-26 17:00:00,17.6
300,2022-12-27 05:00:00,2022-12-26 18:00:00,16.7
300,2022-12-27 06:00:00,2022-12-26 19:00:00,16.8
300,2022-12-27 07:00:00,2022-12-26 20:00:00,17.4
300,2022-12-27 08:00:00,2022-12-26 21:00:00,19.7
300,2022-12-27 09:00:00,2022-12-26 22:00:00,24.0
300,2022-12-27 10:00:00,2022-12-26 23:00:00,28.7
300,2022-12-27 11:00:00,2022-12-27 00:00:00,32.6
300,2022-12-27 12:00:00,2022-12-27 01:00:00,33.5
300,2022-12-27 13:00:00,2022-12-27 02:00:00,34.7
300,2022-12-27 14:00:00,2022-12-27 03:00:00,35.8
300,2022-12-27 15:00:00,2022-12-27 04:00:00,36.4
300,2022-12-27 16:00:00,2022-12-27 05:00:00,36.5
300,2022-12-27 17:00:00,2022-12-27 06:00:00,37.2
300,2022-12-27 18:00:00,2022-12-27 07:00:00,36.4
300,2022-12-27 19:00:00,2022-12-27 08:00:00,35.5
300,2022-12-27 20:00:00,2022-12-27 09:00:00,34.4
300,2022-12-27 21:00:00,2022-12-27 10:00:00,30.9
300,2022-12-27 22:00:00,2022-12-27 11:00:00,28.9
300,2022-12-27 23:00:00,2022-12-27 12:00:00,28.2
300,2022-12-28 00:00:00,2022-12-27 13:00:00,27.9
300,2022-12-28 01:00:00,2022-12-27 14:00:00,27.6
300,2022-12-28 02:00:00,2022-12-27 15:00:00,28.0
300,2022-12-28 03:00:00,2022-12-27 16:00:00,28.2
300,2022-12-28 04:00:00,2022-12-27 17:00:00,29.4
300,2022-12-28 05:00:00,2022-12-27 18:00:00,29.4
300,2022-12-28 06:00:00,2022-12-27 19:00:00,28.7
300,2022-12-28 07:00:00,2022-12-27 20:00:00,28.1
300,2022-12-28 08:00:00,2022-12-27 21:00:00,27.4
300,2022-12-28 09:00:00,2022-12-27 22:00:00,27.3
300,2022-12-28 10:00:00,2022-12-27 23:00:00,24.5
300,2022-12-28 11:00:00,2022-12-28 00:00:00,25.7
300,2022-12-28 12:00:00,2022-12-28 01:00:00,20.7
300,2022-12-28 13:00:00,2022-12-28 02:00:00,20.2
300,2022-12-28 14:00:00,2022-12-28 03:00:00,19.6
300,2022-12-28 15:00:00,2022-12-28 04:00:00,18.0
300,2022-12-28 16:00:00,2022-12-28 05:00:00,17.0
300,2022-12-28 17:00:00,2022-12-28 06:00:00,16.8
300,2022-12-28 18:00:00,2022-12-28 07:00:00,16.1
300,2022-12-28 19:00:00,2022-12-28 08:00:00,15.9
300,2022-12-28 20:00:00,2022-12-28 09:00:00,16.3
300,2022-12-28 21:00:00,2022-12-28 10:00:00,16.4
300,2022-12-28 22:00:00,2022-12-28 11:00:00,16.1
300,2022-12-28 23:00:00,2022-12-28 12:00:00,15.9
300,2022-12-29 00:00:00,2022-12-28 13:00:00,15.6
300,2022-12-29 01:00:00,2022-12-28 14:00:00,15.2
300,2022-12-29 02:00:00,2022-12-28 15:00:00,14.4
300,2022-12-29 03:00:00,2022-12-28 16:00:00,13.5
300,2022-12-29 04:00:00,2022-12-28 17:00:00,13.1
300,2022-12-29 05:00:00,2022-12-28 18:00:00,13.6
300,2022-12-29 06:00:00,2022-12-28 19:00:00,13.5
300,2022-12-29 07:00:00,2022-12-28 20:00:00,13.7
300,2022-12-29 08:00:00,2022-12-28 21:00:00,14.5
300,2022-12-29 09:00:00,2022-12-28 22:00:00,15.2
300,2022-12-29 10:00:00,2022-12-28 23:00:00,15.5
300,2022-12-29 11:00:00,2022-12-29 00:00:00,16.9
300,2022-12-29 12:00:00,2022-12-29 01:00:00,18.2
300,2022-12-29 13:00:00,2022-12-29 02:00:00,19.2
300,2022-12-29 14:00:00,2022-12-29 03:00:00,18.6
300,2022-12-29 15:00:00,2022-12-29 04:00:00,18.9
300,2022-12-29 16:00:00,2022-12-29 05:00:00,18.7
300,2022-12-29 17:00:00,2022-12-29 06:00:00,18.5
300,2022-12-29 18:00:00,2022-12-29 07:00:00,17.7
300,2022-12-29 19:00:00,2022-12-29 08:00:00,17.5
300,2022-12-29 20:00:00,2022-12-29 09:00:00,17.0
300,2022-12-29 21:00:00,2022-12-29 10:00:00,15.3
300,2022-12-29 22:00:00,2022-12-29 11:00:00,15.1
300,2022-12-29 23:00:00,2022-12-29 12:00:00,14.9
300,2022-12-30 00:00:00,2022-12-29 13:00:00,14.7
300,2022-12-30 01:00:00,2022-12-29 14:00:00,13.7
300,2022-12-30 02:00:00,2022-12-29 15:00:00,12.8
300,2022-12-30 03:00:00,2022-12-29 16:00:00,11.9
300,2022-12-30 04:00:00,2022-12-29 17:00:00,11.7
300,2022-12-30 05:00:00,2022-12-29 18:00:00,10.5
300,2022-12-30 06:00:00,2022-12-29 19:00:00,10.6
300,2022-12-30 07:00:00,2022-12-29 20:00:00,11.2
300,2022-12-30 08:00:00,2022-12-29 21:00:00,13.5
300,2022-12-30 09:00:00,2022-12-29 22:00:00,18.3
300,2022-12-30 10:00:00,2022-12-29 23:00:00,18.8
300,2022-12-30 11:00:00,2022-12-30 00:00:00,22.7
300,2022-12-30 12:00:00,2022-12-30 01:00:00,24.9
300,2022-12-30 13:00:00,2022-12-30 02:00:00,28.5
300,2022-12-30 14:00:00,2022-12-30 03:00:00,26.7
300,2022-12-30 15:00:00,2022-12-30 04:00:00,27.0
300,2022-12-30 16:00:00,2022-12-30 05:00:00,29.2
300,2022-12-30 17:00:00,2022-12-30 06:00:00,27.2
300,2022-12-30 18:00:00,2022-12-30 07:00:00,26.9
300,2022-12-30 19:00:00,2022-12-30 08:00:00,26.3
300,2022-12-30 20:00:00,2022-12-30 09:00:00,24.6
300,2022-12-30 21:00:00,2022-12-30 10:00:00,22.2
300,2022-12-30 22:00:00,2022-12-30 11:00:00,21.3
300,2022-12-30 23:00:00,2022-12-30 12:00:00,20.4
300,2022-12-31 00:00:00,2022-12-30 13:00:00,19.4
300,2022-12-31 01:00:00,2022-12-30 14:00:00,18.8
300,2022-12-31 02:00:00,2022-12-30 15:00:00,18.8
300,2022-12-31 03:00:00,2022-12-30 16:00:00,18.5
300,2022-12-31 04:00:00,2022-12-30 17:00:00,18.4
300,2022-12-31 05:00:00,2022-12-30 18:00:00,18.1
300,2022-12-31 06:00:00,2022-12-30 19:00:00,17.5
300,2022-12-31 07:00:00,2022-12-30 20:00:00,17.4
300,2022-12-31 08:00:00,2022-12-30 21:00:00,18.0
300,2022-12-31 09:00:00,2022-12-30 22:00:00,21.2
300,2022-12-31 10:00:00,2022-12-30 23:00:00,22.5
300,2022-12-31 11:00:00,2022-12-31 00:00:00,24.6
300,2022-12-31 12:00:00,2022-12-31 01:00:00,27.4
300,2022-12-31 13:00:00,2022-12-31 02:00:00,28.6
300,2022-12-31 14:00:00,2022-12-31 03:00:00,29.5
300,2022-12-31 15:00:00,2022-12-31 04:00:00,29.9
300,2022-12-31 16:00:00,2022-12-31 05:00:00,29.8
300,2022-12-31 17:00:00,2022-12-31 06:00:00,30.1
300,2022-12-31 18:00:00,2022-12-31 07:00:00,30.1
300,2022-12-31 19:00:00,2022-12-31 08:00:00,29.7
300,2022-12-31 20:00:00,2022-12-31 09:00:00,28.5
300,2022-12-31 21:00:00,2022-12-31 10:00:00,25.9
300,2022-12-31 22:00:00,2022-12-31 11:00:00,24.4
300,2022-12-31 23:00:00,2022-12-31 12:00:00,23.6
300,2023-01-01 00:00:00,2022-12-31 13:00:00,21.6
300,2023-01-01 01:00:00,2022-12-31 14:00:00,19.9
300,2023-01-01 02:00:00,2022-12-31 15:00:00,19.0
300,2023-01-01 03:00:00,2022-12-31 16:00:00,18.4
300,2023-01-01 04:00:00,,18.0
300,2023-01-01 05:00:00,2022-12-31 18:00:00,17.6
300,2023-01-01 06:00:00,2022-12-31 19:00:00,17.0
300,2023-01-01 07:00:00,2022-12-31 20:00:00,17.4
300,2023-01-01 08:00:00,2022-12-31 21:00:00,19.7
300,2023-01-01 09:00:00,2022-12-31 22:00:00,25.3
300,2023-01-01 10:00:00,2022-12-31 23:00:00,29.2
300,2023-01-01 11:00:00,2023-01-01 00:00:00,30.7
300,2023-01-01 12:00:00,2023-01-01 01:00:00,32.0
300,2023-01-01 13:00:00,2023-01-01 02:00:00,33.0
300,2023-01-01 14:00:00,2023-01-01 03:00:00,35.1
300,2023-01-01 15:00:00,2023-01-01 04:00:00,34.6
300,2023-01-01 16:00:00,2023-01-01 05:00:00,34.2
300,2023-01-01 17:00:00,2023-01-01 06:00:00,33.8
300,2023-01-01 18:00:00,2023-01-01 07:00:00,35.2
300,2023-01-01 19:00:00,2023-01-01 08:00:00,33.8
300,2023-01-01 20:00:00,2023-01-01 09:00:00,32.9
300,2023-01-01 21:00:00,2023-01-01 10:00:00,29.8
300,2023-01-01 22:00:00,2023-01-01 11:00:00,27.7
300,2023-01-01 23:00:00,2023-01-01 12:00:00,26.6
300,2023-01-02 00:00:00,2023-01-01 13:00:00,25.6
300,2023-01-02 01:00:00,2023-01-01 14:00:00,26.6
300,2023-01-02 02:00:00,2023-01-01 15:00:00,24.0
300,2023-01-02 03:00:00,2023-01-01 16:00:00,24.1
300,2023-01-02 04:00:00,2023-01-01 17:00:00,24.1
300,2023-01-02 05:00:00,2023-01-01 18:00:00,24.2
300,2023-01-02 06:00:00,2023-01-01 19:00:00,26.4
300,2023-01-02 07:00:00,2023-01-01 20:00:00,25.7
300,2023-01-02 08:00:00,2023-01-01 21:00:00,28.2
300,2023-01-02 09:00:00,2023-01-01 22:00:00,28.9
300,2023-01-02 10:00:00,2023-01-01 23:00:00,28.4
300,2023-01-02 11:00:00,2023-01-02 00:00:00,29.3
300,2023-01-02 12:00:00,2023-01-02 01:00:00,30.0
300,2023-01-02 13:00:00,2023-01-02 02:00:00,30.7
300,2023-01-02 14:00:00,2023-01-02 03:00:00,30.1
300,2023-01-02 15:00:00,2023-01-02 04:00:00,30.0
300,2023-01-02 16:00:00,2023-01-02 05:00:00,26.5
300,2023-01-02 17:00:00,2023-01-02 06:00:00,23.2
300,2023-01-02 18:00:00,2023-01-02 07:00:00,20.4
300,2023-01-02 19:00:00,2023-01-02 08:00:00,20.5
300,2023-01-02 20:00:00,2023-01-02 09:00:00,19.2
300,2023-01-02 21:00:00,2023-01-02 10:00:00,18.6
300,2023-01-02 22:00:00,2023-01-02 11:00:00,17.9
300,2023-01-02 23:00:00,2023-01-02 12:00:00,17.8
300,2023-01-03 00:00:00,2023-01-02 13:00:00,17.7
300,2023-01-03 01:00:00,2023-01-02 14:00:00,17.5
300,2023-01-03 02:00:00,2023-01-02 15:00:00,17.3
300,2023-01-03 03:00:00,2023-01-02 16:00:00,17.2
300,2023-01-03 04:00:00,2023-01-02 17:00:00,17.1
300,2023-01-03 05:00:00,2023-01-02 18:00:00,16.9
300,2023-01-03 06:00:00,2023-01-02 19:00:00,16.7
300,2023-01-03 07:00:00,2023-01-02 20:00:00,15.8
300,2023-01-03 08:00:00,2023-01-02 21:00:00,15.5
300,2023-01-03 09:00:00,2023-01-02 22:00:00,16.7
300,2023-01-03 10:00:00,2023-01-02 23:00:00,17.1
300,2023-01-03 11:00:00,2023-01-03 00:00:00,17.1
300,2023-01-03 12:00:00,2023-01-03 01:00:00,19.1
300,2023-01-03 13:00:00,2023-01-03 02:00:00,19.7
300,2023-01-03 14:00:00,2023-01-03 03:00:00,18.9
300,2023-01-03 15:00:00,2023-01-03 04:00:00,20.4
300,2023-01-03 16:00:00,2023-01-03 05:00:00,20.1
300,2023-01-03 17:00:00,2023-01-03 06:00:00,20.9
300,2023-01-03 18:00:00,2023-01-03 07:00:00,19.6
300,2023-01-03 19:00:00,2023-01-03 08:00:00,20.1
300,2023-01-03 20:00:00,2023-01-03 09:00:00,17.4
300,2023-01-03 21:00:00,2023-01-03 10:00:00,16.4
300,2023-01-03 22:00:00,2023-01-03 11:00:00,15.6
300,2023-01-03 23:00:00,2023-01-03 12:00:00,15.3
300,2023-01-04 00:00:00,2023-01-03 13:00:00,15.0
300,2023-01-04 01:00:00,2023-01-03 14:00:00,14.8
300,2023-01-04 02:00:00,2023-01-03 15:00:00,14.8
300,2023-01-04 03:00:00,2023-01-03 16:00:00,14.4
300,2023-01-04 04:00:00,2023-01-03 17:00:00,14.3
300,2023-01-04 05:00:00,2023-01-03 18:00:00,14.2
300,2023-01-04 06:00:00,2023-01-03 19:00:00,14.3
300,2023-01-04 07:00:00,2023-01-03 20:00:00,14.2
300,2023-01-04 08:00:00,2023-01-03 21:00:00,14.7
300,2023-01-04 09:00:00,2023-01-03 22:00:00,14.3
300,2023-01-04 10:00:00,2023-01-03 23:00:00,15.6
300,2023-01-04 11:00:00,2023-01-04 00:00:00,17.0
300,2023-01-04 12:00:00,2023-01-04 01:00:00,15.6
300,2023-01-04 13:00:00,2023-01-04 02:00:00,14.2
300,2023-01-04 14:00:00,2023-01-04 03:00:00,13.8
300,2023-01-04 15:00:00,2023-01-04 04:00:00,15.2
300,2023-01-04 16:00:00,2023-01-04 05:00:00,16.2
300,2023-01-04 17:00:00,2023-01-04 06:00:00,16.0
300,2023-01-04 18:00:00,2023-01-04 07:00:00,14.3
300,2023-01-04 19:00:00,2023-01-04 08:00:00,13.8
300,2023-01-04 20:00:00,2023-01-04 09:00:00,14.5
300,2023-01-04 21:00:00,2023-01-04 10:00:00,14.5
300,2023-01-04 22:00:00,2023-01-04 11:00:00,15.0
300,2023-01-04 23:00:00,2023-01-04 12:00:00,14.7
300,2023-01-05 00:00:00,2023-01-04 13:00:00,14.3
300,2023-01-05 01:00:00,2023-01-04 14:00:00,13.8
300,2023-01-05 02:00:00,2023-01-04 15:00:00,13.5
300,2023-01-05 03:00:00,2023-01-04 16:00:00,13.8
300,2023-01-05 04:00:00,2023-01-04 17:00:00,13.9
300,2023-01-05 05:00:00,2023-01-04 18:00:00,13.3
300,2023-01-05 06:00:00,2023-01-04 19:00:00,13.0
300,2023-01-05 07:00:00,2023-01-04 20:00:00,13.6
300,2023-01-05 08:00:00,2023-01-04 21:00:00,15.1
300,2023-01-05 09:00:00,2023-01-04 22:00:00,17.4
300,2023-01-05 10:00:00,2023-01-04 23:00:00,19.1
300,2023-01-05 11:00:00,2023-01-05 00:00:00,21.0
300,2023-01-05 12:00:00,2023-01-05 01:00:00,21.6
300,2023-01-05 13:00:00,2023-01-05 02:00:00,23.8
300,2023-01-05 14:00:00,2023-01-05 03:00:00,23.7
300,2023-01-05 15:00:00,2023-01-05 04:00:00,23.3
300,2023-01-05 16:00:00,2023-01-05 05:00:00,22.2
300,2023-01-05 17:00:00,2023-01-05 06:00:00,21.2
300,2023-01-05 18:00:00,2023-01-05 07:00:00,21.3
300,2023-01-05 19:00:00,2023-01-05 08:00:00,20.9
300,2023-01-05 20:00:00,2023-01-05 09:00:00,20.0
300,2023-01-05 21:00:00,2023-01-05 10:00:00,18.5
300,2023-01-05 22:00:00,2023-01-05 11:00:00,17.5
300,2023-01-05 23:00:00,2023-01-05 12:00:00,16.5
300,2023-01-06 00:00:00,2023-01-05 13:00:00,15.3
300,2023-01-06 01:00:00,2023-01-05 14:00:00,14.9
300,2023-01-06 02:00:00,2023-01-05 15:00:00,14.0
300,2023-01-06 03:00:00,2023-01-05 16:00:00,13.3
300,2023-01-06 04:00:00,2023-01-05 17:00:00,12.3
300,2023-01-06 05:00:00,2023-01-05 18:00:00,11.5
300,2023-01-06 06:00:00,2023-01-05 19:00:00,11.4
300,2023-01-06 07:00:00,2023-01-05 20:00:00,12.4
300,2023-01-06 08:00:00,2023-01-05 21:00:00,14.1
300,2023-01-06 09:00:00,2023-01-05 22:00:00,16.3
300,2023-01-06 10:00:00,2023-01-05 23:00:00,19.2
300,2023-01-06 11:00:00,2023-01-06 00:00:00,21.9
300,2023-01-06 12:00:00,2023-01-06 01:00:00,22.9
300,2023-01-06 13:00:00,2023-01-06 02:00:00,23.7
300,2023-01-06 14:00:00,2023-01-06 03:00:00,25.2
300,2023-01-06 15:00:00,2023-01-06 04:00:00,26.1
300,2023-01-06 16:00:00,2023-01-06 05:00:00,25.7
300,2023-01-06 17:00:00,2023-01-06 06:00:00,25.5
300,2023-01-06 18:00:00,2023-01-06 07:00:00,25.1
300,2023-01-06 19:00:00,2023-01-06 08:00:00,24.6
300,2023-01-06 20:00:00,2023-01-06 09:00:00,22.5
300,2023-01-06 21:00:00,2023-01-06 10:00:00,19.8
300,2023-01-06 22:00:00,2023-01-06 11:00:00,17.9
300,2023-01-06 23:00:00,2023-01-06 12:00:00,16.6
300,2023-01-07 00:00:00,2023-01-06 13:00:00,15.7
300,2023-01-07 01:00:00,2023-01-06 14:00:00,15.0
300,2023-01-07 02:00:00,2023-01-06 15:00:00,14.3
300,2023-01-07 03:00:00,2023-01-06 16:00:00,13.3
300,2023-01-07 04:00:00,2023-01-06 17:00:00,12.7
300,2023-01-07 05:00:00,2023-01-06 18:00:00,11.5
300,2023-01-07 06:00:00,2023-01-06 19:00:00,11.1
300,2023-01-07 07:00:00,2023-01-06 20:00:00,11.3
300,2023-01-07 08:00:00,2023-01-06 21:00:00,14.3
300,2023-01-07 09:00:00,2023-01-06 22:00:00,18.8
300,2023-01-07 10:00:00,2023-01-06 23:00:00,21.7
300,2023-01-07 11:00:00,2023-01-07 00:00:00,23.7
300,2023-01-07 12:00:00,2023-01-07 01:00:00,25.5
300,2023-01-07 13:00:00,2023-01-07 02:00:00,27.6
300,2023-01-07 14:00:00,2023-01-07 03:00:00,29.6
300,2023-01-07 15:00:00,2023-01-07 04:00:00,29.3
300,2023-01-07 16:00:00,2023-01-07 05:00:00,29.1
300,2023-01-07 17:00:00,2023-01-07 06:00:00,29.8
300,2023-01-07 18:00:00,2023-01-07 07:00:00,29.2
300,2023-01-07 19:00:00,2023-01-07 08:00:00,28.2
300,2023-01-07 20:00:00,2023-01-07 09:00:00,26.6
300,2023-01-07 21:00:00,2023-01-07 10:00:00,23.5
300,2023-01-07 22:00:00,2023-01-07 11:00:00,21.5
300,2023-01-07 23:00:00,2023-01-07 12:00:00,20.1
300,2023-01-08 00:00:00,2023-01-07 13:00:00,18.5
300,2023-01-08 01:00:00,2023-01-07 14:00:00,18.2
300,2023-01-08 02:00:00,2023-01-07 15:00:00,16.5
300,2023-01-08 03:00:00,,15.2
300,2023-01-08 04:00:00,2023-01-07 17:00:00,13.9
300,2023-01-08 05:00:00,2023-01-07 18:00:00,13.7
300,2023-01-08 06:00:00,2023-01-07 19:00:00,12.4
300,2023-01-08 07:00:00,2023-01-07 20:00:00,12.9
300,2023-01-08 08:00:00,2023-01-07 21:00:00,15.5
300,2023-01-08 09:00:00,2023-01-07 22:00:00,21.2
300,2023-01-08 10:00:00,2023-01-07 23:00:00,22.1
300,2023-01-08 11:00:00,2023-01-08 00:00:00,25.6
300,2023-01-08 12:00:00,2023-01-08 01:00:00,28.1
300,2023-01-08 13:00:00,2023-01-08 02:00:00,29.6
300,2023-01-08 14:00:00,2023-01-08 03:00:00,30.9
300,2023-01-08 15:00:00,2023-01-08 04:00:00,32.5
300,2023-01-08 16:00:00,2023-01-08 05:00:00,32.5
300,2023-01-08 17:00:00,2023-01-08 06:00:00,32.5
300,2023-01-08 18:00:00,2023-01-08 07:00:00,32.7
300,2023-01-08 19:00:00,2023-01-08 08:00:00,31.9
300,2023-01-08 20:00:00,2023-01-08 09:00:00,30.0
300,2023-01-08 21:00:00,2023-01-08 10:00:00,26.7
300,2023-01-08 22:00:00,2023-01-08 11:00:00,25.3
300,2023-01-08 23:00:00,2023-01-08 12:00:00,24.5
300,2023-01-09 00:00:00,2023-01-08 13:00:00,21.4
300,2023-01-09 01:00:00,2023-01-08 14:00:00,19.5
300,2023-01-09 02:00:00,2023-01-08 15:00:00,18.3
300,2023-01-09 03:00:00,2023-01-08 16:00:00,17.3
300,2023-01-09 04:00:00,2023-01-08 17:00:00,16.8
300,2023-01-09 05:00:00,2023-01-08 18:00:00,16.4
300,2023-01-09 06:00:00,2023-01-08 19:00:00,15.0
300,2023-01-09 07:00:00,2023-01-08 20:00:00,16.4
300,2023-01-09 08:00:00,2023-01-08 21:00:00,18.9
300,2023-01-09 09:00:00,2023-01-08 22:00:00,23.2
300,2023-01-09 10:00:00,2023-01-08 23:00:00,25.4
300,2023-01-09 11:00:00,2023-01-09 00:00:00,27.8
300,2023-01-09 12:00:00,2023-01-09 01:00:00,26.8
300,2023-01-09 13:00:00,2023-01-09 02:00:00,27.3
300,2023-01-09 14:00:00,2023-01-09 03:00:00,27.0
300,2023-01-09 15:00:00,2023-01-09 04:00:00,26.2
300,2023-01-09 16:00:00,2023-01-09 05:00:00,25.3
300,2023-01-09 17:00:00,2023-01-09 06:00:00,23.6
300,2023-01-09 18:00:00,2023-01-09 07:00:00,23.1
300,2023-01-09 19:00:00,2023-01-09 08:00:00,21.2
300,2023-01-09 20:00:00,2023-01-09 09:00:00,20.5
300,2023-01-09 21:00:00,2023-01-09 10:00:00,19.0
300,2023-01-09 22:00:00,2023-01-09 11:00:00,18.7
300,2023-01-09 23:00:00,2023-01-09 12:00:00,18.4
300,2023-01-10 00:00:00,2023-01-09 13:00:00,18.0
300,2023-01-10 01:00:00,2023-01-09 14:00:00,17.7
300,2023-01-10 02:00:00,2023-01-09 15:00:00,17.3
300,2023-01-10 03:00:00,2023-01-09 16:00:00,16.7
300,2023-01-10 04:00:00,2023-01-09 17:00:00,16.5
300,2023-01-10 05:00:00,2023-01-09 18:00:00,16.5
300,2023-01-10 06:00:00,2023-01-09 19:00:00,16.3
300,2023-01-10 07:00:00,2023-01-09 20:00:00,16.3
300,2023-01-10 08:00:00,2023-01-09 21:00:00,16.2
300,2023-01-10 09:00:00,2023-01-09 22:00:00,16.5
300,2023-01-10 10:00:00,2023-01-09 23:00:00,17.7
300,2023-01-10 11:00:00,2023-01-10 00:00:00,18.3
300,2023-01-10 12:00:00,2023-01-10 01:00:00,19.7
300,2023-01-10 13:00:00,2023-01-10 02:00:00,21.2
300,2023-01-10 14:00:00,2023-01-10 03:00:00,23.7
300,2023-01-10 15:00:00,2023-01-10 04:00:00,24.9
300,2023-01-10 16:00:00,2023-01-10 05:00:00,23.9
300,2023-01-10 17:00:00,2023-01-10 06:00:00,24.3
300,2023-01-10 18:00:00,2023-01-10 07:00:00,23.7
300,2023-01-10 19:00:00,2023-01-10 08:00:00,23.2
300,2023-01-10 20:00:00,2023-01-10 09:00:00,21.3
300,2023-01-10 21:00:00,2023-01-10 10:00:00,19.4
300,2023-01-10 22:00:00,2023-01-10 11:00:00,18.9
300,2023-01-10 23:00:00,2023-01-10 12:00:00,18.5
300,2023-01-11 00:00:00,2023-01-10 13:00:00,17.7
300,2023-01-11 01:00:00,2023-01-10 14:00:00,17.3
300,2023-01-11 02:00:00,2023-01-10 15:00:00,16.4
300,2023-01-11 03:00:00,2023-01-10 16:00:00,15.5
300,2023-01-11 04:00:00,2023-01-10 17:00:00,15.4
300,2023-01-11 05:00:00,2023-01-10 18:00:00,14.8
300,2023-01-11 06:00:00,2023-01-10 19:00:00,14.3
300,2023-01-11 07:00:00,2023-01-10 20:00:00,14.3
300,2023-01-11 08:00:00,2023-01-10 21:00:00,16.7
300,2023-01-11 09:00:00,2023-01-10 22:00:00,20.9
300,2023-01-11 10:00:00,2023-01-10 23:00:00,22.6
300,2023-01-11 11:00:00,2023-01-11 00:00:00,25.2
300,2023-01-11 12:00:00,2023-01-11 01:00:00,27.4
300,2023-01-11 13:00:00,2023-01-11 02:00:00,30.9
300,2023-01-11 14:00:00,2023-01-11 03:00:00,32.7
300,2023-01-11 15:00:00,2023-01-11 04:00:00,33.6
300,2023-01-11 16:00:00,2023-01-11 05:00:00,34.2
300,2023-01-11 17:00:00,2023-01-11 06:00:00,34.3
300,2023-01-11 18:00:00,2023-01-11 07:00:00,32.2
300,2023-01-11 19:00:00,2023-01-11 08:00:00,31.8
300,2023-01-11 20:00:00,2023-01-11 09:00:00,28.2
300,2023-01-11 21:00:00,2023-01-11 10:00:00,24.5
300,2023-01-11 22:00:00,2023-01-11 11:00:00,22.8
300,2023-01-11 23:00:00,,22.1
300,2023-01-12 00:00:00,2023-01-11 13:00:00,21.4
300,2023-01-12 01:00:00,2023-01-11 14:00:00,20.6
300,2023-01-12 02:00:00,2023-01-11 15:00:00,19.6
300,2023-01-12 03:00:00,2023-01-11 16:00:00,18.9
300,2023-01-12 04:00:00,,18.4
300,2023-01-12 05:00:00,2023-01-11 18:00:00,17.9
300,2023-01-12 06:00:00,2023-01-11 19:00:00,17.3
300,2023-01-12 07:00:00,2023-01-11 20:00:00,17.5
300,2023-01-12 08:00:00,2023-01-11 21:00:00,19.1
300,2023-01-12 09:00:00,2023-01-11 22:00:00,19.7
300,2023-01-12 10:00:00,2023-01-11 23:00:00,19.8
300,2023-01-12 11:00:00,2023-01-12 00:00:00,18.9
300,2023-01-12 12:00:00,2023-01-12 01:00:00,20.0
300,2023-01-12 13:00:00,2023-01-12 02:00:00,22.4
300,2023-01-12 14:00:00,2023-01-12 03:00:00,25.0
300,2023-01-12 15:00:00,2023-01-12 04:00:00,26.3
300,2023-01-12 16:00:00,2023-01-12 05:00:00,26.0
300,2023-01-12 17:00:00,2023-01-12 06:00:00,26.7
300,2023-01-12 18:00:00,2023-01-12 07:00:00,26.6
300,2023-01-12 19:00:00,2023-01-12 08:00:00,26.5
300,2023-01-12 20:00:00,2023-01-12 09:00:00,23.4
300,2023-01-12 21:00:00,2023-01-12 10:00:00,20.6
300,2023-01-12 22:00:00,,19.95
300,2023-01-12 23:00:00,2023-01-12 12:00:00,19.3
300,2023-01-13 00:00:00,2023-01-12 13:00:00,19.2
300,2023-01-13 01:00:00,2023-01-12 14:00:00,18.9
300,2023-01-13 02:00:00,2023-01-12 15:00:00,18.8
300,2023-01-13 03:00:00,2023-01-12 16:00:00,18.8
300,2023-01-13 04:00:00,2023-01-12 17:00:00,18.8
300,2023-01-13 05:00:00,2023-01-12 18:00:00,18.9
300,2023-01-13 06:00:00,2023-01-12 19:00:00,19.1
300,2023-01-13 07:00:00,2023-01-12 20:00:00,18.7
300,2023-01-13 08:00:00,2023-01-12 21:00:00,19.2
300,2023-01-13 09:00:00,2023-01-12 22:00:00,19.9
300,2023-01-13 10:00:00,2023-01-12 23:00:00,21.1
300,2023-01-13 11:00:00,2023-01-13 00:00:00,21.4
300,2023-01-13 12:00:00,2023-01-13 01:00:00,21.8
300,2023-01-13 13:00:00,2023-01-13 02:00:00,23.4
300,2023-01-13 14:00:00,2023-01-13 03:00:00,26.9
300,2023-01-13 15:00:00,2023-01-13 04:00:00,26.7
300,2023-01-13 16:00:00,2023-01-13 05:00:00,27.6
300,2023-01-13 17:00:00,2023-01-13 06:00:00,26.5
300,2023-01-13 18:00:00,2023-01-13 07:00:00,26.7
300,2023-01-13 19:00:00,2023-01-13 08:00:00,25.7
300,2023-01-13 20:00:00,2023-01-13 09:00:00,23.8
300,2023-01-13 21:00:00,2023-01-13 10:00:00,22.1
300,2023-01-13 22:00:00,2023-01-13 11:00:00,21.2
300,2023-01-13 23:00:00,2023-01-13 12:00:00,20.7
300,2023-01-14 00:00:00,2023-01-13 13:00:00,20.3
300,2023-01-14 01:00:00,2023-01-13 14:00:00,20.3
300,2023-01-14 02:00:00,2023-01-13 15:00:00,20.3
300,2023-01-14 03:00:00,2023-01-13 16:00:00,20.3
300,2023-01-14 04:00:00,2023-01-13 17:00:00,20.4
300,2023-01-14 05:00:00,2023-01-13 18:00:00,20.1
300,2023-01-14 06:00:00,2023-01-13 19:00:00,19.8
300,2023-01-14 07:00:00,2023-01-13 20:00:00,19.9
300,2023-01-14 08:00:00,2023-01-13 21:00:00,20.6
300,2023-01-14 09:00:00,2023-01-13 22:00:00,22.2
300,2023-01-14 10:00:00,2023-01-13 23:00:00,25.1
300,2023-01-14 11:00:00,2023-01-14 00:00:00,29.1
300,2023-01-14 12:00:00,2023-01-14 01:00:00,32.3
300,2023-01-14 13:00:00,2023-01-14 02:00:00,34.5
300,2023-01-14 14:00:00,2023-01-14 03:00:00,34.7
300,2023-01-14 15:00:00,2023-01-14 04:00:00,35.9
300,2023-01-14 16:00:00,2023-01-14 05:00:00,37.0
300,2023-01-14 17:00:00,2023-01-14 06:00:00,36.1
300,2023-01-14 18:00:00,2023-01-14 07:00:00,37.1
300,2023-01-14 19:00:00,2023-01-14 08:00:00,36.9
300,2023-01-14 20:00:00,2023-01-14 09:00:00,36.0
300,2023-01-14 21:00:00,2023-01-14 10:00:00,33.6
300,2023-01-14 22:00:00,2023-01-14 11:00:00,30.9
300,2023-01-14 23:00:00,2023-01-14 12:00:00,25.8
300,2023-01-15 00:00:00,2023-01-14 13:00:00,22.9
300,2023-01-15 01:00:00,2023-01-14 14:00:00,22.1
300,2023-01-15 02:00:00,2023-01-14 15:00:00,22.6
300,2023-01-15 03:00:00,2023-01-14 16:00:00,21.3
300,2023-01-15 04:00:00,,20.3
300,2023-01-15 05:00:00,2023-01-14 18:00:00,19.3
300,2023-01-15 06:00:00,2023-01-14 19:00:00,17.4
300,2023-01-15 07:00:00,2023-01-14 20:00:00,18.0
300,2023-01-15 08:00:00,2023-01-14 21:00:00,18.1
300,2023-01-15 09:00:00,2023-01-14 22:00:00,17.3
300,2023-01-15 10:00:00,2023-01-14 23:00:00,18.0
300,2023-01-15 11:00:00,2023-01-15 00:00:00,18.7
300,2023-01-15 12:00:00,2023-01-15 01:00:00,19.5
300,2023-01-15 13:00:00,2023-01-15 02:00:00,20.5
300,2023-01-15 14:00:00,2023-01-15 03:00:00,19.2
300,2023-01-15 15:00:00,2023-01-15 04:00:00,19.8
300,2023-01-15 16:00:00,2023-01-15 05:00:00,21.1
300,2023-01-15 17:00:00,2023-01-15 06:00:00,20.8
300,2023-01-15 18:00:00,2023-01-15 07:00:00,21.0
300,2023-01-15 19:00:00,2023-01-15 08:00:00,19.8
300,2023-01-15 20:00:00,2023-01-15 09:00:00,18.1
300,2023-01-15 21:00:00,2023-01-15 10:00:00,16.0
300,2023-01-15 22:00:00,2023-01-15 11:00:00,15.2
300,2023-01-15 23:00:00,2023-01-15 12:00:00,14.6
300,2023-01-16 00:00:00,2023-01-15 13:00:00,14.9
300,2023-01-16 01:00:00,2023-01-15 14:00:00,14.4
300,2023-01-16 02:00:00,2023-01-15 15:00:00,13.9
300,2023-01-16 03:00:00,2023-01-15 16:00:00,13.5
300,2023-01-16 04:00:00,2023-01-15 17:00:00,13.7
300,2023-01-16 05:00:00,2023-01-15 18:00:00,14.1
300,2023-01-16 06:00:00,2023-01-15 19:00:00,14.0
300,2023-01-16 07:00:00,2023-01-15 20:00:00,12.5
300,2023-01-16 08:00:00,2023-01-15 21:00:00,12.9
300,2023-01-16 09:00:00,2023-01-15 22:00:00,15.4
300,2023-01-16 10:00:00,2023-01-15 23:00:00,17.4
300,2023-01-16 11:00:00,2023-01-16 00:00:00,20.9
300,2023-01-16 12:00:00,2023-01-16 01:00:00,22.5
300,2023-01-16 13:00:00,2023-01-16 02:00:00,24.3
300,2023-01-16 14:00:00,2023-01-16 03:00:00,27.1
300,2023-01-16 15:00:00,2023-01-16 04:00:00,28.6
300,2023-01-16 16:00:00,2023-01-16 05:00:00,28.7
300,2023-01-16 17:00:00,2023-01-16 06:00:00,29.1
300,2023-01-16 18:00:00,2023-01-16 07:00:00,29.4
300,2023-01-16 19:00:00,2023-01-16 08:00:00,29.7
300,2023-01-16 20:00:00,2023-01-16 09:00:00,27.0
300,2023-01-16 21:00:00,2023-01-16 10:00:00,24.7
300,2023-01-16 22:00:00,2023-01-16 11:00:00,23.0
300,2023-01-16 23:00:00,2023-01-16 12:00:00,21.9
300,2023-01-17 00:00:00,2023-01-16 13:00:00,21.7
300,2023-01-17 01:00:00,2023-01-16 14:00:00,21.4
300,2023-01-17 02:00:00,2023-01-16 15:00:00,20.6
300,2023-01-17 03:00:00,2023-01-16 16:00:00,20.2
300,2023-01-17 04:00:00,2023-01-16 17:00:00,20.3
300,2023-01-17 05:00:00,2023-01-16 18:00:00,20.0
300,2023-01-17 06:00:00,2023-01-16 19:00:00,19.7
300,2023-01-17 07:00:00,2023-01-16 20:00:00,19.7
300,2023-01-17 08:00:00,2023-01-16 21:00:00,21.9
300,2023-01-17 09:00:00,2023-01-16 22:00:00,27.5
300,2023-01-17 10:00:00,2023-01-16 23:00:00,29.2
300,2023-01-17 11:00:00,2023-01-17 00:00:00,31.2
300,2023-01-17 12:00:00,2023-01-17 01:00:00,32.6
300,2023-01-17 13:00:00,2023-01-17 02:00:00,33.1
300,2023-01-17 14:00:00,2023-01-17 03:00:00,34.2
300,2023-01-17 15:00:00,2023-01-17 04:00:00,36.0
300,2023-01-17 16:00:00,2023-01-17 05:00:00,37.8
300,2023-01-17 17:00:00,2023-01-17 06:00:00,35.7
300,2023-01-17 18:00:00,2023-01-17 07:00:00,36.0
300,2023-01-17 19:00:00,2023-01-17 08:00:00,35.2
300,2023-01-17 20:00:00,2023-01-17 09:00:00,33.6
300,2023-01-17 21:00:00,2023-01-17 10:00:00,22.8
300,2023-01-17 22:00:00,2023-01-17 11:00:00,23.6
300,2023-01-17 23:00:00,2023-01-17 12:00:00,22.9
300,2023-01-18 00:00:00,2023-01-17 13:00:00,22.6
300,2023-01-18 01:00:00,2023-01-17 14:00:00,22.0
300,2023-01-18 02:00:00,2023-01-17 15:00:00,20.7
300,2023-01-18 03:00:00,2023-01-17 16:00:00,20.1
300,2023-01-18 04:00:00,2023-01-17 17:00:00,19.6
300,2023-01-18 05:00:00,2023-01-17 18:00:00,19.6
300,2023-01-18 06:00:00,2023-01-17 19:00:00,19.7
300,2023-01-18 07:00:00,2023-01-17 20:00:00,19.9
300,2023-01-18 08:00:00,2023-01-17 21:00:00,20.5
300,2023-01-18 09:00:00,2023-01-17 22:00:00,20.1
300,2023-01-18 10:00:00,2023-01-17 23:00:00,18.8
300,2023-01-18 11:00:00,2023-01-18 00:00:00,17.9
300,2023-01-18 12:00:00,2023-01-18 01:00:00,17.3
300,2023-01-18 13:00:00,2023-01-18 02:00:00,16.6
300,2023-01-18 14:00:00,2023-01-18 03:00:00,16.2
300,2023-01-18 15:00:00,2023-01-18 04:00:00,16.0
300,2023-01-18 16:00:00,2023-01-18 05:00:00,15.3
300,2023-01-18 17:00:00,2023-01-18 06:00:00,15.0
300,2023-01-18 18:00:00,2023-01-18 07:00:00,14.7
300,2023-01-18 19:00:00,2023-01-18 08:00:00,13.9
300,2023-01-18 20:00:00,2023-01-18 09:00:00,14.1
300,2023-01-18 21:00:00,2023-01-18 10:00:00,14.1
300,2023-01-18 22:00:00,2023-01-18 11:00:00,14.5
300,2023-01-18 23:00:00,2023-01-18 12:00:00,14.5
300,2023-01-19 00:00:00,2023-01-18 13:00:00,14.2
300,2023-01-19 01:00:00,2023-01-18 14:00:00,14.2
300,2023-01-19 02:00:00,2023-01-18 15:00:00,14.3
300,2023-01-19 03:00:00,2023-01-18 16:00:00,14.1
300,2023-01-19 04:00:00,2023-01-18 17:00:00,12.6
300,2023-01-19 05:00:00,2023-01-18 18:00:00,12.3
300,2023-01-19 06:00:00,2023-01-18 19:00:00,13.4
300,2023-01-19 07:00:00,2023-01-18 20:00:00,13.3
300,2023-01-19 08:00:00,2023-01-18 21:00:00,15.0
300,2023-01-19 09:00:00,2023-01-18 22:00:00,16.1
300,2023-01-19 10:00:00,2023-01-18 23:00:00,15.4
300,2023-01-19 11:00:00,2023-01-19 00:00:00,18.1
300,2023-01-19 12:00:00,2023-01-19 01:00:00,19.5
300,2023-01-19 13:00:00,2023-01-19 02:00:00,17.9
300,2023-01-19 14:00:00,2023-01-19 03:00:00,17.4
300,2023-01-19 15:00:00,2023-01-19 04:00:00,17.4
300,2023-01-19 16:00:00,2023-01-19 05:00:00,17.7
300,2023-01-19 17:00:00,2023-01-19 06:00:00,18.8
300,2023-01-19 18:00:00,2023-01-19 07:00:00,17.0
300,2023-01-19 19:00:00,2023-01-19 08:00:00,16.7
300,2023-01-19 20:00:00,2023-01-19 09:00:00,15.8
300,2023-01-19 21:00:00,2023-01-19 10:00:00,15.4
300,2023-01-19 22:00:00,2023-01-19 11:00:00,15.1
300,2023-01-19 23:00:00,2023-01-19 12:00:00,14.8
300,2023-01-20 00:00:00,2023-01-19 13:00:00,14.8
300,2023-01-20 01:00:00,2023-01-19 14:00:00,14.8
300,2023-01-20 02:00:00,2023-01-19 15:00:00,14.6
300,2023-01-20 03:00:00,2023-01-19 16:00:00,14.6
300,2023-01-20 04:00:00,2023-01-19 17:00:00,14.5
300,2023-01-20 05:00:00,2023-01-19 18:00:00,14.4
300,2023-01-20 06:00:00,2023-01-19 19:00:00,14.0
300,2023-01-20 07:00:00,2023-01-19 20:00:00,13.8
300,2023-01-20 08:00:00,2023-01-19 21:00:00,15.0
300,2023-01-20 09:00:00,2023-01-19 22:00:00,18.2
300,2023-01-20 10:00:00,2023-01-19 23:00:00,18.5
300,2023-01-20 11:00:00,2023-01-20 00:00:00,19.7
300,2023-01-20 12:00:00,2023-01-20 01:00:00,21.4
300,2023-01-20 13:00:00,2023-01-20 02:00:00,21.5
300,2023-01-20 14:00:00,2023-01-20 03:00:00,22.1
300,2023-01-20 15:00:00,2023-01-20 04:00:00,23.0
300,2023-01-20 16:00:00,2023-01-20 05:00:00,23.2
300,2023-01-20 17:00:00,2023-01-20 06:00:00,22.4
300,2023-01-20 18:00:00,2023-01-20 07:00:00,22.3
300,2023-01-20 19:00:00,2023-01-20 08:00:00,21.6
300,2023-01-20 20:00:00,2023-01-20 09:00:00,20.3
300,2023-01-20 21:00:00,2023-01-20 10:00:00,17.9
300,2023-01-20 22:00:00,2023-01-20 11:00:00,16.9
300,2023-01-20 23:00:00,2023-01-20 12:00:00,16.8
300,2023-01-21 00:00:00,2023-01-20 13:00:00,16.2
300,2023-01-21 01:00:00,2023-01-20 14:00:00,15.6
300,2023-01-21 02:00:00,2023-01-20 15:00:00,14.9
300,2023-01-21 03:00:00,2023-01-20 16:00:00,14.2
300,2023-01-21 04:00:00,2023-01-20 17:00:00,13.3
300,2023-01-21 05:00:00,2023-01-20 18:00:00,12.7
300,2023-01-21 06:00:00,2023-01-20 19:00:00,12.1
300,2023-01-21 07:00:00,2023-01-20 20:00:00,12.6
300,2023-01-21 08:00:00,,14.45
300,2023-01-21 09:00:00,2023-01-20 22:00:00,16.3
300,2023-01-21 10:00:00,2023-01-20 23:00:00,19.0
300,2023-01-21 11:00:00,2023-01-21 00:00:00,21.6
300,2023-01-21 12:00:00,2023-01-21 01:00:00,23.5
300,2023-01-21 13:00:00,2023-01-21 02:00:00,26.2
300,2023-01-21 14:00:00,2023-01-21 03:00:00,25.0
300,2023-01-21 15:00:00,2023-01-21 04:00:00,25.8
300,2023-01-21 16:00:00,2023-01-21 05:00:00,25.4
300,2023-01-21 17:00:00,2023-01-21 06:00:00,24.3
300,2023-01-21 18:00:00,2023-01-21 07:00:00,24.3
300,2023-01-21 19:00:00,2023-01-21 08:00:00,21.5
300,2023-01-21 20:00:00,2023-01-21 09:00:00,22.1
300,2023-01-21 21:00:00,2023-01-21 10:00:00,20.1
300,2023-01-21 22:00:00,2023-01-21 11:00:00,18.9
300,2023-01-21 23:00:00,2023-01-21 12:00:00,18.3
300,2023-01-22 00:00:00,2023-01-21 13:00:00,18.0
300,2023-01-22 01:00:00,2023-01-21 14:00:00,17.8
300,2023-01-22 02:00:00,2023-01-21 15:00:00,17.3
300,2023-01-22 03:00:00,2023-01-21 16:00:00,16.6
300,2023-01-22 04:00:00,2023-01-21 17:00:00,16.5
300,2023-01-22 05:00:00,2023-01-21 18:00:00,17.0
300,2023-01-22 06:00:00,2023-01-21 19:00:00,17.1
300,2023-01-22 07:00:00,2023-01-21 20:00:00,17.1
300,2023-01-22 08:00:00,2023-01-21 21:00:00,18.0
300,2023-01-22 09:00:00,2023-01-21 22:00:00,20.2
300,2023-01-22 10:00:00,2023-01-21 23:00:00,22.0
300,2023-01-22 11:00:00,2023-01-22 00:00:00,23.0
300,2023-01-22 12:00:00,2023-01-22 01:00:00,24.7
300,2023-01-22 13:00:00,2023-01-22 02:00:00,24.6
300,2023-01-22 14:00:00,2023-01-22 03:00:00,25.5
300,2023-01-22 15:00:00,2023-01-22 04:00:00,25.7
300,2023-01-22 16:00:00,2023-01-22 05:00:00,25.3
300,2023-01-22 17:00:00,2023-01-22 06:00:00,25.1
300,2023-01-22 18:00:00,2023-01-22 07:00:00,25.0
300,2023-01-22 19:00:00,2023-01-22 08:00:00,23.3
300,2023-01-22 20:00:00,2023-01-22 09:00:00,21.5
300,2023-01-22 21:00:00,2023-01-22 10:00:00,20.0
300,2023-01-22 22:00:00,2023-01-22 11:00:00,19.2
300,2023-01-22 23:00:00,2023-01-22 12:00:00,18.7
300,2023-01-23 00:00:00,2023-01-22 13:00:00,18.6
300,2023-01-23 01:00:00,2023-01-22 14:00:00,17.7
300,2023-01-23 02:00:00,,17.95
300,2023-01-23 03:00:00,2023-01-22 16:00:00,18.2
300,2023-01-23 04:00:00,2023-01-22 17:00:00,18.0
300,2023-01-23 05:00:00,2023-01-22 18:00:00,17.9
300,2023-01-23 06:00:00,2023-01-22 19:00:00,17.8
300,2023-01-23 07:00:00,2023-01-22 20:00:00,17.9
300,2023-01-23 08:00:00,2023-01-22 21:00:00,18.7
300,2023-01-23 09:00:00,2023-01-22 22:00:00,19.6
300,2023-01-23 10:00:00,2023-01-22 23:00:00,22.4
300,2023-01-23 11:00:00,2023-01-23 00:00:00,23.4
300,2023-01-23 12:00:00,2023-01-23 01:00:00,24.5
300,2023-01-23 13:00:00,2023-01-23 02:00:00,27.0
300,2023-01-23 14:00:00,2023-01-23 03:00:00,27.3
300,2023-01-23 15:00:00,2023-01-23 04:00:00,29.0
300,2023-01-23 16:00:00,2023-01-23 05:00:00,29.1
300,2023-01-23 17:00:00,2023-01-23 06:00:00,29.4
300,2023-01-23 18:00:00,2023-01-23 07:00:00,28.4
300,2023-01-23 19:00:00,2023-01-23 08:00:00,27.9
300,2023-01-23 20:00:00,2023-01-23 09:00:00,26.3
300,2023-01-23 21:00:00,2023-01-23 10:00:00,24.1
300,2023-01-23 22:00:00,2023-01-23 11:00:00,22.9
300,2023-01-23 23:00:00,2023-01-23 12:00:00,21.3
300,2023-01-24 00:00:00,2023-01-23 13:00:00,20.3
300,2023-01-24 01:00:00,2023-01-23 14:00:00,19.3
300,2023-01-24 02:00:00,2023-01-23 15:00:00,17.9
300,2023-01-24 03:00:00,2023-01-23 16:00:00,17.3
300,2023-01-24 04:00:00,2023-01-23 17:00:00,16.9
300,2023-01-24 05:00:00,2023-01-23 18:00:00,15.9
300,2023-01-24 06:00:00,2023-01-23 19:00:00,15.1
300,2023-01-24 07:00:00,2023-01-23 20:00:00,14.9
300,2023-01-24 08:00:00,2023-01-23 21:00:00,16.8
300,2023-01-24 09:00:00,2023-01-23 22:00:00,18.2
300,2023-01-24 10:00:00,2023-01-23 23:00:00,20.3
300,2023-01-24 11:00:00,2023-01-24 00:00:00,22.9
300,2023-01-24 12:00:00,2023-01-24 01:00:00,23.9
300,2023-01-24 13:00:00,2023-01-24 02:00:00,21.8
300,2023-01-24 14:00:00,2023-01-24 03:00:00,24.2
300,2023-01-24 15:00:00,2023-01-24 04:00:00,27.4
300,2023-01-24 16:00:00,2023-01-24 05:00:00,27.3
300,2023-01-24 17:00:00,2023-01-24 06:00:00,18.9
300,2023-01-24 18:00:00,2023-01-24 07:00:00,19.0
300,2023-01-24 19:00:00,2023-01-24 08:00:00,17.7
300,2023-01-24 20:00:00,2023-01-24 09:00:00,18.8
300,2023-01-24 21:00:00,2023-01-24 10:00:00,17.8
300,2023-01-24 22:00:00,2023-01-24 11:00:00,17.2
300,2023-01-24 23:00:00,2023-01-24 12:00:00,16.4
300,2023-01-25 00:00:00,2023-01-24 13:00:00,16.3
300,2023-01-25 01:00:00,2023-01-24 14:00:00,16.0
300,2023-01-25 02:00:00,2023-01-24 15:00:00,15.5
300,2023-01-25 03:00:00,2023-01-24 16:00:00,15.1
300,2023-01-25 04:00:00,2023-01-24 17:00:00,14.8
300,2023-01-25 05:00:00,2023-01-24 18:00:00,15.0
300,2023-01-25 06:00:00,2023-01-24 19:00:00,15.3
300,2023-01-25 07:00:00,2023-01-24 20:00:00,15.5
300,2023-01-25 08:00:00,2023-01-24 21:00:00,16.0
300,2023-01-25 09:00:00,2023-01-24 22:00:00,19.6
300,2023-01-25 10:00:00,2023-01-24 23:00:00,21.5
300,2023-01-25 11:00:00,2023-01-25 00:00:00,24.7
300,2023-01-25 12:00:00,2023-01-25 01:00:00,27.6
300,2023-01-25 13:00:00,2023-01-25 02:00:00,30.2
300,2023-01-25 14:00:00,2023-01-25 03:00:00,29.2
300,2023-01-25 15:00:00,2023-01-25 04:00:00,30.1
300,2023-01-25 16:00:00,2023-01-25 05:00:00,31.8
300,2023-01-25 17:00:00,2023-01-25 06:00:00,30.3
300,2023-01-25 18:00:00,2023-01-25 07:00:00,31.1
300,2023-01-25 19:00:00,,27.5
300,2023-01-25 20:00:00,2023-01-25 09:00:00,23.9
300,2023-01-25 21:00:00,2023-01-25 10:00:00,21.4
300,2023-01-25 22:00:00,2023-01-25 11:00:00,19.4
300,2023-01-25 23:00:00,2023-01-25 12:00:00,19.0
300,2023-01-26 00:00:00,2023-01-25 13:00:00,18.8
300,2023-01-26 01:00:00,2023-01-25 14:00:00,18.7
300,2023-01-26 02:00:00,2023-01-25 15:00:00,18.4
300,2023-01-26 03:00:00,2023-01-25 16:00:00,17.6
300,2023-01-26 04:00:00,2023-01-25 17:00:00,16.8
300,2023-01-26 05:00:00,2023-01-25 18:00:00,16.4
300,2023-01-26 06:00:00,2023-01-25 19:00:00,15.8
300,2023-01-26 07:00:00,2023-01-25 20:00:00,15.0
300,2023-01-26 08:00:00,2023-01-25 21:00:00,16.3
300,2023-01-26 09:00:00,2023-01-25 22:00:00,17.9
300,2023-01-26 10:00:00,2023-01-25 23:00:00,18.2
300,2023-01-26 11:00:00,2023-01-26 00:00:00,19.2
300,2023-01-26 12:00:00,2023-01-26 01:00:00,21.4
300,2023-01-26 13:00:00,2023-01-26 02:00:00,22.0
300,2023-01-26 14:00:00,2023-01-26 03:00:00,23.3
300,2023-01-26 15:00:00,2023-01-26 04:00:00,23.6
300,2023-01-26 16:00:00,2023-01-26 05:00:00,23.4
300,2023-01-26 17:00:00,2023-01-26 06:00:00,22.8
300,2023-01-26 18:00:00,2023-01-26 07:00:00,22.2
300,2023-01-26 19:00:00,2023-01-26 08:00:00,21.4
300,2023-01-26 20:00:00,2023-01-26 09:00:00,19.8
300,2023-01-26 21:00:00,2023-01-26 10:00:00,17.7
300,2023-01-26 22:00:00,2023-01-26 11:00:00,16.5
300,2023-01-26 23:00:00,2023-01-26 12:00:00,15.7
300,2023-01-27 00:00:00,2023-01-26 13:00:00,14.9
300,2023-01-27 01:00:00,2023-01-26 14:00:00,14.1
300,2023-01-27 02:00:00,2023-01-26 15:00:00,13.5
300,2023-01-27 03:00:00,2023-01-26 16:00:00,13.5
300,2023-01-27 04:00:00,2023-01-26 17:00:00,12.8
300,2023-01-27 05:00:00,2023-01-26 18:00:00,12.4
300,2023-01-27 06:00:00,2023-01-26 19:00:00,12.2
300,2023-01-27 07:00:00,2023-01-26 20:00:00,11.8
300,2023-01-27 08:00:00,2023-01-26 21:00:00,13.3
300,2023-01-27 09:00:00,2023-01-26 22:00:00,15.2
300,2023-01-27 10:00:00,2023-01-26 23:00:00,16.5
300,2023-01-27 11:00:00,2023-01-27 00:00:00,20.2
300,2023-01-27 12:00:00,2023-01-27 01:00:00,22.9
300,2023-01-27 13:00:00,2023-01-27 02:00:00,24.5
300,2023-01-27 14:00:00,2023-01-27 03:00:00,26.6
300,2023-01-27 15:00:00,2023-01-27 04:00:00,28.5
300,2023-01-27 16:00:00,2023-01-27 05:00:00,29.6
300,2023-01-27 17:00:00,2023-01-27 06:00:00,30.1
300,2023-01-27 18:00:00,2023-01-27 07:00:00,31.0
300,2023-01-27 19:00:00,2023-01-27 08:00:00,30.2
300,2023-01-27 20:00:00,2023-01-27 09:00:00,29.0
300,2023-01-27 21:00:00,2023-01-27 10:00:00,24.6
300,2023-01-27 22:00:00,2023-01-27 11:00:00,22.6
300,2023-01-27 23:00:00,2023-01-27 12:00:00,20.6
300,2023-01-28 00:00:00,2023-01-27 13:00:00,20.0
300,2023-01-28 01:00:00,2023-01-27 14:00:00,18.3
300,2023-01-28 02:00:00,2023-01-27 15:00:00,16.5
300,2023-01-28 03:00:00,2023-01-27 16:00:00,14.1
300,2023-01-28 04:00:00,2023-01-27 17:00:00,13.4
300,2023-01-28 05:00:00,2023-01-27 18:00:00,14.0
300,2023-01-28 06:00:00,2023-01-27 19:00:00,12.3
300,2023-01-28 07:00:00,2023-01-27 20:00:00,12.4
300,2023-01-28 08:00:00,2023-01-27 21:00:00,16.9
300,2023-01-28 09:00:00,2023-01-27 22:00:00,22.5
300,2023-01-28 10:00:00,2023-01-27 23:00:00,27.7
300,2023-01-28 11:00:00,2023-01-28 00:00:00,29.2
300,2023-01-28 12:00:00,2023-01-28 01:00:00,29.9
300,2023-01-28 13:00:00,2023-01-28 02:00:00,32.7
300,2023-01-28 14:00:00,2023-01-28 03:00:00,32.7
300,2023-01-28 15:00:00,2023-01-28 04:00:00,34.6
300,2023-01-28 16:00:00,2023-01-28 05:00:00,34.3
300,2023-01-28 17:00:00,2023-01-28 06:00:00,31.0
300,2023-01-28 18:00:00,2023-01-28 07:00:00,27.6
300,2023-01-28 19:00:00,2023-01-28 08:00:00,25.1
300,2023-01-28 20:00:00,2023-01-28 09:00:00,22.2
300,2023-01-28 21:00:00,2023-01-28 10:00:00,21.1
300,2023-01-28 22:00:00,2023-01-28 11:00:00,21.1
300,2023-01-28 23:00:00,2023-01-28 12:00:00,20.8
300,2023-01-29 00:00:00,2023-01-28 13:00:00,20.4
300,2023-01-29 01:00:00,2023-01-28 14:00:00,19.7
300,2023-01-29 02:00:00,2023-01-28 15:00:00,19.4
300,2023-01-29 03:00:00,2023-01-28 16:00:00,19.2
300,2023-01-29 04:00:00,2023-01-28 17:00:00,19.5
300,2023-01-29 05:00:00,2023-01-28 18:00:00,19.5
300,2023-01-29 06:00:00,2023-01-28 19:00:00,19.4
300,2023-01-29 07:00:00,2023-01-28 20:00:00,18.9
300,2023-01-29 08:00:00,2023-01-28 21:00:00,19.1
300,2023-01-29 09:00:00,2023-01-28 22:00:00,20.1
300,2023-01-29 10:00:00,2023-01-28 23:00:00,20.9
300,2023-01-29 11:00:00,2023-01-29 00:00:00,22.0
300,2023-01-29 12:00:00,2023-01-29 01:00:00,23.0
300,2023-01-29 13:00:00,2023-01-29 02:00:00,23.9
300,2023-01-29 14:00:00,2023-01-29 03:00:00,22.6
300,2023-01-29 15:00:00,2023-01-29 04:00:00,23.3
300,2023-01-29 16:00:00,2023-01-29 05:00:00,22.6
300,2023-01-29 17:00:00,2023-01-29 06:00:00,21.4
300,2023-01-29 18:00:00,2023-01-29 07:00:00,21.2
300,2023-01-29 19:00:00,2023-01-29 08:00:00,20.8
300,2023-01-29 20:00:00,2023-01-29 09:00:00,20.1
300,2023-01-29 21:00:00,2023-01-29 10:00:00,19.2
300,2023-01-29 22:00:00,2023-01-29 11:00:00,18.4
300,2023-01-29 23:00:00,2023-01-29 12:00:00,18.3
300,2023-01-30 00:00:00,2023-01-29 13:00:00,18.2
300,2023-01-30 01:00:00,2023-01-29 14:00:00,18.0
300,2023-01-30 02:00:00,2023-01-29 15:00:00,17.8
300,2023-01-30 03:00:00,2023-01-29 16:00:00,17.6
300,2023-01-30 04:00:00,2023-01-29 17:00:00,17.6
300,2023-01-30 05:00:00,2023-01-29 18:00:00,17.4
300,2023-01-30 06:00:00,2023-01-29 19:00:00,17.3
300,2023-01-30 07:00:00,2023-01-29 20:00:00,17.2
300,2023-01-30 08:00:00,2023-01-29 21:00:00,17.4
300,2023-01-30 09:00:00,2023-01-29 22:00:00,17.8
300,2023-01-30 10:00:00,2023-01-29 23:00:00,18.7
300,2023-01-30 11:00:00,2023-01-30 00:00:00,20.0
300,2023-01-30 12:00:00,2023-01-30 01:00:00,20.4
300,2023-01-30 13:00:00,2023-01-30 02:00:00,21.4
300,2023-01-30 14:00:00,2023-01-30 03:00:00,21.7
300,2023-01-30 15:00:00,2023-01-30 04:00:00,21.7
300,2023-01-30 16:00:00,2023-01-30 05:00:00,20.9
300,2023-01-30 17:00:00,2023-01-30 06:00:00,21.7
300,2023-01-30 18:00:00,2023-01-30 07:00:00,20.7
300,2023-01-30 19:00:00,2023-01-30 08:00:00,20.5
300,2023-01-30 20:00:00,2023-01-30 09:00:00,18.9
300,2023-01-30 21:00:00,2023-01-30 10:00:00,18.0
300,2023-01-30 22:00:00,2023-01-30 11:00:00,16.7
300,2023-01-30 23:00:00,2023-01-30 12:00:00,15.8
300,2023-01-31 00:00:00,2023-01-30 13:00:00,15.0
300,2023-01-31 01:00:00,2023-01-30 14:00:00,14.6
300,2023-01-31 02:00:00,2023-01-30 15:00:00,14.2
300,2023-01-31 03:00:00,2023-01-30 16:00:00,14.2
300,2023-01-31 04:00:00,2023-01-30 17:00:00,14.6
300,2023-01-31 05:00:00,2023-01-30 18:00:00,14.5
300,2023-01-31 06:00:00,2023-01-30 19:00:00,15.0
300,2023-01-31 07:00:00,2023-01-30 20:00:00,15.3
300,2023-01-31 08:00:00,2023-01-30 21:00:00,16.3
300,2023-01-31 09:00:00,2023-01-30 22:00:00,18.4
300,2023-01-31 10:00:00,2023-01-30 23:00:00,19.2
300,2023-01-31 11:00:00,2023-01-31 00:00:00,20.2
300,2023-01-31 12:00:00,2023-01-31 01:00:00,20.5
300,2023-01-31 13:00:00,2023-01-31 02:00:00,22.2
300,2023-01-31 14:00:00,2023-01-31 03:00:00,22.7
300,2023-01-31 15:00:00,2023-01-31 04:00:00,23.2
300,2023-01-31 16:00:00,2023-01-31 05:00:00,23.4
300,2023-01-31 17:00:00,2023-01-31 06:00:00,23.9
300,2023-01-31 18:00:00,2023-01-31 07:00:00,22.8
300,2023-01-31 19:00:00,2023-01-31 08:00:00,22.3
300,2023-01-31 20:00:00,2023-01-31 09:00:00,21.0
300,2023-01-31 21:00:00,2023-01-31 10:00:00,18.4
300,2023-01-31 22:00:00,2023-01-31 11:00:00,17.5
300,2023-01-31 23:00:00,2023-01-31 12:00:00,16.5
300,2023-02-01 00:00:00,2023-01-31 13:00:00,15.5
300,2023-02-01 01:00:00,2023-01-31 14:00:00,14.6
300,2023-02-01 02:00:00,2023-01-31 15:00:00,14.0
300,2023-02-01 03:00:00,2023-01-31 16:00:00,14.2
300,2023-02-01 04:00:00,2023-01-31 17:00:00,14.7
300,2023-02-01 05:00:00,2023-01-31 18:00:00,14.6
300,2023-02-01 06:00:00,2023-01-31 19:00:00,14.4
300,2023-02-01 07:00:00,2023-01-31 20:00:00,13.1
300,2023-02-01 08:00:00,2023-01-31 21:00:00,13.8
300,2023-02-01 09:00:00,2023-01-31 22:00:00,17.0
300,2023-02-01 10:00:00,2023-01-31 23:00:00,19.4
300,2023-02-01 11:00:00,2023-02-01 00:00:00,21.2
300,2023-02-01 12:00:00,2023-02-01 01:00:00,20.3
300,2023-02-01 13:00:00,2023-02-01 02:00:00,16.7
300,2023-02-01 14:00:00,2023-02-01 03:00:00,18.6
300,2023-02-01 15:00:00,2023-02-01 04:00:00,18.3
300,2023-02-01 16:00:00,2023-02-01 05:00:00,18.4
300,2023-02-01 17:00:00,2023-02-01 06:00:00,19.2
300,2023-02-01 18:00:00,2023-02-01 07:00:00,18.8
300,2023-02-01 19:00:00,2023-02-01 08:00:00,18.1
300,2023-02-01 20:00:00,2023-02-01 09:00:00,17.4
300,2023-02-01 21:00:00,2023-02-01 10:00:00,16.5
300,2023-02-01 22:00:00,2023-02-01 11:00:00,16.1
300,2023-02-01 23:00:00,2023-02-01 12:00:00,15.5
300,2023-02-02 00:00:00,2023-02-01 13:00:00,14.8
300,2023-02-02 01:00:00,2023-02-01 14:00:00,14.4
300,2023-02-02 02:00:00,2023-02-01 15:00:00,13.6
300,2023-02-02 03:00:00,2023-02-01 16:00:00,12.5
300,2023-02-02 04:00:00,2023-02-01 17:00:00,11.1
300,2023-02-02 05:00:00,2023-02-01 18:00:00,11.1
300,2023-02-02 06:00:00,2023-02-01 19:00:00,11.3
300,2023-02-02 07:00:00,2023-02-01 20:00:00,12.0
300,2023-02-02 08:00:00,2023-02-01 21:00:00,13.2
300,2023-02-02 09:00:00,2023-02-01 22:00:00,14.7
300,2023-02-02 10:00:00,2023-02-01 23:00:00,16.6
300,2023-02-02 11:00:00,2023-02-02 00:00:00,17.1
300,2023-02-02 12:00:00,2023-02-02 01:00:00,18.7
300,2023-02-02 13:00:00,2023-02-02 02:00:00,20.1
300,2023-02-02 14:00:00,2023-02-02 03:00:00,19.7
300,2023-02-02 15:00:00,2023-02-02 04:00:00,19.0
300,2023-02-02 16:00:00,2023-02-02 05:00:00,19.6
300,2023-02-02 17:00:00,2023-02-02 06:00:00,11.8
300,2023-02-02 18:00:00,2023-02-02 07:00:00,11.4
300,2023-02-02 19:00:00,2023-02-02 08:00:00,11.7
300,2023-02-02 20:00:00,2023-02-02 09:00:00,12.1
300,2023-02-02 21:00:00,2023-02-02 10:00:00,11.6
300,2023-02-02 22:00:00,2023-02-02 11:00:00,11.9
300,2023-02-02 23:00:00,2023-02-02 12:00:00,11.0
300,2023-02-03 00:00:00,2023-02-02 13:00:00,11.3
300,2023-02-03 01:00:00,2023-02-02 14:00:00,11.1
300,2023-02-03 02:00:00,2023-02-02 15:00:00,11.3
300,2023-02-03 03:00:00,2023-02-02 16:00:00,11.0
300,2023-02-03 04:00:00,2023-02-02 17:00:00,10.6
300,2023-02-03 05:00:00,2023-02-02 18:00:00,10.5
300,2023-02-03 06:00:00,2023-02-02 19:00:00,10.5
300,2023-02-03 07:00:00,2023-02-02 20:00:00,10.4
300,2023-02-03 08:00:00,2023-02-02 21:00:00,11.0
300,2023-02-03 09:00:00,2023-02-02 22:00:00,12.2
300,2023-02-03 10:00:00,2023-02-02 23:00:00,13.8
300,2023-02-03 11:00:00,2023-02-03 00:00:00,11.8
300,2023-02-03 12:00:00,2023-02-03 01:00:00,14.3
300,2023-02-03 13:00:00,2023-02-03 02:00:00,13.9
300,2023-02-03 14:00:00,2023-02-03 03:00:00,12.3
300,2023-02-03 15:00:00,2023-02-03 04:00:00,14.4
300,2023-02-03 16:00:00,2023-02-03 05:00:00,16.7
300,2023-02-03 17:00:00,2023-02-03 06:00:00,18.7
300,2023-02-03 18:00:00,2023-02-03 07:00:00,16.9
300,2023-02-03 19:00:00,2023-02-03 08:00:00,15.3
300,2023-02-03 20:00:00,2023-02-03 09:00:00,14.3
300,2023-02-03 21:00:00,2023-02-03 10:00:00,12.3
300,2023-02-03 22:00:00,2023-02-03 11:00:00,11.9
300,2023-02-03 23:00:00,2023-02-03 12:00:00,11.5
300,2023-02-04 00:00:00,2023-02-03 13:00:00,11.9
300,2023-02-04 01:00:00,2023-02-03 14:00:00,11.7
300,2023-02-04 02:00:00,2023-02-03 15:00:00,11.7
300,2023-02-04 03:00:00,2023-02-03 16:00:00,12.1
300,2023-02-04 04:00:00,2023-02-03 17:00:00,12.4
300,2023-02-04 05:00:00,2023-02-03 18:00:00,12.8
300,2023-02-04 06:00:00,2023-02-03 19:00:00,12.0
300,2023-02-04 07:00:00,2023-02-03 20:00:00,11.3
300,2023-02-04 08:00:00,2023-02-03 21:00:00,11.7
300,2023-02-04 09:00:00,2023-02-03 22:00:00,13.6
300,2023-02-04 10:00:00,2023-02-03 23:00:00,14.5
300,2023-02-04 11:00:00,2023-02-04 00:00:00,15.5
300,2023-02-04 12:00:00,2023-02-04 01:00:00,17.0
300,2023-02-04 13:00:00,2023-02-04 02:00:00,17.3
300,2023-02-04 14:00:00,2023-02-04 03:00:00,18.4
300,2023-02-04 15:00:00,2023-02-04 04:00:00,18.6
300,2023-02-04 16:00:00,2023-02-04 05:00:00,19.7
300,2023-02-04 17:00:00,2023-02-04 06:00:00,20.0
300,2023-02-04 18:00:00,2023-02-04 07:00:00,18.8
300,2023-02-04 19:00:00,2023-02-04 08:00:00,18.3
300,2023-02-04 20:00:00,2023-02-04 09:00:00,17.1
300,2023-02-04 21:00:00,2023-02-04 10:00:00,16.4
300,2023-02-04 22:00:00,2023-02-04 11:00:00,16.6
300,2023-02-04 23:00:00,2023-02-04 12:00:00,16.4
300,2023-02-05 00:00:00,2023-02-04 13:00:00,15.2
300,2023-02-05 01:00:00,2023-02-04 14:00:00,14.7
300,2023-02-05 02:00:00,2023-02-04 15:00:00,14.4
300,2023-02-05 03:00:00,,13.55
300,2023-02-05 04:00:00,2023-02-04 17:00:00,12.7
300,2023-02-05 05:00:00,2023-02-04 18:00:00,12.1
300,2023-02-05 06:00:00,2023-02-04 19:00:00,11.7
300,2023-02-05 07:00:00,2023-02-04 20:00:00,11.8
300,2023-02-05 08:00:00,2023-02-04 21:00:00,13.0
300,2023-02-05 09:00:00,2023-02-04 22:00:00,15.1
300,2023-02-05 10:00:00,2023-02-04 23:00:00,17.7
300,2023-02-05 11:00:00,2023-02-05 00:00:00,17.6
300,2023-02-05 12:00:00,2023-02-05 01:00:00,17.7
300,2023-02-05 13:00:00,2023-02-05 02:00:00,18.6
300,2023-02-05 14:00:00,2023-02-05 03:00:00,18.9
300,2023-02-05 15:00:00,2023-02-05 04:00:00,19.2
300,2023-02-05 16:00:00,2023-02-05 05:00:00,19.5
300,2023-02-05 17:00:00,2023-02-05 06:00:00,19.4
300,2023-02-05 18:00:00,2023-02-05 07:00:00,19.3
300,2023-02-05 19:00:00,2023-02-05 08:00:00,19.0
300,2023-02-05 20:00:00,2023-02-05 09:00:00,17.7
300,2023-02-05 21:00:00,2023-02-05 10:00:00,17.0
300,2023-02-05 22:00:00,2023-02-05 11:00:00,16.7
300,2023-02-05 23:00:00,2023-02-05 12:00:00,16.4
300,2023-02-06 00:00:00,2023-02-05 13:00:00,15.9
300,2023-02-06 01:00:00,2023-02-05 14:00:00,15.6
300,2023-02-06 02:00:00,2023-02-05 15:00:00,15.2
300,2023-02-06 03:00:00,2023-02-05 16:00:00,15.2
300,2023-02-06 04:00:00,2023-02-05 17:00:00,14.6
300,2023-02-06 05:00:00,2023-02-05 18:00:00,14.4
300,2023-02-06 06:00:00,2023-02-05 19:00:00,14.5
300,2023-02-06 07:00:00,2023-02-05 20:00:00,14.4
300,2023-02-06 08:00:00,2023-02-05 21:00:00,14.6
300,2023-02-06 09:00:00,2023-02-05 22:00:00,15.3
300,2023-02-06 10:00:00,2023-02-05 23:00:00,16.1
300,2023-02-06 11:00:00,2023-02-06 00:00:00,17.3
300,2023-02-06 12:00:00,2023-02-06 01:00:00,17.7
300,2023-02-06 13:00:00,2023-02-06 02:00:00,18.2
300,2023-02-06 14:00:00,2023-02-06 03:00:00,18.7
300,2023-02-06 15:00:00,2023-02-06 04:00:00,19.6
300,2023-02-06 16:00:00,2023-02-06 05:00:00,20.9
300,2023-02-06 17:00:00,2023-02-06 06:00:00,21.9
300,2023-02-06 18:00:00,2023-02-06 07:00:00,21.5
300,2023-02-06 19:00:00,2023-02-06 08:00:00,21.0
300,2023-02-06 20:00:00,2023-02-06 09:00:00,19.4
300,2023-02-06 21:00:00,2023-02-06 10:00:00,16.7
300,2023-02-06 22:00:00,2023-02-06 11:00:00,16.1
300,2023-02-06 23:00:00,2023-02-06 12:00:00,16.6
300,2023-02-07 00:00:00,2023-02-06 13:00:00,16.4
300,2023-02-07 01:00:00,2023-02-06 14:00:00,16.0
300,2023-02-07 02:00:00,2023-02-06 15:00:00,15.9
300,2023-02-07 03:00:00,2023-02-06 16:00:00,15.9
300,2023-02-07 04:00:00,2023-02-06 17:00:00,15.9
300,2023-02-07 05:00:00,2023-02-06 18:00:00,15.8
300,2023-02-07 06:00:00,2023-02-06 19:00:00,15.8
300,2023-02-07 07:00:00,2023-02-06 20:00:00,15.9
300,2023-02-07 08:00:00,2023-02-06 21:00:00,16.0
300,2023-02-07 09:00:00,2023-02-06 22:00:00,16.8
300,2023-02-07 10:00:00,2023-02-06 23:00:00,17.7
300,2023-02-07 11:00:00,2023-02-07 00:00:00,18.9
300,2023-02-07 12:00:00,2023-02-07 01:00:00,20.1
300,2023-02-07 13:00:00,2023-02-07 02:00:00,20.8
300,2023-02-07 14:00:00,2023-02-07 03:00:00,22.0
300,2023-02-07 15:00:00,2023-02-07 04:00:00,22.1
300,2023-02-07 16:00:00,2023-02-07 05:00:00,22.2
300,2023-02-07 17:00:00,2023-02-07 06:00:00,22.1
300,2023-02-07 18:00:00,2023-02-07 07:00:00,20.8
300,2023-02-07 19:00:00,2023-02-07 08:00:00,19.7
300,2023-02-07 20:00:00,2023-02-07 09:00:00,18.3
300,2023-02-07 21:00:00,2023-02-07 10:00:00,16.4
300,2023-02-07 22:00:00,2023-02-07 11:00:00,15.5
300,2023-02-07 23:00:00,2023-02-07 12:00:00,14.4
300,2023-02-08 00:00:00,2023-02-07 13:00:00,13.6
300,2023-02-08 01:00:00,2023-02-07 14:00:00,13.0
300,2023-02-08 02:00:00,2023-02-07 15:00:00,13.8
300,2023-02-08 03:00:00,2023-02-07 16:00:00,13.3
300,2023-02-08 04:00:00,2023-02-07 17:00:00,12.5
300,2023-02-08 05:00:00,2023-02-07 18:00:00,12.3
300,2023-02-08 06:00:00,2023-02-07 19:00:00,11.8
300,2023-02-08 07:00:00,2023-02-07 20:00:00,12.0
300,2023-02-08 08:00:00,2023-02-07 21:00:00,13.1
300,2023-02-08 09:00:00,2023-02-07 22:00:00,15.7
300,2023-02-08 10:00:00,2023-02-07 23:00:00,17.6
300,2023-02-08 11:00:00,2023-02-08 00:00:00,19.1
300,2023-02-08 12:00:00,2023-02-08 01:00:00,21.1
300,2023-02-08 13:00:00,2023-02-08 02:00:00,22.7
300,2023-02-08 14:00:00,2023-02-08 03:00:00,21.9
300,2023-02-08 15:00:00,2023-02-08 04:00:00,22.2
300,2023-02-08 16:00:00,2023-02-08 05:00:00,22.3
300,2023-02-08 17:00:00,2023-02-08 06:00:00,23.9
300,2023-02-08 18:00:00,2023-02-08 07:00:00,24.3
300,2023-02-08 19:00:00,2023-02-08 08:00:00,23.8
300,2023-02-08 20:00:00,2023-02-08 09:00:00,22.4
300,2023-02-08 21:00:00,2023-02-08 10:00:00,19.2
300,2023-02-08 22:00:00,2023-02-08 11:00:00,18.2
300,2023-02-08 23:00:00,2023-02-08 12:00:00,16.9
300,2023-02-09 00:00:00,2023-02-08 13:00:00,15.6
300,2023-02-09 01:00:00,2023-02-08 14:00:00,14.7
300,2023-02-09 02:00:00,2023-02-08 15:00:00,14.2
300,2023-02-09 03:00:00,2023-02-08 16:00:00,12.9
300,2023-02-09 04:00:00,2023-02-08 17:00:00,12.4
300,2023-02-09 05:00:00,2023-02-08 18:00:00,11.7
300,2023-02-09 06:00:00,2023-02-08 19:00:00,12.0
300,2023-02-09 07:00:00,2023-02-08 20:00:00,12.0
300,2023-02-09 08:00:00,2023-02-08 21:00:00,13.7
300,2023-02-09 09:00:00,2023-02-08 22:00:00,17.9
300,2023-02-09 10:00:00,2023-02-08 23:00:00,19.5
300,2023-02-09 11:00:00,2023-02-09 00:00:00,21.4
300,2023-02-09 12:00:00,2023-02-09 01:00:00,23.9
300,2023-02-09 13:00:00,2023-02-09 02:00:00,26.5
300,2023-02-09 14:00:00,2023-02-09 03:00:00,28.8
300,2023-02-09 15:00:00,2023-02-09 04:00:00,29.5
300,2023-02-09 16:00:00,2023-02-09 05:00:00,29.7
300,2023-02-09 17:00:00,2023-02-09 06:00:00,29.4
300,2023-02-09 18:00:00,2023-02-09 07:00:00,28.1
300,2023-02-09 19:00:00,2023-02-09 08:00:00,27.4
300,2023-02-09 20:00:00,2023-02-09 09:00:00,25.4
300,2023-02-09 21:00:00,2023-02-09 10:00:00,21.3
300,2023-02-09 22:00:00,2023-02-09 11:00:00,20.0
300,2023-02-09 23:00:00,2023-02-09 12:00:00,19.1
300,2023-02-10 00:00:00,2023-02-09 13:00:00,18.7
300,2023-02-10 01:00:00,2023-02-09 14:00:00,18.1
300,2023-02-10 02:00:00,2023-02-09 15:00:00,17.2
300,2023-02-10 03:00:00,2023-02-09 16:00:00,16.1
300,2023-02-10 04:00:00,2023-02-09 17:00:00,15.2
300,2023-02-10 05:00:00,2023-02-09 18:00:00,14.4
300,2023-02-10 06:00:00,2023-02-09 19:00:00,14.2
300,2023-02-10 07:00:00,2023-02-09 20:00:00,15.2
300,2023-02-10 08:00:00,2023-02-09 21:00:00,16.0
300,2023-02-10 09:00:00,2023-02-09 22:00:00,17.6
300,2023-02-10 10:00:00,2023-02-09 23:00:00,19.1
300,2023-02-10 11:00:00,2023-02-10 00:00:00,22.2
300,2023-02-10 12:00:00,2023-02-10 01:00:00,25.5
300,2023-02-10 13:00:00,2023-02-10 02:00:00,27.8
300,2023-02-10 14:00:00,2023-02-10 03:00:00,29.0
300,2023-02-10 15:00:00,2023-02-10 04:00:00,30.0
300,2023-02-10 16:00:00,2023-02-10 05:00:00,30.4
300,2023-02-10 17:00:00,2023-02-10 06:00:00,30.0
300,2023-02-10 18:00:00,2023-02-10 07:00:00,29.2
300,2023-02-10 19:00:00,2023-02-10 08:00:00,28.6
300,2023-02-10 20:00:00,2023-02-10 09:00:00,25.6
300,2023-02-10 21:00:00,2023-02-10 10:00:00,22.9
300,2023-02-10 22:00:00,2023-02-10 11:00:00,21.6
300,2023-02-10 23:00:00,2023-02-10 12:00:00,20.1
300,2023-02-11 00:00:00,2023-02-10 13:00:00,19.7
300,2023-02-11 01:00:00,2023-02-10 14:00:00,19.0
300,2023-02-11 02:00:00,2023-02-10 15:00:00,18.2
300,2023-02-11 03:00:00,2023-02-10 16:00:00,17.3
300,2023-02-11 04:00:00,2023-02-10 17:00:00,16.9
300,2023-02-11 05:00:00,2023-02-10 18:00:00,16.4
300,2023-02-11 06:00:00,2023-02-10 19:00:00,15.5
300,2023-02-11 07:00:00,2023-02-10 20:00:00,14.3
300,2023-02-11 08:00:00,2023-02-10 21:00:00,15.8
300,2023-02-11 09:00:00,2023-02-10 22:00:00,18.0
300,2023-02-11 10:00:00,2023-02-10 23:00:00,21.7
300,2023-02-11 11:00:00,2023-02-11 00:00:00,26.6
300,2023-02-11 12:00:00,2023-02-11 01:00:00,30.5
300,2023-02-11 13:00:00,2023-02-11 02:00:00,25.7
300,2023-02-11 14:00:00,2023-02-11 03:00:00,24.4
300,2023-02-11 15:00:00,2023-02-11 04:00:00,24.8
300,2023-02-11 16:00:00,2023-02-11 05:00:00,25.4
300,2023-02-11 17:00:00,2023-02-11 06:00:00,26.4
300,2023-02-11 18:00:00,2023-02-11 07:00:00,26.1
300,2023-02-11 19:00:00,2023-02-11 08:00:00,25.2
300,2023-02-11 20:00:00,2023-02-11 09:00:00,24.4
300,2023-02-11 21:00:00,2023-02-11 10:00:00,20.9
300,2023-02-11 22:00:00,2023-02-11 11:00:00,19.7
300,2023-02-11 23:00:00,2023-02-11 12:00:00,20.1
300,2023-02-12 00:00:00,2023-02-11 13:00:00,20.5
300,2023-02-12 01:00:00,2023-02-11 14:00:00,19.5
300,2023-02-12 02:00:00,2023-02-11 15:00:00,18.8
300,2023-02-12 03:00:00,2023-02-11 16:00:00,17.9
300,2023-02-12 04:00:00,2023-02-11 17:00:00,17.7
300,2023-02-12 05:00:00,2023-02-11 18:00:00,17.7
300,2023-02-12 06:00:00,2023-02-11 19:00:00,17.5
300,2023-02-12 07:00:00,2023-02-11 20:00:00,17.3
300,2023-02-12 08:00:00,2023-02-11 21:00:00,17.9
300,2023-02-12 09:00:00,2023-02-11 22:00:00,18.1
300,2023-02-12 10:00:00,2023-02-11 23:00:00,18.3
300,2023-02-12 11:00:00,2023-02-12 00:00:00,18.9
300,2023-02-12 12:00:00,2023-02-12 01:00:00,17.6
300,2023-02-12 13:00:00,2023-02-12 02:00:00,20.7
300,2023-02-12 14:00:00,2023-02-12 03:00:00,21.0
300,2023-02-12 15:00:00,2023-02-12 04:00:00,20.2
300,2023-02-12 16:00:00,2023-02-12 05:00:00,19.9
300,2023-02-12 17:00:00,2023-02-12 06:00:00,19.9
300,2023-02-12 18:00:00,2023-02-12 07:00:00,18.6
300,2023-02-12 19:00:00,2023-02-12 08:00:00,18.1
300,2023-02-12 20:00:00,2023-02-12 09:00:00,16.5
300,2023-02-12 21:00:00,2023-02-12 10:00:00,15.6
300,2023-02-12 22:00:00,2023-02-12 11:00:00,15.2
300,2023-02-12 23:00:00,2023-02-12 12:00:00,14.9
300,2023-02-13 00:00:00,2023-02-12 13:00:00,14.4
300,2023-02-13 01:00:00,2023-02-12 14:00:00,13.4
300,2023-02-13 02:00:00,2023-02-12 15:00:00,12.8
300,2023-02-13 03:00:00,2023-02-12 16:00:00,13.7
300,2023-02-13 04:00:00,2023-02-12 17:00:00,14.7
300,2023-02-13 05:00:00,2023-02-12 18:00:00,15.0
300,2023-02-13 06:00:00,2023-02-12 19:00:00,15.0
300,2023-02-13 07:00:00,2023-02-12 20:00:00,15.0
300,2023-02-13 08:00:00,2023-02-12 21:00:00,15.6
300,2023-02-13 09:00:00,2023-02-12 22:00:00,16.5
300,2023-02-13 10:00:00,2023-02-12 23:00:00,17.4
300,2023-02-13 11:00:00,2023-02-13 00:00:00,18.3
300,2023-02-13 12:00:00,2023-02-13 01:00:00,18.4
300,2023-02-13 13:00:00,2023-02-13 02:00:00,19.2
300,2023-02-13 14:00:00,2023-02-13 03:00:00,19.0
300,2023-02-13 15:00:00,2023-02-13 04:00:00,19.4
300,2023-02-13 16:00:00,2023-02-13 05:00:00,19.2
300,2023-02-13 17:00:00,2023-02-13 06:00:00,19.4
300,2023-02-13 18:00:00,2023-02-13 07:00:00,19.5
300,2023-02-13 19:00:00,2023-02-13 08:00:00,18.1
300,2023-02-13 20:00:00,2023-02-13 09:00:00,17.5
300,2023-02-13 21:00:00,2023-02-13 10:00:00,16.0
300,2023-02-13 22:00:00,2023-02-13 11:00:00,15.0
300,2023-02-13 23:00:00,2023-02-13 12:00:00,14.3
300,2023-02-14 00:00:00,2023-02-13 13:00:00,13.7
300,2023-02-14 01:00:00,2023-02-13 14:00:00,13.2
300,2023-02-14 02:00:00,2023-02-13 15:00:00,12.3
300,2023-02-14 03:00:00,2023-02-13 16:00:00,11.5
300,2023-02-14 04:00:00,2023-02-13 17:00:00,10.9
300,2023-02-14 05:00:00,2023-02-13 18:00:00,10.7
300,2023-02-14 06:00:00,2023-02-13 19:00:00,10.7
300,2023-02-14 07:00:00,2023-02-13 20:00:00,10.8
300,2023-02-14 08:00:00,2023-02-13 21:00:00,11.5
300,2023-02-14 09:00:00,2023-02-13 22:00:00,17.4
300,2023-02-14 10:00:00,2023-02-13 23:00:00,18.0
300,2023-02-14 11:00:00,2023-02-14 00:00:00,18.9
300,2023-02-14 12:00:00,2023-02-14 01:00:00,21.0
300,2023-02-14 13:00:00,2023-02-14 02:00:00,22.3
300,2023-02-14 14:00:00,2023-02-14 03:00:00,23.6
300,2023-02-14 15:00:00,2023-02-14 04:00:00,24.5
300,2023-02-14 16:00:00,2023-02-14 05:00:00,24.6
300,2023-02-14 17:00:00,2023-02-14 06:00:00,25.2
300,2023-02-14 18:00:00,2023-02-14 07:00:00,24.1
300,2023-02-14 19:00:00,2023-02-14 08:00:00,22.1
300,2023-02-14 20:00:00,2023-02-14 09:00:00,20.1
300,2023-02-14 21:00:00,2023-02-14 10:00:00,17.8
300,2023-02-14 22:00:00,2023-02-14 11:00:00,16.5
300,2023-02-14 23:00:00,2023-02-14 12:00:00,15.2
300,2023-02-15 00:00:00,2023-02-14 13:00:00,14.5
300,2023-02-15 01:00:00,2023-02-14 14:00:00,13.8
300,2023-02-15 02:00:00,2023-02-14 15:00:00,13.2
300,2023-02-15 03:00:00,2023-02-14 16:00:00,12.4
300,2023-02-15 04:00:00,2023-02-14 17:00:00,11.3
300,2023-02-15 05:00:00,2023-02-14 18:00:00,10.7
300,2023-02-15 06:00:00,2023-02-14 19:00:00,10.5
300,2023-02-15 07:00:00,2023-02-14 20:00:00,10.2
300,2023-02-15 08:00:00,2023-02-14 21:00:00,12.4
300,2023-02-15 09:00:00,2023-02-14 22:00:00,16.7
300,2023-02-15 10:00:00,2023-02-14 23:00:00,20.6
300,2023-02-15 11:00:00,2023-02-15 00:00:00,25.9
300,2023-02-15 12:00:00,2023-02-15 01:00:00,27.8
300,2023-02-15 13:00:00,2023-02-15 02:00:00,29.6
300,2023-02-15 14:00:00,2023-02-15 03:00:00,30.7
300,2023-02-15 15:00:00,2023-02-15 04:00:00,31.5
300,2023-02-15 16:00:00,2023-02-15 05:00:00,31.4
300,2023-02-15 17:00:00,2023-02-15 06:00:00,31.5
300,2023-02-15 18:00:00,2023-02-15 07:00:00,31.1
300,2023-02-15 19:00:00,2023-02-15 08:00:00,31.2
300,2023-02-15 20:00:00,2023-02-15 09:00:00,28.7
300,2023-02-15 21:00:00,2023-02-15 10:00:00,25.9
300,2023-02-15 22:00:00,2023-02-15 11:00:00,24.3
300,2023-02-15 23:00:00,2023-02-15 12:00:00,23.1
300,2023-02-16 00:00:00,2023-02-15 13:00:00,21.3
300,2023-02-16 01:00:00,2023-02-15 14:00:00,20.8
300,2023-02-16 02:00:00,2023-02-15 15:00:00,19.2
300,2023-02-16 03:00:00,2023-02-15 16:00:00,17.7
300,2023-02-16 04:00:00,2023-02-15 17:00:00,17.9
300,2023-02-16 05:00:00,2023-02-15 18:00:00,16.5
300,2023-02-16 06:00:00,2023-02-15 19:00:00,16.3
300,2023-02-16 07:00:00,2023-02-15 20:00:00,17.4
300,2023-02-16 08:00:00,2023-02-15 21:00:00,18.4
300,2023-02-16 09:00:00,2023-02-15 22:00:00,21.3
300,2023-02-16 10:00:00,2023-02-15 23:00:00,28.1
300,2023-02-16 11:00:00,2023-02-16 00:00:00,30.8
300,2023-02-16 12:00:00,2023-02-16 01:00:00,32.7
300,2023-02-16 13:00:00,2023-02-16 02:00:00,33.7
300,2023-02-16 14:00:00,2023-02-16 03:00:00,35.8
300,2023-02-16 15:00:00,2023-02-16 04:00:00,36.5
300,2023-02-16 16:00:00,2023-02-16 05:00:00,36.8
300,2023-02-16 17:00:00,2023-02-16 06:00:00,36.8
300,2023-02-16 18:00:00,2023-02-16 07:00:00,36.4
300,2023-02-16 19:00:00,2023-02-16 08:00:00,35.4
300,2023-02-16 20:00:00,2023-02-16 09:00:00,30.4
300,2023-02-16 21:00:00,2023-02-16 10:00:00,28.0
300,2023-02-16 22:00:00,2023-02-16 11:00:00,27.3
300,2023-02-16 23:00:00,2023-02-16 12:00:00,25.9
300,2023-02-17 00:00:00,2023-02-16 13:00:00,24.3
300,2023-02-17 01:00:00,2023-02-16 14:00:00,23.7
300,2023-02-17 02:00:00,2023-02-16 15:00:00,22.7
300,2023-02-17 03:00:00,2023-02-16 16:00:00,22.3
300,2023-02-17 04:00:00,2023-02-16 17:00:00,21.7
300,2023-02-17 05:00:00,2023-02-16 18:00:00,22.0
300,2023-02-17 06:00:00,2023-02-16 19:00:00,22.4
300,2023-02-17 07:00:00,2023-02-16 20:00:00,24.5
300,2023-02-17 08:00:00,2023-02-16 21:00:00,27.2
300,2023-02-17 09:00:00,2023-02-16 22:00:00,29.2
300,2023-02-17 10:00:00,2023-02-16 23:00:00,31.5
300,2023-02-17 11:00:00,2023-02-17 00:00:00,31.9
300,2023-02-17 12:00:00,2023-02-17 01:00:00,34.5
300,2023-02-17 13:00:00,2023-02-17 02:00:00,37.1
300,2023-02-17 14:00:00,2023-02-17 03:00:00,38.3
300,2023-02-17 15:00:00,2023-02-17 04:00:00,40.0
300,2023-02-17 16:00:00,2023-02-17 05:00:00,40.3
300,2023-02-17 17:00:00,2023-02-17 06:00:00,26.8
300,2023-02-17 18:00:00,2023-02-17 07:00:00,27.1
300,2023-02-17 19:00:00,2023-02-17 08:00:00,22.9
300,2023-02-17 20:00:00,2023-02-17 09:00:00,20.9
300,2023-02-17 21:00:00,2023-02-17 10:00:00,19.4
300,2023-02-17 22:00:00,2023-02-17 11:00:00,18.5
300,2023-02-17 23:00:00,2023-02-17 12:00:00,18.4
300,2023-02-18 00:00:00,2023-02-17 13:00:00,17.8
300,2023-02-18 01:00:00,2023-02-17 14:00:00,16.7
300,2023-02-18 02:00:00,2023-02-17 15:00:00,17.0
300,2023-02-18 03:00:00,2023-02-17 16:00:00,17.4
300,2023-02-18 04:00:00,2023-02-17 17:00:00,17.3
300,2023-02-18 05:00:00,2023-02-17 18:00:00,17.1
300,2023-02-18 06:00:00,2023-02-17 19:00:00,17.1
300,2023-02-18 07:00:00,2023-02-17 20:00:00,17.0
300,2023-02-18 08:00:00,2023-02-17 21:00:00,17.2
300,2023-02-18 09:00:00,2023-02-17 22:00:00,17.7
300,2023-02-18 10:00:00,2023-02-17 23:00:00,17.9
300,2023-02-18 11:00:00,2023-02-18 00:00:00,18.4
300,2023-02-18 12:00:00,2023-02-18 01:00:00,19.7
300,2023-02-18 13:00:00,2023-02-18 02:00:00,22.2
300,2023-02-18 14:00:00,2023-02-18 03:00:00,22.6
300,2023-02-18 15:00:00,2023-02-18 04:00:00,23.9
300,2023-02-18 16:00:00,2023-02-18 05:00:00,25.2
300,2023-02-18 17:00:00,2023-02-18 06:00:00,25.1
300,2023-02-18 18:00:00,2023-02-18 07:00:00,24.9
300,2023-02-18 19:00:00,2023-02-18 08:00:00,21.8
300,2023-02-18 20:00:00,2023-02-18 09:00:00,19.8
300,2023-02-18 21:00:00,2023-02-18 10:00:00,18.6
300,2023-02-18 22:00:00,2023-02-18 11:00:00,17.3
300,2023-02-18 23:00:00,2023-02-18 12:00:00,16.4
300,2023-02-19 00:00:00,2023-02-18 13:00:00,16.0
300,2023-02-19 01:00:00,2023-02-18 14:00:00,15.8
300,2023-02-19 02:00:00,2023-02-18 15:00:00,15.2
300,2023-02-19 03:00:00,2023-02-18 16:00:00,14.9
300,2023-02-19 04:00:00,2023-02-18 17:00:00,14.5
300,2023-02-19 05:00:00,2023-02-18 18:00:00,13.5
300,2023-02-19 06:00:00,2023-02-18 19:00:00,12.9
300,2023-02-19 07:00:00,2023-02-18 20:00:00,12.2
300,2023-02-19 08:00:00,2023-02-18 21:00:00,13.6
300,2023-02-19 09:00:00,2023-02-18 22:00:00,17.6
300,2023-02-19 10:00:00,2023-02-18 23:00:00,18.2
300,2023-02-19 11:00:00,2023-02-19 00:00:00,20.4
300,2023-02-19 12:00:00,2023-02-19 01:00:00,22.3
300,2023-02-19 13:00:00,2023-02-19 02:00:00,24.2
300,2023-02-19 14:00:00,2023-02-19 03:00:00,24.7
300,2023-02-19 15:00:00,2023-02-19 04:00:00,26.7
300,2023-02-19 16:00:00,2023-02-19 05:00:00,28.0
300,2023-02-19 17:00:00,2023-02-19 06:00:00,28.3
300,2023-02-19 18:00:00,2023-02-19 07:00:00,29.3
300,2023-02-19 19:00:00,2023-02-19 08:00:00,27.8
300,2023-02-19 20:00:00,2023-02-19 09:00:00,23.4
300,2023-02-19 21:00:00,2023-02-19 10:00:00,21.0
300,2023-02-19 22:00:00,2023-02-19 11:00:00,18.7
300,2023-02-19 23:00:00,2023-02-19 12:00:00,17.9
300,2023-02-20 00:00:00,2023-02-19 13:00:00,17.1
300,2023-02-20 01:00:00,2023-02-19 14:00:00,16.3
300,2023-02-20 02:00:00,2023-02-19 15:00:00,16.2
300,2023-02-20 03:00:00,2023-02-19 16:00:00,15.5
300,2023-02-20 04:00:00,2023-02-19 17:00:00,14.8
300,2023-02-20 05:00:00,2023-02-19 18:00:00,13.9
300,2023-02-20 06:00:00,2023-02-19 19:00:00,13.5
300,2023-02-20 07:00:00,2023-02-19 20:00:00,12.1
300,2023-02-20 08:00:00,2023-02-19 21:00:00,13.6
300,2023-02-20 09:00:00,2023-02-19 22:00:00,15.7
300,2023-02-20 10:00:00,2023-02-19 23:00:00,18.9
300,2023-02-20 11:00:00,2023-02-20 00:00:00,20.5
300,2023-02-20 12:00:00,2023-02-20 01:00:00,23.4
300,2023-02-20 13:00:00,2023-02-20 02:00:00,24.9
300,2023-02-20 14:00:00,2023-02-20 03:00:00,25.6
300,2023-02-20 15:00:00,2023-02-20 04:00:00,27.1
300,2023-02-20 16:00:00,2023-02-20 05:00:00,27.6
300,2023-02-20 17:00:00,2023-02-20 06:00:00,26.5
300,2023-02-20 18:00:00,2023-02-20 07:00:00,26.2
300,2023-02-20 19:00:00,2023-02-20 08:00:00,25.5
300,2023-02-20 20:00:00,2023-02-20 09:00:00,22.0
300,2023-02-20 21:00:00,2023-02-20 10:00:00,20.4
300,2023-02-20 22:00:00,2023-02-20 11:00:00,19.2
300,2023-02-20 23:00:00,2023-02-20 12:00:00,18.6
300,2023-02-21 00:00:00,2023-02-20 13:00:00,18.3
300,2023-02-21 01:00:00,2023-02-20 14:00:00,18.1
300,2023-02-21 02:00:00,2023-02-20 15:00:00,17.7
300,2023-02-21 03:00:00,2023-02-20 16:00:00,17.5
300,2023-02-21 04:00:00,2023-02-20 17:00:00,17.3
300,2023-02-21 05:00:00,2023-02-20 18:00:00,17.7
300,2023-02-21 06:00:00,2023-02-20 19:00:00,17.9
300,2023-02-21 07:00:00,2023-02-20 20:00:00,17.2
300,2023-02-21 08:00:00,2023-02-20 21:00:00,16.8
300,2023-02-21 09:00:00,2023-02-20 22:00:00,17.4
300,2023-02-21 10:00:00,2023-02-20 23:00:00,17.3
300,2023-02-21 11:00:00,2023-02-21 00:00:00,17.7
300,2023-02-21 12:00:00,2023-02-21 01:00:00,19.5
300,2023-02-21 13:00:00,2023-02-21 02:00:00,21.1
300,2023-02-21 14:00:00,2023-02-21 03:00:00,23.3
300,2023-02-21 15:00:00,2023-02-21 04:00:00,23.2
300,2023-02-21 16:00:00,2023-02-21 05:00:00,23.0
300,2023-02-21 17:00:00,2023-02-21 06:00:00,22.2
300,2023-02-21 18:00:00,2023-02-21 07:00:00,21.1
300,2023-02-21 19:00:00,2023-02-21 08:00:00,20.1
300,2023-02-21 20:00:00,2023-02-21 09:00:00,18.3
300,2023-02-21 21:00:00,2023-02-21 10:00:00,17.1
300,2023-02-21 22:00:00,2023-02-21 11:00:00,16.0
300,2023-02-21 23:00:00,2023-02-21 12:00:00,16.3
300,2023-02-22 00:00:00,2023-02-21 13:00:00,16.1
300,2023-02-22 01:00:00,2023-02-21 14:00:00,15.9
300,2023-02-22 02:00:00,2023-02-21 15:00:00,15.2
300,2023-02-22 03:00:00,2023-02-21 16:00:00,14.5
300,2023-02-22 04:00:00,2023-02-21 17:00:00,12.6
300,2023-02-22 05:00:00,2023-02-21 18:00:00,12.1
300,2023-02-22 06:00:00,2023-02-21 19:00:00,11.6
300,2023-02-22 07:00:00,2023-02-21 20:00:00,11.8
300,2023-02-22 08:00:00,2023-02-21 21:00:00,13.1
300,2023-02-22 09:00:00,2023-02-21 22:00:00,16.0
300,2023-02-22 10:00:00,2023-02-21 23:00:00,18.3
300,2023-02-22 11:00:00,2023-02-22 00:00:00,20.9
300,2023-02-22 12:00:00,2023-02-22 01:00:00,23.3
300,2023-02-22 13:00:00,2023-02-22 02:00:00,26.4
300,2023-02-22 14:00:00,2023-02-22 03:00:00,28.4
300,2023-02-22 15:00:00,2023-02-22 04:00:00,29.2
300,2023-02-22 16:00:00,2023-02-22 05:00:00,31.1
300,2023-02-22 17:00:00,2023-02-22 06:00:00,30.5
300,2023-02-22 18:00:00,2023-02-22 07:00:00,30.8
300,2023-02-22 19:00:00,2023-02-22 08:00:00,28.0
300,2023-02-22 20:00:00,2023-02-22 09:00:00,25.8
300,2023-02-22 21:00:00,2023-02-22 10:00:00,23.1
300,2023-02-22 22:00:00,2023-02-22 11:00:00,21.9
300,2023-02-22 23:00:00,2023-02-22 12:00:00,20.9
300,2023-02-23 00:00:00,2023-02-22 13:00:00,19.5
300,2023-02-23 01:00:00,2023-02-22 14:00:00,18.7
300,2023-02-23 02:00:00,2023-02-22 15:00:00,18.1
300,2023-02-23 03:00:00,2023-02-22 16:00:00,17.5
300,2023-02-23 04:00:00,2023-02-22 17:00:00,17.2
300,2023-02-23 05:00:00,2023-02-22 18:00:00,16.3
300,2023-02-23 06:00:00,2023-02-22 19:00:00,17.0
300,2023-02-23 07:00:00,2023-02-22 20:00:00,17.9
300,2023-02-23 08:00:00,2023-02-22 21:00:00,19.5
300,2023-02-23 09:00:00,2023-02-22 22:00:00,21.4
300,2023-02-23 10:00:00,2023-02-22 23:00:00,23.2
300,2023-02-23 11:00:00,2023-02-23 00:00:00,25.0
300,2023-02-23 12:00:00,2023-02-23 01:00:00,26.1
300,2023-02-23 13:00:00,2023-02-23 02:00:00,27.5
300,2023-02-23 14:00:00,2023-02-23 03:00:00,29.1
300,2023-02-23 15:00:00,2023-02-23 04:00:00,30.6
300,2023-02-23 16:00:00,2023-02-23 05:00:00,30.7
300,2023-02-23 17:00:00,2023-02-23 06:00:00,31.9
300,2023-02-23 18:00:00,2023-02-23 07:00:00,31.9
300,2023-02-23 19:00:00,2023-02-23 08:00:00,31.0
300,2023-02-23 20:00:00,2023-02-23 09:00:00,29.4
300,2023-02-23 21:00:00,2023-02-23 10:00:00,26.1
300,2023-02-23 22:00:00,2023-02-23 11:00:00,24.9
300,2023-02-23 23:00:00,2023-02-23 12:00:00,22.9
300,2023-02-24 00:00:00,2023-02-23 13:00:00,22.4
300,2023-02-24 01:00:00,2023-02-23 14:00:00,22.0
300,2023-02-24 02:00:00,2023-02-23 15:00:00,19.8
300,2023-02-24 03:00:00,2023-02-23 16:00:00,18.7
300,2023-02-24 04:00:00,2023-02-23 17:00:00,17.5
300,2023-02-24 05:00:00,2023-02-23 18:00:00,17.3
300,2023-02-24 06:00:00,2023-02-23 19:00:00,19.6
300,2023-02-24 07:00:00,2023-02-23 20:00:00,20.4
300,2023-02-24 08:00:00,2023-02-23 21:00:00,21.1
300,2023-02-24 09:00:00,2023-02-23 22:00:00,23.9
300,2023-02-24 10:00:00,2023-02-23 23:00:00,24.7
300,2023-02-24 11:00:00,2023-02-24 00:00:00,25.9
300,2023-02-24 12:00:00,2023-02-24 01:00:00,27.6
300,2023-02-24 13:00:00,2023-02-24 02:00:00,29.6
300,2023-02-24 14:00:00,2023-02-24 03:00:00,30.9
300,2023-02-24 15:00:00,2023-02-24 04:00:00,31.7
300,2023-02-24 16:00:00,2023-02-24 05:00:00,32.1
300,2023-02-24 17:00:00,2023-02-24 06:00:00,32.2
300,2023-02-24 18:00:00,2023-02-24 07:00:00,31.5
300,2023-02-24 19:00:00,2023-02-24 08:00:00,30.8
300,2023-02-24 20:00:00,2023-02-24 09:00:00,29.1
300,2023-02-24 21:00:00,2023-02-24 10:00:00,26.3
300,2023-02-24 22:00:00,2023-02-24 11:00:00,25.0
300,2023-02-24 23:00:00,2023-02-24 12:00:00,23.6
300,2023-02-25 00:00:00,2023-02-24 13:00:00,22.8
300,2023-02-25 01:00:00,2023-02-24 14:00:00,21.6
300,2023-02-25 02:00:00,2023-02-24 15:00:00,21.4
300,2023-02-25 03:00:00,2023-02-24 16:00:00,20.7
300,2023-02-25 04:00:00,2023-02-24 17:00:00,20.7
300,2023-02-25 05:00:00,2023-02-24 18:00:00,20.3
300,2023-02-25 06:00:00,2023-02-24 19:00:00,20.2
300,2023-02-25 07:00:00,2023-02-24 20:00:00,20.6
300,2023-02-25 08:00:00,2023-02-24 21:00:00,23.6
300,2023-02-25 09:00:00,2023-02-24 22:00:00,26.3
300,2023-02-25 10:00:00,2023-02-24 23:00:00,26.2
300,2023-02-25 11:00:00,2023-02-25 00:00:00,25.6
300,2023-02-25 12:00:00,2023-02-25 01:00:00,25.4
300,2023-02-25 13:00:00,2023-02-25 02:00:00,25.1
300,2023-02-25 14:00:00,2023-02-25 03:00:00,25.4
300,2023-02-25 15:00:00,2023-02-25 04:00:00,25.1
300,2023-02-25 16:00:00,2023-02-25 05:00:00,23.9
300,2023-02-25 17:00:00,2023-02-25 06:00:00,20.3
300,2023-02-25 18:00:00,2023-02-25 07:00:00,20.2
300,2023-02-25 19:00:00,2023-02-25 08:00:00,20.1
300,2023-02-25 20:00:00,2023-02-25 09:00:00,20.9
300,2023-02-25 21:00:00,2023-02-25 10:00:00,20.1
300,2023-02-25 22:00:00,2023-02-25 11:00:00,18.9
300,2023-02-25 23:00:00,2023-02-25 12:00:00,18.5
300,2023-02-26 00:00:00,2023-02-25 13:00:00,18.3
300,2023-02-26 01:00:00,2023-02-25 14:00:00,18.2
300,2023-02-26 02:00:00,2023-02-25 15:00:00,18.2
300,2023-02-26 03:00:00,2023-02-25 16:00:00,16.7
300,2023-02-26 04:00:00,2023-02-25 17:00:00,16.7
300,2023-02-26 05:00:00,2023-02-25 18:00:00,16.3
300,2023-02-26 06:00:00,2023-02-25 19:00:00,15.4
300,2023-02-26 07:00:00,2023-02-25 20:00:00,14.5
300,2023-02-26 08:00:00,2023-02-25 21:00:00,14.9
300,2023-02-26 09:00:00,2023-02-25 22:00:00,16.6
300,2023-02-26 10:00:00,2023-02-25 23:00:00,17.8
300,2023-02-26 11:00:00,2023-02-26 00:00:00,19.0
300,2023-02-26 12:00:00,2023-02-26 01:00:00,19.3
300,2023-02-26 13:00:00,2023-02-26 02:00:00,21.4
300,2023-02-26 14:00:00,2023-02-26 03:00:00,21.7
300,2023-02-26 15:00:00,2023-02-26 04:00:00,24.0
300,2023-02-26 16:00:00,2023-02-26 05:00:00,24.1
300,2023-02-26 17:00:00,2023-02-26 06:00:00,21.0
300,2023-02-26 18:00:00,2023-02-26 07:00:00,20.8
300,2023-02-26 19:00:00,2023-02-26 08:00:00,20.3
300,2023-02-26 20:00:00,2023-02-26 09:00:00,18.6
300,2023-02-26 21:00:00,2023-02-26 10:00:00,18.0
300,2023-02-26 22:00:00,2023-02-26 11:00:00,18.2
300,2023-02-26 23:00:00,2023-02-26 12:00:00,17.9
300,2023-02-27 00:00:00,2023-02-26 13:00:00,17.6
300,2023-02-27 01:00:00,2023-02-26 14:00:00,16.8
300,2023-02-27 02:00:00,2023-02-26 15:00:00,16.5
300,2023-02-27 03:00:00,2023-02-26 16:00:00,16.2
300,2023-02-27 04:00:00,2023-02-26 17:00:00,15.7
300,2023-02-27 05:00:00,2023-02-26 18:00:00,16.2
300,2023-02-27 06:00:00,2023-02-26 19:00:00,16.0
300,2023-02-27 07:00:00,2023-02-26 20:00:00,15.6
300,2023-02-27 08:00:00,2023-02-26 21:00:00,15.8
300,2023-02-27 09:00:00,2023-02-26 22:00:00,15.9
300,2023-02-27 10:00:00,2023-02-26 23:00:00,16.7
300,2023-02-27 11:00:00,2023-02-27 00:00:00,17.1
300,2023-02-27 12:00:00,2023-02-27 01:00:00,18.3
300,2023-02-27 13:00:00,2023-02-27 02:00:00,18.8
300,2023-02-27 14:00:00,2023-02-27 03:00:00,18.3
300,2023-02-27 15:00:00,2023-02-27 04:00:00,18.0
300,2023-02-27 16:00:00,2023-02-27 05:00:00,18.4
300,2023-02-27 17:00:00,2023-02-27 06:00:00,19.0
300,2023-02-27 18:00:00,2023-02-27 07:00:00,18.1
300,2023-02-27 19:00:00,2023-02-27 08:00:00,17.7
300,2023-02-27 20:00:00,2023-02-27 09:00:00,17.5
300,2023-02-27 21:00:00,2023-02-27 10:00:00,16.9
300,2023-02-27 22:00:00,2023-02-27 11:00:00,16.9
300,2023-02-27 23:00:00,2023-02-27 12:00:00,16.8
300,2023-02-28 00:00:00,2023-02-27 13:00:00,16.6
300,2023-02-28 01:00:00,2023-02-27 14:00:00,16.4
300,2023-02-28 02:00:00,2023-02-27 15:00:00,16.2
300,2023-02-28 03:00:00,2023-02-27 16:00:00,16.1
300,2023-02-28 04:00:00,2023-02-27 17:00:00,15.9
300,2023-02-28 05:00:00,2023-02-27 18:00:00,15.8
300,2023-02-28 06:00:00,2023-02-27 19:00:00,15.7
300,2023-02-28 07:00:00,2023-02-27 20:00:00,15.6
300,2023-02-28 08:00:00,2023-02-27 21:00:00,15.9
300,2023-02-28 09:00:00,2023-02-27 22:00:00,16.5
300,2023-02-28 10:00:00,2023-02-27 23:00:00,17.6
300,2023-02-28 11:00:00,2023-02-28 00:00:00,17.5
300,2023-02-28 12:00:00,2023-02-28 01:00:00,17.2
300,2023-02-28 13:00:00,2023-02-28 02:00:00,17.5
300,2023-02-28 14:00:00,2023-02-28 03:00:00,17.0
300,2023-02-28 15:00:00,2023-02-28 04:00:00,16.2
300,2023-02-28 16:00:00,2023-02-28 05:00:00,15.5
300,2023-02-28 17:00:00,2023-02-28 06:00:00,16.0
300,2023-02-28 18:00:00,2023-02-28 07:00:00,16.0
300,2023-02-28 19:00:00,2023-02-28 08:00:00,15.9
300,2023-02-28 20:00:00,2023-02-28 09:00:00,15.6
300,2023-02-28 21:00:00,2023-02-28 10:00:00,15.4
300,2023-02-28 22:00:00,2023-02-28 11:00:00,15.2
300,2023-02-28 23:00:00,2023-02-28 12:00:00,15.2
200,8/01/2021 11:00,8/01/2021 0:00,22.7
600,8/01/2021 11:00,8/01/2021 0:00,21.6
400,8/01/2021 11:00,8/01/2021 0:00,22.4
500,8/01/2021 11:00,8/01/2021 0:00,22.1
300,8/01/2021 11:00,8/01/2021 0:00,22.9
200,19/01/2022 11:00,19/01/2022 0:00,25.2
600,19/01/2022 11:00,19/01/2022 0:00,22.8
400,19/01/2022 11:00,19/01/2022 0:00,25.2
500,19/01/2022 11:00,19/01/2022 0:00,24.5
300,19/01/2022 11:00,19/01/2022 0:00,26.4
200,20/01/2022 11:00,20/01/2022 0:00,23.6
600,20/01/2022 11:00,20/01/2022 0:00,22.5
400,20/01/2022 11:00,20/01/2022 0:00,23.9
500,20/01/2022 11:00,20/01/2022 0:00,22.5
300,20/01/2022 11:00,20/01/2022 0:00,25.1
200,13/12/2021 0:00,12/12/2021 13:00,17.5
600,13/12/2021 0:00,12/12/2021 13:00,17.1
400,13/12/2021 0:00,12/12/2021 13:00,16.4
500,13/12/2021 0:00,12/12/2021 13:00,17.2
300,13/12/2021 0:00,12/12/2021 13:00,16.8
200,10/02/2023 0:00,9/02/2023 13:00,18.3
600,10/02/2023 0:00,9/02/2023 13:00,17.9
400,10/02/2023 0:00,9/02/2023 13:00,17.0
500,10/02/2023 0:00,9/02/2023 13:00,19.0
300,10/02/2023 0:00,9/02/2023 13:00,18.7
