temporal,date,id,mean_lst,distance,direction,area,use,temp_id,date_id,gradient_id,buffer_id,delta_T,delta_T_base,mean_lst_base
day,2022-12-03,40,38.49422375,1,15,26.1499340473,prediction,1,1,1_1_15,1_15_1,1.3151537500000003,1.810981340000005,36.62423634
day,2022-12-03,46,38.08553194,2,15,78.50635058,prediction,1,1,1_1_15,1_15_2,-0.40869181000000054,0.08339781999999474,36.70763416
day,2022-12-03,59,37.48006059,3,15,130.871230267,prediction,1,1,1_1_15,1_15_3,-0.605471350000002,-1.3082599399999992,35.39937422
day,2022-12-03,69,38.2383662,4,15,183.246919315,prediction,1,1,1_1_15,1_15_4,0.7583056100000007,0.31507284999999996,35.71444707
day,2022-12-03,81,37.94671647,5,15,235.597026849,prediction,1,1,1_1_15,1_15_5,-0.29164973000000316,-0.07320682999999661,35.64124024
day,2022-12-03,92,36.91062757,6,15,287.960622974,prediction,1,1,1_1_15,1_15_6,-1.0360888999999958,-1.0625387100000054,34.57870153
day,2022-12-03,103,36.83527429,7,15,340.284751843,prediction,1,1,1_1_15,1_15_7,-0.07535328000000163,0.1074443400000007,34.68614587
day,2022-12-03,114,36.41009773,8,15,392.695837136,prediction,1,1,1_1_15,1_15_8,-0.42517656000000414,0.10975198000000574,34.79589785
day,2022-12-03,125,36.0637026,9,15,445.06189049,prediction,1,1,1_1_15,1_15_9,-0.34639512999999766,-0.1876747400000056,34.60822311
day,2022-12-03,136,36.88952593,10,15,497.368061999,prediction,1,1,1_1_15,1_15_10,0.8258233299999986,0.9280459500000049,35.53626906
day,2022-12-03,143,36.96629152,11,15,546.961835945,prediction,1,1,1_1_15,1_15_11,0.07676559000000083,0.48520394999999894,36.02147301
day,2022-12-03,158,36.32774541,12,15,601.549994255,prediction,1,1,1_1_15,1_15_12,-0.6385461100000001,-0.4579488199999986,35.56352419
day,2022-12-03,169,34.8208842,13,15,653.857246533,prediction,1,1,1_1_15,1_15_13,-1.5068612099999967,-1.1461188399999998,34.41740535
day,2022-12-03,180,34.90474004,14,15,707.152439805,prediction,1,1,1_1_15,1_15_14,0.08385583999999824,0.08392148999999449,34.50132684
day,2022-12-03,190,34.55886996,15,15,758.617319606,prediction,1,1,1_1_15,1_15_15,-0.3458700799999974,-0.19548384999999513,34.30584299
day,2022-12-03,201,34.0372709,16,15,810.933963379,prediction,1,1,1_1_15,1_15_16,-0.5215990599999998,-0.8894973000000022,33.41634569
day,2022-12-03,213,34.50597001,17,15,864.438434635,prediction,1,1,1_1_15,1_15_17,0.46869910999999576,0.3618942200000035,33.77823991
day,2022-12-03,223,34.54300352,18,15,915.710469659,prediction,1,1,1_1_15,1_15_18,0.03703351000000055,0.16686677999999944,33.94510669
day,2022-12-03,234,34.23158798,19,15,968.034633446,prediction,1,1,1_1_15,1_15_19,-0.3114155399999987,-0.006513160000004348,33.93859353
day,2022-12-03,245,32.75193813,20,15,1020.3586323,prediction,1,1,1_1_15,1_15_20,-1.4796498500000013,-0.7534228299999981,33.1851707
day,2022-12-03,255,31.74156943,21,15,1074.08747563,prediction,1,1,1_1_15,1_15_21,-1.0103687000000008,-0.2487802799999983,32.93639042
day,2022-12-03,267,31.2305087,22,15,1125.14278858,prediction,1,1,1_1_15,1_15_22,-0.511060729999997,-0.6402473500000028,32.29614307
day,2022-12-03,278,30.97522917,23,15,1177.47240482,prediction,1,1,1_1_15,1_15_23,-0.2552795300000028,-0.157586000000002,32.13855707
day,2022-12-03,35,38.01461716,1,45,26.1492919353,prediction,1,1,1_1_45,1_45_1,0.8355471599999973,0.9803153599999987,35.79357036
day,2022-12-03,45,38.63048274,2,45,78.5051404983,prediction,1,1,1_1_45,1_45_2,0.6158655799999977,0.3538057900000027,36.14737615
day,2022-12-03,57,37.91541086,3,45,130.869096061,prediction,1,1,1_1_45,1_45_3,-0.7150718799999964,-1.0138598599999966,35.13351629
day,2022-12-03,70,37.78207923,4,45,183.248158249,prediction,1,1,1_1_45,1_45_4,-0.1333316300000007,-0.16416946000000365,34.96934683
day,2022-12-03,79,38.22643171,5,45,235.589826951,prediction,1,1,1_1_45,1_45_5,0.44435247999999916,0.6332087999999985,35.60255563
day,2022-12-03,91,37.79862923,6,45,287.957554831,prediction,1,1,1_1_45,1_45_6,-0.4278024799999969,-0.36547171999999506,35.23708391
day,2022-12-03,102,37.37943804,7,45,340.276678648,prediction,1,1,1_1_45,1_45_7,-0.4191911900000065,-0.16580181000000493,35.0712821
day,2022-12-03,111,37.07973253,8,45,392.681811001,prediction,1,1,1_1_45,1_45_8,-0.29970550999999546,0.2080715600000005,35.27935366
day,2022-12-03,122,36.77592604,9,45,445.044364492,prediction,1,1,1_1_45,1_45_9,-0.3038064899999995,0.0014820700000015563,35.28083573
day,2022-12-03,134,36.00167302,10,45,497.348890797,prediction,1,1,1_1_45,1_45_10,-0.7742530200000033,-0.651550389999997,34.62928534
day,2022-12-03,146,36.15930219,11,45,546.992632234,prediction,1,1,1_1_45,1_45_11,0.15762916999999987,0.4046579099999974,35.03394325
day,2022-12-03,156,35.57684435,12,45,601.532445915,prediction,1,1,1_1_45,1_45_12,-0.5824578399999965,-0.48802360999999905,34.54591964
day,2022-12-03,167,35.53399746,13,45,653.835724378,prediction,1,1,1_1_45,1_45_13,-0.04284688999999986,0.14644837000000166,34.69236801
day,2022-12-03,179,35.26492315,14,45,707.144348088,prediction,1,1,1_1_45,1_45_14,-0.2690743100000006,-0.05247104000000036,34.63989697
day,2022-12-03,189,35.05405218,15,45,758.58921792,prediction,1,1,1_1_45,1_45_15,-0.210870970000002,-0.37854607000000584,34.2613509
day,2022-12-03,200,35.95031328,16,45,810.90091175,prediction,1,1,1_1_45,1_45_16,0.8962611000000038,0.6502611200000032,34.91161202
day,2022-12-03,208,35.92232144,17,45,864.159798579,prediction,1,1,1_1_45,1_45_17,-0.027991840000005652,0.03474149000000182,34.94635351
day,2022-12-03,221,35.34518694,18,45,915.637247911,prediction,1,1,1_1_45,1_45_18,-0.5771344999999997,-0.16683438999999822,34.77951912
day,2022-12-03,232,34.01060026,19,45,967.953625279,prediction,1,1,1_1_45,1_45_19,-1.334586680000001,-1.0996649000000005,33.67985422
day,2022-12-03,243,33.65052458,20,45,1020.26945164,prediction,1,1,1_1_45,1_45_20,-0.36007567999999424,-0.04080248000000353,33.63905174
day,2022-12-03,254,32.82796076,21,45,1073.99224514,prediction,1,1,1_1_45,1_45_21,-0.8225638199999992,-0.5480864399999987,33.0909653
day,2022-12-03,266,32.89671618,22,45,1125.0365688,prediction,1,1,1_1_45,1_45_22,0.06875541999999513,0.38817070999999714,33.47913601
day,2022-12-03,277,32.64145807,23,45,1177.35692372,prediction,1,1,1_1_45,1_45_23,-0.25525810999999976,-0.15857134999999545,33.32056466
day,2022-12-03,288,32.54522647,24,45,1229.67680296,prediction,1,1,1_1_45,1_45_24,-0.09623159999999586,-0.08485318000000319,33.23571148
day,2022-12-03,298,32.88654753,25,45,1281.99601257,prediction,1,1,1_1_45,1_45_25,0.3413210599999985,0.4011923799999977,33.63690386
day,2022-12-03,309,32.37376837,26,45,1336.0622659,prediction,1,1,1_1_45,1_45_26,-0.5127791600000009,-0.4388008199999973,33.19810304
day,2022-12-03,320,32.35604297,27,45,1386.76970677,prediction,1,1,1_1_45,1_45_27,-0.017725400000003333,0.23407676000000066,33.4321798
day,2022-12-03,331,31.20734543,28,45,1439.09234714,prediction,1,1,1_1_45,1_45_28,-1.148697539999997,-0.5901371799999993,32.84204262
day,2022-12-03,342,30.60187043,29,45,1491.41441585,prediction,1,1,1_1_45,1_45_29,-0.6054749999999984,-0.014845749999999214,32.82719687
day,2022-12-03,353,30.47326687,30,45,1543.73587725,prediction,1,1,1_1_45,1_45_30,-0.12860356000000195,0.3308144800000008,33.15801135
day,2022-12-03,33,37.91290108,1,75,26.148976916,prediction,1,1,1_1_75,1_75_1,0.7338310799999945,0.5640270600000008,35.37728206
day,2022-12-03,51,38.17310149,2,75,78.507621266,prediction,1,1,1_1_75,1_75_2,0.26020041000000305,-0.16286069999999597,35.21442136
day,2022-12-03,56,37.93867023,3,75,130.868089502,prediction,1,1,1_1_75,1_75_3,-0.23443126000000092,-0.5703680599999998,34.6440533
day,2022-12-03,67,38.88227176,4,75,183.244421032,prediction,1,1,1_1_75,1_75_4,0.9436015300000022,1.051853819999998,35.69590712
day,2022-12-03,77,38.72787006,5,75,235.586681799,prediction,1,1,1_1_75,1_75_5,-0.15440170000000109,0.1474523199999993,35.84335944
day,2022-12-03,89,37.92501665,6,75,287.954487322,prediction,1,1,1_1_75,1_75_6,-0.8028534099999973,-0.8597676099999987,34.98359183
day,2022-12-03,99,37.30756624,7,75,340.271549334,prediction,1,1,1_1_75,1_75_7,-0.6174504100000036,-0.8960132700000045,34.08757856
day,2022-12-03,109,37.82693615,8,75,392.674128151,prediction,1,1,1_1_75,1_75_8,0.5193699100000018,0.8961111200000005,34.98368968
day,2022-12-03,121,37.52984434,9,75,445.040277329,prediction,1,1,1_1_75,1_75_9,-0.29709181000000484,-0.012676629999994304,34.97101305
day,2022-12-03,132,37.30020253,10,75,497.338930083,prediction,1,1,1_1_75,1_75_10,-0.22964180999999684,0.030416489999993246,35.00142954
day,2022-12-03,147,37.18773101,11,75,547.000708722,prediction,1,1,1_1_75,1_75_11,-0.11247151999999971,0.09736411000000089,35.09879365
day,2022-12-03,154,36.568012,12,75,601.521631113,prediction,1,1,1_1_75,1_75_12,-0.6197190099999972,-0.628661859999994,34.47013179
day,2022-12-03,165,36.25215499,13,75,653.822554947,prediction,1,1,1_1_75,1_75_13,-0.315857010000002,-0.2668716100000026,34.20326018
day,2022-12-03,175,36.23000747,14,75,706.911391158,prediction,1,1,1_1_75,1_75_14,-0.022147520000004306,-0.11246973000000082,34.09079045
day,2022-12-03,186,36.15752557,15,75,758.538606215,prediction,1,1,1_1_75,1_75_15,-0.07248189999999965,-0.07631752999999719,34.01447292
day,2022-12-03,197,36.45089132,16,75,810.845114994,prediction,1,1,1_1_75,1_75_16,0.29336574999999954,0.43355574999999646,34.44802867
day,2022-12-03,216,36.45564605,17,75,864.537255183,prediction,1,1,1_1_75,1_75_17,0.004754730000001928,0.1773452099999986,34.62537388
day,2022-12-03,220,35.27818372,18,75,915.623591996,prediction,1,1,1_1_75,1_75_18,-1.1774623299999973,-1.2661397999999977,33.35923408
day,2022-12-03,231,34.02849548,19,75,967.937262268,prediction,1,1,1_1_75,1_75_19,-1.2496882400000047,-1.251157339999999,32.10807674
day,2022-12-03,242,34.39312118,20,75,1020.25015995,prediction,1,1,1_1_75,1_75_20,0.3646257000000048,0.664074829999997,32.77215157
day,2022-12-03,253,34.39475748,21,75,1073.84509471,prediction,1,1,1_1_75,1_75_21,0.0016363000000012562,0.3059667899999994,33.07811836
day,2022-12-03,263,33.7555908,22,75,1124.99866854,prediction,1,1,1_1_75,1_75_22,-0.6391666800000024,-0.5864795600000008,32.4916388
day,2022-12-03,274,33.06069915,23,75,1177.3150084,prediction,1,1,1_1_75,1_75_23,-0.6948916500000024,-0.6936473899999953,31.79799141
day,2022-12-03,285,32.67544413,24,75,1229.63061299,prediction,1,1,1_1_75,1_75_24,-0.38525501999999534,-0.12390879000000155,31.67408262
day,2022-12-03,296,32.56184428,25,75,1281.94545509,prediction,1,1,1_1_75,1_75_25,-0.11359984999999995,0.10142877999999911,31.7755114
day,2022-12-03,307,31.27148025,26,75,1335.94686661,prediction,1,1,1_1_75,1_75_26,-1.2903640300000028,-0.7680648999999988,31.0074465
day,2022-12-03,318,31.27158741,27,75,1386.70513346,prediction,1,1,1_1_75,1_75_27,0.00010715999999888481,0.07814823000000004,31.08559473
day,2022-12-03,329,31.0652411,28,75,1439.02265301,prediction,1,1,1_1_75,1_75_28,-0.20634630999999715,-0.32912900999999906,30.75646572
day,2022-12-03,340,30.98782616,29,75,1491.33954379,prediction,1,1,1_1_75,1_75_29,-0.0774149400000006,0.6533703099999997,31.40983603
day,2022-12-03,351,28.22227684,30,75,1543.65559389,prediction,1,1,1_1_75,1_75_30,-2.7655493200000016,-2.4468130300000013,28.963023
day,2022-12-03,34,38.28705455,1,105,26.1489802967,prediction,1,1,1_1_105,1_105_1,1.1079845499999976,0.7302314599999988,35.54348646
day,2022-12-03,44,38.66753059,2,105,78.5047576509,prediction,1,1,1_1_105,1_105_2,0.3804760399999978,-0.1331483399999982,35.41033812
day,2022-12-03,58,38.10103484,3,105,130.870643632,prediction,1,1,1_1_105,1_105_3,-0.5664957500000014,-0.8578564899999961,34.55248163
day,2022-12-03,66,38.45543627,4,105,183.242955556,prediction,1,1,1_1_105,1_105_4,0.3544014300000029,0.4311245299999982,34.98360616
day,2022-12-03,78,38.72663083,5,105,235.588284549,prediction,1,1,1_1_105,1_105_5,0.27119455999999786,0.38055278999999587,35.36415895
day,2022-12-03,87,39.34712063,6,105,287.952342449,prediction,1,1,1_1_105,1_105_6,0.6204898000000014,0.7278843100000003,36.09204326
day,2022-12-03,98,38.4499126,7,105,340.2706357,prediction,1,1,1_1_105,1_105_7,-0.8972080300000016,-1.155859189999994,34.93618407
day,2022-12-03,110,37.7519804,8,105,392.677146954,prediction,1,1,1_1_105,1_105_8,-0.6979321999999968,-0.7189413299999998,34.21724274
day,2022-12-03,120,38.25499355,9,105,445.034567252,prediction,1,1,1_1_105,1_105_9,0.503013150000001,0.764347469999997,34.98159021
day,2022-12-03,131,37.64851436,10,105,497.337391364,prediction,1,1,1_1_105,1_105_10,-0.6064791900000017,-0.3086964000000023,34.67289381
day,2022-12-03,148,37.70015156,11,105,547.00681307,prediction,1,1,1_1_105,1_105_11,0.051637200000001826,0.17443370000000158,34.84732751
day,2022-12-03,153,36.7691245,12,105,601.521158094,prediction,1,1,1_1_105,1_105_12,-0.9310270600000052,-1.0322906500000002,33.81503686
day,2022-12-03,164,36.68435466,13,105,653.821981781,prediction,1,1,1_1_105,1_105_13,-0.08476983999999987,-0.2712107400000008,33.54382612
day,2022-12-03,178,36.24588623,14,105,707.099592883,prediction,1,1,1_1_105,1_105_14,-0.43846842999999325,-0.5762079699999987,32.96761815
day,2022-12-03,188,36.33654854,15,105,758.56574345,prediction,1,1,1_1_105,1_105_15,0.09066230999999902,0.011037229999999454,32.97865538
day,2022-12-03,198,35.67363114,16,105,810.874048291,prediction,1,1,1_1_105,1_105_16,-0.6629174000000049,-0.3424076199999959,32.63624776
day,2022-12-03,207,36.52179265,17,105,864.082555014,prediction,1,1,1_1_105,1_105_17,0.8481615100000042,1.156960649999995,33.79320841
day,2022-12-03,219,36.56359984,18,105,915.597310755,prediction,1,1,1_1_105,1_105_18,0.041807190000000105,0.11945067999999992,33.91265909
day,2022-12-03,229,36.57014008,19,105,967.909398761,prediction,1,1,1_1_105,1_105_19,0.006540239999999642,0.1020138700000004,34.01467296
day,2022-12-03,240,36.63685323,20,105,1020.22073198,prediction,1,1,1_1_105,1_105_20,0.06671314999999822,0.02654048000000131,34.04121344
day,2022-12-03,256,36.73007497,21,105,1074.11172432,prediction,1,1,1_1_105,1_105_21,0.09322173999999706,0.04221108000000129,34.08342452
day,2022-12-03,262,36.72655605,22,105,1124.99505457,prediction,1,1,1_1_105,1_105_22,-0.0035189199999976495,0.07399321999999842,34.15741774
day,2022-12-03,273,36.69322871,23,105,1177.31112423,prediction,1,1,1_1_105,1_105_23,-0.033327339999999595,-0.01928268999999716,34.13813505
day,2022-12-03,284,36.55310528,24,105,1229.62646731,prediction,1,1,1_1_105,1_105_24,-0.1401234300000027,-0.06605032000000222,34.07208473
day,2022-12-03,295,35.7610512,25,105,1281.94101005,prediction,1,1,1_1_105,1_105_25,-0.7920540799999998,-0.8057599999999994,33.26632473
day,2022-12-03,306,36.77065346,26,105,1335.94636579,prediction,1,1,1_1_105,1_105_26,1.0096022600000012,0.9260903200000001,34.19241505
day,2022-12-03,317,36.82076994,27,105,1386.70041475,prediction,1,1,1_1_105,1_105_27,0.0501164799999998,0.44912100999999893,34.64153606
day,2022-12-03,328,36.51529267,28,105,1439.01773273,prediction,1,1,1_1_105,1_105_28,-0.30547726999999725,0.40164911000000103,35.04318517
day,2022-12-03,339,36.82769991,29,105,1491.33427335,prediction,1,1,1_1_105,1_105_29,0.31240723999999886,0.2794751799999986,35.32266035
day,2022-12-03,37,38.39194645,1,135,26.149317842,prediction,1,1,1_1_135,1_135_1,1.212876449999996,0.635875850000005,35.44913085
day,2022-12-03,50,38.96958375,2,135,78.5072596515,prediction,1,1,1_1_135,1_135_2,0.5776372999999992,0.29320539999999795,35.74233625
day,2022-12-03,55,38.81437048,3,135,130.866816893,prediction,1,1,1_1_135,1_135_3,-0.1552132699999973,-0.303344629999998,35.43899162
day,2022-12-03,68,38.74385824,4,135,183.246181946,prediction,1,1,1_1_135,1_135_4,-0.07051223999999934,-0.03409729000000539,35.40489433
day,2022-12-03,80,38.67972731,5,135,235.591466007,prediction,1,1,1_1_135,1_135_5,-0.06413093000000458,0.03437848000000088,35.43927281
day,2022-12-03,90,38.38764561,6,135,287.954804033,prediction,1,1,1_1_135,1_135_6,-0.2920816999999971,-0.3906433000000007,35.04862951
day,2022-12-03,100,37.77471089,7,135,340.275296586,prediction,1,1,1_1_135,1_135_7,-0.6129347199999984,-0.6781065799999979,34.37052293
day,2022-12-03,112,38.33140728,8,135,392.683283752,prediction,1,1,1_1_135,1_135_8,0.556696389999999,0.5001717199999973,34.87069465
day,2022-12-03,123,38.63857105,9,135,445.047630348,prediction,1,1,1_1_135,1_135_9,0.3071637700000025,0.06347240000000198,34.93416705
day,2022-12-03,133,38.58099607,10,135,497.348469066,prediction,1,1,1_1_135,1_135_10,-0.05757498000000538,-0.14322488999999905,34.79094216
day,2022-12-03,144,37.47371697,11,135,546.989476845,prediction,1,1,1_1_135,1_135_11,-1.1072790999999995,-1.17427962,33.61666254
day,2022-12-03,155,36.55982806,12,135,601.531126669,prediction,1,1,1_1_135,1_135_12,-0.9138889099999972,-0.8328789299999997,32.78378361
day,2022-12-03,166,37.47217907,13,135,653.834129524,prediction,1,1,1_1_135,1_135_13,0.9123510100000018,1.2243934799999963,34.00817709
day,2022-12-03,176,37.4018531,14,135,706.99344984,prediction,1,1,1_1_135,1_135_14,-0.07032597000000607,-0.07872078999999843,33.9294563
day,2022-12-03,187,37.4211479,15,135,758.56495277,prediction,1,1,1_1_135,1_135_15,0.019294800000004386,-0.08783984000000089,33.84161646
day,2022-12-03,199,37.47225181,16,135,810.874751296,prediction,1,1,1_1_135,1_135_16,0.05110391000000192,0.0038034800000019686,33.84541994
day,2022-12-03,214,37.71530687,17,135,864.502557439,prediction,1,1,1_1_135,1_135_17,0.2430550599999961,0.33233199000000013,34.17775193
day,2022-12-03,222,37.7562878,18,135,915.652165759,prediction,1,1,1_1_135,1_135_18,0.04098093000000347,0.09787619000000092,34.27562812
day,2022-12-03,233,37.53331684,19,135,967.96920464,prediction,1,1,1_1_135,1_135_19,-0.22297096000000494,-0.2285711099999972,34.04705701
day,2022-12-03,244,37.5995114,20,135,1020.28562,prediction,1,1,1_1_135,1_135_20,0.06619455999999957,0.13198203999999691,34.17903905
day,2022-12-03,252,37.44118931,21,135,1073.76805203,prediction,1,1,1_1_135,1_135_21,-0.15832208999999864,-0.03143136999999996,34.14760768
day,2022-12-03,265,37.42105984,22,135,1125.03033604,prediction,1,1,1_1_135,1_135_22,-0.020129470000000538,0.14842493999999817,34.29603262
day,2022-12-03,276,37.58568488,23,135,1177.35018859,prediction,1,1,1_1_135,1_135_23,0.16462504000000422,0.345865400000001,34.64189802
day,2022-12-03,286,37.33748077,24,135,1229.6694143,prediction,1,1,1_1_135,1_135_24,-0.2482041100000032,-0.059002380000002574,34.58289564
day,2022-12-03,297,37.38743077,25,135,1281.98801862,prediction,1,1,1_1_135,1_135_25,0.0499500000000026,0.16341744000000347,34.74631308
day,2022-12-03,308,37.12783404,26,135,1336.053695,prediction,1,1,1_1_135,1_135_26,-0.2595967299999984,-0.16425316000000123,34.58205992
day,2022-12-03,319,37.14090411,27,135,1386.76048224,prediction,1,1,1_1_135,1_135_27,0.013070069999997713,0.2814787900000013,34.86353871
day,2022-12-03,330,37.16266539,28,135,1439.08243693,prediction,1,1,1_1_135,1_135_28,0.021761279999999772,0.31269095999999763,35.17622967
day,2022-12-03,341,37.37998485,29,135,1491.40380652,prediction,1,1,1_1_135,1_135_29,0.2173194599999988,0.45590788999999887,35.63213756
day,2022-12-03,352,37.06337088,30,135,1543.72456742,prediction,1,1,1_1_135,1_135_30,-0.3166139699999988,-0.3212448699999939,35.31089269
day,2022-12-03,1,39.07741871,1,165,26.1588683337,prediction,1,1,1_1_165,1_165_1,1.8983487100000005,1.369037089999999,36.18229209
day,2022-12-03,2,38.71925226,2,165,78.5320887888,prediction,1,1,1_1_165,1_165_2,-0.3581664500000059,-0.43583057000000025,35.74646152
day,2022-12-03,3,38.77987792,3,165,130.916650141,prediction,1,1,1_1_165,1_165_3,0.06062565999999947,-0.07392729999999403,35.67253422
day,2022-12-03,4,38.70962078,4,165,183.310421724,prediction,1,1,1_1_165,1_165_4,-0.07025713999999539,0.05483876999999637,35.72737299
day,2022-12-03,5,38.62235978,5,165,235.675126489,prediction,1,1,1_1_165,1_165_5,-0.08726100000000514,0.009118409999999244,35.7364914
day,2022-12-03,6,37.8068798,6,165,288.059716914,prediction,1,1,1_1_165,1_165_6,-0.8154799799999992,-0.6911961799999986,35.04529522
day,2022-12-03,7,38.62655078,7,165,340.40027276,prediction,1,1,1_1_165,1_165_7,0.819670980000005,1.084708929999998,36.13000415
day,2022-12-03,8,39.40235284,8,165,392.825928488,prediction,1,1,1_1_165,1_165_8,0.7758020599999966,0.742452870000001,36.87245702
day,2022-12-03,9,35.79078569,9,165,445.20954897,prediction,1,1,1_1_165,1_165_9,-3.611567149999999,-3.932607570000002,32.93984945
day,2022-12-03,10,36.86081185,10,165,497.534870608,prediction,1,1,1_1_165,1_165_10,1.0700261599999976,1.9482557500000013,34.8881052
day,2022-12-03,11,37.65653482,11,165,547.152727294,prediction,1,1,1_1_165,1_165_11,0.7957229699999999,0.8780108200000001,35.76611602
day,2022-12-03,12,32.0242504,12,165,601.752722326,prediction,1,1,1_1_165,1_165_12,-5.632284419999998,-4.924564259999997,30.84155176
day,2022-12-03,13,27.19950928,13,165,654.077375696,prediction,1,1,1_1_165,1_165_13,-4.824741119999999,-4.407940830000001,26.43361093
day,2022-12-03,14,26.53714675,14,165,707.437718627,prediction,1,1,1_1_165,1_165_14,-0.6623625299999993,-0.36849836000000025,26.06511257
day,2022-12-03,15,25.07572821,15,165,758.879133405,prediction,1,1,1_1_165,1_165_15,-1.4614185400000004,-1.213546130000001,24.85156644
day,2022-12-03,16,24.83486627,16,165,811.213544416,prediction,1,1,1_1_165,1_165_16,-0.24086194000000205,-0.2926265199999989,24.55893992
day,2022-12-03,217,25.06830493,17,165,864.593146426,prediction,1,1,1_1_165,1_165_17,0.2334386600000009,0.15233295999999896,24.71127288
day,2022-12-03,18,24.60467771,18,165,916.008171598,prediction,1,1,1_1_165,1_165_18,-0.46362721999999934,-0.4201615200000006,24.29111136
day,2022-12-03,19,24.92047399,19,165,968.348947967,prediction,1,1,1_1_165,1_165_19,0.3157962800000007,0.23324454000000117,24.5243559
day,2022-12-03,20,25.71808449,20,165,1020.68951414,prediction,1,1,1_1_165,1_165_20,0.7976104999999976,0.7407511299999996,25.26510703
day,2022-12-03,21,28.75271853,21,165,1074.54249828,prediction,1,1,1_1_165,1_165_21,3.0346340400000003,2.532193509999999,27.79730054
day,2022-12-03,22,35.51719514,22,165,1125.51728983,prediction,1,1,1_1_165,1_165_22,6.764476609999999,5.600163750000004,33.39746429
day,2022-12-03,23,37.25374329,23,165,1177.86387697,prediction,1,1,1_1_165,1_165_23,1.7365481500000044,1.5734407399999952,34.97090503
day,2022-12-03,24,37.34248085,24,165,1230.21017942,prediction,1,1,1_1_165,1_165_24,0.08873755999999844,0.048605780000002596,35.01951081
day,2022-12-03,32,38.42419356,1,195,26.1484865544,prediction,1,1,1_1_195,1_195_1,1.2451235599999961,0.7747576300000034,35.58801263
day,2022-12-03,43,38.73073306,2,195,78.5016954405,prediction,1,1,1_1_195,1_195_2,0.3065394999999995,0.44124150999999756,36.02925414
day,2022-12-03,54,37.69340393,3,195,130.865764168,prediction,1,1,1_1_195,1_195_3,-1.0373291299999963,-1.098421209999998,34.93083293
day,2022-12-03,65,38.02277469,4,195,183.241181439,prediction,1,1,1_1_195,1_195_4,0.3293707599999962,0.848812719999998,35.77964565
day,2022-12-03,76,37.51458242,5,195,235.586306566,prediction,1,1,1_1_195,1_195_5,-0.508192269999995,-0.40651470000000245,35.37313095
day,2022-12-03,88,38.47824488,6,195,287.953574821,prediction,1,1,1_1_195,1_195_6,0.9636624599999948,1.0676655200000056,36.44079647
day,2022-12-03,101,38.94697907,7,195,340.276063867,prediction,1,1,1_1_195,1_195_7,0.4687341899999993,0.14356946999999565,36.58436594
day,2022-12-03,113,38.41508377,8,195,392.683423375,prediction,1,1,1_1_195,1_195_8,-0.5318952999999951,-0.17887707999999947,36.40548886
day,2022-12-03,124,38.10540377,9,195,445.05299325,prediction,1,1,1_1_195,1_195_9,-0.3096800000000002,0.3020263300000039,36.70751519
day,2022-12-03,135,37.11088944,10,195,497.360915159,prediction,1,1,1_1_195,1_195_10,-0.9945143300000012,-0.6493633400000007,36.05815185
day,2022-12-03,142,37.29373357,11,195,546.956662613,prediction,1,1,1_1_195,1_195_11,0.18284412999999944,0.24849573999999564,36.30664759
day,2022-12-03,157,36.22552894,12,195,601.546952442,prediction,1,1,1_1_195,1_195_12,-1.0682046300000039,-1.0858516300000005,35.22079596
day,2022-12-03,168,36.41666334,13,195,653.857004574,prediction,1,1,1_1_195,1_195_13,0.1911344000000028,0.3772303100000016,35.59802627
day,2022-12-03,182,34.35245947,14,195,707.223320408,prediction,1,1,1_1_195,1_195_14,-2.06420387,-2.4084808399999957,33.18954543
day,2022-12-03,191,26.45399419,15,195,758.634128682,prediction,1,1,1_1_195,1_195_15,-7.89846528,-6.774079230000002,26.4154662
day,2022-12-03,202,24.54240346,16,195,810.955736004,prediction,1,1,1_1_195,1_195_16,-1.9115907300000003,-1.407516730000001,25.00794947
day,2022-12-03,209,21.89998369,17,195,864.320131185,prediction,1,1,1_1_195,1_195_17,-2.64241977,-2.63470113,22.37324834
day,2022-12-03,224,21.36942704,18,195,915.725934618,prediction,1,1,1_1_195,1_195_18,-0.5305566499999976,-0.6600443600000006,21.71320398
day,2022-12-03,235,21.20550119,19,195,968.055546242,prediction,1,1,1_1_195,1_195_19,-0.16392585000000182,-0.1873788300000001,21.52582515
day,2022-12-03,246,21.2641022,20,195,1020.38537183,prediction,1,1,1_1_195,1_195_20,0.058601010000000286,0.04776998999999904,21.57359514
day,2022-12-03,258,22.02654815,21,195,1074.19059563,prediction,1,1,1_1_195,1_195_21,0.76244595,0.4370782800000015,22.01067342
day,2022-12-03,268,26.57190483,22,195,1125.18958872,prediction,1,1,1_1_195,1_195_22,4.545356680000001,4.170332370000001,26.18100579
day,2022-12-03,279,34.14194988,23,195,1177.52690799,prediction,1,1,1_1_195,1_195_23,7.570045049999997,7.1393959099999975,33.3204017
day,2022-12-03,31,38.2606847,1,225,26.1421622904,prediction,1,1,1_1_225,1_225_1,1.0816146999999958,0.68422056,35.49747556
day,2022-12-03,42,38.54988846,2,225,78.4865939041,prediction,1,1,1_1_225,1_225_2,0.2892037599999995,0.453913110000002,35.95138867
day,2022-12-03,53,36.36149126,3,225,130.83419649,prediction,1,1,1_1_225,1_225_3,-2.188397199999997,-2.11029422,33.84109445
day,2022-12-03,64,37.98328901,4,225,183.202760398,prediction,1,1,1_1_225,1_225_4,1.621797749999999,2.375873900000002,36.21696835
day,2022-12-03,75,37.68943577,5,225,235.5378245,prediction,1,1,1_1_225,1_225_5,-0.29385323999999713,-0.03655626999999839,36.18041208
day,2022-12-03,86,37.52987377,6,225,287.893716757,prediction,1,1,1_1_225,1_225_6,-0.1595620000000011,-0.4642124900000013,35.71619959
day,2022-12-03,97,38.60206212,7,225,340.206774681,prediction,1,1,1_1_225,1_225_7,1.0721883499999976,1.2171751799999981,36.93337477
day,2022-12-03,108,38.70534644,8,225,392.609087709,prediction,1,1,1_1_225,1_225_8,0.10328432000000021,0.4828071900000026,37.41618196
day,2022-12-03,119,38.85349544,9,225,444.967545613,prediction,1,1,1_1_225,1_225_9,0.14814900000000364,0.47087157999999363,37.88705354
day,2022-12-03,130,38.03058135,10,225,497.266228693,prediction,1,1,1_1_225,1_225_10,-0.8229140900000047,-0.3712660899999989,37.51578745
day,2022-12-03,141,37.52701438,11,225,546.903162294,prediction,1,1,1_1_225,1_225_11,-0.5035669700000014,0.16130237000000136,37.67708982
day,2022-12-03,152,37.24917042,12,225,601.445836677,prediction,1,1,1_1_225,1_225_12,-0.27784395999999845,0.06683428000000191,37.7439241
day,2022-12-03,163,37.34022141,13,225,653.749348408,prediction,1,1,1_1_225,1_225_13,0.09105098999999939,0.42696509999999677,38.1708892
day,2022-12-03,174,37.75134737,14,225,706.908204273,prediction,1,1,1_1_225,1_225_14,0.4111259599999997,0.8044403000000031,38.9753295
day,2022-12-03,185,37.31081123,15,225,758.484798074,prediction,1,1,1_1_225,1_225_15,-0.44053613999999897,-0.29641793000000405,38.67891157
day,2022-12-03,196,35.1767227,16,225,810.798966762,prediction,1,1,1_1_225,1_225_16,-2.1340885299999997,-2.2425995499999942,36.43631202
day,2022-12-03,212,34.91415163,17,225,864.434341191,prediction,1,1,1_1_225,1_225_17,-0.2625710699999999,-0.5421672200000032,35.8941448
day,2022-12-03,218,35.27778784,18,225,915.58915721,prediction,1,1,1_1_225,1_225_18,0.3636362100000028,0.05512494999999973,35.94926975
day,2022-12-03,230,37.51344175,19,225,967.914389442,prediction,1,1,1_1_225,1_225_19,2.2356539099999964,2.1342132199999995,38.08348297
day,2022-12-03,241,37.74314813,20,225,1020.24029023,prediction,1,1,1_1_225,1_225_20,0.2297063800000032,-0.11451412999999633,37.96896884
day,2022-12-03,251,37.26468052,21,225,1073.74745918,prediction,1,1,1_1_225,1_225_21,-0.4784676100000027,-0.7330789200000041,37.23588992
day,2022-12-03,264,37.62675166,22,225,1125.00912546,prediction,1,1,1_1_225,1_225_22,0.3620711399999976,0.1443895300000051,37.38027945
day,2022-12-03,275,38.2075081,23,225,1177.34236285,prediction,1,1,1_1_225,1_225_23,0.5807564400000018,0.9086629099999968,38.28894236
day,2022-12-03,287,37.70009102,24,225,1229.6762407,prediction,1,1,1_1_225,1_225_24,-0.5074170799999962,-0.04011917999999781,38.24882318
day,2022-12-03,299,36.34689103,25,225,1282.0107427,prediction,1,1,1_1_225,1_225_25,-1.3531999900000002,-1.2114641699999993,37.03735901
day,2022-12-03,310,35.74711303,26,225,1336.09378827,prediction,1,1,1_1_225,1_225_26,-0.5997780000000006,-0.3992804100000029,36.6380786
day,2022-12-03,321,35.46036703,27,225,1386.81886773,prediction,1,1,1_1_225,1_225_27,-0.28674600000000083,-0.7081112999999988,35.9299673
day,2022-12-03,332,35.60552121,28,225,1439.16057605,prediction,1,1,1_1_225,1_225_28,0.1451541799999987,-0.2247287,35.7052386
day,2022-12-03,343,36.29524571,29,225,1491.5029301,prediction,1,1,1_1_225,1_225_29,0.6897245000000041,0.7737545700000013,36.47899317
day,2022-12-03,354,36.60080329,30,225,1543.84595568,prediction,1,1,1_1_225,1_225_30,0.30555757999999855,0.5473202099999952,37.02631338
day,2022-12-03,36,38.80541068,1,255,26.1493125373,prediction,1,1,1_1_255,1_255_1,1.6263406799999984,1.3678113200000013,36.18106632
day,2022-12-03,48,38.96897793,2,255,78.5069401867,prediction,1,1,1_1_255,1_255_2,0.16356724999999983,0.13558537000000115,36.31665169
day,2022-12-03,63,38.34279896,3,255,130.87662654,prediction,1,1,1_1_255,1_255_3,-0.626178969999998,-0.18123523999999946,36.13541645
day,2022-12-03,72,38.54777705,4,255,183.253658741,prediction,1,1,1_1_255,1_255_4,0.20497808999999734,0.8651799499999981,37.0005964
day,2022-12-03,85,38.16770219,5,255,235.606875989,prediction,1,1,1_1_255,1_255_5,-0.38007486000000057,-0.18210369999999898,36.8184927
day,2022-12-03,95,36.51385792,6,255,287.979473221,prediction,1,1,1_1_255,1_255_6,-1.6538442700000004,-1.8163190100000008,35.00217369
day,2022-12-03,106,38.2471045,7,255,340.308783293,prediction,1,1,1_1_255,1_255_7,1.7332465799999994,1.972683350000004,36.97485704
day,2022-12-03,118,38.33726719,8,255,392.727876477,prediction,1,1,1_1_255,1_255_8,0.09016268999999966,0.07023008999999547,37.04508713
day,2022-12-03,128,38.27840169,9,255,445.100751387,prediction,1,1,1_1_255,1_255_9,-0.05886549999999602,0.019147629999999083,37.06423476
day,2022-12-03,139,37.76566883,10,255,497.419046738,prediction,1,1,1_1_255,1_255_10,-0.5127328599999998,-0.3175387799999996,36.74669598
day,2022-12-03,151,38.10503903,11,255,547.10469891,prediction,1,1,1_1_255,1_255_11,0.3393701999999976,0.6786545599999982,37.42535054
day,2022-12-03,161,37.58235045,12,255,601.640315573,prediction,1,1,1_1_255,1_255_12,-0.5226885800000005,-0.37026688999999635,37.05508365
day,2022-12-03,172,36.99588078,13,255,653.962746366,prediction,1,1,1_1_255,1_255_13,-0.5864696699999996,-0.28028448999999966,36.77479916
day,2022-12-03,184,37.58720767,14,255,707.267285282,prediction,1,1,1_1_255,1_255_14,0.5913268899999977,1.2507809800000018,38.02558014
day,2022-12-03,195,35.70643449,15,255,758.755698383,prediction,1,1,1_1_255,1_255_15,-1.8807731799999985,-1.529854990000004,36.49572515
day,2022-12-03,206,35.28989368,16,255,811.091073808,prediction,1,1,1_1_255,1_255_16,-0.41654081000000076,0.1686861499999992,36.6644113
day,2022-12-03,210,34.72044471,17,255,864.328430686,prediction,1,1,1_1_255,1_255_17,-0.5694489699999963,0.03728425999999985,36.70169556
day,2022-12-03,227,35.02246565,18,255,915.873920636,prediction,1,1,1_1_255,1_255_18,0.30202093999999846,0.6213845100000057,37.32308007
day,2022-12-03,238,36.04702731,19,255,968.218473936,prediction,1,1,1_1_255,1_255_19,1.0245616599999963,1.1648345099999986,38.48791458
day,2022-12-03,249,35.44781491,20,255,1020.56405306,prediction,1,1,1_1_255,1_255_20,-0.599212399999999,-0.7497733400000044,37.73814124
day,2022-12-03,261,35.00268336,21,255,1074.50378336,prediction,1,1,1_1_255,1_255_21,-0.44513154999999927,-0.36847694000000075,37.3696643
day,2022-12-03,271,34.90936646,22,255,1125.41362315,prediction,1,1,1_1_255,1_255_22,-0.09331689999999782,0.2961841200000066,37.66584842
day,2022-12-03,282,34.9219291,23,255,1177.76947909,prediction,1,1,1_1_255,1_255_23,0.012562639999998737,0.10360859000000033,37.76945701
day,2022-12-03,293,35.1961163,24,255,1230.12637227,prediction,1,1,1_1_255,1_255_24,0.2741872000000001,0.6820127599999992,38.45146977
day,2022-12-03,304,35.17867045,25,255,1282.48427264,prediction,1,1,1_1_255,1_255_25,-0.01744585000000143,0.18763537999999613,38.63910515
day,2022-12-03,315,34.69979558,26,255,1336.53171427,prediction,1,1,1_1_255,1_255_26,-0.4788748699999985,-0.48078955999999806,38.15831559
day,2022-12-03,326,34.581513,27,255,1387.33562104,prediction,1,1,1_1_255,1_255_27,-0.11828257999999892,0.3243877000000026,38.48270329
day,2022-12-03,337,33.91489738,28,255,1439.70166378,prediction,1,1,1_1_255,1_255_28,-0.6666156200000017,-1.6586271800000034,36.82407611
day,2022-12-03,348,35.98638166,29,255,1492.06879036,prediction,1,1,1_1_255,1_255_29,2.07148428,1.412843610000003,38.23691972
day,2022-12-03,360,36.81818748,30,255,1544.43689287,prediction,1,1,1_1_255,1_255_30,0.8318058199999996,1.065538999999994,39.30245872
day,2022-12-03,38,38.47252718,1,285,26.149320641,prediction,1,1,1_1_285,1_285_1,1.2934571799999972,1.422988360000005,36.23624336
day,2022-12-03,52,38.99367854,2,285,78.5097908779,prediction,1,1,1_1_285,1_285_2,0.5211513599999975,0.3935732599999966,36.62981662
day,2022-12-03,62,38.28922176,3,285,130.87356057,prediction,1,1,1_1_285,1_285_3,-0.704456780000001,-0.5204064099999997,36.10941021
day,2022-12-03,73,38.55084564,4,285,183.255763257,prediction,1,1,1_1_285,1_285_4,0.2616238800000019,0.6354852600000029,36.74489547
day,2022-12-03,84,38.50914554,5,285,235.605230044,prediction,1,1,1_1_285,1_285_5,-0.04170009999999991,0.3631089799999998,37.10800445
day,2022-12-03,96,35.78112602,6,285,287.981779618,prediction,1,1,1_1_285,1_285_6,-2.7280195199999966,-2.665976360000002,34.44202809
day,2022-12-03,107,35.64459155,7,285,340.309803081,prediction,1,1,1_1_285,1_285_7,-0.13653447000000085,-0.13566331999999903,34.30636477
day,2022-12-03,117,37.54590397,8,285,392.725912691,prediction,1,1,1_1_285,1_285_8,1.9013124199999965,2.07978155,36.38614632
day,2022-12-03,129,37.40992604,9,285,445.105153265,prediction,1,1,1_1_285,1_285_9,-0.1359779299999957,-0.0864067999999989,36.29973952
day,2022-12-03,140,37.86665223,10,285,497.420665061,prediction,1,1,1_1_285,1_285_10,0.4567261899999977,0.5173702599999999,36.81710978
day,2022-12-03,150,37.96012401,11,285,547.10048277,prediction,1,1,1_1_285,1_285_11,0.09347178000000156,0.07812741000000045,36.89523719
day,2022-12-03,162,38.27185865,12,285,601.64126025,prediction,1,1,1_1_285,1_285_12,0.3117346399999974,0.5803755600000002,37.47561275
day,2022-12-03,173,38.29536549,13,285,653.963824959,prediction,1,1,1_1_285,1_285_13,0.023506840000003137,0.3108566599999989,37.78646941
day,2022-12-03,177,38.14816095,14,285,707.077105223,prediction,1,1,1_1_285,1_285_14,-0.14720454000000416,0.30738423999999753,38.09385365
day,2022-12-03,194,37.81711069,15,285,758.728805537,prediction,1,1,1_1_285,1_285_15,-0.3310502599999978,0.029631289999997534,38.12348494
day,2022-12-03,205,36.85533154,16,285,811.062448387,prediction,1,1,1_1_285,1_285_16,-0.9617791499999981,-0.44550593999999677,37.677979
day,2022-12-03,17,36.4408939,17,285,864.783493136,prediction,1,1,1_1_285,1_285_17,-0.4144376400000027,0.06338652000000167,37.74136552
day,2022-12-03,228,35.3664059,18,285,915.900561915,prediction,1,1,1_1_285,1_285_18,-1.0744880000000023,-0.7770403399999992,36.96432518
day,2022-12-03,239,35.09010301,19,285,968.246820865,prediction,1,1,1_1_285,1_285_19,-0.27630288999999664,0.10021255999999568,37.06453774
day,2022-12-03,250,34.26606059,20,285,1020.59402321,prediction,1,1,1_1_285,1_285_20,-0.8240424199999978,-0.477444509999998,36.58709323
day,2022-12-03,259,34.64258575,21,285,1074.20728628,prediction,1,1,1_1_285,1_285_21,0.3765251599999999,0.5629172499999981,37.15001048
day,2022-12-03,272,34.90891167,22,285,1125.41494883,prediction,1,1,1_1_285,1_285_22,0.2663259199999999,0.5864357399999989,37.73644622
day,2022-12-03,283,35.19634412,23,285,1177.77099231,prediction,1,1,1_1_285,1_285_23,0.2874324499999972,0.5352065400000043,38.27165276
day,2022-12-03,294,34.37618983,24,285,1230.12815714,prediction,1,1,1_1_285,1_285_24,-0.8201542899999978,-0.8774894200000034,37.39416334
day,2022-12-03,305,35.15761076,25,285,1282.48626986,prediction,1,1,1_1_285,1_285_25,0.7814209299999959,0.7500274900000008,38.14419083
day,2022-12-03,316,35.72339489,26,285,1336.53812588,prediction,1,1,1_1_285,1_285_26,0.5657841300000044,0.6657588200000006,38.80994965
day,2022-12-03,327,34.62400786,27,285,1387.33847392,prediction,1,1,1_1_285,1_285_27,-1.0993870300000026,-0.6494750999999965,38.16047455
day,2022-12-03,338,35.07666426,28,285,1439.70478145,prediction,1,1,1_1_285,1_285_28,0.4526564000000022,0.7807538199999939,38.94122837
day,2022-12-03,349,32.57130834,29,285,1492.07222963,prediction,1,1,1_1_285,1_285_29,-2.5053559199999995,-1.5974767599999993,37.34375161
day,2022-12-03,39,38.1622027,1,315,26.1495677872,prediction,1,1,1_1_315,1_315_1,0.9831326999999987,1.3184696900000006,36.13172469
day,2022-12-03,47,38.27946584,2,315,78.506588238,prediction,1,1,1_1_315,1_315_2,0.1172631399999986,0.2412899899999985,36.37301468
day,2022-12-03,61,38.60991042,3,315,130.873391001,prediction,1,1,1_1_315,1_315_3,0.3304445799999982,0.45211880000000093,36.82513348
day,2022-12-03,74,38.11211503,4,315,183.256425919,prediction,1,1,1_1_315,1_315_4,-0.4977953900000003,-0.27650907999999674,36.5486244
day,2022-12-03,83,37.46293714,5,315,235.603359681,prediction,1,1,1_1_315,1_315_5,-0.6491778899999971,-0.180008100000002,36.3686163
day,2022-12-03,94,37.19714248,6,315,287.977630168,prediction,1,1,1_1_315,1_315_6,-0.2657946600000045,0.10967802999999776,36.47829433
day,2022-12-03,105,35.96041994,7,315,340.304761915,prediction,1,1,1_1_315,1_315_7,-1.2367225399999953,-1.243257199999995,35.23503713
day,2022-12-03,116,35.58696473,8,315,392.718288014,prediction,1,1,1_1_315,1_315_8,-0.37345521000000304,-0.23498121000000083,35.00005592
day,2022-12-03,127,35.06982735,9,315,445.092654475,prediction,1,1,1_1_315,1_315_9,-0.5171373800000012,-0.25056539999999927,34.74949052
day,2022-12-03,138,34.69806683,10,315,497.40865149,prediction,1,1,1_1_315,1_315_10,-0.37176051999999515,-0.06973218000000259,34.67975834
day,2022-12-03,149,34.33734679,11,315,547.068358919,prediction,1,1,1_1_315,1_315_11,-0.3607200400000039,-0.23524768000000051,34.44451066
day,2022-12-03,160,34.26470246,12,315,601.620474081,prediction,1,1,1_1_315,1_315_12,-0.0726443299999957,-0.05335876000000184,34.3911519
day,2022-12-03,171,33.71531488,13,315,653.939654538,prediction,1,1,1_1_315,1_315_13,-0.5493875800000012,-0.5577050299999939,33.83344687
day,2022-12-03,183,33.37126589,14,315,707.256506323,prediction,1,1,1_1_315,1_315_14,-0.34404899000000455,-0.047783860000002676,33.78566301
day,2022-12-03,193,33.59521302,15,315,758.727653744,prediction,1,1,1_1_315,1_315_15,0.2239471300000062,0.6977414899999985,34.4834045
day,2022-12-03,204,33.6512085,16,315,811.059153639,prediction,1,1,1_1_315,1_315_16,0.055995479999999986,0.4998306100000036,34.98323511
day,2022-12-03,211,33.82820994,17,315,864.340763528,prediction,1,1,1_1_315,1_315_17,0.17700143999999796,0.4569724599999958,35.44020757
day,2022-12-03,226,34.17483138,18,315,915.83925752,prediction,1,1,1_1_315,1_315_18,0.34662143999999984,0.5513729900000044,35.99158056
day,2022-12-03,237,33.88449625,19,315,968.179492611,prediction,1,1,1_1_315,1_315_19,-0.29033513000000255,-0.3198443100000006,35.67173625
day,2022-12-03,248,34.04505528,20,315,1020.52043405,prediction,1,1,1_1_315,1_315_20,0.1605590300000017,0.17315961999999985,35.84489587
day,2022-12-03,260,33.87962059,21,315,1074.27874941,prediction,1,1,1_1_315,1_315_21,-0.16543468999999789,-0.09764632000000262,35.74724955
day,2022-12-03,270,33.55169032,22,315,1125.34266539,prediction,1,1,1_1_315,1_315_22,-0.3279302700000031,-0.18353836,35.56371119
day,2022-12-03,281,34.29832767,23,315,1177.69223154,prediction,1,1,1_1_315,1_315_23,0.7466373500000003,0.6931619200000014,36.25687311
day,2022-12-03,292,34.47392839,24,315,1230.0425277,prediction,1,1,1_1_315,1_315_24,0.1756007199999985,0.17493728000000175,36.43181039
day,2022-12-03,303,34.38750498,25,315,1282.39359165,prediction,1,1,1_1_315,1_315_25,-0.08642340999999476,-0.092241130000005,36.33956926
day,2022-12-03,314,34.67876781,26,315,1336.49391968,prediction,1,1,1_1_315,1_315_26,0.29126282999999376,0.6713582900000006,37.01092755
day,2022-12-03,325,34.41932199,27,315,1387.23503065,prediction,1,1,1_1_315,1_315_27,-0.2594458199999963,0.04491803000000516,37.05584558
day,2022-12-03,336,33.84349887,28,315,1439.59346859,prediction,1,1,1_1_315,1_315_28,-0.5758231200000026,-0.5838747200000043,36.47197086
day,2022-12-03,347,33.0554987,29,315,1491.95272129,prediction,1,1,1_1_315,1_315_29,-0.7880001699999966,-0.8327802800000015,35.63919058
day,2022-12-03,358,33.31977674,30,315,1544.3126586,prediction,1,1,1_1_315,1_315_30,0.26427804000000066,0.054189170000000786,35.69337975
day,2022-12-03,41,38.45825869,1,345,26.1500688971,prediction,1,1,1_1_345,1_345_1,1.279188689999998,1.7611845700000046,36.57443957
day,2022-12-03,49,38.52666855,2,345,78.5070511329,prediction,1,1,1_1_345,1_345_2,0.0684098599999956,0.6224261699999971,37.19686574
day,2022-12-03,60,38.0726723,3,345,130.872835727,prediction,1,1,1_1_345,1_345_3,-0.4539962499999959,-0.6410470499999974,36.55581869
day,2022-12-03,71,37.80077278,4,345,183.24991072,prediction,1,1,1_1_345,1_345_4,-0.27189951999999806,-0.6249910900000017,35.9308276
day,2022-12-03,82,38.00317899,5,345,235.601945306,prediction,1,1,1_1_345,1_345_5,0.20240620999999948,0.3047314700000001,36.23555907
day,2022-12-03,93,37.56839027,6,345,287.968116355,prediction,1,1,1_1_345,1_345_6,-0.43478872000000024,-0.2912400200000036,35.94431905
day,2022-12-03,104,37.36091866,7,345,340.295141519,prediction,1,1,1_1_345,1_345_7,-0.20747160999999892,-0.06463158999999763,35.87968746
day,2022-12-03,115,36.78578576,8,345,392.709712269,prediction,1,1,1_1_345,1_345_8,-0.5751328999999998,-0.3548685999999961,35.52481886
day,2022-12-03,126,35.41953551,9,345,445.079436204,prediction,1,1,1_1_345,1_345_9,-1.3662502500000002,-1.0544231400000044,34.47039572
day,2022-12-03,137,34.95209528,10,345,497.390112246,prediction,1,1,1_1_345,1_345_10,-0.4674402300000011,-0.4122234299999974,34.05817229
day,2022-12-03,145,34.18024125,11,345,546.992209207,prediction,1,1,1_1_345,1_345_11,-0.7718540300000001,-0.6686642700000007,33.38950802
day,2022-12-03,159,34.02867141,12,345,601.582898436,prediction,1,1,1_1_345,1_345_12,-0.1515698400000005,-0.018257650000002457,33.37125037
day,2022-12-03,170,32.57417638,13,345,653.896039442,prediction,1,1,1_1_345,1_345_13,-1.454495030000004,-0.9624030099999956,32.40884736
day,2022-12-03,181,33.21286387,14,345,707.200965457,prediction,1,1,1_1_345,1_345_14,0.6386874900000024,0.6218146399999966,33.030662
day,2022-12-03,192,33.36673967,15,345,758.669844378,prediction,1,1,1_1_345,1_345_15,0.15387580000000156,0.4090014900000014,33.43966349
day,2022-12-03,203,33.71568156,16,345,810.993894777,prediction,1,1,1_1_345,1_345_16,0.348941889999999,0.235391970000002,33.67505546
day,2022-12-03,215,33.10317005,17,345,864.503329694,prediction,1,1,1_1_345,1_345_17,-0.6125115099999974,-0.5341786299999995,33.14087683
day,2022-12-03,225,32.34924165,18,345,915.786279166,prediction,1,1,1_1_345,1_345_18,-0.7539283999999995,-0.6655099000000035,32.47536693
day,2022-12-03,236,32.50610999,19,345,968.119276911,prediction,1,1,1_1_345,1_345_19,0.1568683399999955,0.3266453700000014,32.8020123
day,2022-12-03,247,32.66930247,20,345,1020.45253703,prediction,1,1,1_1_345,1_345_20,0.1631924799999993,0.35369989000000146,33.15571219
day,2022-12-03,257,32.20689574,21,345,1074.18632633,prediction,1,1,1_1_345,1_345_21,-0.4624067299999979,0.19285382999999712,33.34856602
day,2022-12-03,269,32.49100525,22,345,1125.25634889,prediction,1,1,1_1_345,1_345_22,0.2841095100000004,0.46843771999999717,33.81700374
day,2022-12-03,280,33.29355117,23,345,1177.59668494,prediction,1,1,1_1_345,1_345_23,0.80254592,0.8932083200000065,34.71021206
day,2022-12-03,291,33.30589631,24,345,1229.93735902,prediction,1,1,1_1_345,1_345_24,0.012345140000000754,-0.23511472000000566,34.47509734
day,2022-12-27,40,40.25130552,1,15,26.1499340473,prediction,1,3,1_3_15,1_15_1,1.8570845200000008,1.810981340000005,36.62423634
day,2022-12-27,46,40.24811869,2,15,78.50635058,prediction,1,3,1_3_15,1_15_2,-0.0031868300000041927,0.08339781999999474,36.70763416
day,2022-12-27,59,39.09800034,3,15,130.871230267,prediction,1,3,1_3_15,1_15_3,-1.1501183499999996,-1.3082599399999992,35.39937422
day,2022-12-27,69,39.19472433,4,15,183.246919315,prediction,1,3,1_3_15,1_15_4,0.09672399000000098,0.31507284999999996,35.71444707
day,2022-12-27,81,38.99382782,5,15,235.597026849,prediction,1,3,1_3_15,1_15_5,-0.20089650999999975,-0.07320682999999661,35.64124024
day,2022-12-27,92,38.31972291,6,15,287.960622974,prediction,1,3,1_3_15,1_15_6,-0.674104909999997,-1.0625387100000054,34.57870153
day,2022-12-27,103,38.5972671,7,15,340.284751843,prediction,1,3,1_3_15,1_15_7,0.2775441900000004,0.1074443400000007,34.68614587
day,2022-12-27,114,38.24895785,8,15,392.695837136,prediction,1,3,1_3_15,1_15_8,-0.3483092500000069,0.10975198000000574,34.79589785
day,2022-12-27,125,37.72236378,9,15,445.06189049,prediction,1,3,1_3_15,1_15_9,-0.5265940699999945,-0.1876747400000056,34.60822311
day,2022-12-27,136,38.41852935,10,15,497.368061999,prediction,1,3,1_3_15,1_15_10,0.696165569999998,0.9280459500000049,35.53626906
day,2022-12-27,143,38.66478477,11,15,546.961835945,prediction,1,3,1_3_15,1_15_11,0.24625541999999712,0.48520394999999894,36.02147301
day,2022-12-27,158,38.30273075,12,15,601.549994255,prediction,1,3,1_3_15,1_15_12,-0.3620540199999951,-0.4579488199999986,35.56352419
day,2022-12-27,169,37.15143296,13,15,653.857246533,prediction,1,3,1_3_15,1_15_13,-1.151297790000001,-1.1461188399999998,34.41740535
day,2022-12-27,180,36.70568089,14,15,707.152439805,prediction,1,3,1_3_15,1_15_14,-0.4457520700000046,0.08392148999999449,34.50132684
day,2022-12-27,190,36.63676084,15,15,758.617319606,prediction,1,3,1_3_15,1_15_15,-0.06892004999999557,-0.19548384999999513,34.30584299
day,2022-12-27,201,36.18688496,16,15,810.933963379,prediction,1,3,1_3_15,1_15_16,-0.44987588000000045,-0.8894973000000022,33.41634569
day,2022-12-27,213,36.68337867,17,15,864.438434635,prediction,1,3,1_3_15,1_15_17,0.49649371000000286,0.3618942200000035,33.77823991
day,2022-12-27,223,36.69610842,18,15,915.710469659,prediction,1,3,1_3_15,1_15_18,0.012729749999998319,0.16686677999999944,33.94510669
day,2022-12-27,234,36.30814262,19,15,968.034633446,prediction,1,3,1_3_15,1_15_19,-0.38796580000000347,-0.006513160000004348,33.93859353
day,2022-12-27,245,35.25436617,20,15,1020.3586323,prediction,1,3,1_3_15,1_15_20,-1.0537764500000009,-0.7534228299999981,33.1851707
day,2022-12-27,255,34.61858388,21,15,1074.08747563,prediction,1,3,1_3_15,1_15_21,-0.6357822899999945,-0.2487802799999983,32.93639042
day,2022-12-27,267,34.04348026,22,15,1125.14278858,prediction,1,3,1_3_15,1_15_22,-0.5751036200000001,-0.6402473500000028,32.29614307
day,2022-12-27,278,33.54485568,23,15,1177.47240482,prediction,1,3,1_3_15,1_15_23,-0.49862458000000487,-0.157586000000002,32.13855707
day,2022-12-27,35,39.53393904,1,45,26.1492919353,prediction,1,3,1_3_45,1_45_1,1.1397180399999982,0.9803153599999987,35.79357036
day,2022-12-27,45,39.87828063,2,45,78.5051404983,prediction,1,3,1_3_45,1_45_2,0.3443415899999991,0.3538057900000027,36.14737615
day,2022-12-27,57,38.86774759,3,45,130.869096061,prediction,1,3,1_3_45,1_45_3,-1.0105330399999986,-1.0138598599999966,35.13351629
day,2022-12-27,70,38.78162384,4,45,183.248158249,prediction,1,3,1_3_45,1_45_4,-0.08612374999999872,-0.16416946000000365,34.96934683
day,2022-12-27,79,39.40146232,5,45,235.589826951,prediction,1,3,1_3_45,1_45_5,0.6198384799999985,0.6332087999999985,35.60255563
day,2022-12-27,91,39.11754668,6,45,287.957554831,prediction,1,3,1_3_45,1_45_6,-0.2839156400000036,-0.36547171999999506,35.23708391
day,2022-12-27,102,39.04810887,7,45,340.276678648,prediction,1,3,1_3_45,1_45_7,-0.0694378099999966,-0.16580181000000493,35.0712821
day,2022-12-27,111,38.98932247,8,45,392.681811001,prediction,1,3,1_3_45,1_45_8,-0.05878640000000246,0.2080715600000005,35.27935366
day,2022-12-27,122,38.97911965,9,45,445.044364492,prediction,1,3,1_3_45,1_45_9,-0.010202819999996393,0.0014820700000015563,35.28083573
day,2022-12-27,134,38.57842126,10,45,497.348890797,prediction,1,3,1_3_45,1_45_10,-0.4006983900000023,-0.651550389999997,34.62928534
day,2022-12-27,146,38.93375072,11,45,546.992632234,prediction,1,3,1_3_45,1_45_11,0.3553294600000001,0.4046579099999974,35.03394325
day,2022-12-27,156,38.49984194,12,45,601.532445915,prediction,1,3,1_3_45,1_45_12,-0.4339087799999959,-0.48802360999999905,34.54591964
day,2022-12-27,167,38.62141578,13,45,653.835724378,prediction,1,3,1_3_45,1_45_13,0.12157383999999638,0.14644837000000166,34.69236801
day,2022-12-27,179,38.38009834,14,45,707.144348088,prediction,1,3,1_3_45,1_45_14,-0.241317439999996,-0.05247104000000036,34.63989697
day,2022-12-27,189,37.79681073,15,45,758.58921792,prediction,1,3,1_3_45,1_45_15,-0.5832876100000064,-0.37854607000000584,34.2613509
day,2022-12-27,200,38.20816295,16,45,810.90091175,prediction,1,3,1_3_45,1_45_16,0.4113522200000048,0.6502611200000032,34.91161202
day,2022-12-27,208,38.27415634,17,45,864.159798579,prediction,1,3,1_3_45,1_45_17,0.0659933899999956,0.03474149000000182,34.94635351
day,2022-12-27,221,38.08707565,18,45,915.637247911,prediction,1,3,1_3_45,1_45_18,-0.18708068999999483,-0.16683438999999822,34.77951912
day,2022-12-27,232,37.16265843,19,45,967.953625279,prediction,1,3,1_3_45,1_45_19,-0.9244172200000023,-1.0996649000000005,33.67985422
day,2022-12-27,243,37.02883293,20,45,1020.26945164,prediction,1,3,1_3_45,1_45_20,-0.13382550000000037,-0.04080248000000353,33.63905174
day,2022-12-27,254,36.20592192,21,45,1073.99224514,prediction,1,3,1_3_45,1_45_21,-0.8229110099999986,-0.5480864399999987,33.0909653
day,2022-12-27,266,36.39437862,22,45,1125.0365688,prediction,1,3,1_3_45,1_45_22,0.18845669999999615,0.38817070999999714,33.47913601
day,2022-12-27,277,36.1240132,23,45,1177.35692372,prediction,1,3,1_3_45,1_45_23,-0.2703654199999974,-0.15857134999999545,33.32056466
day,2022-12-27,288,35.89235113,24,45,1229.67680296,prediction,1,3,1_3_45,1_45_24,-0.23166206999999872,-0.08485318000000319,33.23571148
day,2022-12-27,298,36.15749527,25,45,1281.99601257,prediction,1,3,1_3_45,1_45_25,0.26514413999999675,0.4011923799999977,33.63690386
day,2022-12-27,309,35.71136333,26,45,1336.0622659,prediction,1,3,1_3_45,1_45_26,-0.4461319400000008,-0.4388008199999973,33.19810304
day,2022-12-27,320,35.60879918,27,45,1386.76970677,prediction,1,3,1_3_45,1_45_27,-0.10256414999999919,0.23407676000000066,33.4321798
day,2022-12-27,331,34.81922756,28,45,1439.09234714,prediction,1,3,1_3_45,1_45_28,-0.7895716199999967,-0.5901371799999993,32.84204262
day,2022-12-27,342,34.2672978,29,45,1491.41441585,prediction,1,3,1_3_45,1_45_29,-0.5519297600000002,-0.014845749999999214,32.82719687
day,2022-12-27,353,34.10734993,30,45,1543.73587725,prediction,1,3,1_3_45,1_45_30,-0.15994787000000343,0.3308144800000008,33.15801135
day,2022-12-27,33,39.14246595,1,75,26.148976916,prediction,1,3,1_3_75,1_75_1,0.7482449500000001,0.5640270600000008,35.37728206
day,2022-12-27,51,39.22145172,2,75,78.507621266,prediction,1,3,1_3_75,1_75_2,0.07898576999999563,-0.16286069999999597,35.21442136
day,2022-12-27,56,38.7360451,3,75,130.868089502,prediction,1,3,1_3_75,1_75_3,-0.4854066199999991,-0.5703680599999998,34.6440533
day,2022-12-27,67,39.43321446,4,75,183.244421032,prediction,1,3,1_3_75,1_75_4,0.6971693600000037,1.051853819999998,35.69590712
day,2022-12-27,77,39.59438991,5,75,235.586681799,prediction,1,3,1_3_75,1_75_5,0.16117544999999467,0.1474523199999993,35.84335944
day,2022-12-27,89,39.36386746,6,75,287.954487322,prediction,1,3,1_3_75,1_75_6,-0.23052244999999516,-0.8597676099999987,34.98359183
day,2022-12-27,99,38.8323536,7,75,340.271549334,prediction,1,3,1_3_75,1_75_7,-0.531513860000004,-0.8960132700000045,34.08757856
day,2022-12-27,109,39.27776705,8,75,392.674128151,prediction,1,3,1_3_75,1_75_8,0.44541345000000376,0.8961111200000005,34.98368968
day,2022-12-27,121,39.13781905,9,75,445.040277329,prediction,1,3,1_3_75,1_75_9,-0.13994800000000396,-0.012676629999994304,34.97101305
day,2022-12-27,132,39.07616383,10,75,497.338930083,prediction,1,3,1_3_75,1_75_10,-0.06165521999999868,0.030416489999993246,35.00142954
day,2022-12-27,147,39.06577907,11,75,547.000708722,prediction,1,3,1_3_75,1_75_11,-0.010384760000000881,0.09736411000000089,35.09879365
day,2022-12-27,154,38.73154766,12,75,601.521631113,prediction,1,3,1_3_75,1_75_12,-0.334231410000001,-0.628661859999994,34.47013179
day,2022-12-27,165,38.64925629,13,75,653.822554947,prediction,1,3,1_3_75,1_75_13,-0.08229137000000009,-0.2668716100000026,34.20326018
day,2022-12-27,175,38.56173229,14,75,706.911391158,prediction,1,3,1_3_75,1_75_14,-0.08752399999999483,-0.11246973000000082,34.09079045
day,2022-12-27,186,38.38864446,15,75,758.538606215,prediction,1,3,1_3_75,1_75_15,-0.17308783000000005,-0.07631752999999719,34.01447292
day,2022-12-27,197,38.81072981,16,75,810.845114994,prediction,1,3,1_3_75,1_75_16,0.42208534999999614,0.43355574999999646,34.44802867
day,2022-12-27,216,39.00376169,17,75,864.537255183,prediction,1,3,1_3_75,1_75_17,0.1930318799999995,0.1773452099999986,34.62537388
day,2022-12-27,220,38.00853043,18,75,915.623591996,prediction,1,3,1_3_75,1_75_18,-0.9952312599999971,-1.2661397999999977,33.35923408
day,2022-12-27,231,36.82452881,19,75,967.937262268,prediction,1,3,1_3_75,1_75_19,-1.1840016200000036,-1.251157339999999,32.10807674
day,2022-12-27,242,37.0618341,20,75,1020.25015995,prediction,1,3,1_3_75,1_75_20,0.2373052900000019,0.664074829999997,32.77215157
day,2022-12-27,253,37.00839452,21,75,1073.84509471,prediction,1,3,1_3_75,1_75_21,-0.0534395799999956,0.3059667899999994,33.07811836
day,2022-12-27,263,36.38024665,22,75,1124.99866854,prediction,1,3,1_3_75,1_75_22,-0.6281478700000065,-0.5864795600000008,32.4916388
day,2022-12-27,274,35.69322062,23,75,1177.3150084,prediction,1,3,1_3_75,1_75_23,-0.6870260299999984,-0.6936473899999953,31.79799141
day,2022-12-27,285,35.36417511,24,75,1229.63061299,prediction,1,3,1_3_75,1_75_24,-0.32904551000000026,-0.12390879000000155,31.67408262
day,2022-12-27,296,35.25813999,25,75,1281.94545509,prediction,1,3,1_3_75,1_75_25,-0.10603512000000137,0.10142877999999911,31.7755114
day,2022-12-27,307,34.20132571,26,75,1335.94686661,prediction,1,3,1_3_75,1_75_26,-1.0568142799999976,-0.7680648999999988,31.0074465
day,2022-12-27,318,34.19219887,27,75,1386.70513346,prediction,1,3,1_3_75,1_75_27,-0.009126840000000414,0.07814823000000004,31.08559473
day,2022-12-27,329,33.68079899,28,75,1439.02265301,prediction,1,3,1_3_75,1_75_28,-0.511399879999999,-0.32912900999999906,30.75646572
day,2022-12-27,340,33.8112508,29,75,1491.33954379,prediction,1,3,1_3_75,1_75_29,0.13045181000000383,0.6533703099999997,31.40983603
day,2022-12-27,351,31.25812746,30,75,1543.65559389,prediction,1,3,1_3_75,1_75_30,-2.5531233400000026,-2.4468130300000013,28.963023
day,2022-12-27,34,39.22637203,1,105,26.1489802967,prediction,1,3,1_3_105,1_105_1,0.8321510299999986,0.7302314599999988,35.54348646
day,2022-12-27,44,39.37648987,2,105,78.5047576509,prediction,1,3,1_3_105,1_105_2,0.15011784000000006,-0.1331483399999982,35.41033812
day,2022-12-27,58,38.79413866,3,105,130.870643632,prediction,1,3,1_3_105,1_105_3,-0.5823512099999988,-0.8578564899999961,34.55248163
day,2022-12-27,66,39.0890608,4,105,183.242955556,prediction,1,3,1_3_105,1_105_4,0.29492213999999706,0.4311245299999982,34.98360616
day,2022-12-27,78,39.35613354,5,105,235.588284549,prediction,1,3,1_3_105,1_105_5,0.26707274000000325,0.38055278999999587,35.36415895
day,2022-12-27,87,40.06567078,6,105,287.952342449,prediction,1,3,1_3_105,1_105_6,0.709537239999996,0.7278843100000003,36.09204326
day,2022-12-27,98,39.27011273,7,105,340.2706357,prediction,1,3,1_3_105,1_105_7,-0.7955580499999968,-1.155859189999994,34.93618407
day,2022-12-27,110,38.71514786,8,105,392.677146954,prediction,1,3,1_3_105,1_105_8,-0.5549648699999992,-0.7189413299999998,34.21724274
day,2022-12-27,120,39.30162185,9,105,445.034567252,prediction,1,3,1_3_105,1_105_9,0.5864739899999947,0.764347469999997,34.98159021
day,2022-12-27,131,38.86701779,10,105,497.337391364,prediction,1,3,1_3_105,1_105_10,-0.43460405999999807,-0.3086964000000023,34.67289381
day,2022-12-27,148,39.14047488,11,105,547.00681307,prediction,1,3,1_3_105,1_105_11,0.27345709000000085,0.17443370000000158,34.84732751
day,2022-12-27,153,38.29803147,12,105,601.521158094,prediction,1,3,1_3_105,1_105_12,-0.8424434100000013,-1.0322906500000002,33.81503686
day,2022-12-27,164,38.35497413,13,105,653.821981781,prediction,1,3,1_3_105,1_105_13,0.05694266000000425,-0.2712107400000008,33.54382612
day,2022-12-27,178,38.00143152,14,105,707.099592883,prediction,1,3,1_3_105,1_105_14,-0.3535426100000052,-0.5762079699999987,32.96761815
day,2022-12-27,188,38.05744024,15,105,758.56574345,prediction,1,3,1_3_105,1_105_15,0.05600872000000123,0.011037229999999454,32.97865538
day,2022-12-27,198,37.39367293,16,105,810.874048291,prediction,1,3,1_3_105,1_105_16,-0.6637673099999972,-0.3424076199999959,32.63624776
day,2022-12-27,207,38.29098117,17,105,864.082555014,prediction,1,3,1_3_105,1_105_17,0.897308240000001,1.156960649999995,33.79320841
day,2022-12-27,219,38.47096387,18,105,915.597310755,prediction,1,3,1_3_105,1_105_18,0.1799826999999965,0.11945067999999992,33.91265909
day,2022-12-27,229,38.4895997,19,105,967.909398761,prediction,1,3,1_3_105,1_105_19,0.018635830000000908,0.1020138700000004,34.01467296
day,2022-12-27,240,38.40820579,20,105,1020.22073198,prediction,1,3,1_3_105,1_105_20,-0.08139391000000273,0.02654048000000131,34.04121344
day,2022-12-27,256,38.41248412,21,105,1074.11172432,prediction,1,3,1_3_105,1_105_21,0.004278330000005326,0.04221108000000129,34.08342452
day,2022-12-27,262,38.38186109,22,105,1124.99505457,prediction,1,3,1_3_105,1_105_22,-0.030623030000000995,0.07399321999999842,34.15741774
day,2022-12-27,273,38.22967607,23,105,1177.31112423,prediction,1,3,1_3_105,1_105_23,-0.15218502000000456,-0.01928268999999716,34.13813505
day,2022-12-27,284,38.19848671,24,105,1229.62646731,prediction,1,3,1_3_105,1_105_24,-0.031189359999999056,-0.06605032000000222,34.07208473
day,2022-12-27,295,37.65306734,25,105,1281.94101005,prediction,1,3,1_3_105,1_105_25,-0.5454193699999976,-0.8057599999999994,33.26632473
day,2022-12-27,306,38.36622695,26,105,1335.94636579,prediction,1,3,1_3_105,1_105_26,0.7131596099999982,0.9260903200000001,34.19241505
day,2022-12-27,317,38.31904834,27,105,1386.70041475,prediction,1,3,1_3_105,1_105_27,-0.04717860999999601,0.44912100999999893,34.64153606
day,2022-12-27,328,38.21944387,28,105,1439.01773273,prediction,1,3,1_3_105,1_105_28,-0.09960447000000272,0.40164911000000103,35.04318517
day,2022-12-27,339,38.65773693,29,105,1491.33427335,prediction,1,3,1_3_105,1_105_29,0.43829305999999946,0.2794751799999986,35.32266035
day,2022-12-27,37,38.99044672,1,135,26.149317842,prediction,1,3,1_3_135,1_135_1,0.5962257199999996,0.635875850000005,35.44913085
day,2022-12-27,50,39.43571398,2,135,78.5072596515,prediction,1,3,1_3_135,1_135_2,0.4452672600000014,0.29320539999999795,35.74233625
day,2022-12-27,55,39.28200923,3,135,130.866816893,prediction,1,3,1_3_135,1_135_3,-0.15370475000000283,-0.303344629999998,35.43899162
day,2022-12-27,68,39.48085117,4,135,183.246181946,prediction,1,3,1_3_135,1_135_4,0.19884194000000122,-0.03409729000000539,35.40489433
day,2022-12-27,80,39.8782102,5,135,235.591466007,prediction,1,3,1_3_135,1_135_5,0.39735902999999695,0.03437848000000088,35.43927281
day,2022-12-27,90,39.4540292,6,135,287.954804033,prediction,1,3,1_3_135,1_135_6,-0.42418099999999725,-0.3906433000000007,35.04862951
day,2022-12-27,100,38.50094802,7,135,340.275296586,prediction,1,3,1_3_135,1_135_7,-0.9530811799999981,-0.6781065799999979,34.37052293
day,2022-12-27,112,38.70662092,8,135,392.683283752,prediction,1,3,1_3_135,1_135_8,0.20567289999999616,0.5001717199999973,34.87069465
day,2022-12-27,123,38.47116584,9,135,445.047630348,prediction,1,3,1_3_135,1_135_9,-0.23545508000000126,0.06347240000000198,34.93416705
day,2022-12-27,133,38.30157008,10,135,497.348469066,prediction,1,3,1_3_135,1_135_10,-0.16959575999999998,-0.14322488999999905,34.79094216
day,2022-12-27,144,37.57092372,11,135,546.989476845,prediction,1,3,1_3_135,1_135_11,-0.7306463599999944,-1.17427962,33.61666254
day,2022-12-27,155,36.91930454,12,135,601.531126669,prediction,1,3,1_3_135,1_135_12,-0.6516191800000044,-0.8328789299999997,32.78378361
day,2022-12-27,166,38.06941688,13,135,653.834129524,prediction,1,3,1_3_135,1_135_13,1.1501123399999997,1.2243934799999963,34.00817709
day,2022-12-27,176,38.01476018,14,135,706.99344984,prediction,1,3,1_3_135,1_135_14,-0.05465669999999534,-0.07872078999999843,33.9294563
day,2022-12-27,187,37.98866979,15,135,758.56495277,prediction,1,3,1_3_135,1_135_15,-0.02609039000000024,-0.08783984000000089,33.84161646
day,2022-12-27,199,38.00594406,16,135,810.874751296,prediction,1,3,1_3_135,1_135_16,0.017274269999994374,0.0038034800000019686,33.84541994
day,2022-12-27,214,38.30167848,17,135,864.502557439,prediction,1,3,1_3_135,1_135_17,0.2957344200000023,0.33233199000000013,34.17775193
day,2022-12-27,222,38.34307163,18,135,915.652165759,prediction,1,3,1_3_135,1_135_18,0.04139314999999755,0.09787619000000092,34.27562812
day,2022-12-27,233,38.18013278,19,135,967.96920464,prediction,1,3,1_3_135,1_135_19,-0.1629388499999962,-0.2285711099999972,34.04705701
day,2022-12-27,244,38.33695116,20,135,1020.28562,prediction,1,3,1_3_135,1_135_20,0.15681837999999715,0.13198203999999691,34.17903905
day,2022-12-27,252,38.33071106,21,135,1073.76805203,prediction,1,3,1_3_135,1_135_21,-0.0062400999999994156,-0.03143136999999996,34.14760768
day,2022-12-27,265,38.53822471,22,135,1125.03033604,prediction,1,3,1_3_135,1_135_22,0.20751365000000277,0.14842493999999817,34.29603262
day,2022-12-27,276,38.83160898,23,135,1177.35018859,prediction,1,3,1_3_135,1_135_23,0.2933842699999971,0.345865400000001,34.64189802
day,2022-12-27,286,38.73876772,24,135,1229.6694143,prediction,1,3,1_3_135,1_135_24,-0.09284126000000015,-0.059002380000002574,34.58289564
day,2022-12-27,297,39.02939839,25,135,1281.98801862,prediction,1,3,1_3_135,1_135_25,0.29063066999999876,0.16341744000000347,34.74631308
day,2022-12-27,308,38.94122187,26,135,1336.053695,prediction,1,3,1_3_135,1_135_26,-0.08817651999999754,-0.16425316000000123,34.58205992
day,2022-12-27,319,38.94487116,27,135,1386.76048224,prediction,1,3,1_3_135,1_135_27,0.003649289999998473,0.2814787900000013,34.86353871
day,2022-12-27,330,38.88033326,28,135,1439.08243693,prediction,1,3,1_3_135,1_135_28,-0.0645378999999977,0.31269095999999763,35.17622967
day,2022-12-27,341,39.13152709,29,135,1491.40380652,prediction,1,3,1_3_135,1_135_29,0.2511938299999983,0.45590788999999887,35.63213756
day,2022-12-27,352,38.81451158,30,135,1543.72456742,prediction,1,3,1_3_135,1_135_30,-0.3170155099999974,-0.3212448699999939,35.31089269
day,2022-12-27,1,39.56514453,1,165,26.1588683337,prediction,1,3,1_3_165,1_165_1,1.170923529999996,1.369037089999999,36.18229209
day,2022-12-27,2,39.08379755,2,165,78.5320887888,prediction,1,3,1_3_165,1_165_2,-0.48134697999999787,-0.43583057000000025,35.74646152
day,2022-12-27,3,39.44352222,3,165,130.916650141,prediction,1,3,1_3_165,1_165_3,0.3597246699999985,-0.07392729999999403,35.67253422
day,2022-12-27,4,39.58140062,4,165,183.310421724,prediction,1,3,1_3_165,1_165_4,0.13787839999999818,0.05483876999999637,35.72737299
day,2022-12-27,5,39.52307863,5,165,235.675126489,prediction,1,3,1_3_165,1_165_5,-0.05832198999999605,0.009118409999999244,35.7364914
day,2022-12-27,6,39.01456299,6,165,288.059716914,prediction,1,3,1_3_165,1_165_6,-0.5085156399999988,-0.6911961799999986,35.04529522
day,2022-12-27,7,40.04612985,7,165,340.40027276,prediction,1,3,1_3_165,1_165_7,1.031566859999998,1.084708929999998,36.13000415
day,2022-12-27,8,40.68593497,8,165,392.825928488,prediction,1,3,1_3_165,1_165_8,0.6398051199999983,0.742452870000001,36.87245702
day,2022-12-27,9,37.15473926,9,165,445.20954897,prediction,1,3,1_3_165,1_165_9,-3.5311957099999987,-3.932607570000002,32.93984945
day,2022-12-27,10,38.29636533,10,165,497.534870608,prediction,1,3,1_3_165,1_165_10,1.141626070000001,1.9482557500000013,34.8881052
day,2022-12-27,11,39.26617931,11,165,547.152727294,prediction,1,3,1_3_165,1_165_11,0.9698139799999979,0.8780108200000001,35.76611602
day,2022-12-27,12,33.37983854,12,165,601.752722326,prediction,1,3,1_3_165,1_165_12,-5.886340769999997,-4.924564259999997,30.84155176
day,2022-12-27,13,28.48827337,13,165,654.077375696,prediction,1,3,1_3_165,1_165_13,-4.89156517,-4.407940830000001,26.43361093
day,2022-12-27,14,27.86258108,14,165,707.437718627,prediction,1,3,1_3_165,1_165_14,-0.6256922900000035,-0.36849836000000025,26.06511257
day,2022-12-27,15,26.41516789,15,165,758.879133405,prediction,1,3,1_3_165,1_165_15,-1.447413189999999,-1.213546130000001,24.85156644
day,2022-12-27,16,25.88126238,16,165,811.213544416,prediction,1,3,1_3_165,1_165_16,-0.5339055100000003,-0.2926265199999989,24.55893992
day,2022-12-27,217,26.18170803,17,165,864.593146426,prediction,1,3,1_3_165,1_165_17,0.30044565000000034,0.15233295999999896,24.71127288
day,2022-12-27,18,25.9564445,18,165,916.008171598,prediction,1,3,1_3_165,1_165_18,-0.22526352999999943,-0.4201615200000006,24.29111136
day,2022-12-27,19,25.9103509,19,165,968.348947967,prediction,1,3,1_3_165,1_165_19,-0.04609359999999896,0.23324454000000117,24.5243559
day,2022-12-27,20,26.48364771,20,165,1020.68951414,prediction,1,3,1_3_165,1_165_20,0.5732968099999987,0.7407511299999996,25.26510703
day,2022-12-27,21,29.0079565,21,165,1074.54249828,prediction,1,3,1_3_165,1_165_21,2.524308789999999,2.532193509999999,27.79730054
day,2022-12-27,22,34.87939835,22,165,1125.51728983,prediction,1,3,1_3_165,1_165_22,5.871441850000004,5.600163750000004,33.39746429
day,2022-12-27,23,37.39706942,23,165,1177.86387697,prediction,1,3,1_3_165,1_165_23,2.5176710699999987,1.5734407399999952,34.97090503
day,2022-12-27,24,37.85247648,24,165,1230.21017942,prediction,1,3,1_3_165,1_165_24,0.45540705999999886,0.048605780000002596,35.01951081
day,2022-12-27,32,38.89615667,1,195,26.1484865544,prediction,1,3,1_3_195,1_195_1,0.5019356700000017,0.7747576300000034,35.58801263
day,2022-12-27,43,39.31641337,2,195,78.5016954405,prediction,1,3,1_3_195,1_195_2,0.42025669999999593,0.44124150999999756,36.02925414
day,2022-12-27,54,38.7630285,3,195,130.865764168,prediction,1,3,1_3_195,1_195_3,-0.5533848700000021,-1.098421209999998,34.93083293
day,2022-12-27,65,39.2859055,4,195,183.241181439,prediction,1,3,1_3_195,1_195_4,0.5228770000000011,0.848812719999998,35.77964565
day,2022-12-27,76,38.73302279,5,195,235.586306566,prediction,1,3,1_3_195,1_195_5,-0.5528827099999987,-0.40651470000000245,35.37313095
day,2022-12-27,88,39.94505818,6,195,287.953574821,prediction,1,3,1_3_195,1_195_6,1.212035389999997,1.0676655200000056,36.44079647
day,2022-12-27,101,40.467954,7,195,340.276063867,prediction,1,3,1_3_195,1_195_7,0.5228958200000022,0.14356946999999565,36.58436594
day,2022-12-27,113,40.28156295,8,195,392.683423375,prediction,1,3,1_3_195,1_195_8,-0.18639104999999745,-0.17887707999999947,36.40548886
day,2022-12-27,124,40.41512311,9,195,445.05299325,prediction,1,3,1_3_195,1_195_9,0.13356016000000182,0.3020263300000039,36.70751519
day,2022-12-27,135,39.57622364,10,195,497.360915159,prediction,1,3,1_3_195,1_195_10,-0.8388994700000012,-0.6493633400000007,36.05815185
day,2022-12-27,142,39.46499081,11,195,546.956662613,prediction,1,3,1_3_195,1_195_11,-0.11123282999999873,0.24849573999999564,36.30664759
day,2022-12-27,157,38.15637132,12,195,601.546952442,prediction,1,3,1_3_195,1_195_12,-1.3086194900000052,-1.0858516300000005,35.22079596
day,2022-12-27,168,38.13412826,13,195,653.857004574,prediction,1,3,1_3_195,1_195_13,-0.02224306000000098,0.3772303100000016,35.59802627
day,2022-12-27,182,36.16544719,14,195,707.223320408,prediction,1,3,1_3_195,1_195_14,-1.9686810699999953,-2.4084808399999957,33.18954543
day,2022-12-27,191,28.57958432,15,195,758.634128682,prediction,1,3,1_3_195,1_195_15,-7.585862870000003,-6.774079230000002,26.4154662
day,2022-12-27,202,26.287154,16,195,810.955736004,prediction,1,3,1_3_195,1_195_16,-2.2924303199999976,-1.407516730000001,25.00794947
day,2022-12-27,209,23.80003588,17,195,864.320131185,prediction,1,3,1_3_195,1_195_17,-2.4871181200000017,-2.63470113,22.37324834
day,2022-12-27,224,23.39212346,18,195,915.725934618,prediction,1,3,1_3_195,1_195_18,-0.40791241999999883,-0.6600443600000006,21.71320398
day,2022-12-27,235,23.40267603,19,195,968.055546242,prediction,1,3,1_3_195,1_195_19,0.010552569999997985,-0.1873788300000001,21.52582515
day,2022-12-27,246,23.65277001,20,195,1020.38537183,prediction,1,3,1_3_195,1_195_20,0.2500939800000026,0.04776998999999904,21.57359514
day,2022-12-27,258,24.3735562,21,195,1074.19059563,prediction,1,3,1_3_195,1_195_21,0.7207861899999983,0.4370782800000015,22.01067342
day,2022-12-27,268,29.32366389,22,195,1125.18958872,prediction,1,3,1_3_195,1_195_22,4.950107689999999,4.170332370000001,26.18100579
day,2022-12-27,279,36.74882829,23,195,1177.52690799,prediction,1,3,1_3_195,1_195_23,7.4251644,7.1393959099999975,33.3204017
day,2022-12-27,31,38.70213327,1,225,26.1421622904,prediction,1,3,1_3_225,1_225_1,0.30791226999999566,0.68422056,35.49747556
day,2022-12-27,42,39.21605493,2,225,78.4865939041,prediction,1,3,1_3_225,1_225_2,0.5139216600000012,0.453913110000002,35.95138867
day,2022-12-27,53,37.48347492,3,225,130.83419649,prediction,1,3,1_3_225,1_225_3,-1.7325800099999995,-2.11029422,33.84109445
day,2022-12-27,64,39.41721253,4,225,183.202760398,prediction,1,3,1_3_225,1_225_4,1.9337376100000014,2.375873900000002,36.21696835
day,2022-12-27,75,39.28612701,5,225,235.5378245,prediction,1,3,1_3_225,1_225_5,-0.13108551999999918,-0.03655626999999839,36.18041208
day,2022-12-27,86,39.11680805,6,225,287.893716757,prediction,1,3,1_3_225,1_225_6,-0.16931895999999824,-0.4642124900000013,35.71619959
day,2022-12-27,97,40.12867975,7,225,340.206774681,prediction,1,3,1_3_225,1_225_7,1.0118717000000004,1.2171751799999981,36.93337477
day,2022-12-27,108,40.31592649,8,225,392.609087709,prediction,1,3,1_3_225,1_225_8,0.18724673999999908,0.4828071900000026,37.41618196
day,2022-12-27,119,40.59501944,9,225,444.967545613,prediction,1,3,1_3_225,1_225_9,0.279092949999999,0.47087157999999363,37.88705354
day,2022-12-27,130,40.1843136,10,225,497.266228693,prediction,1,3,1_3_225,1_225_10,-0.41070583999999855,-0.3712660899999989,37.51578745
day,2022-12-27,141,40.26926932,11,225,546.903162294,prediction,1,3,1_3_225,1_225_11,0.0849557199999964,0.16130237000000136,37.67708982
day,2022-12-27,152,40.44882314,12,225,601.445836677,prediction,1,3,1_3_225,1_225_12,0.17955382000000242,0.06683428000000191,37.7439241
day,2022-12-27,163,40.59892835,13,225,653.749348408,prediction,1,3,1_3_225,1_225_13,0.15010520999999954,0.42696509999999677,38.1708892
day,2022-12-27,174,40.80928739,14,225,706.908204273,prediction,1,3,1_3_225,1_225_14,0.21035904000000016,0.8044403000000031,38.9753295
day,2022-12-27,185,40.34513502,15,225,758.484798074,prediction,1,3,1_3_225,1_225_15,-0.46415237000000076,-0.29641793000000405,38.67891157
day,2022-12-27,196,38.7362651,16,225,810.798966762,prediction,1,3,1_3_225,1_225_16,-1.6088699200000036,-2.2425995499999942,36.43631202
day,2022-12-27,212,38.84201125,17,225,864.434341191,prediction,1,3,1_3_225,1_225_17,0.10574615000000165,-0.5421672200000032,35.8941448
day,2022-12-27,218,38.98303956,18,225,915.58915721,prediction,1,3,1_3_225,1_225_18,0.14102831000000293,0.05512494999999973,35.94926975
day,2022-12-27,230,40.64824073,19,225,967.914389442,prediction,1,3,1_3_225,1_225_19,1.665201169999996,2.1342132199999995,38.08348297
day,2022-12-27,241,40.89863551,20,225,1020.24029023,prediction,1,3,1_3_225,1_225_20,0.2503947800000006,-0.11451412999999633,37.96896884
day,2022-12-27,251,40.58506015,21,225,1073.74745918,prediction,1,3,1_3_225,1_225_21,-0.3135753600000015,-0.7330789200000041,37.23588992
day,2022-12-27,264,40.5721269,22,225,1125.00912546,prediction,1,3,1_3_225,1_225_22,-0.012933249999996121,0.1443895300000051,37.38027945
day,2022-12-27,275,41.01235526,23,225,1177.34236285,prediction,1,3,1_3_225,1_225_23,0.440228359999999,0.9086629099999968,38.28894236
day,2022-12-27,287,40.92011165,24,225,1229.6762407,prediction,1,3,1_3_225,1_225_24,-0.09224360999999703,-0.04011917999999781,38.24882318
day,2022-12-27,299,39.83627847,25,225,1282.0107427,prediction,1,3,1_3_225,1_225_25,-1.0838331799999992,-1.2114641699999993,37.03735901
day,2022-12-27,310,39.35824434,26,225,1336.09378827,prediction,1,3,1_3_225,1_225_26,-0.4780341300000046,-0.3992804100000029,36.6380786
day,2022-12-27,321,38.66641745,27,225,1386.81886773,prediction,1,3,1_3_225,1_225_27,-0.6918268900000015,-0.7081112999999988,35.9299673
day,2022-12-27,332,38.23350148,28,225,1439.16057605,prediction,1,3,1_3_225,1_225_28,-0.43291596999999626,-0.2247287,35.7052386
day,2022-12-27,343,38.61660864,29,225,1491.5029301,prediction,1,3,1_3_225,1_225_29,0.38310716000000156,0.7737545700000013,36.47899317
day,2022-12-27,354,38.99785498,30,225,1543.84595568,prediction,1,3,1_3_225,1_225_30,0.381246339999997,0.5473202099999952,37.02631338
day,2022-12-27,36,39.37515435,1,255,26.1493125373,prediction,1,3,1_3_255,1_255_1,0.9809333500000008,1.3678113200000013,36.18106632
day,2022-12-27,48,39.36575248,2,255,78.5069401867,prediction,1,3,1_3_255,1_255_2,-0.00940187000000492,0.13558537000000115,36.31665169
day,2022-12-27,63,39.04388267,3,255,130.87662654,prediction,1,3,1_3_255,1_255_3,-0.3218698099999955,-0.18123523999999946,36.13541645
day,2022-12-27,72,39.74910439,4,255,183.253658741,prediction,1,3,1_3_255,1_255_4,0.7052217199999973,0.8651799499999981,37.0005964
day,2022-12-27,85,39.79704357,5,255,235.606875989,prediction,1,3,1_3_255,1_255_5,0.04793918000000019,-0.18210369999999898,36.8184927
day,2022-12-27,95,38.33605773,6,255,287.979473221,prediction,1,3,1_3_255,1_255_6,-1.4609858399999993,-1.8163190100000008,35.00217369
day,2022-12-27,106,39.79616031,7,255,340.308783293,prediction,1,3,1_3_255,1_255_7,1.4601025799999974,1.972683350000004,36.97485704
day,2022-12-27,118,39.78596782,8,255,392.727876477,prediction,1,3,1_3_255,1_255_8,-0.010192489999994336,0.07023008999999547,37.04508713
day,2022-12-27,128,39.94746448,9,255,445.100751387,prediction,1,3,1_3_255,1_255_9,0.1614966599999974,0.019147629999999083,37.06423476
day,2022-12-27,139,39.72180822,10,255,497.419046738,prediction,1,3,1_3_255,1_255_10,-0.22565626000000094,-0.3175387799999996,36.74669598
day,2022-12-27,151,40.24560279,11,255,547.10469891,prediction,1,3,1_3_255,1_255_11,0.5237945699999997,0.6786545599999982,37.42535054
day,2022-12-27,161,39.78169108,12,255,601.640315573,prediction,1,3,1_3_255,1_255_12,-0.46391170999999787,-0.37026688999999635,37.05508365
day,2022-12-27,172,39.19654205,13,255,653.962746366,prediction,1,3,1_3_255,1_255_13,-0.5851490300000037,-0.28028448999999966,36.77479916
day,2022-12-27,184,39.91494755,14,255,707.267285282,prediction,1,3,1_3_255,1_255_14,0.7184055000000029,1.2507809800000018,38.02558014
day,2022-12-27,195,38.52799959,15,255,758.755698383,prediction,1,3,1_3_255,1_255_15,-1.3869479600000005,-1.529854990000004,36.49572515
day,2022-12-27,206,38.45455652,16,255,811.091073808,prediction,1,3,1_3_255,1_255_16,-0.07344307000000327,0.1686861499999992,36.6644113
day,2022-12-27,210,38.20811661,17,255,864.328430686,prediction,1,3,1_3_255,1_255_17,-0.24643990999999943,0.03728425999999985,36.70169556
day,2022-12-27,227,38.75960676,18,255,915.873920636,prediction,1,3,1_3_255,1_255_18,0.5514901499999993,0.6213845100000057,37.32308007
day,2022-12-27,238,39.87223951,19,255,968.218473936,prediction,1,3,1_3_255,1_255_19,1.112632750000003,1.1648345099999986,38.48791458
day,2022-12-27,249,39.40225442,20,255,1020.56405306,prediction,1,3,1_3_255,1_255_20,-0.46998509000000155,-0.7497733400000044,37.73814124
day,2022-12-27,261,39.24573505,21,255,1074.50378336,prediction,1,3,1_3_255,1_255_21,-0.15651936999999805,-0.36847694000000075,37.3696643
day,2022-12-27,271,39.57564797,22,255,1125.41362315,prediction,1,3,1_3_255,1_255_22,0.32991291999999817,0.2961841200000066,37.66584842
day,2022-12-27,282,39.61746039,23,255,1177.76947909,prediction,1,3,1_3_255,1_255_23,0.041812419999999406,0.10360859000000033,37.76945701
day,2022-12-27,293,40.15326295,24,255,1230.12637227,prediction,1,3,1_3_255,1_255_24,0.5358025600000005,0.6820127599999992,38.45146977
day,2022-12-27,304,40.3631851,25,255,1282.48427264,prediction,1,3,1_3_255,1_255_25,0.20992215000000414,0.18763537999999613,38.63910515
day,2022-12-27,315,40.16081367,26,255,1336.53171427,prediction,1,3,1_3_255,1_255_26,-0.20237142999999946,-0.48078955999999806,38.15831559
day,2022-12-27,326,41.08556638,27,255,1387.33562104,prediction,1,3,1_3_255,1_255_27,0.9247527099999999,0.3243877000000026,38.48270329
day,2022-12-27,337,40.22235699,28,255,1439.70166378,prediction,1,3,1_3_255,1_255_28,-0.8632093900000015,-1.6586271800000034,36.82407611
day,2022-12-27,348,41.10923623,29,255,1492.06879036,prediction,1,3,1_3_255,1_255_29,0.886879239999999,1.412843610000003,38.23691972
day,2022-12-27,360,41.60864699,30,255,1544.43689287,prediction,1,3,1_3_255,1_255_30,0.4994107599999964,1.065538999999994,39.30245872
day,2022-12-27,38,39.49357194,1,285,26.149320641,prediction,1,3,1_3_285,1_285_1,1.0993509400000008,1.422988360000005,36.23624336
day,2022-12-27,52,39.72696104,2,285,78.5097908779,prediction,1,3,1_3_285,1_285_2,0.23338909999999657,0.3935732599999966,36.62981662
day,2022-12-27,62,39.02492244,3,285,130.87356057,prediction,1,3,1_3_285,1_285_3,-0.7020386000000016,-0.5204064099999997,36.10941021
day,2022-12-27,73,39.457255,4,285,183.255763257,prediction,1,3,1_3_285,1_285_4,0.4323325600000061,0.6354852600000029,36.74489547
day,2022-12-27,84,39.72705117,5,285,235.605230044,prediction,1,3,1_3_285,1_285_5,0.26979616999999934,0.3631089799999998,37.10800445
day,2022-12-27,96,37.71308659,6,285,287.981779618,prediction,1,3,1_3_285,1_285_6,-2.0139645799999997,-2.665976360000002,34.44202809
day,2022-12-27,107,37.62102511,7,285,340.309803081,prediction,1,3,1_3_285,1_285_7,-0.09206148000000525,-0.13566331999999903,34.30636477
day,2022-12-27,117,39.28252039,8,285,392.725912691,prediction,1,3,1_3_285,1_285_8,1.661495280000004,2.07978155,36.38614632
day,2022-12-27,129,39.05023865,9,285,445.105153265,prediction,1,3,1_3_285,1_285_9,-0.2322817400000048,-0.0864067999999989,36.29973952
day,2022-12-27,140,39.40985202,10,285,497.420665061,prediction,1,3,1_3_285,1_285_10,0.35961337000000526,0.5173702599999999,36.81710978
day,2022-12-27,150,39.4487981,11,285,547.10048277,prediction,1,3,1_3_285,1_285_11,0.03894607999999522,0.07812741000000045,36.89523719
day,2022-12-27,162,39.88935245,12,285,601.64126025,prediction,1,3,1_3_285,1_285_12,0.4405543499999993,0.5803755600000002,37.47561275
day,2022-12-27,173,39.98254634,13,285,653.963824959,prediction,1,3,1_3_285,1_285_13,0.093193890000002,0.3108566599999989,37.78646941
day,2022-12-27,177,39.98026892,14,285,707.077105223,prediction,1,3,1_3_285,1_285_14,-0.002277419999998642,0.30738423999999753,38.09385365
day,2022-12-27,194,39.73121464,15,285,758.728805537,prediction,1,3,1_3_285,1_285_15,-0.24905428000000285,0.029631289999997534,38.12348494
day,2022-12-27,205,39.03214001,16,285,811.062448387,prediction,1,3,1_3_285,1_285_16,-0.6990746299999984,-0.44550593999999677,37.677979
day,2022-12-27,17,39.06789422,17,285,864.783493136,prediction,1,3,1_3_285,1_285_17,0.03575421000000034,0.06338652000000167,37.74136552
day,2022-12-27,228,38.44785545,18,285,915.900561915,prediction,1,3,1_3_285,1_285_18,-0.6200387700000007,-0.7770403399999992,36.96432518
day,2022-12-27,239,38.5219381,19,285,968.246820865,prediction,1,3,1_3_285,1_285_19,0.07408265000000114,0.10021255999999568,37.06453774
day,2022-12-27,250,38.06474214,20,285,1020.59402321,prediction,1,3,1_3_285,1_285_20,-0.45719595999999996,-0.477444509999998,36.58709323
day,2022-12-27,259,38.65270502,21,285,1074.20728628,prediction,1,3,1_3_285,1_285_21,0.5879628799999992,0.5629172499999981,37.15001048
day,2022-12-27,272,39.36193271,22,285,1125.41494883,prediction,1,3,1_3_285,1_285_22,0.7092276899999987,0.5864357399999989,37.73644622
day,2022-12-27,283,39.96717581,23,285,1177.77099231,prediction,1,3,1_3_285,1_285_23,0.6052431000000027,0.5352065400000043,38.27165276
day,2022-12-27,294,39.42904732,24,285,1230.12815714,prediction,1,3,1_3_285,1_285_24,-0.5381284899999983,-0.8774894200000034,37.39416334
day,2022-12-27,305,40.25386364,25,285,1282.48626986,prediction,1,3,1_3_285,1_285_25,0.8248163199999965,0.7500274900000008,38.14419083
day,2022-12-27,316,40.79712768,26,285,1336.53812588,prediction,1,3,1_3_285,1_285_26,0.543264040000004,0.6657588200000006,38.80994965
day,2022-12-27,327,40.26017057,27,285,1387.33847392,prediction,1,3,1_3_285,1_285_27,-0.536957110000003,-0.6494750999999965,38.16047455
day,2022-12-27,338,41.12921284,28,285,1439.70478145,prediction,1,3,1_3_285,1_285_28,0.8690422700000013,0.7807538199999939,38.94122837
day,2022-12-27,349,39.85080238,29,285,1492.07222963,prediction,1,3,1_3_285,1_285_29,-1.2784104600000035,-1.5974767599999993,37.34375161
day,2022-12-27,39,39.52617586,1,315,26.1495677872,prediction,1,3,1_3_315,1_315_1,1.1319548600000005,1.3184696900000006,36.13172469
day,2022-12-27,47,39.63331211,2,315,78.506588238,prediction,1,3,1_3_315,1_315_2,0.10713624999999638,0.2412899899999985,36.37301468
day,2022-12-27,61,39.86930015,3,315,130.873391001,prediction,1,3,1_3_315,1_315_3,0.23598804000000229,0.45211880000000093,36.82513348
day,2022-12-27,74,39.3334148,4,315,183.256425919,prediction,1,3,1_3_315,1_315_4,-0.5358853500000009,-0.27650907999999674,36.5486244
day,2022-12-27,83,38.79041503,5,315,235.603359681,prediction,1,3,1_3_315,1_315_5,-0.5429997700000015,-0.180008100000002,36.3686163
day,2022-12-27,94,38.57406937,6,315,287.977630168,prediction,1,3,1_3_315,1_315_6,-0.21634566000000177,0.10967802999999776,36.47829433
day,2022-12-27,105,37.44168263,7,315,340.304761915,prediction,1,3,1_3_315,1_315_7,-1.132386739999994,-1.243257199999995,35.23503713
day,2022-12-27,116,37.29408189,8,315,392.718288014,prediction,1,3,1_3_315,1_315_8,-0.14760074000000145,-0.23498121000000083,35.00005592
day,2022-12-27,127,37.07809693,9,315,445.092654475,prediction,1,3,1_3_315,1_315_9,-0.21598496000000011,-0.25056539999999927,34.74949052
day,2022-12-27,138,36.8431756,10,315,497.40865149,prediction,1,3,1_3_315,1_315_10,-0.23492132999999882,-0.06973218000000259,34.67975834
day,2022-12-27,149,36.51219488,11,315,547.068358919,prediction,1,3,1_3_315,1_315_11,-0.33098071999999945,-0.23524768000000051,34.44451066
day,2022-12-27,160,36.37879626,12,315,601.620474081,prediction,1,3,1_3_315,1_315_12,-0.13339862000000124,-0.05335876000000184,34.3911519
day,2022-12-27,171,35.81391875,13,315,653.939654538,prediction,1,3,1_3_315,1_315_13,-0.5648775100000023,-0.5577050299999939,33.83344687
day,2022-12-27,183,35.69101707,14,315,707.256506323,prediction,1,3,1_3_315,1_315_14,-0.12290167999999824,-0.047783860000002676,33.78566301
day,2022-12-27,193,36.08686149,15,315,758.727653744,prediction,1,3,1_3_315,1_315_15,0.395844419999996,0.6977414899999985,34.4834045
day,2022-12-27,204,36.27253826,16,315,811.059153639,prediction,1,3,1_3_315,1_315_16,0.1856767700000006,0.4998306100000036,34.98323511
day,2022-12-27,211,36.5237327,17,315,864.340763528,prediction,1,3,1_3_315,1_315_17,0.251194439999999,0.4569724599999958,35.44020757
day,2022-12-27,226,36.97276305,18,315,915.83925752,prediction,1,3,1_3_315,1_315_18,0.449030350000001,0.5513729900000044,35.99158056
day,2022-12-27,237,36.79452496,19,315,968.179492611,prediction,1,3,1_3_315,1_315_19,-0.17823809000000068,-0.3198443100000006,35.67173625
day,2022-12-27,248,37.20071227,20,315,1020.52043405,prediction,1,3,1_3_315,1_315_20,0.40618730999999997,0.17315961999999985,35.84489587
day,2022-12-27,260,37.23753213,21,315,1074.27874941,prediction,1,3,1_3_315,1_315_21,0.03681986000000137,-0.09764632000000262,35.74724955
day,2022-12-27,270,37.20080975,22,315,1125.34266539,prediction,1,3,1_3_315,1_315_22,-0.0367223800000005,-0.18353836,35.56371119
day,2022-12-27,281,37.86904408,23,315,1177.69223154,prediction,1,3,1_3_315,1_315_23,0.6682343300000042,0.6931619200000014,36.25687311
day,2022-12-27,292,38.02355609,24,315,1230.0425277,prediction,1,3,1_3_315,1_315_24,0.1545120099999977,0.17493728000000175,36.43181039
day,2022-12-27,303,37.98423451,25,315,1282.39359165,prediction,1,3,1_3_315,1_315_25,-0.0393215799999993,-0.092241130000005,36.33956926
day,2022-12-27,314,38.52935644,26,315,1336.49391968,prediction,1,3,1_3_315,1_315_26,0.5451219300000005,0.6713582900000006,37.01092755
day,2022-12-27,325,38.55415372,27,315,1387.23503065,prediction,1,3,1_3_315,1_315_27,0.024797280000001365,0.04491803000000516,37.05584558
day,2022-12-27,336,38.40641536,28,315,1439.59346859,prediction,1,3,1_3_315,1_315_28,-0.1477383600000053,-0.5838747200000043,36.47197086
day,2022-12-27,347,37.87327758,29,315,1491.95272129,prediction,1,3,1_3_315,1_315_29,-0.533137779999997,-0.8327802800000015,35.63919058
day,2022-12-27,358,37.75907172,30,315,1544.3126586,prediction,1,3,1_3_315,1_315_30,-0.11420585999999844,0.054189170000000786,35.69337975
day,2022-12-27,41,40.08401237,1,345,26.1500688971,prediction,1,3,1_3_345,1_345_1,1.6897913700000018,1.7611845700000046,36.57443957
day,2022-12-27,49,40.53604489,2,345,78.5070511329,prediction,1,3,1_3_345,1_345_2,0.45203251999999594,0.6224261699999971,37.19686574
day,2022-12-27,60,39.84945439,3,345,130.872835727,prediction,1,3,1_3_345,1_345_3,-0.6865905000000012,-0.6410470499999974,36.55581869
day,2022-12-27,71,38.81521459,4,345,183.24991072,prediction,1,3,1_3_345,1_345_4,-1.0342398000000017,-0.6249910900000017,35.9308276
day,2022-12-27,82,38.99530547,5,345,235.601945306,prediction,1,3,1_3_345,1_345_5,0.18009088000000162,0.3047314700000001,36.23555907
day,2022-12-27,93,38.78397745,6,345,287.968116355,prediction,1,3,1_3_345,1_345_6,-0.21132801999999629,-0.2912400200000036,35.94431905
day,2022-12-27,104,38.72891491,7,345,340.295141519,prediction,1,3,1_3_345,1_345_7,-0.05506254000000155,-0.06463158999999763,35.87968746
day,2022-12-27,115,38.24267504,8,345,392.709712269,prediction,1,3,1_3_345,1_345_8,-0.4862398699999986,-0.3548685999999961,35.52481886
day,2022-12-27,126,36.88234196,9,345,445.079436204,prediction,1,3,1_3_345,1_345_9,-1.3603330800000037,-1.0544231400000044,34.47039572
day,2022-12-27,137,36.40326471,10,345,497.390112246,prediction,1,3,1_3_345,1_345_10,-0.479077249999996,-0.4122234299999974,34.05817229
day,2022-12-27,145,35.66340803,11,345,546.992209207,prediction,1,3,1_3_345,1_345_11,-0.7398566800000026,-0.6686642700000007,33.38950802
day,2022-12-27,159,35.35005396,12,345,601.582898436,prediction,1,3,1_3_345,1_345_12,-0.3133540700000026,-0.018257650000002457,33.37125037
day,2022-12-27,170,34.4639802,13,345,653.896039442,prediction,1,3,1_3_345,1_345_13,-0.886073759999995,-0.9624030099999956,32.40884736
day,2022-12-27,181,34.85642828,14,345,707.200965457,prediction,1,3,1_3_345,1_345_14,0.3924480800000012,0.6218146399999966,33.030662
day,2022-12-27,192,34.88058856,15,345,758.669844378,prediction,1,3,1_3_345,1_345_15,0.024160279999996703,0.4090014900000014,33.43966349
day,2022-12-27,203,35.08594554,16,345,810.993894777,prediction,1,3,1_3_345,1_345_16,0.2053569799999977,0.235391970000002,33.67505546
day,2022-12-27,215,34.53855277,17,345,864.503329694,prediction,1,3,1_3_345,1_345_17,-0.5473927699999948,-0.5341786299999995,33.14087683
day,2022-12-27,225,34.03424994,18,345,915.786279166,prediction,1,3,1_3_345,1_345_18,-0.5043028300000003,-0.6655099000000035,32.47536693
day,2022-12-27,236,34.27559425,19,345,968.119276911,prediction,1,3,1_3_345,1_345_19,0.24134430999999523,0.3266453700000014,32.8020123
day,2022-12-27,247,34.43665225,20,345,1020.45253703,prediction,1,3,1_3_345,1_345_20,0.16105800000000414,0.35369989000000146,33.15571219
day,2022-12-27,257,34.47885633,21,345,1074.18632633,prediction,1,3,1_3_345,1_345_21,0.042204079999997646,0.19285382999999712,33.34856602
day,2022-12-27,269,34.96133866,22,345,1125.25634889,prediction,1,3,1_3_345,1_345_22,0.4824823300000034,0.46843771999999717,33.81700374
day,2022-12-27,280,35.90200432,23,345,1177.59668494,prediction,1,3,1_3_345,1_345_23,0.9406656600000005,0.8932083200000065,34.71021206
day,2022-12-27,291,36.01025995,24,345,1229.93735902,prediction,1,3,1_3_345,1_345_24,0.10825562999999505,-0.23511472000000566,34.47509734
day,2023-01-07,40,36.62423634,1,15,26.1499340473,base,1,4,1_4_15,1_15_1,1.810981340000005,1.810981340000005,36.62423634
day,2023-01-07,46,36.70763416,2,15,78.50635058,base,1,4,1_4_15,1_15_2,0.08339781999999474,0.08339781999999474,36.70763416
day,2023-01-07,59,35.39937422,3,15,130.871230267,base,1,4,1_4_15,1_15_3,-1.3082599399999992,-1.3082599399999992,35.39937422
day,2023-01-07,69,35.71444707,4,15,183.246919315,base,1,4,1_4_15,1_15_4,0.31507284999999996,0.31507284999999996,35.71444707
day,2023-01-07,81,35.64124024,5,15,235.597026849,base,1,4,1_4_15,1_15_5,-0.07320682999999661,-0.07320682999999661,35.64124024
day,2023-01-07,92,34.57870153,6,15,287.960622974,base,1,4,1_4_15,1_15_6,-1.0625387100000054,-1.0625387100000054,34.57870153
day,2023-01-07,103,34.68614587,7,15,340.284751843,base,1,4,1_4_15,1_15_7,0.1074443400000007,0.1074443400000007,34.68614587
day,2023-01-07,114,34.79589785,8,15,392.695837136,base,1,4,1_4_15,1_15_8,0.10975198000000574,0.10975198000000574,34.79589785
day,2023-01-07,125,34.60822311,9,15,445.06189049,base,1,4,1_4_15,1_15_9,-0.1876747400000056,-0.1876747400000056,34.60822311
day,2023-01-07,136,35.53626906,10,15,497.368061999,base,1,4,1_4_15,1_15_10,0.9280459500000049,0.9280459500000049,35.53626906
day,2023-01-07,143,36.02147301,11,15,546.961835945,base,1,4,1_4_15,1_15_11,0.48520394999999894,0.48520394999999894,36.02147301
day,2023-01-07,158,35.56352419,12,15,601.549994255,base,1,4,1_4_15,1_15_12,-0.4579488199999986,-0.4579488199999986,35.56352419
day,2023-01-07,169,34.41740535,13,15,653.857246533,base,1,4,1_4_15,1_15_13,-1.1461188399999998,-1.1461188399999998,34.41740535
day,2023-01-07,180,34.50132684,14,15,707.152439805,base,1,4,1_4_15,1_15_14,0.08392148999999449,0.08392148999999449,34.50132684
day,2023-01-07,190,34.30584299,15,15,758.617319606,base,1,4,1_4_15,1_15_15,-0.19548384999999513,-0.19548384999999513,34.30584299
day,2023-01-07,201,33.41634569,16,15,810.933963379,base,1,4,1_4_15,1_15_16,-0.8894973000000022,-0.8894973000000022,33.41634569
day,2023-01-07,213,33.77823991,17,15,864.438434635,base,1,4,1_4_15,1_15_17,0.3618942200000035,0.3618942200000035,33.77823991
day,2023-01-07,223,33.94510669,18,15,915.710469659,base,1,4,1_4_15,1_15_18,0.16686677999999944,0.16686677999999944,33.94510669
day,2023-01-07,234,33.93859353,19,15,968.034633446,base,1,4,1_4_15,1_15_19,-0.006513160000004348,-0.006513160000004348,33.93859353
day,2023-01-07,245,33.1851707,20,15,1020.3586323,base,1,4,1_4_15,1_15_20,-0.7534228299999981,-0.7534228299999981,33.1851707
day,2023-01-07,255,32.93639042,21,15,1074.08747563,base,1,4,1_4_15,1_15_21,-0.2487802799999983,-0.2487802799999983,32.93639042
day,2023-01-07,267,32.29614307,22,15,1125.14278858,base,1,4,1_4_15,1_15_22,-0.6402473500000028,-0.6402473500000028,32.29614307
day,2023-01-07,278,32.13855707,23,15,1177.47240482,base,1,4,1_4_15,1_15_23,-0.157586000000002,-0.157586000000002,32.13855707
day,2023-01-07,35,35.79357036,1,45,26.1492919353,base,1,4,1_4_45,1_45_1,0.9803153599999987,0.9803153599999987,35.79357036
day,2023-01-07,45,36.14737615,2,45,78.5051404983,base,1,4,1_4_45,1_45_2,0.3538057900000027,0.3538057900000027,36.14737615
day,2023-01-07,57,35.13351629,3,45,130.869096061,base,1,4,1_4_45,1_45_3,-1.0138598599999966,-1.0138598599999966,35.13351629
day,2023-01-07,70,34.96934683,4,45,183.248158249,base,1,4,1_4_45,1_45_4,-0.16416946000000365,-0.16416946000000365,34.96934683
day,2023-01-07,79,35.60255563,5,45,235.589826951,base,1,4,1_4_45,1_45_5,0.6332087999999985,0.6332087999999985,35.60255563
day,2023-01-07,91,35.23708391,6,45,287.957554831,base,1,4,1_4_45,1_45_6,-0.36547171999999506,-0.36547171999999506,35.23708391
day,2023-01-07,102,35.0712821,7,45,340.276678648,base,1,4,1_4_45,1_45_7,-0.16580181000000493,-0.16580181000000493,35.0712821
day,2023-01-07,111,35.27935366,8,45,392.681811001,base,1,4,1_4_45,1_45_8,0.2080715600000005,0.2080715600000005,35.27935366
day,2023-01-07,122,35.28083573,9,45,445.044364492,base,1,4,1_4_45,1_45_9,0.0014820700000015563,0.0014820700000015563,35.28083573
day,2023-01-07,134,34.62928534,10,45,497.348890797,base,1,4,1_4_45,1_45_10,-0.651550389999997,-0.651550389999997,34.62928534
day,2023-01-07,146,35.03394325,11,45,546.992632234,base,1,4,1_4_45,1_45_11,0.4046579099999974,0.4046579099999974,35.03394325
day,2023-01-07,156,34.54591964,12,45,601.532445915,base,1,4,1_4_45,1_45_12,-0.48802360999999905,-0.48802360999999905,34.54591964
day,2023-01-07,167,34.69236801,13,45,653.835724378,base,1,4,1_4_45,1_45_13,0.14644837000000166,0.14644837000000166,34.69236801
day,2023-01-07,179,34.63989697,14,45,707.144348088,base,1,4,1_4_45,1_45_14,-0.05247104000000036,-0.05247104000000036,34.63989697
day,2023-01-07,189,34.2613509,15,45,758.58921792,base,1,4,1_4_45,1_45_15,-0.37854607000000584,-0.37854607000000584,34.2613509
day,2023-01-07,200,34.91161202,16,45,810.90091175,base,1,4,1_4_45,1_45_16,0.6502611200000032,0.6502611200000032,34.91161202
day,2023-01-07,208,34.94635351,17,45,864.159798579,base,1,4,1_4_45,1_45_17,0.03474149000000182,0.03474149000000182,34.94635351
day,2023-01-07,221,34.77951912,18,45,915.637247911,base,1,4,1_4_45,1_45_18,-0.16683438999999822,-0.16683438999999822,34.77951912
day,2023-01-07,232,33.67985422,19,45,967.953625279,base,1,4,1_4_45,1_45_19,-1.0996649000000005,-1.0996649000000005,33.67985422
day,2023-01-07,243,33.63905174,20,45,1020.26945164,base,1,4,1_4_45,1_45_20,-0.04080248000000353,-0.04080248000000353,33.63905174
day,2023-01-07,254,33.0909653,21,45,1073.99224514,base,1,4,1_4_45,1_45_21,-0.5480864399999987,-0.5480864399999987,33.0909653
day,2023-01-07,266,33.47913601,22,45,1125.0365688,base,1,4,1_4_45,1_45_22,0.38817070999999714,0.38817070999999714,33.47913601
day,2023-01-07,277,33.32056466,23,45,1177.35692372,base,1,4,1_4_45,1_45_23,-0.15857134999999545,-0.15857134999999545,33.32056466
day,2023-01-07,288,33.23571148,24,45,1229.67680296,base,1,4,1_4_45,1_45_24,-0.08485318000000319,-0.08485318000000319,33.23571148
day,2023-01-07,298,33.63690386,25,45,1281.99601257,base,1,4,1_4_45,1_45_25,0.4011923799999977,0.4011923799999977,33.63690386
day,2023-01-07,309,33.19810304,26,45,1336.0622659,base,1,4,1_4_45,1_45_26,-0.4388008199999973,-0.4388008199999973,33.19810304
day,2023-01-07,320,33.4321798,27,45,1386.76970677,base,1,4,1_4_45,1_45_27,0.23407676000000066,0.23407676000000066,33.4321798
day,2023-01-07,331,32.84204262,28,45,1439.09234714,base,1,4,1_4_45,1_45_28,-0.5901371799999993,-0.5901371799999993,32.84204262
day,2023-01-07,342,32.82719687,29,45,1491.41441585,base,1,4,1_4_45,1_45_29,-0.014845749999999214,-0.014845749999999214,32.82719687
day,2023-01-07,353,33.15801135,30,45,1543.73587725,base,1,4,1_4_45,1_45_30,0.3308144800000008,0.3308144800000008,33.15801135
day,2023-01-07,33,35.37728206,1,75,26.148976916,base,1,4,1_4_75,1_75_1,0.5640270600000008,0.5640270600000008,35.37728206
day,2023-01-07,51,35.21442136,2,75,78.507621266,base,1,4,1_4_75,1_75_2,-0.16286069999999597,-0.16286069999999597,35.21442136
day,2023-01-07,56,34.6440533,3,75,130.868089502,base,1,4,1_4_75,1_75_3,-0.5703680599999998,-0.5703680599999998,34.6440533
day,2023-01-07,67,35.69590712,4,75,183.244421032,base,1,4,1_4_75,1_75_4,1.051853819999998,1.051853819999998,35.69590712
day,2023-01-07,77,35.84335944,5,75,235.586681799,base,1,4,1_4_75,1_75_5,0.1474523199999993,0.1474523199999993,35.84335944
day,2023-01-07,89,34.98359183,6,75,287.954487322,base,1,4,1_4_75,1_75_6,-0.8597676099999987,-0.8597676099999987,34.98359183
day,2023-01-07,99,34.08757856,7,75,340.271549334,base,1,4,1_4_75,1_75_7,-0.8960132700000045,-0.8960132700000045,34.08757856
day,2023-01-07,109,34.98368968,8,75,392.674128151,base,1,4,1_4_75,1_75_8,0.8961111200000005,0.8961111200000005,34.98368968
day,2023-01-07,121,34.97101305,9,75,445.040277329,base,1,4,1_4_75,1_75_9,-0.012676629999994304,-0.012676629999994304,34.97101305
day,2023-01-07,132,35.00142954,10,75,497.338930083,base,1,4,1_4_75,1_75_10,0.030416489999993246,0.030416489999993246,35.00142954
day,2023-01-07,147,35.09879365,11,75,547.000708722,base,1,4,1_4_75,1_75_11,0.09736411000000089,0.09736411000000089,35.09879365
day,2023-01-07,154,34.47013179,12,75,601.521631113,base,1,4,1_4_75,1_75_12,-0.628661859999994,-0.628661859999994,34.47013179
day,2023-01-07,165,34.20326018,13,75,653.822554947,base,1,4,1_4_75,1_75_13,-0.2668716100000026,-0.2668716100000026,34.20326018
day,2023-01-07,175,34.09079045,14,75,706.911391158,base,1,4,1_4_75,1_75_14,-0.11246973000000082,-0.11246973000000082,34.09079045
day,2023-01-07,186,34.01447292,15,75,758.538606215,base,1,4,1_4_75,1_75_15,-0.07631752999999719,-0.07631752999999719,34.01447292
day,2023-01-07,197,34.44802867,16,75,810.845114994,base,1,4,1_4_75,1_75_16,0.43355574999999646,0.43355574999999646,34.44802867
day,2023-01-07,216,34.62537388,17,75,864.537255183,base,1,4,1_4_75,1_75_17,0.1773452099999986,0.1773452099999986,34.62537388
day,2023-01-07,220,33.35923408,18,75,915.623591996,base,1,4,1_4_75,1_75_18,-1.2661397999999977,-1.2661397999999977,33.35923408
day,2023-01-07,231,32.10807674,19,75,967.937262268,base,1,4,1_4_75,1_75_19,-1.251157339999999,-1.251157339999999,32.10807674
day,2023-01-07,242,32.77215157,20,75,1020.25015995,base,1,4,1_4_75,1_75_20,0.664074829999997,0.664074829999997,32.77215157
day,2023-01-07,253,33.07811836,21,75,1073.84509471,base,1,4,1_4_75,1_75_21,0.3059667899999994,0.3059667899999994,33.07811836
day,2023-01-07,263,32.4916388,22,75,1124.99866854,base,1,4,1_4_75,1_75_22,-0.5864795600000008,-0.5864795600000008,32.4916388
day,2023-01-07,274,31.79799141,23,75,1177.3150084,base,1,4,1_4_75,1_75_23,-0.6936473899999953,-0.6936473899999953,31.79799141
day,2023-01-07,285,31.67408262,24,75,1229.63061299,base,1,4,1_4_75,1_75_24,-0.12390879000000155,-0.12390879000000155,31.67408262
day,2023-01-07,296,31.7755114,25,75,1281.94545509,base,1,4,1_4_75,1_75_25,0.10142877999999911,0.10142877999999911,31.7755114
day,2023-01-07,307,31.0074465,26,75,1335.94686661,base,1,4,1_4_75,1_75_26,-0.7680648999999988,-0.7680648999999988,31.0074465
day,2023-01-07,318,31.08559473,27,75,1386.70513346,base,1,4,1_4_75,1_75_27,0.07814823000000004,0.07814823000000004,31.08559473
day,2023-01-07,329,30.75646572,28,75,1439.02265301,base,1,4,1_4_75,1_75_28,-0.32912900999999906,-0.32912900999999906,30.75646572
day,2023-01-07,340,31.40983603,29,75,1491.33954379,base,1,4,1_4_75,1_75_29,0.6533703099999997,0.6533703099999997,31.40983603
day,2023-01-07,351,28.963023,30,75,1543.65559389,base,1,4,1_4_75,1_75_30,-2.4468130300000013,-2.4468130300000013,28.963023
day,2023-01-07,34,35.54348646,1,105,26.1489802967,base,1,4,1_4_105,1_105_1,0.7302314599999988,0.7302314599999988,35.54348646
day,2023-01-07,44,35.41033812,2,105,78.5047576509,base,1,4,1_4_105,1_105_2,-0.1331483399999982,-0.1331483399999982,35.41033812
day,2023-01-07,58,34.55248163,3,105,130.870643632,base,1,4,1_4_105,1_105_3,-0.8578564899999961,-0.8578564899999961,34.55248163
day,2023-01-07,66,34.98360616,4,105,183.242955556,base,1,4,1_4_105,1_105_4,0.4311245299999982,0.4311245299999982,34.98360616
day,2023-01-07,78,35.36415895,5,105,235.588284549,base,1,4,1_4_105,1_105_5,0.38055278999999587,0.38055278999999587,35.36415895
day,2023-01-07,87,36.09204326,6,105,287.952342449,base,1,4,1_4_105,1_105_6,0.7278843100000003,0.7278843100000003,36.09204326
day,2023-01-07,98,34.93618407,7,105,340.2706357,base,1,4,1_4_105,1_105_7,-1.155859189999994,-1.155859189999994,34.93618407
day,2023-01-07,110,34.21724274,8,105,392.677146954,base,1,4,1_4_105,1_105_8,-0.7189413299999998,-0.7189413299999998,34.21724274
day,2023-01-07,120,34.98159021,9,105,445.034567252,base,1,4,1_4_105,1_105_9,0.764347469999997,0.764347469999997,34.98159021
day,2023-01-07,131,34.67289381,10,105,497.337391364,base,1,4,1_4_105,1_105_10,-0.3086964000000023,-0.3086964000000023,34.67289381
day,2023-01-07,148,34.84732751,11,105,547.00681307,base,1,4,1_4_105,1_105_11,0.17443370000000158,0.17443370000000158,34.84732751
day,2023-01-07,153,33.81503686,12,105,601.521158094,base,1,4,1_4_105,1_105_12,-1.0322906500000002,-1.0322906500000002,33.81503686
day,2023-01-07,164,33.54382612,13,105,653.821981781,base,1,4,1_4_105,1_105_13,-0.2712107400000008,-0.2712107400000008,33.54382612
day,2023-01-07,178,32.96761815,14,105,707.099592883,base,1,4,1_4_105,1_105_14,-0.5762079699999987,-0.5762079699999987,32.96761815
day,2023-01-07,188,32.97865538,15,105,758.56574345,base,1,4,1_4_105,1_105_15,0.011037229999999454,0.011037229999999454,32.97865538
day,2023-01-07,198,32.63624776,16,105,810.874048291,base,1,4,1_4_105,1_105_16,-0.3424076199999959,-0.3424076199999959,32.63624776
day,2023-01-07,207,33.79320841,17,105,864.082555014,base,1,4,1_4_105,1_105_17,1.156960649999995,1.156960649999995,33.79320841
day,2023-01-07,219,33.91265909,18,105,915.597310755,base,1,4,1_4_105,1_105_18,0.11945067999999992,0.11945067999999992,33.91265909
day,2023-01-07,229,34.01467296,19,105,967.909398761,base,1,4,1_4_105,1_105_19,0.1020138700000004,0.1020138700000004,34.01467296
day,2023-01-07,240,34.04121344,20,105,1020.22073198,base,1,4,1_4_105,1_105_20,0.02654048000000131,0.02654048000000131,34.04121344
day,2023-01-07,256,34.08342452,21,105,1074.11172432,base,1,4,1_4_105,1_105_21,0.04221108000000129,0.04221108000000129,34.08342452
day,2023-01-07,262,34.15741774,22,105,1124.99505457,base,1,4,1_4_105,1_105_22,0.07399321999999842,0.07399321999999842,34.15741774
day,2023-01-07,273,34.13813505,23,105,1177.31112423,base,1,4,1_4_105,1_105_23,-0.01928268999999716,-0.01928268999999716,34.13813505
day,2023-01-07,284,34.07208473,24,105,1229.62646731,base,1,4,1_4_105,1_105_24,-0.06605032000000222,-0.06605032000000222,34.07208473
day,2023-01-07,295,33.26632473,25,105,1281.94101005,base,1,4,1_4_105,1_105_25,-0.8057599999999994,-0.8057599999999994,33.26632473
day,2023-01-07,306,34.19241505,26,105,1335.94636579,base,1,4,1_4_105,1_105_26,0.9260903200000001,0.9260903200000001,34.19241505
day,2023-01-07,317,34.64153606,27,105,1386.70041475,base,1,4,1_4_105,1_105_27,0.44912100999999893,0.44912100999999893,34.64153606
day,2023-01-07,328,35.04318517,28,105,1439.01773273,base,1,4,1_4_105,1_105_28,0.40164911000000103,0.40164911000000103,35.04318517
day,2023-01-07,339,35.32266035,29,105,1491.33427335,base,1,4,1_4_105,1_105_29,0.2794751799999986,0.2794751799999986,35.32266035
day,2023-01-07,37,35.44913085,1,135,26.149317842,base,1,4,1_4_135,1_135_1,0.635875850000005,0.635875850000005,35.44913085
day,2023-01-07,50,35.74233625,2,135,78.5072596515,base,1,4,1_4_135,1_135_2,0.29320539999999795,0.29320539999999795,35.74233625
day,2023-01-07,55,35.43899162,3,135,130.866816893,base,1,4,1_4_135,1_135_3,-0.303344629999998,-0.303344629999998,35.43899162
day,2023-01-07,68,35.40489433,4,135,183.246181946,base,1,4,1_4_135,1_135_4,-0.03409729000000539,-0.03409729000000539,35.40489433
day,2023-01-07,80,35.43927281,5,135,235.591466007,base,1,4,1_4_135,1_135_5,0.03437848000000088,0.03437848000000088,35.43927281
day,2023-01-07,90,35.04862951,6,135,287.954804033,base,1,4,1_4_135,1_135_6,-0.3906433000000007,-0.3906433000000007,35.04862951
day,2023-01-07,100,34.37052293,7,135,340.275296586,base,1,4,1_4_135,1_135_7,-0.6781065799999979,-0.6781065799999979,34.37052293
day,2023-01-07,112,34.87069465,8,135,392.683283752,base,1,4,1_4_135,1_135_8,0.5001717199999973,0.5001717199999973,34.87069465
day,2023-01-07,123,34.93416705,9,135,445.047630348,base,1,4,1_4_135,1_135_9,0.06347240000000198,0.06347240000000198,34.93416705
day,2023-01-07,133,34.79094216,10,135,497.348469066,base,1,4,1_4_135,1_135_10,-0.14322488999999905,-0.14322488999999905,34.79094216
day,2023-01-07,144,33.61666254,11,135,546.989476845,base,1,4,1_4_135,1_135_11,-1.17427962,-1.17427962,33.61666254
day,2023-01-07,155,32.78378361,12,135,601.531126669,base,1,4,1_4_135,1_135_12,-0.8328789299999997,-0.8328789299999997,32.78378361
day,2023-01-07,166,34.00817709,13,135,653.834129524,base,1,4,1_4_135,1_135_13,1.2243934799999963,1.2243934799999963,34.00817709
day,2023-01-07,176,33.9294563,14,135,706.99344984,base,1,4,1_4_135,1_135_14,-0.07872078999999843,-0.07872078999999843,33.9294563
day,2023-01-07,187,33.84161646,15,135,758.56495277,base,1,4,1_4_135,1_135_15,-0.08783984000000089,-0.08783984000000089,33.84161646
day,2023-01-07,199,33.84541994,16,135,810.874751296,base,1,4,1_4_135,1_135_16,0.0038034800000019686,0.0038034800000019686,33.84541994
day,2023-01-07,214,34.17775193,17,135,864.502557439,base,1,4,1_4_135,1_135_17,0.33233199000000013,0.33233199000000013,34.17775193
day,2023-01-07,222,34.27562812,18,135,915.652165759,base,1,4,1_4_135,1_135_18,0.09787619000000092,0.09787619000000092,34.27562812
day,2023-01-07,233,34.04705701,19,135,967.96920464,base,1,4,1_4_135,1_135_19,-0.2285711099999972,-0.2285711099999972,34.04705701
day,2023-01-07,244,34.17903905,20,135,1020.28562,base,1,4,1_4_135,1_135_20,0.13198203999999691,0.13198203999999691,34.17903905
day,2023-01-07,252,34.14760768,21,135,1073.76805203,base,1,4,1_4_135,1_135_21,-0.03143136999999996,-0.03143136999999996,34.14760768
day,2023-01-07,265,34.29603262,22,135,1125.03033604,base,1,4,1_4_135,1_135_22,0.14842493999999817,0.14842493999999817,34.29603262
day,2023-01-07,276,34.64189802,23,135,1177.35018859,base,1,4,1_4_135,1_135_23,0.345865400000001,0.345865400000001,34.64189802
day,2023-01-07,286,34.58289564,24,135,1229.6694143,base,1,4,1_4_135,1_135_24,-0.059002380000002574,-0.059002380000002574,34.58289564
day,2023-01-07,297,34.74631308,25,135,1281.98801862,base,1,4,1_4_135,1_135_25,0.16341744000000347,0.16341744000000347,34.74631308
day,2023-01-07,308,34.58205992,26,135,1336.053695,base,1,4,1_4_135,1_135_26,-0.16425316000000123,-0.16425316000000123,34.58205992
day,2023-01-07,319,34.86353871,27,135,1386.76048224,base,1,4,1_4_135,1_135_27,0.2814787900000013,0.2814787900000013,34.86353871
day,2023-01-07,330,35.17622967,28,135,1439.08243693,base,1,4,1_4_135,1_135_28,0.31269095999999763,0.31269095999999763,35.17622967
day,2023-01-07,341,35.63213756,29,135,1491.40380652,base,1,4,1_4_135,1_135_29,0.45590788999999887,0.45590788999999887,35.63213756
day,2023-01-07,352,35.31089269,30,135,1543.72456742,base,1,4,1_4_135,1_135_30,-0.3212448699999939,-0.3212448699999939,35.31089269
day,2023-01-07,1,36.18229209,1,165,26.1588683337,base,1,4,1_4_165,1_165_1,1.369037089999999,1.369037089999999,36.18229209
day,2023-01-07,2,35.74646152,2,165,78.5320887888,base,1,4,1_4_165,1_165_2,-0.43583057000000025,-0.43583057000000025,35.74646152
day,2023-01-07,3,35.67253422,3,165,130.916650141,base,1,4,1_4_165,1_165_3,-0.07392729999999403,-0.07392729999999403,35.67253422
day,2023-01-07,4,35.72737299,4,165,183.310421724,base,1,4,1_4_165,1_165_4,0.05483876999999637,0.05483876999999637,35.72737299
day,2023-01-07,5,35.7364914,5,165,235.675126489,base,1,4,1_4_165,1_165_5,0.009118409999999244,0.009118409999999244,35.7364914
day,2023-01-07,6,35.04529522,6,165,288.059716914,base,1,4,1_4_165,1_165_6,-0.6911961799999986,-0.6911961799999986,35.04529522
day,2023-01-07,7,36.13000415,7,165,340.40027276,base,1,4,1_4_165,1_165_7,1.084708929999998,1.084708929999998,36.13000415
day,2023-01-07,8,36.87245702,8,165,392.825928488,base,1,4,1_4_165,1_165_8,0.742452870000001,0.742452870000001,36.87245702
day,2023-01-07,9,32.93984945,9,165,445.20954897,base,1,4,1_4_165,1_165_9,-3.932607570000002,-3.932607570000002,32.93984945
day,2023-01-07,10,34.8881052,10,165,497.534870608,base,1,4,1_4_165,1_165_10,1.9482557500000013,1.9482557500000013,34.8881052
day,2023-01-07,11,35.76611602,11,165,547.152727294,base,1,4,1_4_165,1_165_11,0.8780108200000001,0.8780108200000001,35.76611602
day,2023-01-07,12,30.84155176,12,165,601.752722326,base,1,4,1_4_165,1_165_12,-4.924564259999997,-4.924564259999997,30.84155176
day,2023-01-07,13,26.43361093,13,165,654.077375696,base,1,4,1_4_165,1_165_13,-4.407940830000001,-4.407940830000001,26.43361093
day,2023-01-07,14,26.06511257,14,165,707.437718627,base,1,4,1_4_165,1_165_14,-0.36849836000000025,-0.36849836000000025,26.06511257
day,2023-01-07,15,24.85156644,15,165,758.879133405,base,1,4,1_4_165,1_165_15,-1.213546130000001,-1.213546130000001,24.85156644
day,2023-01-07,16,24.55893992,16,165,811.213544416,base,1,4,1_4_165,1_165_16,-0.2926265199999989,-0.2926265199999989,24.55893992
day,2023-01-07,217,24.71127288,17,165,864.593146426,base,1,4,1_4_165,1_165_17,0.15233295999999896,0.15233295999999896,24.71127288
day,2023-01-07,18,24.29111136,18,165,916.008171598,base,1,4,1_4_165,1_165_18,-0.4201615200000006,-0.4201615200000006,24.29111136
day,2023-01-07,19,24.5243559,19,165,968.348947967,base,1,4,1_4_165,1_165_19,0.23324454000000117,0.23324454000000117,24.5243559
day,2023-01-07,20,25.26510703,20,165,1020.68951414,base,1,4,1_4_165,1_165_20,0.7407511299999996,0.7407511299999996,25.26510703
day,2023-01-07,21,27.79730054,21,165,1074.54249828,base,1,4,1_4_165,1_165_21,2.532193509999999,2.532193509999999,27.79730054
day,2023-01-07,22,33.39746429,22,165,1125.51728983,base,1,4,1_4_165,1_165_22,5.600163750000004,5.600163750000004,33.39746429
day,2023-01-07,23,34.97090503,23,165,1177.86387697,base,1,4,1_4_165,1_165_23,1.5734407399999952,1.5734407399999952,34.97090503
day,2023-01-07,24,35.01951081,24,165,1230.21017942,base,1,4,1_4_165,1_165_24,0.048605780000002596,0.048605780000002596,35.01951081
day,2023-01-07,32,35.58801263,1,195,26.1484865544,base,1,4,1_4_195,1_195_1,0.7747576300000034,0.7747576300000034,35.58801263
day,2023-01-07,43,36.02925414,2,195,78.5016954405,base,1,4,1_4_195,1_195_2,0.44124150999999756,0.44124150999999756,36.02925414
day,2023-01-07,54,34.93083293,3,195,130.865764168,base,1,4,1_4_195,1_195_3,-1.098421209999998,-1.098421209999998,34.93083293
day,2023-01-07,65,35.77964565,4,195,183.241181439,base,1,4,1_4_195,1_195_4,0.848812719999998,0.848812719999998,35.77964565
day,2023-01-07,76,35.37313095,5,195,235.586306566,base,1,4,1_4_195,1_195_5,-0.40651470000000245,-0.40651470000000245,35.37313095
day,2023-01-07,88,36.44079647,6,195,287.953574821,base,1,4,1_4_195,1_195_6,1.0676655200000056,1.0676655200000056,36.44079647
day,2023-01-07,101,36.58436594,7,195,340.276063867,base,1,4,1_4_195,1_195_7,0.14356946999999565,0.14356946999999565,36.58436594
day,2023-01-07,113,36.40548886,8,195,392.683423375,base,1,4,1_4_195,1_195_8,-0.17887707999999947,-0.17887707999999947,36.40548886
day,2023-01-07,124,36.70751519,9,195,445.05299325,base,1,4,1_4_195,1_195_9,0.3020263300000039,0.3020263300000039,36.70751519
day,2023-01-07,135,36.05815185,10,195,497.360915159,base,1,4,1_4_195,1_195_10,-0.6493633400000007,-0.6493633400000007,36.05815185
day,2023-01-07,142,36.30664759,11,195,546.956662613,base,1,4,1_4_195,1_195_11,0.24849573999999564,0.24849573999999564,36.30664759
day,2023-01-07,157,35.22079596,12,195,601.546952442,base,1,4,1_4_195,1_195_12,-1.0858516300000005,-1.0858516300000005,35.22079596
day,2023-01-07,168,35.59802627,13,195,653.857004574,base,1,4,1_4_195,1_195_13,0.3772303100000016,0.3772303100000016,35.59802627
day,2023-01-07,182,33.18954543,14,195,707.223320408,base,1,4,1_4_195,1_195_14,-2.4084808399999957,-2.4084808399999957,33.18954543
day,2023-01-07,191,26.4154662,15,195,758.634128682,base,1,4,1_4_195,1_195_15,-6.774079230000002,-6.774079230000002,26.4154662
day,2023-01-07,202,25.00794947,16,195,810.955736004,base,1,4,1_4_195,1_195_16,-1.407516730000001,-1.407516730000001,25.00794947
day,2023-01-07,209,22.37324834,17,195,864.320131185,base,1,4,1_4_195,1_195_17,-2.63470113,-2.63470113,22.37324834
day,2023-01-07,224,21.71320398,18,195,915.725934618,base,1,4,1_4_195,1_195_18,-0.6600443600000006,-0.6600443600000006,21.71320398
day,2023-01-07,235,21.52582515,19,195,968.055546242,base,1,4,1_4_195,1_195_19,-0.1873788300000001,-0.1873788300000001,21.52582515
day,2023-01-07,246,21.57359514,20,195,1020.38537183,base,1,4,1_4_195,1_195_20,0.04776998999999904,0.04776998999999904,21.57359514
day,2023-01-07,258,22.01067342,21,195,1074.19059563,base,1,4,1_4_195,1_195_21,0.4370782800000015,0.4370782800000015,22.01067342
day,2023-01-07,268,26.18100579,22,195,1125.18958872,base,1,4,1_4_195,1_195_22,4.170332370000001,4.170332370000001,26.18100579
day,2023-01-07,279,33.3204017,23,195,1177.52690799,base,1,4,1_4_195,1_195_23,7.1393959099999975,7.1393959099999975,33.3204017
day,2023-01-07,31,35.49747556,1,225,26.1421622904,base,1,4,1_4_225,1_225_1,0.68422056,0.68422056,35.49747556
day,2023-01-07,42,35.95138867,2,225,78.4865939041,base,1,4,1_4_225,1_225_2,0.453913110000002,0.453913110000002,35.95138867
day,2023-01-07,53,33.84109445,3,225,130.83419649,base,1,4,1_4_225,1_225_3,-2.11029422,-2.11029422,33.84109445
day,2023-01-07,64,36.21696835,4,225,183.202760398,base,1,4,1_4_225,1_225_4,2.375873900000002,2.375873900000002,36.21696835
day,2023-01-07,75,36.18041208,5,225,235.5378245,base,1,4,1_4_225,1_225_5,-0.03655626999999839,-0.03655626999999839,36.18041208
day,2023-01-07,86,35.71619959,6,225,287.893716757,base,1,4,1_4_225,1_225_6,-0.4642124900000013,-0.4642124900000013,35.71619959
day,2023-01-07,97,36.93337477,7,225,340.206774681,base,1,4,1_4_225,1_225_7,1.2171751799999981,1.2171751799999981,36.93337477
day,2023-01-07,108,37.41618196,8,225,392.609087709,base,1,4,1_4_225,1_225_8,0.4828071900000026,0.4828071900000026,37.41618196
day,2023-01-07,119,37.88705354,9,225,444.967545613,base,1,4,1_4_225,1_225_9,0.47087157999999363,0.47087157999999363,37.88705354
day,2023-01-07,130,37.51578745,10,225,497.266228693,base,1,4,1_4_225,1_225_10,-0.3712660899999989,-0.3712660899999989,37.51578745
day,2023-01-07,141,37.67708982,11,225,546.903162294,base,1,4,1_4_225,1_225_11,0.16130237000000136,0.16130237000000136,37.67708982
day,2023-01-07,152,37.7439241,12,225,601.445836677,base,1,4,1_4_225,1_225_12,0.06683428000000191,0.06683428000000191,37.7439241
day,2023-01-07,163,38.1708892,13,225,653.749348408,base,1,4,1_4_225,1_225_13,0.42696509999999677,0.42696509999999677,38.1708892
day,2023-01-07,174,38.9753295,14,225,706.908204273,base,1,4,1_4_225,1_225_14,0.8044403000000031,0.8044403000000031,38.9753295
day,2023-01-07,185,38.67891157,15,225,758.484798074,base,1,4,1_4_225,1_225_15,-0.29641793000000405,-0.29641793000000405,38.67891157
day,2023-01-07,196,36.43631202,16,225,810.798966762,base,1,4,1_4_225,1_225_16,-2.2425995499999942,-2.2425995499999942,36.43631202
day,2023-01-07,212,35.8941448,17,225,864.434341191,base,1,4,1_4_225,1_225_17,-0.5421672200000032,-0.5421672200000032,35.8941448
day,2023-01-07,218,35.94926975,18,225,915.58915721,base,1,4,1_4_225,1_225_18,0.05512494999999973,0.05512494999999973,35.94926975
day,2023-01-07,230,38.08348297,19,225,967.914389442,base,1,4,1_4_225,1_225_19,2.1342132199999995,2.1342132199999995,38.08348297
day,2023-01-07,241,37.96896884,20,225,1020.24029023,base,1,4,1_4_225,1_225_20,-0.11451412999999633,-0.11451412999999633,37.96896884
day,2023-01-07,251,37.23588992,21,225,1073.74745918,base,1,4,1_4_225,1_225_21,-0.7330789200000041,-0.7330789200000041,37.23588992
day,2023-01-07,264,37.38027945,22,225,1125.00912546,base,1,4,1_4_225,1_225_22,0.1443895300000051,0.1443895300000051,37.38027945
day,2023-01-07,275,38.28894236,23,225,1177.34236285,base,1,4,1_4_225,1_225_23,0.9086629099999968,0.9086629099999968,38.28894236
day,2023-01-07,287,38.24882318,24,225,1229.6762407,base,1,4,1_4_225,1_225_24,-0.04011917999999781,-0.04011917999999781,38.24882318
day,2023-01-07,299,37.03735901,25,225,1282.0107427,base,1,4,1_4_225,1_225_25,-1.2114641699999993,-1.2114641699999993,37.03735901
day,2023-01-07,310,36.6380786,26,225,1336.09378827,base,1,4,1_4_225,1_225_26,-0.3992804100000029,-0.3992804100000029,36.6380786
day,2023-01-07,321,35.9299673,27,225,1386.81886773,base,1,4,1_4_225,1_225_27,-0.7081112999999988,-0.7081112999999988,35.9299673
day,2023-01-07,332,35.7052386,28,225,1439.16057605,base,1,4,1_4_225,1_225_28,-0.2247287,-0.2247287,35.7052386
day,2023-01-07,343,36.47899317,29,225,1491.5029301,base,1,4,1_4_225,1_225_29,0.7737545700000013,0.7737545700000013,36.47899317
day,2023-01-07,354,37.02631338,30,225,1543.84595568,base,1,4,1_4_225,1_225_30,0.5473202099999952,0.5473202099999952,37.02631338
day,2023-01-07,36,36.18106632,1,255,26.1493125373,base,1,4,1_4_255,1_255_1,1.3678113200000013,1.3678113200000013,36.18106632
day,2023-01-07,48,36.31665169,2,255,78.5069401867,base,1,4,1_4_255,1_255_2,0.13558537000000115,0.13558537000000115,36.31665169
day,2023-01-07,63,36.13541645,3,255,130.87662654,base,1,4,1_4_255,1_255_3,-0.18123523999999946,-0.18123523999999946,36.13541645
day,2023-01-07,72,37.0005964,4,255,183.253658741,base,1,4,1_4_255,1_255_4,0.8651799499999981,0.8651799499999981,37.0005964
day,2023-01-07,85,36.8184927,5,255,235.606875989,base,1,4,1_4_255,1_255_5,-0.18210369999999898,-0.18210369999999898,36.8184927
day,2023-01-07,95,35.00217369,6,255,287.979473221,base,1,4,1_4_255,1_255_6,-1.8163190100000008,-1.8163190100000008,35.00217369
day,2023-01-07,106,36.97485704,7,255,340.308783293,base,1,4,1_4_255,1_255_7,1.972683350000004,1.972683350000004,36.97485704
day,2023-01-07,118,37.04508713,8,255,392.727876477,base,1,4,1_4_255,1_255_8,0.07023008999999547,0.07023008999999547,37.04508713
day,2023-01-07,128,37.06423476,9,255,445.100751387,base,1,4,1_4_255,1_255_9,0.019147629999999083,0.019147629999999083,37.06423476
day,2023-01-07,139,36.74669598,10,255,497.419046738,base,1,4,1_4_255,1_255_10,-0.3175387799999996,-0.3175387799999996,36.74669598
day,2023-01-07,151,37.42535054,11,255,547.10469891,base,1,4,1_4_255,1_255_11,0.6786545599999982,0.6786545599999982,37.42535054
day,2023-01-07,161,37.05508365,12,255,601.640315573,base,1,4,1_4_255,1_255_12,-0.37026688999999635,-0.37026688999999635,37.05508365
day,2023-01-07,172,36.77479916,13,255,653.962746366,base,1,4,1_4_255,1_255_13,-0.28028448999999966,-0.28028448999999966,36.77479916
day,2023-01-07,184,38.02558014,14,255,707.267285282,base,1,4,1_4_255,1_255_14,1.2507809800000018,1.2507809800000018,38.02558014
day,2023-01-07,195,36.49572515,15,255,758.755698383,base,1,4,1_4_255,1_255_15,-1.529854990000004,-1.529854990000004,36.49572515
day,2023-01-07,206,36.6644113,16,255,811.091073808,base,1,4,1_4_255,1_255_16,0.1686861499999992,0.1686861499999992,36.6644113
day,2023-01-07,210,36.70169556,17,255,864.328430686,base,1,4,1_4_255,1_255_17,0.03728425999999985,0.03728425999999985,36.70169556
day,2023-01-07,227,37.32308007,18,255,915.873920636,base,1,4,1_4_255,1_255_18,0.6213845100000057,0.6213845100000057,37.32308007
day,2023-01-07,238,38.48791458,19,255,968.218473936,base,1,4,1_4_255,1_255_19,1.1648345099999986,1.1648345099999986,38.48791458
day,2023-01-07,249,37.73814124,20,255,1020.56405306,base,1,4,1_4_255,1_255_20,-0.7497733400000044,-0.7497733400000044,37.73814124
day,2023-01-07,261,37.3696643,21,255,1074.50378336,base,1,4,1_4_255,1_255_21,-0.36847694000000075,-0.36847694000000075,37.3696643
day,2023-01-07,271,37.66584842,22,255,1125.41362315,base,1,4,1_4_255,1_255_22,0.2961841200000066,0.2961841200000066,37.66584842
day,2023-01-07,282,37.76945701,23,255,1177.76947909,base,1,4,1_4_255,1_255_23,0.10360859000000033,0.10360859000000033,37.76945701
day,2023-01-07,293,38.45146977,24,255,1230.12637227,base,1,4,1_4_255,1_255_24,0.6820127599999992,0.6820127599999992,38.45146977
day,2023-01-07,304,38.63910515,25,255,1282.48427264,base,1,4,1_4_255,1_255_25,0.18763537999999613,0.18763537999999613,38.63910515
day,2023-01-07,315,38.15831559,26,255,1336.53171427,base,1,4,1_4_255,1_255_26,-0.48078955999999806,-0.48078955999999806,38.15831559
day,2023-01-07,326,38.48270329,27,255,1387.33562104,base,1,4,1_4_255,1_255_27,0.3243877000000026,0.3243877000000026,38.48270329
day,2023-01-07,337,36.82407611,28,255,1439.70166378,base,1,4,1_4_255,1_255_28,-1.6586271800000034,-1.6586271800000034,36.82407611
day,2023-01-07,348,38.23691972,29,255,1492.06879036,base,1,4,1_4_255,1_255_29,1.412843610000003,1.412843610000003,38.23691972
day,2023-01-07,360,39.30245872,30,255,1544.43689287,base,1,4,1_4_255,1_255_30,1.065538999999994,1.065538999999994,39.30245872
day,2023-01-07,38,36.23624336,1,285,26.149320641,base,1,4,1_4_285,1_285_1,1.422988360000005,1.422988360000005,36.23624336
day,2023-01-07,52,36.62981662,2,285,78.5097908779,base,1,4,1_4_285,1_285_2,0.3935732599999966,0.3935732599999966,36.62981662
day,2023-01-07,62,36.10941021,3,285,130.87356057,base,1,4,1_4_285,1_285_3,-0.5204064099999997,-0.5204064099999997,36.10941021
day,2023-01-07,73,36.74489547,4,285,183.255763257,base,1,4,1_4_285,1_285_4,0.6354852600000029,0.6354852600000029,36.74489547
day,2023-01-07,84,37.10800445,5,285,235.605230044,base,1,4,1_4_285,1_285_5,0.3631089799999998,0.3631089799999998,37.10800445
day,2023-01-07,96,34.44202809,6,285,287.981779618,base,1,4,1_4_285,1_285_6,-2.665976360000002,-2.665976360000002,34.44202809
day,2023-01-07,107,34.30636477,7,285,340.309803081,base,1,4,1_4_285,1_285_7,-0.13566331999999903,-0.13566331999999903,34.30636477
day,2023-01-07,117,36.38614632,8,285,392.725912691,base,1,4,1_4_285,1_285_8,2.07978155,2.07978155,36.38614632
day,2023-01-07,129,36.29973952,9,285,445.105153265,base,1,4,1_4_285,1_285_9,-0.0864067999999989,-0.0864067999999989,36.29973952
day,2023-01-07,140,36.81710978,10,285,497.420665061,base,1,4,1_4_285,1_285_10,0.5173702599999999,0.5173702599999999,36.81710978
day,2023-01-07,150,36.89523719,11,285,547.10048277,base,1,4,1_4_285,1_285_11,0.07812741000000045,0.07812741000000045,36.89523719
day,2023-01-07,162,37.47561275,12,285,601.64126025,base,1,4,1_4_285,1_285_12,0.5803755600000002,0.5803755600000002,37.47561275
day,2023-01-07,173,37.78646941,13,285,653.963824959,base,1,4,1_4_285,1_285_13,0.3108566599999989,0.3108566599999989,37.78646941
day,2023-01-07,177,38.09385365,14,285,707.077105223,base,1,4,1_4_285,1_285_14,0.30738423999999753,0.30738423999999753,38.09385365
day,2023-01-07,194,38.12348494,15,285,758.728805537,base,1,4,1_4_285,1_285_15,0.029631289999997534,0.029631289999997534,38.12348494
day,2023-01-07,205,37.677979,16,285,811.062448387,base,1,4,1_4_285,1_285_16,-0.44550593999999677,-0.44550593999999677,37.677979
day,2023-01-07,17,37.74136552,17,285,864.783493136,base,1,4,1_4_285,1_285_17,0.06338652000000167,0.06338652000000167,37.74136552
day,2023-01-07,228,36.96432518,18,285,915.900561915,base,1,4,1_4_285,1_285_18,-0.7770403399999992,-0.7770403399999992,36.96432518
day,2023-01-07,239,37.06453774,19,285,968.246820865,base,1,4,1_4_285,1_285_19,0.10021255999999568,0.10021255999999568,37.06453774
day,2023-01-07,250,36.58709323,20,285,1020.59402321,base,1,4,1_4_285,1_285_20,-0.477444509999998,-0.477444509999998,36.58709323
day,2023-01-07,259,37.15001048,21,285,1074.20728628,base,1,4,1_4_285,1_285_21,0.5629172499999981,0.5629172499999981,37.15001048
day,2023-01-07,272,37.73644622,22,285,1125.41494883,base,1,4,1_4_285,1_285_22,0.5864357399999989,0.5864357399999989,37.73644622
day,2023-01-07,283,38.27165276,23,285,1177.77099231,base,1,4,1_4_285,1_285_23,0.5352065400000043,0.5352065400000043,38.27165276
day,2023-01-07,294,37.39416334,24,285,1230.12815714,base,1,4,1_4_285,1_285_24,-0.8774894200000034,-0.8774894200000034,37.39416334
day,2023-01-07,305,38.14419083,25,285,1282.48626986,base,1,4,1_4_285,1_285_25,0.7500274900000008,0.7500274900000008,38.14419083
day,2023-01-07,316,38.80994965,26,285,1336.53812588,base,1,4,1_4_285,1_285_26,0.6657588200000006,0.6657588200000006,38.80994965
day,2023-01-07,327,38.16047455,27,285,1387.33847392,base,1,4,1_4_285,1_285_27,-0.6494750999999965,-0.6494750999999965,38.16047455
day,2023-01-07,338,38.94122837,28,285,1439.70478145,base,1,4,1_4_285,1_285_28,0.7807538199999939,0.7807538199999939,38.94122837
day,2023-01-07,349,37.34375161,29,285,1492.07222963,base,1,4,1_4_285,1_285_29,-1.5974767599999993,-1.5974767599999993,37.34375161
day,2023-01-07,39,36.13172469,1,315,26.1495677872,base,1,4,1_4_315,1_315_1,1.3184696900000006,1.3184696900000006,36.13172469
day,2023-01-07,47,36.37301468,2,315,78.506588238,base,1,4,1_4_315,1_315_2,0.2412899899999985,0.2412899899999985,36.37301468
day,2023-01-07,61,36.82513348,3,315,130.873391001,base,1,4,1_4_315,1_315_3,0.45211880000000093,0.45211880000000093,36.82513348
day,2023-01-07,74,36.5486244,4,315,183.256425919,base,1,4,1_4_315,1_315_4,-0.27650907999999674,-0.27650907999999674,36.5486244
day,2023-01-07,83,36.3686163,5,315,235.603359681,base,1,4,1_4_315,1_315_5,-0.180008100000002,-0.180008100000002,36.3686163
day,2023-01-07,94,36.47829433,6,315,287.977630168,base,1,4,1_4_315,1_315_6,0.10967802999999776,0.10967802999999776,36.47829433
day,2023-01-07,105,35.23503713,7,315,340.304761915,base,1,4,1_4_315,1_315_7,-1.243257199999995,-1.243257199999995,35.23503713
day,2023-01-07,116,35.00005592,8,315,392.718288014,base,1,4,1_4_315,1_315_8,-0.23498121000000083,-0.23498121000000083,35.00005592
day,2023-01-07,127,34.74949052,9,315,445.092654475,base,1,4,1_4_315,1_315_9,-0.25056539999999927,-0.25056539999999927,34.74949052
day,2023-01-07,138,34.67975834,10,315,497.40865149,base,1,4,1_4_315,1_315_10,-0.06973218000000259,-0.06973218000000259,34.67975834
day,2023-01-07,149,34.44451066,11,315,547.068358919,base,1,4,1_4_315,1_315_11,-0.23524768000000051,-0.23524768000000051,34.44451066
day,2023-01-07,160,34.3911519,12,315,601.620474081,base,1,4,1_4_315,1_315_12,-0.05335876000000184,-0.05335876000000184,34.3911519
day,2023-01-07,171,33.83344687,13,315,653.939654538,base,1,4,1_4_315,1_315_13,-0.5577050299999939,-0.5577050299999939,33.83344687
day,2023-01-07,183,33.78566301,14,315,707.256506323,base,1,4,1_4_315,1_315_14,-0.047783860000002676,-0.047783860000002676,33.78566301
day,2023-01-07,193,34.4834045,15,315,758.727653744,base,1,4,1_4_315,1_315_15,0.6977414899999985,0.6977414899999985,34.4834045
day,2023-01-07,204,34.98323511,16,315,811.059153639,base,1,4,1_4_315,1_315_16,0.4998306100000036,0.4998306100000036,34.98323511
day,2023-01-07,211,35.44020757,17,315,864.340763528,base,1,4,1_4_315,1_315_17,0.4569724599999958,0.4569724599999958,35.44020757
day,2023-01-07,226,35.99158056,18,315,915.83925752,base,1,4,1_4_315,1_315_18,0.5513729900000044,0.5513729900000044,35.99158056
day,2023-01-07,237,35.67173625,19,315,968.179492611,base,1,4,1_4_315,1_315_19,-0.3198443100000006,-0.3198443100000006,35.67173625
day,2023-01-07,248,35.84489587,20,315,1020.52043405,base,1,4,1_4_315,1_315_20,0.17315961999999985,0.17315961999999985,35.84489587
day,2023-01-07,260,35.74724955,21,315,1074.27874941,base,1,4,1_4_315,1_315_21,-0.09764632000000262,-0.09764632000000262,35.74724955
day,2023-01-07,270,35.56371119,22,315,1125.34266539,base,1,4,1_4_315,1_315_22,-0.18353836,-0.18353836,35.56371119
day,2023-01-07,281,36.25687311,23,315,1177.69223154,base,1,4,1_4_315,1_315_23,0.6931619200000014,0.6931619200000014,36.25687311
day,2023-01-07,292,36.43181039,24,315,1230.0425277,base,1,4,1_4_315,1_315_24,0.17493728000000175,0.17493728000000175,36.43181039
day,2023-01-07,303,36.33956926,25,315,1282.39359165,base,1,4,1_4_315,1_315_25,-0.092241130000005,-0.092241130000005,36.33956926
day,2023-01-07,314,37.01092755,26,315,1336.49391968,base,1,4,1_4_315,1_315_26,0.6713582900000006,0.6713582900000006,37.01092755
day,2023-01-07,325,37.05584558,27,315,1387.23503065,base,1,4,1_4_315,1_315_27,0.04491803000000516,0.04491803000000516,37.05584558
day,2023-01-07,336,36.47197086,28,315,1439.59346859,base,1,4,1_4_315,1_315_28,-0.5838747200000043,-0.5838747200000043,36.47197086
day,2023-01-07,347,35.63919058,29,315,1491.95272129,base,1,4,1_4_315,1_315_29,-0.8327802800000015,-0.8327802800000015,35.63919058
day,2023-01-07,358,35.69337975,30,315,1544.3126586,base,1,4,1_4_315,1_315_30,0.054189170000000786,0.054189170000000786,35.69337975
day,2023-01-07,41,36.57443957,1,345,26.1500688971,base,1,4,1_4_345,1_345_1,1.7611845700000046,1.7611845700000046,36.57443957
day,2023-01-07,49,37.19686574,2,345,78.5070511329,base,1,4,1_4_345,1_345_2,0.6224261699999971,0.6224261699999971,37.19686574
day,2023-01-07,60,36.55581869,3,345,130.872835727,base,1,4,1_4_345,1_345_3,-0.6410470499999974,-0.6410470499999974,36.55581869
day,2023-01-07,71,35.9308276,4,345,183.24991072,base,1,4,1_4_345,1_345_4,-0.6249910900000017,-0.6249910900000017,35.9308276
day,2023-01-07,82,36.23555907,5,345,235.601945306,base,1,4,1_4_345,1_345_5,0.3047314700000001,0.3047314700000001,36.23555907
day,2023-01-07,93,35.94431905,6,345,287.968116355,base,1,4,1_4_345,1_345_6,-0.2912400200000036,-0.2912400200000036,35.94431905
day,2023-01-07,104,35.87968746,7,345,340.295141519,base,1,4,1_4_345,1_345_7,-0.06463158999999763,-0.06463158999999763,35.87968746
day,2023-01-07,115,35.52481886,8,345,392.709712269,base,1,4,1_4_345,1_345_8,-0.3548685999999961,-0.3548685999999961,35.52481886
day,2023-01-07,126,34.47039572,9,345,445.079436204,base,1,4,1_4_345,1_345_9,-1.0544231400000044,-1.0544231400000044,34.47039572
day,2023-01-07,137,34.05817229,10,345,497.390112246,base,1,4,1_4_345,1_345_10,-0.4122234299999974,-0.4122234299999974,34.05817229
day,2023-01-07,145,33.38950802,11,345,546.992209207,base,1,4,1_4_345,1_345_11,-0.6686642700000007,-0.6686642700000007,33.38950802
day,2023-01-07,159,33.37125037,12,345,601.582898436,base,1,4,1_4_345,1_345_12,-0.018257650000002457,-0.018257650000002457,33.37125037
day,2023-01-07,170,32.40884736,13,345,653.896039442,base,1,4,1_4_345,1_345_13,-0.9624030099999956,-0.9624030099999956,32.40884736
day,2023-01-07,181,33.030662,14,345,707.200965457,base,1,4,1_4_345,1_345_14,0.6218146399999966,0.6218146399999966,33.030662
day,2023-01-07,192,33.43966349,15,345,758.669844378,base,1,4,1_4_345,1_345_15,0.4090014900000014,0.4090014900000014,33.43966349
day,2023-01-07,203,33.67505546,16,345,810.993894777,base,1,4,1_4_345,1_345_16,0.235391970000002,0.235391970000002,33.67505546
day,2023-01-07,215,33.14087683,17,345,864.503329694,base,1,4,1_4_345,1_345_17,-0.5341786299999995,-0.5341786299999995,33.14087683
day,2023-01-07,225,32.47536693,18,345,915.786279166,base,1,4,1_4_345,1_345_18,-0.6655099000000035,-0.6655099000000035,32.47536693
day,2023-01-07,236,32.8020123,19,345,968.119276911,base,1,4,1_4_345,1_345_19,0.3266453700000014,0.3266453700000014,32.8020123
day,2023-01-07,247,33.15571219,20,345,1020.45253703,base,1,4,1_4_345,1_345_20,0.35369989000000146,0.35369989000000146,33.15571219
day,2023-01-07,257,33.34856602,21,345,1074.18632633,base,1,4,1_4_345,1_345_21,0.19285382999999712,0.19285382999999712,33.34856602
day,2023-01-07,269,33.81700374,22,345,1125.25634889,base,1,4,1_4_345,1_345_22,0.46843771999999717,0.46843771999999717,33.81700374
day,2023-01-07,280,34.71021206,23,345,1177.59668494,base,1,4,1_4_345,1_345_23,0.8932083200000065,0.8932083200000065,34.71021206
day,2023-01-07,291,34.47509734,24,345,1229.93735902,base,1,4,1_4_345,1_345_24,-0.23511472000000566,-0.23511472000000566,34.47509734
day,2023-01-27,40,33.40144586,1,15,26.1499340473,prediction,1,5,1_5_15,1_15_1,1.8537198600000018,1.810981340000005,36.62423634
day,2023-01-27,46,33.88980506,2,15,78.50635058,prediction,1,5,1_5_15,1_15_2,0.4883591999999979,0.08339781999999474,36.70763416
day,2023-01-27,59,32.99009837,3,15,130.871230267,prediction,1,5,1_5_15,1_15_3,-0.8997066900000021,-1.3082599399999992,35.39937422
day,2023-01-27,69,33.34870134,4,15,183.246919315,prediction,1,5,1_5_15,1_15_4,0.35860296999999974,0.31507284999999996,35.71444707
day,2023-01-27,81,33.45251301,5,15,235.597026849,prediction,1,5,1_5_15,1_15_5,0.10381166999999891,-0.07320682999999661,35.64124024
day,2023-01-27,92,32.9637599,6,15,287.960622974,prediction,1,5,1_5_15,1_15_6,-0.48875310999999755,-1.0625387100000054,34.57870153
day,2023-01-27,103,33.4391209,7,15,340.284751843,prediction,1,5,1_5_15,1_15_7,0.4753609999999995,0.1074443400000007,34.68614587
day,2023-01-27,114,33.63984381,8,15,392.695837136,prediction,1,5,1_5_15,1_15_8,0.2007229100000032,0.10975198000000574,34.79589785
day,2023-01-27,125,33.49857061,9,15,445.06189049,prediction,1,5,1_5_15,1_15_9,-0.14127320000000054,-0.1876747400000056,34.60822311
day,2023-01-27,136,34.26830353,10,15,497.368061999,prediction,1,5,1_5_15,1_15_10,0.7697329199999956,0.9280459500000049,35.53626906
day,2023-01-27,143,34.7787321,11,15,546.961835945,prediction,1,5,1_5_15,1_15_11,0.510428570000002,0.48520394999999894,36.02147301
day,2023-01-27,158,34.99055691,12,15,601.549994255,prediction,1,5,1_5_15,1_15_12,0.21182481000000308,-0.4579488199999986,35.56352419
day,2023-01-27,169,34.28975773,13,15,653.857246533,prediction,1,5,1_5_15,1_15_13,-0.7007991800000042,-1.1461188399999998,34.41740535
day,2023-01-27,180,33.68247969,14,15,707.152439805,prediction,1,5,1_5_15,1_15_14,-0.6072780399999971,0.08392148999999449,34.50132684
day,2023-01-27,190,33.29676888,15,15,758.617319606,prediction,1,5,1_5_15,1_15_15,-0.38571080999999907,-0.19548384999999513,34.30584299
day,2023-01-27,201,32.79733506,16,15,810.933963379,prediction,1,5,1_5_15,1_15_16,-0.49943382000000014,-0.8894973000000022,33.41634569
day,2023-01-27,213,33.20565068,17,15,864.438434635,prediction,1,5,1_5_15,1_15_17,0.4083156199999962,0.3618942200000035,33.77823991
day,2023-01-27,223,33.26743156,18,15,915.710469659,prediction,1,5,1_5_15,1_15_18,0.06178088000000059,0.16686677999999944,33.94510669
day,2023-01-27,234,33.18315342,19,15,968.034633446,prediction,1,5,1_5_15,1_15_19,-0.08427814000000211,-0.006513160000004348,33.93859353
day,2023-01-27,245,32.39343953,20,15,1020.3586323,prediction,1,5,1_5_15,1_15_20,-0.7897138899999945,-0.7534228299999981,33.1851707
day,2023-01-27,255,31.95133462,21,15,1074.08747563,prediction,1,5,1_5_15,1_15_21,-0.4421049100000012,-0.2487802799999983,32.93639042
day,2023-01-27,267,31.82856954,22,15,1125.14278858,prediction,1,5,1_5_15,1_15_22,-0.12276508000000064,-0.6402473500000028,32.29614307
day,2023-01-27,278,31.61744342,23,15,1177.47240482,prediction,1,5,1_5_15,1_15_23,-0.21112611999999942,-0.157586000000002,32.13855707
day,2023-01-27,35,32.6093929,1,45,26.1492919353,prediction,1,5,1_5_45,1_45_1,1.0616669000000023,0.9803153599999987,35.79357036
day,2023-01-27,45,33.43567792,2,45,78.5051404983,prediction,1,5,1_5_45,1_45_2,0.8262850200000003,0.3538057900000027,36.14737615
day,2023-01-27,57,32.83710209,3,45,130.869096061,prediction,1,5,1_5_45,1_45_3,-0.5985758300000015,-1.0138598599999966,35.13351629
day,2023-01-27,70,32.69652473,4,45,183.248158249,prediction,1,5,1_5_45,1_45_4,-0.14057736000000176,-0.16416946000000365,34.96934683
day,2023-01-27,79,33.21804259,5,45,235.589826951,prediction,1,5,1_5_45,1_45_5,0.521517860000003,0.6332087999999985,35.60255563
day,2023-01-27,91,33.29449043,6,45,287.957554831,prediction,1,5,1_5_45,1_45_6,0.07644784000000016,-0.36547171999999506,35.23708391
day,2023-01-27,102,33.5219344,7,45,340.276678648,prediction,1,5,1_5_45,1_45_7,0.22744396999999594,-0.16580181000000493,35.0712821
day,2023-01-27,111,33.85178202,8,45,392.681811001,prediction,1,5,1_5_45,1_45_8,0.32984762000000245,0.2080715600000005,35.27935366
day,2023-01-27,122,34.13164709,9,45,445.044364492,prediction,1,5,1_5_45,1_45_9,0.2798650699999996,0.0014820700000015563,35.28083573
day,2023-01-27,134,33.68452556,10,45,497.348890797,prediction,1,5,1_5_45,1_45_10,-0.447121530000004,-0.651550389999997,34.62928534
day,2023-01-27,146,34.19784849,11,45,546.992632234,prediction,1,5,1_5_45,1_45_11,0.5133229300000011,0.4046579099999974,35.03394325
day,2023-01-27,156,33.7991207,12,45,601.532445915,prediction,1,5,1_5_45,1_45_12,-0.39872778999999525,-0.48802360999999905,34.54591964
day,2023-01-27,167,33.82873052,13,45,653.835724378,prediction,1,5,1_5_45,1_45_13,0.029609819999997455,0.14644837000000166,34.69236801
day,2023-01-27,179,33.66132435,14,45,707.144348088,prediction,1,5,1_5_45,1_45_14,-0.16740616999999958,-0.05247104000000036,34.63989697
day,2023-01-27,189,33.02434717,15,45,758.58921792,prediction,1,5,1_5_45,1_45_15,-0.6369771800000024,-0.37854607000000584,34.2613509
day,2023-01-27,200,33.1771483,16,45,810.90091175,prediction,1,5,1_5_45,1_45_16,0.15280113000000028,0.6502611200000032,34.91161202
day,2023-01-27,208,32.96009091,17,45,864.159798579,prediction,1,5,1_5_45,1_45_17,-0.2170573900000008,0.03474149000000182,34.94635351
day,2023-01-27,221,32.79384986,18,45,915.637247911,prediction,1,5,1_5_45,1_45_18,-0.16624104999999645,-0.16683438999999822,34.77951912
day,2023-01-27,232,31.95227625,19,45,967.953625279,prediction,1,5,1_5_45,1_45_19,-0.8415736100000011,-1.0996649000000005,33.67985422
day,2023-01-27,243,31.83550614,20,45,1020.26945164,prediction,1,5,1_5_45,1_45_20,-0.11677011000000093,-0.04080248000000353,33.63905174
day,2023-01-27,254,31.24505203,21,45,1073.99224514,prediction,1,5,1_5_45,1_45_21,-0.5904541099999996,-0.5480864399999987,33.0909653
day,2023-01-27,266,31.58051926,22,45,1125.0365688,prediction,1,5,1_5_45,1_45_22,0.335467229999999,0.38817070999999714,33.47913601
day,2023-01-27,277,31.63088514,23,45,1177.35692372,prediction,1,5,1_5_45,1_45_23,0.050365880000001084,-0.15857134999999545,33.32056466
day,2023-01-27,288,31.3686278,24,45,1229.67680296,prediction,1,5,1_5_45,1_45_24,-0.26225734000000145,-0.08485318000000319,33.23571148
day,2023-01-27,298,31.46260484,25,45,1281.99601257,prediction,1,5,1_5_45,1_45_25,0.09397704000000218,0.4011923799999977,33.63690386
day,2023-01-27,309,31.00282229,26,45,1336.0622659,prediction,1,5,1_5_45,1_45_26,-0.4597825499999999,-0.4388008199999973,33.19810304
day,2023-01-27,320,31.30229371,27,45,1386.76970677,prediction,1,5,1_5_45,1_45_27,0.2994714199999997,0.23407676000000066,33.4321798
day,2023-01-27,331,31.23508677,28,45,1439.09234714,prediction,1,5,1_5_45,1_45_28,-0.06720694000000194,-0.5901371799999993,32.84204262
day,2023-01-27,342,31.37532543,29,45,1491.41441585,prediction,1,5,1_5_45,1_45_29,0.1402386600000014,-0.014845749999999214,32.82719687
day,2023-01-27,353,31.51214484,30,45,1543.73587725,prediction,1,5,1_5_45,1_45_30,0.13681941000000108,0.3308144800000008,33.15801135
day,2023-01-27,33,32.26895755,1,75,26.148976916,prediction,1,5,1_5_75,1_75_1,0.7212315500000024,0.5640270600000008,35.37728206
day,2023-01-27,51,32.40044664,2,75,78.507621266,prediction,1,5,1_5_75,1_75_2,0.1314890899999952,-0.16286069999999597,35.21442136
day,2023-01-27,56,32.18559178,3,75,130.868089502,prediction,1,5,1_5_75,1_75_3,-0.21485485999999554,-0.5703680599999998,34.6440533
day,2023-01-27,67,33.08195335,4,75,183.244421032,prediction,1,5,1_5_75,1_75_4,0.8963615699999963,1.051853819999998,35.69590712
day,2023-01-27,77,33.14425022,5,75,235.586681799,prediction,1,5,1_5_75,1_75_5,0.06229687000000439,0.1474523199999993,35.84335944
day,2023-01-27,89,32.73868127,6,75,287.954487322,prediction,1,5,1_5_75,1_75_6,-0.4055689500000028,-0.8597676099999987,34.98359183
day,2023-01-27,99,32.28335214,7,75,340.271549334,prediction,1,5,1_5_75,1_75_7,-0.45532913000000264,-0.8960132700000045,34.08757856
day,2023-01-27,109,33.08734085,8,75,392.674128151,prediction,1,5,1_5_75,1_75_8,0.8039887099999987,0.8961111200000005,34.98368968
day,2023-01-27,121,33.12442491,9,75,445.040277329,prediction,1,5,1_5_75,1_75_9,0.03708406000000508,-0.012676629999994304,34.97101305
day,2023-01-27,132,32.99487657,10,75,497.338930083,prediction,1,5,1_5_75,1_75_10,-0.12954833999999948,0.030416489999993246,35.00142954
day,2023-01-27,147,32.96390692,11,75,547.000708722,prediction,1,5,1_5_75,1_75_11,-0.030969650000002957,0.09736411000000089,35.09879365
day,2023-01-27,154,32.42713134,12,75,601.521631113,prediction,1,5,1_5_75,1_75_12,-0.5367755799999969,-0.628661859999994,34.47013179
day,2023-01-27,165,32.11143665,13,75,653.822554947,prediction,1,5,1_5_75,1_75_13,-0.31569469000000083,-0.2668716100000026,34.20326018
day,2023-01-27,175,32.03746745,14,75,706.911391158,prediction,1,5,1_5_75,1_75_14,-0.07396920000000051,-0.11246973000000082,34.09079045
day,2023-01-27,186,31.70372742,15,75,758.538606215,prediction,1,5,1_5_75,1_75_15,-0.3337400300000013,-0.07631752999999719,34.01447292
day,2023-01-27,197,31.60801393,16,75,810.845114994,prediction,1,5,1_5_75,1_75_16,-0.0957134900000014,0.43355574999999646,34.44802867
day,2023-01-27,216,31.49154049,17,75,864.537255183,prediction,1,5,1_5_75,1_75_17,-0.11647344000000004,0.1773452099999986,34.62537388
day,2023-01-27,220,30.37314389,18,75,915.623591996,prediction,1,5,1_5_75,1_75_18,-1.118396599999997,-1.2661397999999977,33.35923408
day,2023-01-27,231,29.06131842,19,75,967.937262268,prediction,1,5,1_5_75,1_75_19,-1.3118254700000023,-1.251157339999999,32.10807674
day,2023-01-27,242,29.00085342,20,75,1020.25015995,prediction,1,5,1_5_75,1_75_20,-0.06046500000000066,0.664074829999997,32.77215157
day,2023-01-27,253,28.8601262,21,75,1073.84509471,prediction,1,5,1_5_75,1_75_21,-0.1407272199999987,0.3059667899999994,33.07811836
day,2023-01-27,263,28.57971029,22,75,1124.99866854,prediction,1,5,1_5_75,1_75_22,-0.28041590999999855,-0.5864795600000008,32.4916388
day,2023-01-27,274,28.12475701,23,75,1177.3150084,prediction,1,5,1_5_75,1_75_23,-0.45495328000000157,-0.6936473899999953,31.79799141
day,2023-01-27,285,27.94017952,24,75,1229.63061299,prediction,1,5,1_5_75,1_75_24,-0.1845774899999988,-0.12390879000000155,31.67408262
day,2023-01-27,296,28.21209917,25,75,1281.94545509,prediction,1,5,1_5_75,1_75_25,0.2719196499999974,0.10142877999999911,31.7755114
day,2023-01-27,307,28.1127945,26,75,1335.94686661,prediction,1,5,1_5_75,1_75_26,-0.09930466999999865,-0.7680648999999988,31.0074465
day,2023-01-27,318,28.45264739,27,75,1386.70513346,prediction,1,5,1_5_75,1_75_27,0.3398528899999995,0.07814823000000004,31.08559473
day,2023-01-27,329,28.38945513,28,75,1439.02265301,prediction,1,5,1_5_75,1_75_28,-0.06319225999999745,-0.32912900999999906,30.75646572
day,2023-01-27,340,29.472783,29,75,1491.33954379,prediction,1,5,1_5_75,1_75_29,1.083327869999998,0.6533703099999997,31.40983603
day,2023-01-27,351,27.53363383,30,75,1543.65559389,prediction,1,5,1_5_75,1_75_30,-1.9391491700000003,-2.4468130300000013,28.963023
day,2023-01-27,34,32.40526943,1,105,26.1489802967,prediction,1,5,1_5_105,1_105_1,0.8575434299999962,0.7302314599999988,35.54348646
day,2023-01-27,44,32.55283872,2,105,78.5047576509,prediction,1,5,1_5_105,1_105_2,0.14756928999999985,-0.1331483399999982,35.41033812
day,2023-01-27,58,31.95384463,3,105,130.870643632,prediction,1,5,1_5_105,1_105_3,-0.5989940899999979,-0.8578564899999961,34.55248163
day,2023-01-27,66,32.22307836,4,105,183.242955556,prediction,1,5,1_5_105,1_105_4,0.2692337300000034,0.4311245299999982,34.98360616
day,2023-01-27,78,32.45045551,5,105,235.588284549,prediction,1,5,1_5_105,1_105_5,0.22737714999999525,0.38055278999999587,35.36415895
day,2023-01-27,87,33.1754081,6,105,287.952342449,prediction,1,5,1_5_105,1_105_6,0.7249525900000009,0.7278843100000003,36.09204326
day,2023-01-27,98,32.42681883,7,105,340.2706357,prediction,1,5,1_5_105,1_105_7,-0.7485892699999965,-1.155859189999994,34.93618407
day,2023-01-27,110,31.83877119,8,105,392.677146954,prediction,1,5,1_5_105,1_105_8,-0.5880476400000028,-0.7189413299999998,34.21724274
day,2023-01-27,120,32.37383499,9,105,445.034567252,prediction,1,5,1_5_105,1_105_9,0.5350637999999996,0.764347469999997,34.98159021
day,2023-01-27,131,31.78359615,10,105,497.337391364,prediction,1,5,1_5_105,1_105_10,-0.5902388399999978,-0.3086964000000023,34.67289381
day,2023-01-27,148,31.87306777,11,105,547.00681307,prediction,1,5,1_5_105,1_105_11,0.08947161999999764,0.17443370000000158,34.84732751
day,2023-01-27,153,30.90699268,12,105,601.521158094,prediction,1,5,1_5_105,1_105_12,-0.9660750900000004,-1.0322906500000002,33.81503686
day,2023-01-27,164,30.56735388,13,105,653.821981781,prediction,1,5,1_5_105,1_105_13,-0.33963879999999946,-0.2712107400000008,33.54382612
day,2023-01-27,178,30.02855275,14,105,707.099592883,prediction,1,5,1_5_105,1_105_14,-0.5388011299999995,-0.5762079699999987,32.96761815
day,2023-01-27,188,30.008905,15,105,758.56574345,prediction,1,5,1_5_105,1_105_15,-0.01964775000000074,0.011037229999999454,32.97865538
day,2023-01-27,198,29.434596,16,105,810.874048291,prediction,1,5,1_5_105,1_105_16,-0.5743089999999995,-0.3424076199999959,32.63624776
day,2023-01-27,207,30.27518467,17,105,864.082555014,prediction,1,5,1_5_105,1_105_17,0.8405886700000025,1.156960649999995,33.79320841
day,2023-01-27,219,30.14244426,18,105,915.597310755,prediction,1,5,1_5_105,1_105_18,-0.13274041000000025,0.11945067999999992,33.91265909
day,2023-01-27,229,30.07566653,19,105,967.909398761,prediction,1,5,1_5_105,1_105_19,-0.06677773000000187,0.1020138700000004,34.01467296
day,2023-01-27,240,30.04032741,20,105,1020.22073198,prediction,1,5,1_5_105,1_105_20,-0.035339119999999724,0.02654048000000131,34.04121344
day,2023-01-27,256,30.15723801,21,105,1074.11172432,prediction,1,5,1_5_105,1_105_21,0.11691060000000064,0.04221108000000129,34.08342452
day,2023-01-27,262,30.26660763,22,105,1124.99505457,prediction,1,5,1_5_105,1_105_22,0.10936961999999895,0.07399321999999842,34.15741774
day,2023-01-27,273,30.22226908,23,105,1177.31112423,prediction,1,5,1_5_105,1_105_23,-0.04433854999999909,-0.01928268999999716,34.13813505
day,2023-01-27,284,29.96958897,24,105,1229.62646731,prediction,1,5,1_5_105,1_105_24,-0.25268011,-0.06605032000000222,34.07208473
day,2023-01-27,295,29.33463697,25,105,1281.94101005,prediction,1,5,1_5_105,1_105_25,-0.634952000000002,-0.8057599999999994,33.26632473
day,2023-01-27,306,30.40367357,26,105,1335.94636579,prediction,1,5,1_5_105,1_105_26,1.0690366000000004,0.9260903200000001,34.19241505
day,2023-01-27,317,30.79582523,27,105,1386.70041475,prediction,1,5,1_5_105,1_105_27,0.3921516599999997,0.44912100999999893,34.64153606
day,2023-01-27,328,31.08118649,28,105,1439.01773273,prediction,1,5,1_5_105,1_105_28,0.28536126000000195,0.40164911000000103,35.04318517
day,2023-01-27,339,31.52028938,29,105,1491.33427335,prediction,1,5,1_5_105,1_105_29,0.4391028900000009,0.2794751799999986,35.32266035
day,2023-01-27,37,32.27031637,1,135,26.149317842,prediction,1,5,1_5_135,1_135_1,0.7225903700000025,0.635875850000005,35.44913085
day,2023-01-27,50,32.68453602,2,135,78.5072596515,prediction,1,5,1_5_135,1_135_2,0.4142196499999997,0.29320539999999795,35.74233625
day,2023-01-27,55,32.4315208,3,135,130.866816893,prediction,1,5,1_5_135,1_135_3,-0.25301522000000176,-0.303344629999998,35.43899162
day,2023-01-27,68,32.33649927,4,135,183.246181946,prediction,1,5,1_5_135,1_135_4,-0.0950215300000039,-0.03409729000000539,35.40489433
day,2023-01-27,80,32.38823556,5,135,235.591466007,prediction,1,5,1_5_135,1_135_5,0.051736290000000906,0.03437848000000088,35.43927281
day,2023-01-27,90,32.05229487,6,135,287.954804033,prediction,1,5,1_5_135,1_135_6,-0.33594069000000104,-0.3906433000000007,35.04862951
day,2023-01-27,100,31.36602988,7,135,340.275296586,prediction,1,5,1_5_135,1_135_7,-0.686264989999998,-0.6781065799999979,34.37052293
day,2023-01-27,112,31.68334156,8,135,392.683283752,prediction,1,5,1_5_135,1_135_8,0.31731167999999954,0.5001717199999973,34.87069465
day,2023-01-27,123,31.50187794,9,135,445.047630348,prediction,1,5,1_5_135,1_135_9,-0.18146361999999883,0.06347240000000198,34.93416705
day,2023-01-27,133,31.32223616,10,135,497.348469066,prediction,1,5,1_5_135,1_135_10,-0.17964178000000075,-0.14322488999999905,34.79094216
day,2023-01-27,144,30.43105368,11,135,546.989476845,prediction,1,5,1_5_135,1_135_11,-0.8911824799999977,-1.17427962,33.61666254
day,2023-01-27,155,29.64745751,12,135,601.531126669,prediction,1,5,1_5_135,1_135_12,-0.7835961700000027,-0.8328789299999997,32.78378361
day,2023-01-27,166,30.35706377,13,135,653.834129524,prediction,1,5,1_5_135,1_135_13,0.709606260000001,1.2243934799999963,34.00817709
day,2023-01-27,176,30.03299142,14,135,706.99344984,prediction,1,5,1_5_135,1_135_14,-0.32407235000000156,-0.07872078999999843,33.9294563
day,2023-01-27,187,29.8972225,15,135,758.56495277,prediction,1,5,1_5_135,1_135_15,-0.13576891999999674,-0.08783984000000089,33.84161646
day,2023-01-27,199,29.78866916,16,135,810.874751296,prediction,1,5,1_5_135,1_135_16,-0.10855334000000028,0.0038034800000019686,33.84541994
day,2023-01-27,214,29.96174819,17,135,864.502557439,prediction,1,5,1_5_135,1_135_17,0.17307903000000024,0.33233199000000013,34.17775193
day,2023-01-27,222,29.98361702,18,135,915.652165759,prediction,1,5,1_5_135,1_135_18,0.02186882999999895,0.09787619000000092,34.27562812
day,2023-01-27,233,29.88761107,19,135,967.96920464,prediction,1,5,1_5_135,1_135_19,-0.09600595000000212,-0.2285711099999972,34.04705701
day,2023-01-27,244,30.1324464,20,135,1020.28562,prediction,1,5,1_5_135,1_135_20,0.2448353300000008,0.13198203999999691,34.17903905
day,2023-01-27,252,30.22940979,21,135,1073.76805203,prediction,1,5,1_5_135,1_135_21,0.0969633899999991,-0.03143136999999996,34.14760768
day,2023-01-27,265,30.53269846,22,135,1125.03033604,prediction,1,5,1_5_135,1_135_22,0.3032886700000006,0.14842493999999817,34.29603262
day,2023-01-27,276,30.94673059,23,135,1177.35018859,prediction,1,5,1_5_135,1_135_23,0.4140321300000025,0.345865400000001,34.64189802
day,2023-01-27,286,31.04631933,24,135,1229.6694143,prediction,1,5,1_5_135,1_135_24,0.09958873999999796,-0.059002380000002574,34.58289564
day,2023-01-27,297,31.49258393,25,135,1281.98801862,prediction,1,5,1_5_135,1_135_25,0.44626459999999923,0.16341744000000347,34.74631308
day,2023-01-27,308,31.43678774,26,135,1336.053695,prediction,1,5,1_5_135,1_135_26,-0.0557961899999988,-0.16425316000000123,34.58205992
day,2023-01-27,319,31.6095746,27,135,1386.76048224,prediction,1,5,1_5_135,1_135_27,0.17278685999999865,0.2814787900000013,34.86353871
day,2023-01-27,330,31.84624394,28,135,1439.08243693,prediction,1,5,1_5_135,1_135_28,0.2366693400000024,0.31269095999999763,35.17622967
day,2023-01-27,341,32.18618913,29,135,1491.40380652,prediction,1,5,1_5_135,1_135_29,0.3399451900000017,0.45590788999999887,35.63213756
day,2023-01-27,352,31.88469295,30,135,1543.72456742,prediction,1,5,1_5_135,1_135_30,-0.3014961800000009,-0.3212448699999939,35.31089269
day,2023-01-27,1,32.90652206,1,165,26.1588683337,prediction,1,5,1_5_165,1_165_1,1.3587960599999995,1.369037089999999,36.18229209
day,2023-01-27,2,32.51899585,2,165,78.5320887888,prediction,1,5,1_5_165,1_165_2,-0.3875262099999972,-0.43583057000000025,35.74646152
day,2023-01-27,3,32.6985442,3,165,130.916650141,prediction,1,5,1_5_165,1_165_3,0.17954834999999747,-0.07392729999999403,35.67253422
day,2023-01-27,4,32.67958139,4,165,183.310421724,prediction,1,5,1_5_165,1_165_4,-0.018962809999997887,0.05483876999999637,35.72737299
day,2023-01-27,5,32.74481904,5,165,235.675126489,prediction,1,5,1_5_165,1_165_5,0.06523765000000026,0.009118409999999244,35.7364914
day,2023-01-27,6,32.22997027,6,165,288.059716914,prediction,1,5,1_5_165,1_165_6,-0.5148487700000004,-0.6911961799999986,35.04529522
day,2023-01-27,7,33.23949047,7,165,340.40027276,prediction,1,5,1_5_165,1_165_7,1.0095201999999972,1.084708929999998,36.13000415
day,2023-01-27,8,33.99808365,8,165,392.825928488,prediction,1,5,1_5_165,1_165_8,0.7585931799999983,0.742452870000001,36.87245702
day,2023-01-27,9,30.67414006,9,165,445.20954897,prediction,1,5,1_5_165,1_165_9,-3.323943589999999,-3.932607570000002,32.93984945
day,2023-01-27,10,31.566086,10,165,497.534870608,prediction,1,5,1_5_165,1_165_10,0.8919459399999994,1.9482557500000013,34.8881052
day,2023-01-27,11,32.24327388,11,165,547.152727294,prediction,1,5,1_5_165,1_165_11,0.6771878799999982,0.8780108200000001,35.76611602
day,2023-01-27,12,27.99104416,12,165,601.752722326,prediction,1,5,1_5_165,1_165_12,-4.252229719999995,-4.924564259999997,30.84155176
day,2023-01-27,13,24.57502525,13,165,654.077375696,prediction,1,5,1_5_165,1_165_13,-3.416018910000002,-4.407940830000001,26.43361093
day,2023-01-27,14,24.51388767,14,165,707.437718627,prediction,1,5,1_5_165,1_165_14,-0.06113758000000047,-0.36849836000000025,26.06511257
day,2023-01-27,15,23.82976924,15,165,758.879133405,prediction,1,5,1_5_165,1_165_15,-0.6841184299999981,-1.213546130000001,24.85156644
day,2023-01-27,16,23.48631815,16,165,811.213544416,prediction,1,5,1_5_165,1_165_16,-0.34345109000000207,-0.2926265199999989,24.55893992
day,2023-01-27,217,23.341245,17,165,864.593146426,prediction,1,5,1_5_165,1_165_17,-0.1450731499999982,0.15233295999999896,24.71127288
day,2023-01-27,18,23.06802787,18,165,916.008171598,prediction,1,5,1_5_165,1_165_18,-0.27321712999999903,-0.4201615200000006,24.29111136
day,2023-01-27,19,23.25699023,19,165,968.348947967,prediction,1,5,1_5_165,1_165_19,0.1889623599999979,0.23324454000000117,24.5243559
day,2023-01-27,20,23.83130871,20,165,1020.68951414,prediction,1,5,1_5_165,1_165_20,0.5743184799999987,0.7407511299999996,25.26510703
day,2023-01-27,21,25.52361252,21,165,1074.54249828,prediction,1,5,1_5_165,1_165_21,1.692303810000002,2.532193509999999,27.79730054
day,2023-01-27,22,28.33130066,22,165,1125.51728983,prediction,1,5,1_5_165,1_165_22,2.8076881399999998,5.600163750000004,33.39746429
day,2023-01-27,23,29.10609434,23,165,1177.86387697,prediction,1,5,1_5_165,1_165_23,0.7747936799999984,1.5734407399999952,34.97090503
day,2023-01-27,24,29.52141873,24,165,1230.21017942,prediction,1,5,1_5_165,1_165_24,0.4153243900000021,0.048605780000002596,35.01951081
day,2023-01-27,32,32.32022506,1,195,26.1484865544,prediction,1,5,1_5_195,1_195_1,0.7724990599999977,0.7747576300000034,35.58801263
day,2023-01-27,43,32.86603894,2,195,78.5016954405,prediction,1,5,1_5_195,1_195_2,0.5458138800000043,0.44124150999999756,36.02925414
day,2023-01-27,54,32.26933925,3,195,130.865764168,prediction,1,5,1_5_195,1_195_3,-0.5966996900000012,-1.098421209999998,34.93083293
day,2023-01-27,65,32.99490495,4,195,183.241181439,prediction,1,5,1_5_195,1_195_4,0.7255656999999971,0.848812719999998,35.77964565
day,2023-01-27,76,32.68521635,5,195,235.586306566,prediction,1,5,1_5_195,1_195_5,-0.3096886000000012,-0.40651470000000245,35.37313095
day,2023-01-27,88,33.6449733,6,195,287.953574821,prediction,1,5,1_5_195,1_195_6,0.9597569499999992,1.0676655200000056,36.44079647
day,2023-01-27,101,33.94495211,7,195,340.276063867,prediction,1,5,1_5_195,1_195_7,0.29997881000000604,0.14356946999999565,36.58436594
day,2023-01-27,113,33.73944505,8,195,392.683423375,prediction,1,5,1_5_195,1_195_8,-0.20550706000000218,-0.17887707999999947,36.40548886
day,2023-01-27,124,33.96441884,9,195,445.05299325,prediction,1,5,1_5_195,1_195_9,0.22497378999999995,0.3020263300000039,36.70751519
day,2023-01-27,135,33.31610227,10,195,497.360915159,prediction,1,5,1_5_195,1_195_10,-0.6483165699999986,-0.6493633400000007,36.05815185
day,2023-01-27,142,33.52541881,11,195,546.956662613,prediction,1,5,1_5_195,1_195_11,0.2093165399999961,0.24849573999999564,36.30664759
day,2023-01-27,157,32.22277564,12,195,601.546952442,prediction,1,5,1_5_195,1_195_12,-1.302643169999996,-1.0858516300000005,35.22079596
day,2023-01-27,168,31.66703977,13,195,653.857004574,prediction,1,5,1_5_195,1_195_13,-0.555735870000003,0.3772303100000016,35.59802627
day,2023-01-27,182,29.76863027,14,195,707.223320408,prediction,1,5,1_5_195,1_195_14,-1.8984094999999996,-2.4084808399999957,33.18954543
day,2023-01-27,191,25.21742336,15,195,758.634128682,prediction,1,5,1_5_195,1_195_15,-4.551206909999998,-6.774079230000002,26.4154662
day,2023-01-27,202,24.15186236,16,195,810.955736004,prediction,1,5,1_5_195,1_195_16,-1.0655610000000024,-1.407516730000001,25.00794947
day,2023-01-27,209,22.47942991,17,195,864.320131185,prediction,1,5,1_5_195,1_195_17,-1.6724324499999987,-2.63470113,22.37324834
day,2023-01-27,224,22.05989639,18,195,915.725934618,prediction,1,5,1_5_195,1_195_18,-0.41953352000000166,-0.6600443600000006,21.71320398
day,2023-01-27,235,22.04160332,19,195,968.055546242,prediction,1,5,1_5_195,1_195_19,-0.01829306999999858,-0.1873788300000001,21.52582515
day,2023-01-27,246,22.23428119,20,195,1020.38537183,prediction,1,5,1_5_195,1_195_20,0.1926778700000007,0.04776998999999904,21.57359514
day,2023-01-27,258,23.00809737,21,195,1074.19059563,prediction,1,5,1_5_195,1_195_21,0.7738161800000007,0.4370782800000015,22.01067342
day,2023-01-27,268,26.97900398,22,195,1125.18958872,prediction,1,5,1_5_195,1_195_22,3.97090661,4.170332370000001,26.18100579
day,2023-01-27,279,32.74314118,23,195,1177.52690799,prediction,1,5,1_5_195,1_195_23,5.7641372,7.1393959099999975,33.3204017
day,2023-01-27,31,32.20223251,1,225,26.1421622904,prediction,1,5,1_5_225,1_225_1,0.6545065100000009,0.68422056,35.49747556
day,2023-01-27,42,32.82635298,2,225,78.4865939041,prediction,1,5,1_5_225,1_225_2,0.6241204700000011,0.453913110000002,35.95138867
day,2023-01-27,53,31.14330482,3,225,130.83419649,prediction,1,5,1_5_225,1_225_3,-1.683048160000002,-2.11029422,33.84109445
day,2023-01-27,64,33.31764449,4,225,183.202760398,prediction,1,5,1_5_225,1_225_4,2.1743396699999984,2.375873900000002,36.21696835
day,2023-01-27,75,33.38205827,5,225,235.5378245,prediction,1,5,1_5_225,1_225_5,0.06441378000000242,-0.03655626999999839,36.18041208
day,2023-01-27,86,33.10861712,6,225,287.893716757,prediction,1,5,1_5_225,1_225_6,-0.2734411500000036,-0.4642124900000013,35.71619959
day,2023-01-27,97,34.07672416,7,225,340.206774681,prediction,1,5,1_5_225,1_225_7,0.9681070399999996,1.2171751799999981,36.93337477
day,2023-01-27,108,34.37697988,8,225,392.609087709,prediction,1,5,1_5_225,1_225_8,0.30025572000000267,0.4828071900000026,37.41618196
day,2023-01-27,119,34.75385984,9,225,444.967545613,prediction,1,5,1_5_225,1_225_9,0.37687995999999657,0.47087157999999363,37.88705354
day,2023-01-27,130,34.41407015,10,225,497.266228693,prediction,1,5,1_5_225,1_225_10,-0.33978968999999637,-0.3712660899999989,37.51578745
day,2023-01-27,141,34.58320542,11,225,546.903162294,prediction,1,5,1_5_225,1_225_11,0.16913526999999817,0.16130237000000136,37.67708982
day,2023-01-27,152,34.78855247,12,225,601.445836677,prediction,1,5,1_5_225,1_225_12,0.2053470500000003,0.06683428000000191,37.7439241
day,2023-01-27,163,34.92866791,13,225,653.749348408,prediction,1,5,1_5_225,1_225_13,0.14011544000000242,0.42696509999999677,38.1708892
day,2023-01-27,174,35.40596213,14,225,706.908204273,prediction,1,5,1_5_225,1_225_14,0.47729421999999744,0.8044403000000031,38.9753295
day,2023-01-27,185,35.14163027,15,225,758.484798074,prediction,1,5,1_5_225,1_225_15,-0.26433185999999864,-0.29641793000000405,38.67891157
day,2023-01-27,196,33.28504014,16,225,810.798966762,prediction,1,5,1_5_225,1_225_16,-1.8565901300000007,-2.2425995499999942,36.43631202
day,2023-01-27,212,33.0442644,17,225,864.434341191,prediction,1,5,1_5_225,1_225_17,-0.24077573999999657,-0.5421672200000032,35.8941448
day,2023-01-27,218,32.97553699,18,225,915.58915721,prediction,1,5,1_5_225,1_225_18,-0.06872741000000104,0.05512494999999973,35.94926975
day,2023-01-27,230,34.539683,19,225,967.914389442,prediction,1,5,1_5_225,1_225_19,1.5641460099999946,2.1342132199999995,38.08348297
day,2023-01-27,241,34.36685079,20,225,1020.24029023,prediction,1,5,1_5_225,1_225_20,-0.1728322099999957,-0.11451412999999633,37.96896884
day,2023-01-27,251,33.70722248,21,225,1073.74745918,prediction,1,5,1_5_225,1_225_21,-0.6596283100000022,-0.7330789200000041,37.23588992
day,2023-01-27,264,33.86839537,22,225,1125.00912546,prediction,1,5,1_5_225,1_225_22,0.16117289000000312,0.1443895300000051,37.38027945
day,2023-01-27,275,34.36324599,23,225,1177.34236285,prediction,1,5,1_5_225,1_225_23,0.49485062000000113,0.9086629099999968,38.28894236
day,2023-01-27,287,34.18812976,24,225,1229.6762407,prediction,1,5,1_5_225,1_225_24,-0.17511623000000043,-0.04011917999999781,38.24882318
day,2023-01-27,299,33.10141507,25,225,1282.0107427,prediction,1,5,1_5_225,1_225_25,-1.0867146900000009,-1.2114641699999993,37.03735901
day,2023-01-27,310,32.81069426,26,225,1336.09378827,prediction,1,5,1_5_225,1_225_26,-0.2907208100000034,-0.3992804100000029,36.6380786
day,2023-01-27,321,32.46249797,27,225,1386.81886773,prediction,1,5,1_5_225,1_225_27,-0.3481962899999971,-0.7081112999999988,35.9299673
day,2023-01-27,332,32.37711571,28,225,1439.16057605,prediction,1,5,1_5_225,1_225_28,-0.08538226000000293,-0.2247287,35.7052386
day,2023-01-27,343,33.09379896,29,225,1491.5029301,prediction,1,5,1_5_225,1_225_29,0.7166832500000027,0.7737545700000013,36.47899317
day,2023-01-27,354,33.55913656,30,225,1543.84595568,prediction,1,5,1_5_225,1_225_30,0.465337599999998,0.5473202099999952,37.02631338
day,2023-01-27,36,32.89187429,1,255,26.1493125373,prediction,1,5,1_5_255,1_255_1,1.3441482899999961,1.3678113200000013,36.18106632
day,2023-01-27,48,33.07621733,2,255,78.5069401867,prediction,1,5,1_5_255,1_255_2,0.18434304000000168,0.13558537000000115,36.31665169
day,2023-01-27,63,32.89660665,3,255,130.87662654,prediction,1,5,1_5_255,1_255_3,-0.17961067999999614,-0.18123523999999946,36.13541645
day,2023-01-27,72,33.74331463,4,255,183.253658741,prediction,1,5,1_5_255,1_255_4,0.8467079799999979,0.8651799499999981,37.0005964
day,2023-01-27,85,33.98546241,5,255,235.606875989,prediction,1,5,1_5_255,1_255_5,0.24214777999999626,-0.18210369999999898,36.8184927
day,2023-01-27,95,32.792568,6,255,287.979473221,prediction,1,5,1_5_255,1_255_6,-1.1928944099999939,-1.8163190100000008,35.00217369
day,2023-01-27,106,34.47419515,7,255,340.308783293,prediction,1,5,1_5_255,1_255_7,1.681627149999997,1.972683350000004,36.97485704
day,2023-01-27,118,34.45271287,8,255,392.727876477,prediction,1,5,1_5_255,1_255_8,-0.021482280000000742,0.07023008999999547,37.04508713
day,2023-01-27,128,34.46605132,9,255,445.100751387,prediction,1,5,1_5_255,1_255_9,0.013338449999999114,0.019147629999999083,37.06423476
day,2023-01-27,139,34.16381301,10,255,497.419046738,prediction,1,5,1_5_255,1_255_10,-0.3022383099999999,-0.3175387799999996,36.74669598
day,2023-01-27,151,34.73235791,11,255,547.10469891,prediction,1,5,1_5_255,1_255_11,0.5685448999999991,0.6786545599999982,37.42535054
day,2023-01-27,161,34.44712771,12,255,601.640315573,prediction,1,5,1_5_255,1_255_12,-0.2852302000000009,-0.37026688999999635,37.05508365
day,2023-01-27,172,34.14201592,13,255,653.962746366,prediction,1,5,1_5_255,1_255_13,-0.305111789999998,-0.28028448999999966,36.77479916
day,2023-01-27,184,35.11304474,14,255,707.267285282,prediction,1,5,1_5_255,1_255_14,0.9710288200000008,1.2507809800000018,38.02558014
day,2023-01-27,195,33.84959045,15,255,758.755698383,prediction,1,5,1_5_255,1_255_15,-1.2634542899999985,-1.529854990000004,36.49572515
day,2023-01-27,206,34.21081862,16,255,811.091073808,prediction,1,5,1_5_255,1_255_16,0.36122816999999685,0.1686861499999992,36.6644113
day,2023-01-27,210,34.31156748,17,255,864.328430686,prediction,1,5,1_5_255,1_255_17,0.10074886000000305,0.03728425999999985,36.70169556
day,2023-01-27,227,34.74646797,18,255,915.873920636,prediction,1,5,1_5_255,1_255_18,0.43490048999999686,0.6213845100000057,37.32308007
day,2023-01-27,238,35.55223756,19,255,968.218473936,prediction,1,5,1_5_255,1_255_19,0.8057695900000041,1.1648345099999986,38.48791458
day,2023-01-27,249,34.95546523,20,255,1020.56405306,prediction,1,5,1_5_255,1_255_20,-0.5967723300000003,-0.7497733400000044,37.73814124
day,2023-01-27,261,34.83366285,21,255,1074.50378336,prediction,1,5,1_5_255,1_255_21,-0.12180237999999832,-0.36847694000000075,37.3696643
day,2023-01-27,271,35.14136731,22,255,1125.41362315,prediction,1,5,1_5_255,1_255_22,0.3077044599999965,0.2961841200000066,37.66584842
day,2023-01-27,282,35.15432419,23,255,1177.76947909,prediction,1,5,1_5_255,1_255_23,0.012956879999997284,0.10360859000000033,37.76945701
day,2023-01-27,293,35.62901852,24,255,1230.12637227,prediction,1,5,1_5_255,1_255_24,0.4746943300000055,0.6820127599999992,38.45146977
day,2023-01-27,304,35.77645426,25,255,1282.48427264,prediction,1,5,1_5_255,1_255_25,0.14743573999999882,0.18763537999999613,38.63910515
day,2023-01-27,315,35.48615193,26,255,1336.53171427,prediction,1,5,1_5_255,1_255_26,-0.29030233000000294,-0.48078955999999806,38.15831559
day,2023-01-27,326,36.20174212,27,255,1387.33562104,prediction,1,5,1_5_255,1_255_27,0.7155901900000003,0.3243877000000026,38.48270329
day,2023-01-27,337,34.90076107,28,255,1439.70166378,prediction,1,5,1_5_255,1_255_28,-1.3009810499999972,-1.6586271800000034,36.82407611
day,2023-01-27,348,35.58290632,29,255,1492.06879036,prediction,1,5,1_5_255,1_255_29,0.6821452499999978,1.412843610000003,38.23691972
day,2023-01-27,360,35.95474437,30,255,1544.43689287,prediction,1,5,1_5_255,1_255_30,0.3718380500000009,1.065538999999994,39.30245872
day,2023-01-27,38,32.96224419,1,285,26.149320641,prediction,1,5,1_5_285,1_285_1,1.414518189999999,1.422988360000005,36.23624336
day,2023-01-27,52,33.44237467,2,285,78.5097908779,prediction,1,5,1_5_285,1_285_2,0.4801304799999997,0.3935732599999966,36.62981662
day,2023-01-27,62,33.06565477,3,285,130.87356057,prediction,1,5,1_5_285,1_285_3,-0.37671989999999766,-0.5204064099999997,36.10941021
day,2023-01-27,73,33.78925181,4,285,183.255763257,prediction,1,5,1_5_285,1_285_4,0.7235970400000014,0.6354852600000029,36.74489547
day,2023-01-27,84,34.40580097,5,285,235.605230044,prediction,1,5,1_5_285,1_285_5,0.6165491599999982,0.3631089799999998,37.10800445
day,2023-01-27,96,32.57767737,6,285,287.981779618,prediction,1,5,1_5_285,1_285_6,-1.8281235999999979,-2.665976360000002,34.44202809
day,2023-01-27,107,32.37760277,7,285,340.309803081,prediction,1,5,1_5_285,1_285_7,-0.20007460000000066,-0.13566331999999903,34.30636477
day,2023-01-27,117,33.89081109,8,285,392.725912691,prediction,1,5,1_5_285,1_285_8,1.5132083199999968,2.07978155,36.38614632
day,2023-01-27,129,33.85957994,9,285,445.105153265,prediction,1,5,1_5_285,1_285_9,-0.031231149999996433,-0.0864067999999989,36.29973952
day,2023-01-27,140,34.46869305,10,285,497.420665061,prediction,1,5,1_5_285,1_285_10,0.6091131099999956,0.5173702599999999,36.81710978
day,2023-01-27,150,34.53317933,11,285,547.10048277,prediction,1,5,1_5_285,1_285_11,0.06448628000000411,0.07812741000000045,36.89523719
day,2023-01-27,162,35.01285596,12,285,601.64126025,prediction,1,5,1_5_285,1_285_12,0.47967663000000016,0.5803755600000002,37.47561275
day,2023-01-27,173,35.17568534,13,285,653.963824959,prediction,1,5,1_5_285,1_285_13,0.16282937999999803,0.3108566599999989,37.78646941
day,2023-01-27,177,35.22881001,14,285,707.077105223,prediction,1,5,1_5_285,1_285_14,0.05312466999999543,0.30738423999999753,38.09385365
day,2023-01-27,194,35.20958085,15,285,758.728805537,prediction,1,5,1_5_285,1_285_15,-0.01922915999999475,0.029631289999997534,38.12348494
day,2023-01-27,205,34.95394913,16,285,811.062448387,prediction,1,5,1_5_285,1_285_16,-0.2556317200000038,-0.44550593999999677,37.677979
day,2023-01-27,17,35.352535,17,285,864.783493136,prediction,1,5,1_5_285,1_285_17,0.3985858700000051,0.06338652000000167,37.74136552
day,2023-01-27,228,34.98818082,18,285,915.900561915,prediction,1,5,1_5_285,1_285_18,-0.3643541800000065,-0.7770403399999992,36.96432518
day,2023-01-27,239,35.20424074,19,285,968.246820865,prediction,1,5,1_5_285,1_285_19,0.2160599200000064,0.10021255999999568,37.06453774
day,2023-01-27,250,34.82312985,20,285,1020.59402321,prediction,1,5,1_5_285,1_285_20,-0.3811108900000022,-0.477444509999998,36.58709323
day,2023-01-27,259,35.32990395,21,285,1074.20728628,prediction,1,5,1_5_285,1_285_21,0.5067741000000012,0.5629172499999981,37.15001048
day,2023-01-27,272,35.90034442,22,285,1125.41494883,prediction,1,5,1_5_285,1_285_22,0.5704404700000012,0.5864357399999989,37.73644622
day,2023-01-27,283,36.49392983,23,285,1177.77099231,prediction,1,5,1_5_285,1_285_23,0.5935854099999958,0.5352065400000043,38.27165276
day,2023-01-27,294,35.89907941,24,285,1230.12815714,prediction,1,5,1_5_285,1_285_24,-0.5948504200000002,-0.8774894200000034,37.39416334
day,2023-01-27,305,36.53853196,25,285,1282.48626986,prediction,1,5,1_5_285,1_285_25,0.6394525500000015,0.7500274900000008,38.14419083
day,2023-01-27,316,37.12766027,26,285,1336.53812588,prediction,1,5,1_5_285,1_285_26,0.5891283099999995,0.6657588200000006,38.80994965
day,2023-01-27,327,36.30974958,27,285,1387.33847392,prediction,1,5,1_5_285,1_285_27,-0.8179106899999979,-0.6494750999999965,38.16047455
day,2023-01-27,338,36.77951541,28,285,1439.70478145,prediction,1,5,1_5_285,1_285_28,0.46976583000000005,0.7807538199999939,38.94122837
day,2023-01-27,349,35.23882808,29,285,1492.07222963,prediction,1,5,1_5_285,1_285_29,-1.5406873300000044,-1.5974767599999993,37.34375161
day,2023-01-27,39,32.88456442,1,315,26.1495677872,prediction,1,5,1_5_315,1_315_1,1.3368384199999959,1.3184696900000006,36.13172469
day,2023-01-27,47,33.39535708,2,315,78.506588238,prediction,1,5,1_5_315,1_315_2,0.5107926599999999,0.2412899899999985,36.37301468
day,2023-01-27,61,34.10751253,3,315,130.873391001,prediction,1,5,1_5_315,1_315_3,0.7121554500000045,0.45211880000000093,36.82513348
day,2023-01-27,74,33.85899935,4,315,183.256425919,prediction,1,5,1_5_315,1_315_4,-0.24851318000000333,-0.27650907999999674,36.5486244
day,2023-01-27,83,33.80741991,5,315,235.603359681,prediction,1,5,1_5_315,1_315_5,-0.05157943999999759,-0.180008100000002,36.3686163
day,2023-01-27,94,34.36149258,6,315,287.977630168,prediction,1,5,1_5_315,1_315_6,0.5540726699999965,0.10967802999999776,36.47829433
day,2023-01-27,105,33.73444237,7,315,340.304761915,prediction,1,5,1_5_315,1_315_7,-0.6270502100000002,-1.243257199999995,35.23503713
day,2023-01-27,116,33.8050631,8,315,392.718288014,prediction,1,5,1_5_315,1_315_8,0.07062073000000169,-0.23498121000000083,35.00005592
day,2023-01-27,127,33.70303798,9,315,445.092654475,prediction,1,5,1_5_315,1_315_9,-0.10202512000000041,-0.25056539999999927,34.74949052
day,2023-01-27,138,33.73533956,10,315,497.40865149,prediction,1,5,1_5_315,1_315_10,0.03230158000000216,-0.06973218000000259,34.67975834
day,2023-01-27,149,33.41950965,11,315,547.068358919,prediction,1,5,1_5_315,1_315_11,-0.31582990999999794,-0.23524768000000051,34.44451066
day,2023-01-27,160,33.27593058,12,315,601.620474081,prediction,1,5,1_5_315,1_315_12,-0.14357907000000125,-0.05335876000000184,34.3911519
day,2023-01-27,171,32.56999331,13,315,653.939654538,prediction,1,5,1_5_315,1_315_13,-0.7059372699999997,-0.5577050299999939,33.83344687
day,2023-01-27,183,32.37381491,14,315,707.256506323,prediction,1,5,1_5_315,1_315_14,-0.19617840000000086,-0.047783860000002676,33.78566301
day,2023-01-27,193,32.90051494,15,315,758.727653744,prediction,1,5,1_5_315,1_315_15,0.5267000300000007,0.6977414899999985,34.4834045
day,2023-01-27,204,33.3025454,16,315,811.059153639,prediction,1,5,1_5_315,1_315_16,0.40203045999999887,0.4998306100000036,34.98323511
day,2023-01-27,211,33.59626205,17,315,864.340763528,prediction,1,5,1_5_315,1_315_17,0.29371665000000036,0.4569724599999958,35.44020757
day,2023-01-27,226,33.96445941,18,315,915.83925752,prediction,1,5,1_5_315,1_315_18,0.36819736000000347,0.5513729900000044,35.99158056
day,2023-01-27,237,33.63404544,19,315,968.179492611,prediction,1,5,1_5_315,1_315_19,-0.33041397000000217,-0.3198443100000006,35.67173625
day,2023-01-27,248,33.81350438,20,315,1020.52043405,prediction,1,5,1_5_315,1_315_20,0.1794589399999964,0.17315961999999985,35.84489587
day,2023-01-27,260,33.71461227,21,315,1074.27874941,prediction,1,5,1_5_315,1_315_21,-0.0988921099999942,-0.09764632000000262,35.74724955
day,2023-01-27,270,33.55438379,22,315,1125.34266539,prediction,1,5,1_5_315,1_315_22,-0.16022848000000067,-0.18353836,35.56371119
day,2023-01-27,281,34.12970338,23,315,1177.69223154,prediction,1,5,1_5_315,1_315_23,0.5753195899999994,0.6931619200000014,36.25687311
day,2023-01-27,292,34.15592353,24,315,1230.0425277,prediction,1,5,1_5_315,1_315_24,0.02622015000000033,0.17493728000000175,36.43181039
day,2023-01-27,303,33.92517159,25,315,1282.39359165,prediction,1,5,1_5_315,1_315_25,-0.23075194000000465,-0.092241130000005,36.33956926
day,2023-01-27,314,34.5249097,26,315,1336.49391968,prediction,1,5,1_5_315,1_315_26,0.5997381100000041,0.6713582900000006,37.01092755
day,2023-01-27,325,34.80094084,27,315,1387.23503065,prediction,1,5,1_5_315,1_315_27,0.2760311400000006,0.04491803000000516,37.05584558
day,2023-01-27,336,34.78319814,28,315,1439.59346859,prediction,1,5,1_5_315,1_315_28,-0.017742699999999445,-0.5838747200000043,36.47197086
day,2023-01-27,347,34.30462495,29,315,1491.95272129,prediction,1,5,1_5_315,1_315_29,-0.47857319000000587,-0.8327802800000015,35.63919058
day,2023-01-27,358,34.54255127,30,315,1544.3126586,prediction,1,5,1_5_315,1_315_30,0.2379263199999997,0.054189170000000786,35.69337975
day,2023-01-27,41,33.31390209,1,345,26.1500688971,prediction,1,5,1_5_345,1_345_1,1.7661760899999983,1.7611845700000046,36.57443957
day,2023-01-27,49,34.31816808,2,345,78.5070511329,prediction,1,5,1_5_345,1_345_2,1.0042659900000004,0.6224261699999971,37.19686574
day,2023-01-27,60,34.01200951,3,345,130.872835727,prediction,1,5,1_5_345,1_345_3,-0.3061585700000009,-0.6410470499999974,36.55581869
day,2023-01-27,71,33.48521796,4,345,183.24991072,prediction,1,5,1_5_345,1_345_4,-0.5267915499999987,-0.6249910900000017,35.9308276
day,2023-01-27,82,33.92522919,5,345,235.601945306,prediction,1,5,1_5_345,1_345_5,0.4400112300000032,0.3047314700000001,36.23555907
day,2023-01-27,93,33.91063681,6,345,287.968116355,prediction,1,5,1_5_345,1_345_6,-0.014592380000003402,-0.2912400200000036,35.94431905
day,2023-01-27,104,34.08620565,7,345,340.295141519,prediction,1,5,1_5_345,1_345_7,0.17556883999999684,-0.06463158999999763,35.87968746
day,2023-01-27,115,33.86512623,8,345,392.709712269,prediction,1,5,1_5_345,1_345_8,-0.22107941999999525,-0.3548685999999961,35.52481886
day,2023-01-27,126,32.99567243,9,345,445.079436204,prediction,1,5,1_5_345,1_345_9,-0.8694538000000023,-1.0544231400000044,34.47039572
day,2023-01-27,137,32.61499919,10,345,497.390112246,prediction,1,5,1_5_345,1_345_10,-0.38067324000000013,-0.4122234299999974,34.05817229
day,2023-01-27,145,31.73258655,11,345,546.992209207,prediction,1,5,1_5_345,1_345_11,-0.8824126399999983,-0.6686642700000007,33.38950802
day,2023-01-27,159,31.92374058,12,345,601.582898436,prediction,1,5,1_5_345,1_345_12,0.19115402999999986,-0.018257650000002457,33.37125037
day,2023-01-27,170,31.62118676,13,345,653.896039442,prediction,1,5,1_5_345,1_345_13,-0.30255382,-0.9624030099999956,32.40884736
day,2023-01-27,181,32.33284061,14,345,707.200965457,prediction,1,5,1_5_345,1_345_14,0.7116538499999976,0.6218146399999966,33.030662
day,2023-01-27,192,32.59580494,15,345,758.669844378,prediction,1,5,1_5_345,1_345_15,0.26296433000000263,0.4090014900000014,33.43966349
day,2023-01-27,203,32.93216006,16,345,810.993894777,prediction,1,5,1_5_345,1_345_16,0.33635512000000034,0.235391970000002,33.67505546
day,2023-01-27,215,32.42511814,17,345,864.503329694,prediction,1,5,1_5_345,1_345_17,-0.5070419199999989,-0.5341786299999995,33.14087683
day,2023-01-27,225,31.95978872,18,345,915.786279166,prediction,1,5,1_5_345,1_345_18,-0.4653294200000033,-0.6655099000000035,32.47536693
day,2023-01-27,236,32.27847735,19,345,968.119276911,prediction,1,5,1_5_345,1_345_19,0.318688630000004,0.3266453700000014,32.8020123
day,2023-01-27,247,32.49759793,20,345,1020.45253703,prediction,1,5,1_5_345,1_345_20,0.2191205799999949,0.35369989000000146,33.15571219
day,2023-01-27,257,32.4852553,21,345,1074.18632633,prediction,1,5,1_5_345,1_345_21,-0.012342629999999133,0.19285382999999712,33.34856602
day,2023-01-27,269,32.71393587,22,345,1125.25634889,prediction,1,5,1_5_345,1_345_22,0.22868057000000164,0.46843771999999717,33.81700374
day,2023-01-27,280,33.60309349,23,345,1177.59668494,prediction,1,5,1_5_345,1_345_23,0.8891576199999989,0.8932083200000065,34.71021206
day,2023-01-27,291,33.70018364,24,345,1229.93735902,prediction,1,5,1_5_345,1_345_24,0.09709014999999965,-0.23511472000000566,34.47509734
night,2022-12-03,40,21.7924,1,15,26.1499340473,prediction,2,1,2_1_15,2_15_1,0.45941900000000047,0.44235849000000016,20.67235849
night,2022-12-03,46,20.7229,2,15,78.50635058,prediction,2,1,2_1_15,2_15_2,-1.0695000000000014,-1.1421027899999991,19.5302557
night,2022-12-03,59,20.6832,3,15,130.871230267,prediction,2,1,2_1_15,2_15_3,-0.039699999999999847,0.09298605999999765,19.62324176
night,2022-12-03,69,21.0766,4,15,183.246919315,prediction,2,1,2_1_15,2_15_4,0.39339999999999975,0.2913875300000015,19.91462929
night,2022-12-03,81,21.1715,5,15,235.597026849,prediction,2,1,2_1_15,2_15_5,0.09490000000000265,0.05169878999999966,19.96632808
night,2022-12-03,92,20.8002,6,15,287.960622974,prediction,2,1,2_1_15,2_15_6,-0.3713000000000015,-0.35424499000000154,19.61208309
night,2022-12-03,103,20.8942,7,15,340.284751843,prediction,2,1,2_1_15,2_15_7,0.0940000000000012,0.19763462000000231,19.80971771
night,2022-12-03,114,20.1418,8,15,392.695837136,prediction,2,1,2_1_15,2_15_8,-0.7524000000000015,-0.7609721300000025,19.04874558
night,2022-12-03,125,19.7765,9,15,445.06189049,prediction,2,1,2_1_15,2_15_9,-0.3653000000000013,-0.39845527999999675,18.6502903
night,2022-12-03,136,20.2498,10,15,497.368061999,prediction,2,1,2_1_15,2_15_10,0.47330000000000183,0.5159400599999984,19.16623036
night,2022-12-03,143,19.7484,11,15,546.961835945,prediction,2,1,2_1_15,2_15_11,-0.5014000000000003,-0.2773252500000005,18.88890511
night,2022-12-03,158,19.7397,12,15,601.549994255,prediction,2,1,2_1_15,2_15_12,-0.00870000000000104,0.2894721500000017,19.17837726
night,2022-12-03,169,19.3456,13,15,653.857246533,prediction,2,1,2_1_15,2_15_13,-0.3940999999999981,-0.2789371100000011,18.89944015
night,2022-12-03,180,18.9939,14,15,707.152439805,prediction,2,1,2_1_15,2_15_14,-0.351700000000001,-0.34299878999999933,18.55644136
night,2022-12-03,190,18.8422,15,15,758.617319606,prediction,2,1,2_1_15,2_15_15,-0.15170000000000172,-0.17666211000000231,18.37977925
night,2022-12-03,201,18.8733,16,15,810.933963379,prediction,2,1,2_1_15,2_15_16,0.031100000000002126,-0.031055969999997046,18.34872328
night,2022-12-03,213,19.2317,17,15,864.438434635,prediction,2,1,2_1_15,2_15_17,0.3583999999999996,0.35919330999999843,18.70791659
night,2022-12-03,223,19.3251,18,15,915.710469659,prediction,2,1,2_1_15,2_15_18,0.09339999999999904,0.0860163500000013,18.79393294
night,2022-12-03,234,19.2856,19,15,968.034633446,prediction,2,1,2_1_15,2_15_19,-0.03950000000000031,-0.152558980000002,18.64137396
night,2022-12-03,245,18.2438,20,15,1020.3586323,prediction,2,1,2_1_15,2_15_20,-1.0417999999999985,-1.2536529399999985,17.38772102
night,2022-12-03,255,17.4049,21,15,1074.08747563,prediction,2,1,2_1_15,2_15_21,-0.8388999999999989,-0.9157861700000005,16.47193485
night,2022-12-03,267,17.2524,22,15,1125.14278858,prediction,2,1,2_1_15,2_15_22,-0.15249999999999986,-0.07507238999999899,16.39686246
night,2022-12-03,278,16.988,23,15,1177.47240482,prediction,2,1,2_1_15,2_15_23,-0.26440000000000197,-0.2624118400000022,16.13445062
night,2022-12-03,35,21.3868,1,45,26.1492919353,prediction,2,1,2_1_45,2_45_1,0.05381900000000073,-0.03735001000000082,20.19264999
night,2022-12-03,45,21.0582,2,45,78.5051404983,prediction,2,1,2_1_45,2_45_2,-0.32860000000000156,-0.3391857899999984,19.8534642
night,2022-12-03,57,21.3711,3,45,130.869096061,prediction,2,1,2_1_45,2_45_3,0.31289999999999907,0.29942146999999864,20.15288567
night,2022-12-03,70,21.1544,4,45,183.248158249,prediction,2,1,2_1_45,2_45_4,-0.21669999999999945,-0.2682127399999992,19.88467293
night,2022-12-03,79,21.3687,5,45,235.589826951,prediction,2,1,2_1_45,2_45_5,0.2143000000000015,0.13123387999999991,20.01590681
night,2022-12-03,91,21.7717,6,45,287.957554831,prediction,2,1,2_1_45,2_45_6,0.4029999999999987,0.4335917000000009,20.44949851
night,2022-12-03,102,21.3529,7,45,340.276678648,prediction,2,1,2_1_45,2_45_7,-0.4187999999999974,-0.31213317000000274,20.13736534
night,2022-12-03,111,20.7306,8,45,392.681811001,prediction,2,1,2_1_45,2_45_8,-0.6223000000000027,-0.4648657599999986,19.67249958
night,2022-12-03,122,20.7655,9,45,445.044364492,prediction,2,1,2_1_45,2_45_9,0.034900000000000375,0.1712306599999991,19.84373024
night,2022-12-03,134,20.2666,10,45,497.348890797,prediction,2,1,2_1_45,2_45_10,-0.498899999999999,-0.40456199999999853,19.43916824
night,2022-12-03,146,19.8221,11,45,546.992632234,prediction,2,1,2_1_45,2_45_11,-0.44450000000000145,-0.30047142000000093,19.13869682
night,2022-12-03,156,19.9681,12,45,601.532445915,prediction,2,1,2_1_45,2_45_12,0.1460000000000008,0.3258162899999988,19.46451311
night,2022-12-03,167,20.1247,13,45,653.835724378,prediction,2,1,2_1_45,2_45_13,0.15660000000000096,0.3382519400000028,19.80276505
night,2022-12-03,179,20.1629,14,45,707.144348088,prediction,2,1,2_1_45,2_45_14,0.03819999999999979,0.10751933999999963,19.91028439
night,2022-12-03,189,19.5812,15,45,758.58921792,prediction,2,1,2_1_45,2_45_15,-0.5817000000000014,-0.7619372800000015,19.14834711
night,2022-12-03,200,19.7212,16,45,810.90091175,prediction,2,1,2_1_45,2_45_16,0.14000000000000057,0.16507045000000176,19.31341756
night,2022-12-03,208,20.3338,17,45,864.159798579,prediction,2,1,2_1_45,2_45_17,0.6126000000000005,0.559912139999998,19.8733297
night,2022-12-03,221,20.2589,18,45,915.637247911,prediction,2,1,2_1_45,2_45_18,-0.07489999999999952,-0.12929803999999834,19.74403166
night,2022-12-03,232,19.6641,19,45,967.953625279,prediction,2,1,2_1_45,2_45_19,-0.5947999999999993,-0.58537222,19.15865944
night,2022-12-03,243,18.9678,20,45,1020.26945164,prediction,2,1,2_1_45,2_45_20,-0.6963000000000008,-0.6414761300000009,18.51718331
night,2022-12-03,254,18.8931,21,45,1073.99224514,prediction,2,1,2_1_45,2_45_21,-0.07469999999999999,-0.047287000000000745,18.46989631
night,2022-12-03,266,19.22,22,45,1125.0365688,prediction,2,1,2_1_45,2_45_22,0.3268999999999984,0.3331444999999995,18.80304081
night,2022-12-03,277,19.1513,23,45,1177.35692372,prediction,2,1,2_1_45,2_45_23,-0.06869999999999976,-0.1917671900000002,18.61127362
night,2022-12-03,288,18.6936,24,45,1229.67680296,prediction,2,1,2_1_45,2_45_24,-0.4576999999999991,-0.6097670199999996,18.0015066
night,2022-12-03,298,19.2687,25,45,1281.99601257,prediction,2,1,2_1_45,2_45_25,0.5750999999999991,0.4502475500000003,18.45175415
night,2022-12-03,309,19.1219,26,45,1336.0622659,prediction,2,1,2_1_45,2_45_26,-0.14679999999999893,-0.160585489999999,18.29116866
night,2022-12-03,320,18.9903,27,45,1386.76970677,prediction,2,1,2_1_45,2_45_27,-0.13159999999999883,0.043879799999999136,18.33504846
night,2022-12-03,331,18.5573,28,45,1439.09234714,prediction,2,1,2_1_45,2_45_28,-0.43299999999999983,-0.19542232999999953,18.13962613
night,2022-12-03,342,18.4304,29,45,1491.41441585,prediction,2,1,2_1_45,2_45_29,-0.12690000000000268,-0.006934130000001204,18.132692
night,2022-12-03,353,18.3633,30,45,1543.73587725,prediction,2,1,2_1_45,2_45_30,-0.06709999999999994,0.07731378000000078,18.21000578
night,2022-12-03,33,21.8941,1,75,26.148976916,prediction,2,1,2_1_75,2_75_1,0.5611190000000015,0.4532209999999992,20.683221
night,2022-12-03,51,21.5302,2,75,78.507621266,prediction,2,1,2_1_75,2_75_2,-0.363900000000001,-0.3634602700000009,20.31976073
night,2022-12-03,56,21.8371,3,75,130.868089502,prediction,2,1,2_1_75,2_75_3,0.30689999999999884,0.2910749700000004,20.6108357
night,2022-12-03,67,21.6191,4,75,183.244421032,prediction,2,1,2_1_75,2_75_4,-0.21799999999999997,-0.31088386000000057,20.29995184
night,2022-12-03,77,20.9512,5,75,235.586681799,prediction,2,1,2_1_75,2_75_5,-0.6678999999999995,-0.7901958399999991,19.509756
night,2022-12-03,89,21.3965,6,75,287.954487322,prediction,2,1,2_1_75,2_75_6,0.4452999999999996,0.5666320999999996,20.0763881
night,2022-12-03,99,21.4488,7,75,340.271549334,prediction,2,1,2_1_75,2_75_7,0.0522999999999989,0.22258323000000146,20.29897133
night,2022-12-03,109,21.191,8,75,392.674128151,prediction,2,1,2_1_75,2_75_8,-0.2577999999999996,-0.226229,20.07274233
night,2022-12-03,121,21.1321,9,75,445.040277329,prediction,2,1,2_1_75,2_75_9,-0.05889999999999773,0.1164197300000005,20.18916206
night,2022-12-03,132,21.2949,10,75,497.338930083,prediction,2,1,2_1_75,2_75_10,0.16279999999999717,0.3247339300000007,20.51389599
night,2022-12-03,147,21.3603,11,75,547.000708722,prediction,2,1,2_1_75,2_75_11,0.06540000000000035,0.18527887999999848,20.69917487
night,2022-12-03,154,20.9135,12,75,601.521631113,prediction,2,1,2_1_75,2_75_12,-0.44679999999999964,-0.37106378000000007,20.32811109
night,2022-12-03,165,20.9009,13,75,653.822554947,prediction,2,1,2_1_75,2_75_13,-0.012599999999999056,0.09317134000000138,20.42128243
night,2022-12-03,175,20.8555,14,75,706.911391158,prediction,2,1,2_1_75,2_75_14,-0.04540000000000077,-0.025728850000000136,20.39555358
night,2022-12-03,186,21.3699,15,75,758.538606215,prediction,2,1,2_1_75,2_75_15,0.514400000000002,0.5718916699999994,20.96744525
night,2022-12-03,197,21.5709,16,75,810.845114994,prediction,2,1,2_1_75,2_75_16,0.2010000000000005,0.16601340999999792,21.13345866
night,2022-12-03,216,21.4201,17,75,864.537255183,prediction,2,1,2_1_75,2_75_17,-0.15080000000000027,-0.12246768999999702,21.01099097
night,2022-12-03,220,20.9104,18,75,915.623591996,prediction,2,1,2_1_75,2_75_18,-0.5097000000000023,-0.3289183100000024,20.68207266
night,2022-12-03,231,20.4642,19,75,967.937262268,prediction,2,1,2_1_75,2_75_19,-0.4461999999999975,-0.26446259000000083,20.41761007
night,2022-12-03,242,20.4014,20,75,1020.25015995,prediction,2,1,2_1_75,2_75_20,-0.06280000000000285,0.005323500000002923,20.42293357
night,2022-12-03,253,20.4823,21,75,1073.84509471,prediction,2,1,2_1_75,2_75_21,0.08089999999999975,0.1464434699999977,20.56937704
night,2022-12-03,263,20.2913,22,75,1124.99866854,prediction,2,1,2_1_75,2_75_22,-0.19099999999999895,-0.18777412999999754,20.38160291
night,2022-12-03,274,20.0671,23,75,1177.3150084,prediction,2,1,2_1_75,2_75_23,-0.22419999999999973,-0.20612423000000035,20.17547868
night,2022-12-03,285,19.9746,24,75,1229.63061299,prediction,2,1,2_1_75,2_75_24,-0.09250000000000114,-0.12691178000000036,20.0485669
night,2022-12-03,296,19.5055,25,75,1281.94545509,prediction,2,1,2_1_75,2_75_25,-0.4690999999999974,-0.5633859799999996,19.48518092
night,2022-12-03,307,19.1272,26,75,1335.94686661,prediction,2,1,2_1_75,2_75_26,-0.37830000000000297,-0.5943866,18.89079432
night,2022-12-03,318,18.8263,27,75,1386.70513346,prediction,2,1,2_1_75,2_75_27,-0.3008999999999986,-0.3659509000000014,18.52484342
night,2022-12-03,329,18.8979,28,75,1439.02265301,prediction,2,1,2_1_75,2_75_28,0.07160000000000011,0.19180718999999868,18.71665061
night,2022-12-03,340,18.1487,29,75,1491.33954379,prediction,2,1,2_1_75,2_75_29,-0.7491999999999983,-0.8093311299999968,17.90731948
night,2022-12-03,351,19.4165,30,75,1543.65559389,prediction,2,1,2_1_75,2_75_30,1.2677999999999976,1.2626939499999992,19.17001343
night,2022-12-03,34,21.4194,1,105,26.1489802967,prediction,2,1,2_1_105,2_105_1,0.08641899999999936,-0.039599030000001534,20.19040097
night,2022-12-03,44,21.2511,2,105,78.5047576509,prediction,2,1,2_1_105,2_105_2,-0.16829999999999856,-0.1235192199999986,20.06688175
night,2022-12-03,58,21.634,3,105,130.870643632,prediction,2,1,2_1_105,2_105_3,0.38289999999999935,0.41621241,20.48309416
night,2022-12-03,66,21.5445,4,105,183.242955556,prediction,2,1,2_1_105,2_105_4,-0.08950000000000102,-0.1693144800000006,20.31377968
night,2022-12-03,78,21.1037,5,105,235.588284549,prediction,2,1,2_1_105,2_105_5,-0.4407999999999994,-0.5172340599999998,19.79654562
night,2022-12-03,87,20.9341,6,105,287.952342449,prediction,2,1,2_1_105,2_105_6,-0.16959999999999908,-0.08593649999999897,19.71060912
night,2022-12-03,98,21.1734,7,105,340.2706357,prediction,2,1,2_1_105,2_105_7,0.23930000000000007,0.43106798999999896,20.14167711
night,2022-12-03,110,21.1989,8,105,392.677146954,prediction,2,1,2_1_105,2_105_8,0.025499999999997414,0.1679754399999993,20.30965255
night,2022-12-03,120,21.4678,9,105,445.034567252,prediction,2,1,2_1_105,2_105_9,0.26890000000000214,0.3642179900000002,20.67387054
night,2022-12-03,131,21.4656,10,105,497.337391364,prediction,2,1,2_1_105,2_105_10,-0.002200000000001978,0.10499448999999927,20.77886503
night,2022-12-03,148,21.2729,11,105,547.00681307,prediction,2,1,2_1_105,2_105_11,-0.19269999999999854,-0.10057809999999989,20.67828693
night,2022-12-03,153,21.097,12,105,601.521158094,prediction,2,1,2_1_105,2_105_12,-0.1758999999999986,-0.12191293999999786,20.55637399
night,2022-12-03,164,21.6496,13,105,653.821981781,prediction,2,1,2_1_105,2_105_13,0.5525999999999982,0.584288309999998,21.1406623
night,2022-12-03,178,21.8807,14,105,707.099592883,prediction,2,1,2_1_105,2_105_14,0.23110000000000142,0.1809034500000024,21.32156575
night,2022-12-03,188,21.954,15,105,758.56574345,prediction,2,1,2_1_105,2_105_15,0.0732999999999997,0.09460273999999913,21.41616849
night,2022-12-03,198,21.7054,16,105,810.874048291,prediction,2,1,2_1_105,2_105_16,-0.2485999999999997,-0.26289958999999996,21.1532689
night,2022-12-03,207,21.9257,17,105,864.082555014,prediction,2,1,2_1_105,2_105_17,0.22029999999999816,0.06948909999999842,21.222758
night,2022-12-03,219,21.7391,18,105,915.597310755,prediction,2,1,2_1_105,2_105_18,-0.18659999999999854,-0.11994059999999962,21.1028174
night,2022-12-03,229,21.4947,19,105,967.909398761,prediction,2,1,2_1_105,2_105_19,-0.24439999999999884,0.017122790000001942,21.11994019
night,2022-12-03,240,21.4047,20,105,1020.22073198,prediction,2,1,2_1_105,2_105_20,-0.09000000000000341,0.05033401000000026,21.1702742
night,2022-12-03,256,21.4629,21,105,1074.11172432,prediction,2,1,2_1_105,2_105_21,0.058200000000002916,0.11209513000000015,21.28236933
night,2022-12-03,262,21.163,22,105,1124.99505457,prediction,2,1,2_1_105,2_105_22,-0.29990000000000094,-0.3072300700000028,20.97513926
night,2022-12-03,273,21.1231,23,105,1177.31112423,prediction,2,1,2_1_105,2_105_23,-0.03989999999999938,-0.031212489999997928,20.94392677
night,2022-12-03,284,21.1918,24,105,1229.62646731,prediction,2,1,2_1_105,2_105_24,0.06869999999999976,0.1469922799999992,21.09091905
night,2022-12-03,295,20.835,25,105,1281.94101005,prediction,2,1,2_1_105,2_105_25,-0.3567999999999998,-0.2642881899999985,20.82663086
night,2022-12-03,306,20.8724,26,105,1335.94636579,prediction,2,1,2_1_105,2_105_26,0.0373999999999981,0.007763509999996643,20.83439437
night,2022-12-03,317,20.8582,27,105,1386.70041475,prediction,2,1,2_1_105,2_105_27,-0.01419999999999888,-0.01945042999999913,20.81494394
night,2022-12-03,328,20.9768,28,105,1439.01773273,prediction,2,1,2_1_105,2_105_28,0.1186000000000007,0.09991482000000218,20.91485876
night,2022-12-03,339,21.541,29,105,1491.33427335,prediction,2,1,2_1_105,2_105_29,0.5641999999999996,0.3442382500000001,21.25909701
night,2022-12-03,37,21.1843,1,135,26.149317842,prediction,2,1,2_1_135,2_135_1,-0.14868099999999984,-0.30640968000000157,19.92359032
night,2022-12-03,50,21.4449,2,135,78.5072596515,prediction,2,1,2_1_135,2_135_2,0.26060000000000016,0.27259061000000173,20.19618093
night,2022-12-03,55,21.2574,3,135,130.866816893,prediction,2,1,2_1_135,2_135_3,-0.1875,-0.24299235000000152,19.95318858
night,2022-12-03,68,21.2753,4,135,183.246181946,prediction,2,1,2_1_135,2_135_4,0.017900000000000915,0.004071429999999765,19.95726001
night,2022-12-03,80,21.5606,5,135,235.591466007,prediction,2,1,2_1_135,2_135_5,0.28529999999999944,0.38802753000000223,20.34528754
night,2022-12-03,90,21.2461,6,135,287.954804033,prediction,2,1,2_1_135,2_135_6,-0.31450000000000244,-0.22567108000000147,20.11961646
night,2022-12-03,100,21.1733,7,135,340.275296586,prediction,2,1,2_1_135,2_135_7,-0.07279999999999731,0.03511609999999976,20.15473256
night,2022-12-03,112,21.8703,8,135,392.683283752,prediction,2,1,2_1_135,2_135_8,0.6969999999999992,0.8332984100000012,20.98803097
night,2022-12-03,123,22.0176,9,135,445.047630348,prediction,2,1,2_1_135,2_135_9,0.14730000000000132,0.13620713999999978,21.12423811
night,2022-12-03,133,22.2425,10,135,497.348469066,prediction,2,1,2_1_135,2_135_10,0.2248999999999981,0.2850783200000002,21.40931643
night,2022-12-03,144,21.9476,11,135,546.989476845,prediction,2,1,2_1_135,2_135_11,-0.2948999999999984,-0.13191538999999963,21.27740104
night,2022-12-03,155,21.5185,12,135,601.531126669,prediction,2,1,2_1_135,2_135_12,-0.4291000000000018,-0.3174760400000025,20.959925
night,2022-12-03,166,21.4038,13,135,653.834129524,prediction,2,1,2_1_135,2_135_13,-0.11469999999999914,-0.08361806999999999,20.87630693
night,2022-12-03,176,21.6186,14,135,706.99344984,prediction,2,1,2_1_135,2_135_14,0.21480000000000032,0.30756863000000223,21.18387556
night,2022-12-03,187,21.3672,15,135,758.56495277,prediction,2,1,2_1_135,2_135_15,-0.2514000000000003,-0.30341647000000194,20.88045909
night,2022-12-03,199,21.5533,16,135,810.874751296,prediction,2,1,2_1_135,2_135_16,0.1860999999999997,0.08528254000000146,20.96574163
night,2022-12-03,214,21.4628,17,135,864.502557439,prediction,2,1,2_1_135,2_135_17,-0.09049999999999869,-0.16940977999999873,20.79633185
night,2022-12-03,222,21.6649,18,135,915.652165759,prediction,2,1,2_1_135,2_135_18,0.20209999999999795,0.15062812999999764,20.94695998
night,2022-12-03,233,21.6948,19,135,967.96920464,prediction,2,1,2_1_135,2_135_19,0.02990000000000137,-0.013275159999999175,20.93368482
night,2022-12-03,244,21.7913,20,135,1020.28562,prediction,2,1,2_1_135,2_135_20,0.09649999999999892,0.059211239999999776,20.99289606
night,2022-12-03,252,21.7707,21,135,1073.76805203,prediction,2,1,2_1_135,2_135_21,-0.020599999999998175,-0.09513723999999968,20.89775882
night,2022-12-03,265,21.8159,22,135,1125.03033604,prediction,2,1,2_1_135,2_135_22,0.045199999999997686,-0.020522849999998982,20.87723597
night,2022-12-03,276,21.9286,23,135,1177.35018859,prediction,2,1,2_1_135,2_135_23,0.11270000000000024,0.048690649999997504,20.92592662
night,2022-12-03,286,21.8771,24,135,1229.6694143,prediction,2,1,2_1_135,2_135_24,-0.05150000000000077,-0.1253580699999972,20.80056855
night,2022-12-03,297,21.8643,25,135,1281.98801862,prediction,2,1,2_1_135,2_135_25,-0.01279999999999859,-0.0792880199999999,20.72128053
night,2022-12-03,308,21.6321,26,135,1336.053695,prediction,2,1,2_1_135,2_135_26,-0.23219999999999885,-0.20572566000000236,20.51555487
night,2022-12-03,319,21.3869,27,135,1386.76048224,prediction,2,1,2_1_135,2_135_27,-0.24520000000000053,-0.13960932999999898,20.37594554
night,2022-12-03,330,21.8683,28,135,1439.08243693,prediction,2,1,2_1_135,2_135_28,0.4814000000000007,0.6732467200000016,21.04919226
night,2022-12-03,341,21.5183,29,135,1491.40380652,prediction,2,1,2_1_135,2_135_29,-0.3500000000000014,-0.21336312000000035,20.83582914
night,2022-12-03,352,21.4467,30,135,1543.72456742,prediction,2,1,2_1_135,2_135_30,-0.07160000000000011,0.027736420000000095,20.86356556
night,2022-12-03,1,21.0442,1,165,26.1588683337,prediction,2,1,2_1_165,2_165_1,-0.2887810000000002,-0.4621374100000004,19.76786259
night,2022-12-03,2,20.904,2,165,78.5320887888,prediction,2,1,2_1_165,2_165_2,-0.1402000000000001,-0.20872216000000066,19.55914043
night,2022-12-03,3,21.0293,3,165,130.916650141,prediction,2,1,2_1_165,2_165_3,0.1252999999999993,0.05146897999999922,19.61060941
night,2022-12-03,4,20.9247,4,165,183.310421724,prediction,2,1,2_1_165,2_165_4,-0.1045999999999978,-0.08908214999999942,19.52152726
night,2022-12-03,5,21.6047,5,165,235.675126489,prediction,2,1,2_1_165,2_165_5,0.6799999999999997,0.8476884899999995,20.36921575
night,2022-12-03,6,21.2385,6,165,288.059716914,prediction,2,1,2_1_165,2_165_6,-0.36620000000000275,-0.3060699299999996,20.06314582
night,2022-12-03,7,21.9844,7,165,340.40027276,prediction,2,1,2_1_165,2_165_7,0.7459000000000024,0.9972913900000009,21.06043721
night,2022-12-03,8,23.3742,8,165,392.825928488,prediction,2,1,2_1_165,2_165_8,1.3897999999999975,1.56064911,22.62108632
night,2022-12-03,9,23.322,9,165,445.20954897,prediction,2,1,2_1_165,2_165_9,-0.052199999999999136,-0.039204540000000065,22.58188178
night,2022-12-03,10,22.2861,10,165,497.534870608,prediction,2,1,2_1_165,2_165_10,-1.035899999999998,-1.1738986000000011,21.40798318
night,2022-12-03,11,21.81,11,165,547.152727294,prediction,2,1,2_1_165,2_165_11,-0.4761000000000024,-0.34991424999999765,21.05806893
night,2022-12-03,12,21.994,12,165,601.752722326,prediction,2,1,2_1_165,2_165_12,0.18400000000000105,0.8556110399999994,21.91367997
night,2022-12-03,13,22.0676,13,165,654.077375696,prediction,2,1,2_1_165,2_165_13,0.073599999999999,0.33873973000000035,22.2524197
night,2022-12-03,14,21.7637,14,165,707.437718627,prediction,2,1,2_1_165,2_165_14,-0.3038999999999987,-0.241529400000001,22.0108903
night,2022-12-03,15,21.3971,15,165,758.879133405,prediction,2,1,2_1_165,2_165_15,-0.3666000000000018,-0.32883007999999947,21.68206022
night,2022-12-03,16,21.04,16,165,811.213544416,prediction,2,1,2_1_165,2_165_16,-0.3570999999999991,-0.38235717999999963,21.29970304
night,2022-12-03,217,20.8036,17,165,864.593146426,prediction,2,1,2_1_165,2_165_17,-0.23639999999999972,-0.29624345999999946,21.00345958
night,2022-12-03,18,20.8008,18,165,916.008171598,prediction,2,1,2_1_165,2_165_18,-0.00280000000000058,-0.012202340000001755,20.99125724
night,2022-12-03,19,20.7824,19,165,968.348947967,prediction,2,1,2_1_165,2_165_19,-0.01839999999999975,-0.052377059999997755,20.93888018
night,2022-12-03,20,20.8169,20,165,1020.68951414,prediction,2,1,2_1_165,2_165_20,0.03450000000000131,-0.029106870000003227,20.90977331
night,2022-12-03,21,20.8494,21,165,1074.54249828,prediction,2,1,2_1_165,2_165_21,0.03249999999999886,-0.21042790999999994,20.6993454
night,2022-12-03,22,21.3062,22,165,1125.51728983,prediction,2,1,2_1_165,2_165_22,0.4568000000000012,0.002072930000000639,20.70141833
night,2022-12-03,23,21.393,23,165,1177.86387697,prediction,2,1,2_1_165,2_165_23,0.08680000000000021,0.006234270000000208,20.7076526
night,2022-12-03,24,21.0571,24,165,1230.21017942,prediction,2,1,2_1_165,2_165_24,-0.3359000000000023,-0.30128608000000057,20.40636652
night,2022-12-03,32,21.162,1,195,26.1484865544,prediction,2,1,2_1_195,2_195_1,-0.17098100000000116,-0.36391293000000147,19.86608707
night,2022-12-03,43,20.97,2,195,78.5016954405,prediction,2,1,2_1_195,2_195_2,-0.19200000000000017,-0.21758166999999773,19.6485054
night,2022-12-03,54,21.4493,3,195,130.865764168,prediction,2,1,2_1_195,2_195_3,0.47930000000000206,0.5399573599999989,20.18846276
night,2022-12-03,65,21.1385,4,195,183.241181439,prediction,2,1,2_1_195,2_195_4,-0.3108000000000004,-0.2892375600000001,19.8992252
night,2022-12-03,76,21.0281,5,195,235.586306566,prediction,2,1,2_1_195,2_195_5,-0.11040000000000205,-0.14063595000000007,19.75858925
night,2022-12-03,88,20.871,6,195,287.953574821,prediction,2,1,2_1_195,2_195_6,-0.1570999999999998,-0.1428877600000007,19.61570149
night,2022-12-03,101,20.929,7,195,340.276063867,prediction,2,1,2_1_195,2_195_7,0.05799999999999983,0.12248838000000006,19.73818987
night,2022-12-03,113,20.4955,8,195,392.683423375,prediction,2,1,2_1_195,2_195_8,-0.43349999999999866,-0.5125715299999989,19.22561834
night,2022-12-03,124,20.819,9,195,445.05299325,prediction,2,1,2_1_195,2_195_9,0.32349999999999923,0.5286065600000001,19.7542249
night,2022-12-03,135,20.7486,10,195,497.360915159,prediction,2,1,2_1_195,2_195_10,-0.07039999999999935,0.3110569500000011,20.06528185
night,2022-12-03,142,20.5759,11,195,546.956662613,prediction,2,1,2_1_195,2_195_11,-0.17269999999999897,0.029575289999996812,20.09485714
night,2022-12-03,157,20.1103,12,195,601.546952442,prediction,2,1,2_1_195,2_195_12,-0.465600000000002,-0.41604907999999696,19.67880806
night,2022-12-03,168,19.8616,13,195,653.857004574,prediction,2,1,2_1_195,2_195_13,-0.24869999999999948,-0.15755837000000028,19.52124969
night,2022-12-03,182,19.5596,14,195,707.223320408,prediction,2,1,2_1_195,2_195_14,-0.3019999999999996,-0.03305942000000073,19.48819027
night,2022-12-03,191,21.082,15,195,758.634128682,prediction,2,1,2_1_195,2_195_15,1.522400000000001,1.9025540999999997,21.39074437
night,2022-12-03,202,21.2606,16,195,810.955736004,prediction,2,1,2_1_195,2_195_16,0.17859999999999943,0.20517587999999876,21.59592025
night,2022-12-03,209,21.4489,17,195,864.320131185,prediction,2,1,2_1_195,2_195_17,0.18829999999999814,0.1739046799999997,21.76982493
night,2022-12-03,224,21.1256,18,195,915.725934618,prediction,2,1,2_1_195,2_195_18,-0.3232999999999997,-0.34012946999999727,21.42969546
night,2022-12-03,235,21.0518,19,195,968.055546242,prediction,2,1,2_1_195,2_195_19,-0.07379999999999853,-0.09720436000000277,21.3324911
night,2022-12-03,246,20.8901,20,195,1020.38537183,prediction,2,1,2_1_195,2_195_20,-0.16169999999999973,-0.16755118999999752,21.16493991
night,2022-12-03,258,20.7136,21,195,1074.19059563,prediction,2,1,2_1_195,2_195_21,-0.17650000000000077,-0.24973867000000283,20.91520124
night,2022-12-03,268,19.9722,22,195,1125.18958872,prediction,2,1,2_1_195,2_195_22,-0.7413999999999987,-1.0691385399999973,19.8460627
night,2022-12-03,279,18.7862,23,195,1177.52690799,prediction,2,1,2_1_195,2_195_23,-1.186,-1.6801005700000005,18.16596213
night,2022-12-03,31,20.7494,1,225,26.1421622904,prediction,2,1,2_1_225,2_225_1,-0.5835809999999988,-0.820369460000002,19.40963054
night,2022-12-03,42,21.2225,2,225,78.4865939041,prediction,2,1,2_1_225,2_225_2,0.47309999999999874,0.5175370000000008,19.92716754
night,2022-12-03,53,20.6564,3,225,130.83419649,prediction,2,1,2_1_225,2_225_3,-0.5660999999999987,-0.563449679999998,19.36371786
night,2022-12-03,64,21.1463,4,225,183.202760398,prediction,2,1,2_1_225,2_225_4,0.48989999999999867,0.5214873000000004,19.88520516
night,2022-12-03,75,20.7437,5,225,235.5378245,prediction,2,1,2_1_225,2_225_5,-0.4025999999999996,-0.48997908000000123,19.39522608
night,2022-12-03,86,20.727,6,225,287.893716757,prediction,2,1,2_1_225,2_225_6,-0.01670000000000016,-0.023731260000001697,19.37149482
night,2022-12-03,97,20.6207,7,225,340.206774681,prediction,2,1,2_1_225,2_225_7,-0.10630000000000095,-0.12391204999999772,19.24758277
night,2022-12-03,108,20.8225,8,225,392.609087709,prediction,2,1,2_1_225,2_225_8,0.2018000000000022,0.17091319999999754,19.41849597
night,2022-12-03,119,20.5311,9,225,444.967545613,prediction,2,1,2_1_225,2_225_9,-0.291400000000003,-0.25215843999999876,19.16633753
night,2022-12-03,130,20.5421,10,225,497.266228693,prediction,2,1,2_1_225,2_225_10,0.011000000000002785,0.08201688999999845,19.24835442
night,2022-12-03,141,20.1001,11,225,546.903162294,prediction,2,1,2_1_225,2_225_11,-0.44200000000000017,-0.47577685999999986,18.77257756
night,2022-12-03,152,20.314,12,225,601.445836677,prediction,2,1,2_1_225,2_225_12,0.21389999999999887,0.3910769000000016,19.16365446
night,2022-12-03,163,19.9095,13,225,653.749348408,prediction,2,1,2_1_225,2_225_13,-0.40449999999999875,-0.2492492800000008,18.91440518
night,2022-12-03,174,19.3261,14,225,706.908204273,prediction,2,1,2_1_225,2_225_14,-0.583400000000001,-0.5367235899999976,18.37768159
night,2022-12-03,185,19.5178,15,225,758.484798074,prediction,2,1,2_1_225,2_225_15,0.19170000000000087,0.33464217999999946,18.71232377
night,2022-12-03,196,18.4303,16,225,810.798966762,prediction,2,1,2_1_225,2_225_16,-1.0875000000000021,-1.1097084900000027,17.60261528
night,2022-12-03,212,18.0759,17,225,864.434341191,prediction,2,1,2_1_225,2_225_17,-0.35439999999999827,-0.3787525599999988,17.22386272
night,2022-12-03,218,18.6539,18,225,915.58915721,prediction,2,1,2_1_225,2_225_18,0.5779999999999994,0.6606005500000016,17.88446327
night,2022-12-03,230,20.2511,19,225,967.914389442,prediction,2,1,2_1_225,2_225_19,1.5972000000000008,1.5610520099999974,19.44551528
night,2022-12-03,241,20.4707,20,225,1020.24029023,prediction,2,1,2_1_225,2_225_20,0.2195999999999998,0.17390965000000236,19.61942493
night,2022-12-03,251,20.4019,21,225,1073.74745918,prediction,2,1,2_1_225,2_225_21,-0.06879999999999953,-0.0386419999999994,19.58078293
night,2022-12-03,264,20.269,22,225,1125.00912546,prediction,2,1,2_1_225,2_225_22,-0.1329000000000029,-0.10074220000000267,19.48004073
night,2022-12-03,275,20.0768,23,225,1177.34236285,prediction,2,1,2_1_225,2_225_23,-0.1921999999999997,-0.2536363499999972,19.22640438
night,2022-12-03,287,19.8969,24,225,1229.6762407,prediction,2,1,2_1_225,2_225_24,-0.17989999999999995,-0.20195730000000012,19.02444708
night,2022-12-03,299,19.263,25,225,1282.0107427,prediction,2,1,2_1_225,2_225_25,-0.633899999999997,-0.5059010400000012,18.51854604
night,2022-12-03,310,18.3122,26,225,1336.09378827,prediction,2,1,2_1_225,2_225_26,-0.950800000000001,-0.8034329299999996,17.71511311
night,2022-12-03,321,18.8079,27,225,1386.81886773,prediction,2,1,2_1_225,2_225_27,0.49569999999999936,0.6138699699999997,18.32898308
night,2022-12-03,332,18.8459,28,225,1439.16057605,prediction,2,1,2_1_225,2_225_28,0.038000000000000256,0.013392450000001332,18.34237553
night,2022-12-03,343,18.9966,29,225,1491.5029301,prediction,2,1,2_1_225,2_225_29,0.1507000000000005,0.10438069999999655,18.44675623
night,2022-12-03,354,18.9836,30,225,1543.84595568,prediction,2,1,2_1_225,2_225_30,-0.013000000000001677,-0.03482079999999854,18.41193543
night,2022-12-03,36,20.6969,1,255,26.1493125373,prediction,2,1,2_1_255,2_255_1,-0.6360810000000008,-0.8039212000000013,19.4260788
night,2022-12-03,48,20.867,2,255,78.5069401867,prediction,2,1,2_1_255,2_255_2,0.17010000000000147,0.14429718000000236,19.57037598
night,2022-12-03,63,21.3089,3,255,130.87662654,prediction,2,1,2_1_255,2_255_3,0.4419000000000004,0.5009133099999978,20.07128929
night,2022-12-03,72,21.4695,4,255,183.253658741,prediction,2,1,2_1_255,2_255_4,0.16059999999999874,0.17876938999999936,20.25005868
night,2022-12-03,85,20.6772,5,255,235.606875989,prediction,2,1,2_1_255,2_255_5,-0.7923000000000009,-0.8137189799999973,19.4363397
night,2022-12-03,95,20.2728,6,255,287.979473221,prediction,2,1,2_1_255,2_255_6,-0.404399999999999,-0.3800885600000008,19.05625114
night,2022-12-03,106,20.6998,7,255,340.308783293,prediction,2,1,2_1_255,2_255_7,0.4269999999999996,0.5192717099999982,19.57552285
night,2022-12-03,118,20.7785,8,255,392.727876477,prediction,2,1,2_1_255,2_255_8,0.07870000000000132,0.029638640000001715,19.60516149
night,2022-12-03,128,20.7143,9,255,445.100751387,prediction,2,1,2_1_255,2_255_9,-0.06419999999999959,-0.1361764600000015,19.46898503
night,2022-12-03,139,20.5589,10,255,497.419046738,prediction,2,1,2_1_255,2_255_10,-0.1554000000000002,-0.21319703999999717,19.25578799
night,2022-12-03,151,20.7791,11,255,547.10469891,prediction,2,1,2_1_255,2_255_11,0.2201999999999984,0.20664696999999776,19.46243496
night,2022-12-03,161,19.947,12,255,601.640315573,prediction,2,1,2_1_255,2_255_12,-0.8321000000000005,-0.8432457699999993,18.61918919
night,2022-12-03,172,19.912,13,255,653.962746366,prediction,2,1,2_1_255,2_255_13,-0.03500000000000014,0.15311434999999918,18.77230354
night,2022-12-03,184,19.668,14,255,707.267285282,prediction,2,1,2_1_255,2_255_14,-0.24399999999999977,-0.08195290999999827,18.69035063
night,2022-12-03,195,18.8273,15,255,758.755698383,prediction,2,1,2_1_255,2_255_15,-0.8406999999999982,-0.841199060000001,17.84915157
night,2022-12-03,206,18.1025,16,255,811.091073808,prediction,2,1,2_1_255,2_255_16,-0.7248000000000019,-0.723543509999999,17.12560806
night,2022-12-03,210,18.0793,17,255,864.328430686,prediction,2,1,2_1_255,2_255_17,-0.02319999999999922,0.020100379999998808,17.14570844
night,2022-12-03,227,18.4657,18,255,915.873920636,prediction,2,1,2_1_255,2_255_18,0.3863999999999983,0.4217011900000003,17.56740963
night,2022-12-03,238,18.2998,19,255,968.218473936,prediction,2,1,2_1_255,2_255_19,-0.16589999999999705,-0.11793210000000087,17.44947753
night,2022-12-03,249,17.8233,20,255,1020.56405306,prediction,2,1,2_1_255,2_255_20,-0.4765000000000015,-0.4873352199999985,16.96214231
night,2022-12-03,261,18.1189,21,255,1074.50378336,prediction,2,1,2_1_255,2_255_21,0.2956000000000003,0.3863437300000001,17.34848604
night,2022-12-03,271,18.3054,22,255,1125.41362315,prediction,2,1,2_1_255,2_255_22,0.18649999999999878,0.29948963000000006,17.64797567
night,2022-12-03,282,18.106,23,255,1177.76947909,prediction,2,1,2_1_255,2_255_23,-0.19939999999999714,-0.1544378799999997,17.49353779
night,2022-12-03,293,18.1543,24,255,1230.12637227,prediction,2,1,2_1_255,2_255_24,0.04829999999999757,0.08912035999999901,17.58265815
night,2022-12-03,304,17.8294,25,255,1282.48427264,prediction,2,1,2_1_255,2_255_25,-0.3248999999999995,-0.29450544999999906,17.2881527
night,2022-12-03,315,17.566,26,255,1336.53171427,prediction,2,1,2_1_255,2_255_26,-0.26340000000000074,-0.22288039000000026,17.06527231
night,2022-12-03,326,17.4662,27,255,1387.33562104,prediction,2,1,2_1_255,2_255_27,-0.09979999999999833,-0.12907966999999942,16.93619264
night,2022-12-03,337,17.1328,28,255,1439.70166378,prediction,2,1,2_1_255,2_255_28,-0.33340000000000103,-0.2615549399999999,16.6746377
night,2022-12-03,348,18.3075,29,255,1492.06879036,prediction,2,1,2_1_255,2_255_29,1.1747000000000014,1.2693691099999995,17.94400681
night,2022-12-03,360,18.5984,30,255,1544.43689287,prediction,2,1,2_1_255,2_255_30,0.2909000000000006,0.24599562999999947,18.19000244
night,2022-12-03,38,20.7045,1,285,26.149320641,prediction,2,1,2_1_285,2_285_1,-0.6284810000000007,-0.6062697700000008,19.62373023
night,2022-12-03,52,20.6077,2,285,78.5097908779,prediction,2,1,2_1_285,2_285_2,-0.09679999999999822,-0.09497370999999788,19.52875652
night,2022-12-03,62,20.941,3,285,130.87356057,prediction,2,1,2_1_285,2_285_3,0.3332999999999977,0.3339703599999986,19.86272688
night,2022-12-03,73,21.3363,4,285,183.255763257,prediction,2,1,2_1_285,2_285_4,0.3953000000000024,0.2515801499999988,20.11430703
night,2022-12-03,84,21.1155,5,285,235.605230044,prediction,2,1,2_1_285,2_285_5,-0.22080000000000055,-0.15474455999999748,19.95956247
night,2022-12-03,96,19.2882,6,285,287.981779618,prediction,2,1,2_1_285,2_285_6,-1.827300000000001,-1.534045350000003,18.42551712
night,2022-12-03,107,19.8255,7,285,340.309803081,prediction,2,1,2_1_285,2_285_7,0.5373000000000019,0.780627410000001,19.20614453
night,2022-12-03,117,20.2449,8,285,392.725912691,prediction,2,1,2_1_285,2_285_8,0.41939999999999955,0.41427737000000064,19.6204219
night,2022-12-03,129,20.3115,9,285,445.105153265,prediction,2,1,2_1_285,2_285_9,0.06659999999999755,0.02622175999999854,19.64664366
night,2022-12-03,140,20.6905,10,285,497.420665061,prediction,2,1,2_1_285,2_285_10,0.37900000000000134,0.3297395500000029,19.97638321
night,2022-12-03,150,20.5298,11,285,547.10048277,prediction,2,1,2_1_285,2_285_11,-0.1606999999999985,-0.25611601000000306,19.7202672
night,2022-12-03,162,20.752,12,285,601.64126025,prediction,2,1,2_1_285,2_285_12,0.2221999999999973,0.13784967000000137,19.85811687
night,2022-12-03,173,20.662,13,285,653.963824959,prediction,2,1,2_1_285,2_285_13,-0.08999999999999986,-0.17399728999999908,19.68411958
night,2022-12-03,177,20.589,14,285,707.077105223,prediction,2,1,2_1_285,2_285_14,-0.0730000000000004,-0.0878401800000006,19.5962794
night,2022-12-03,194,20.5498,15,285,758.728805537,prediction,2,1,2_1_285,2_285_15,-0.03919999999999746,-0.03816996000000117,19.55810944
night,2022-12-03,205,19.8477,16,285,811.062448387,prediction,2,1,2_1_285,2_285_16,-0.7021000000000015,-0.7069642599999995,18.85114518
night,2022-12-03,17,19.4377,17,285,864.783493136,prediction,2,1,2_1_285,2_285_17,-0.41000000000000014,-0.37607985,18.47506533
night,2022-12-03,228,18.9287,18,285,915.900561915,prediction,2,1,2_1_285,2_285_18,-0.5090000000000003,-0.4061862999999981,18.06887903
night,2022-12-03,239,18.3352,19,285,968.246820865,prediction,2,1,2_1_285,2_285_19,-0.5934999999999988,-0.4441665400000012,17.62471249
night,2022-12-03,250,18.365,20,285,1020.59402321,prediction,2,1,2_1_285,2_285_20,0.02979999999999805,0.20382842999999795,17.82854092
night,2022-12-03,259,18.2727,21,285,1074.20728628,prediction,2,1,2_1_285,2_285_21,-0.09229999999999805,0.014920390000000339,17.84346131
night,2022-12-03,272,17.7594,22,285,1125.41494883,prediction,2,1,2_1_285,2_285_22,-0.513300000000001,-0.5639306499999996,17.27953066
night,2022-12-03,283,17.5695,23,285,1177.77099231,prediction,2,1,2_1_285,2_285_23,-0.18989999999999796,-0.23706301999999724,17.04246764
night,2022-12-03,294,17.1454,24,285,1230.12815714,prediction,2,1,2_1_285,2_285_24,-0.4241000000000028,-0.4590145200000002,16.58345312
night,2022-12-03,305,17.0495,25,285,1282.48626986,prediction,2,1,2_1_285,2_285_25,-0.09590000000000032,-0.02604911000000243,16.55740401
night,2022-12-03,316,17.3873,26,285,1336.53812588,prediction,2,1,2_1_285,2_285_26,0.33780000000000143,0.3890422600000001,16.94644627
night,2022-12-03,327,17.4001,27,285,1387.33847392,prediction,2,1,2_1_285,2_285_27,0.01279999999999859,0.13193865999999943,17.07838493
night,2022-12-03,338,17.508,28,285,1439.70478145,prediction,2,1,2_1_285,2_285_28,0.10790000000000077,0.10595781000000315,17.18434274
night,2022-12-03,349,17.5283,29,285,1492.07222963,prediction,2,1,2_1_285,2_285_29,0.020300000000002427,0.02021242000000001,17.20455516
night,2022-12-03,39,20.8853,1,315,26.1495677872,prediction,2,1,2_1_315,2_315_1,-0.44768099999999933,-0.38263510999999895,19.84736489
night,2022-12-03,47,21.0607,2,315,78.506588238,prediction,2,1,2_1_315,2_315_2,0.17539999999999978,0.37029589999999857,20.21766079
night,2022-12-03,61,20.4939,3,315,130.873391001,prediction,2,1,2_1_315,2_315_3,-0.5668000000000006,-0.6025029400000008,19.61515785
night,2022-12-03,74,20.4528,4,315,183.256425919,prediction,2,1,2_1_315,2_315_4,-0.041100000000000136,-0.1829655499999987,19.4321923
night,2022-12-03,83,19.5948,5,315,235.603359681,prediction,2,1,2_1_315,2_315_5,-0.8580000000000005,-0.8682406399999998,18.56395166
night,2022-12-03,94,19.5404,6,315,287.977630168,prediction,2,1,2_1_315,2_315_6,-0.05439999999999756,-0.059360240000000175,18.50459142
night,2022-12-03,105,19.7113,7,315,340.304761915,prediction,2,1,2_1_315,2_315_7,0.1708999999999996,0.2879864699999999,18.79257789
night,2022-12-03,116,19.255,8,315,392.718288014,prediction,2,1,2_1_315,2_315_8,-0.45630000000000237,-0.21118952000000135,18.58138837
night,2022-12-03,127,19.3814,9,315,445.092654475,prediction,2,1,2_1_315,2_315_9,0.1264000000000003,0.35747986000000154,18.93886823
night,2022-12-03,138,19.1376,10,315,497.40865149,prediction,2,1,2_1_315,2_315_10,-0.24380000000000024,-0.17474186000000103,18.76412637
night,2022-12-03,149,18.5084,11,315,547.068358919,prediction,2,1,2_1_315,2_315_11,-0.6291999999999973,-0.7192279600000013,18.04489841
night,2022-12-03,160,18.4518,12,315,601.620474081,prediction,2,1,2_1_315,2_315_12,-0.05660000000000309,-0.07466540999999793,17.970233
night,2022-12-03,171,18.3473,13,315,653.939654538,prediction,2,1,2_1_315,2_315_13,-0.10449999999999804,-0.0757573899999997,17.89447561
night,2022-12-03,183,17.9537,14,315,707.256506323,prediction,2,1,2_1_315,2_315_14,-0.3935999999999993,-0.24084026999999963,17.65363534
night,2022-12-03,193,17.9348,15,315,758.727653744,prediction,2,1,2_1_315,2_315_15,-0.018900000000002137,0.07005367000000007,17.72368901
night,2022-12-03,204,17.7874,16,315,811.059153639,prediction,2,1,2_1_315,2_315_16,-0.14739999999999753,-0.16855656000000252,17.55513245
night,2022-12-03,211,18.0377,17,315,864.340763528,prediction,2,1,2_1_315,2_315_17,0.2502999999999993,0.12544746000000018,17.68057991
night,2022-12-03,226,18.1011,18,315,915.83925752,prediction,2,1,2_1_315,2_315_18,0.0633999999999979,-0.004865599999998693,17.67571431
night,2022-12-03,237,18.4042,19,315,968.179492611,prediction,2,1,2_1_315,2_315_19,0.3031000000000006,0.3100178100000015,17.98573212
night,2022-12-03,248,18.2353,20,315,1020.52043405,prediction,2,1,2_1_315,2_315_20,-0.16890000000000072,-0.23570684000000242,17.75002528
night,2022-12-03,260,17.9567,21,315,1074.27874941,prediction,2,1,2_1_315,2_315_21,-0.2785999999999973,-0.3216750399999988,17.42835024
night,2022-12-03,270,17.8502,22,315,1125.34266539,prediction,2,1,2_1_315,2_315_22,-0.10650000000000048,-0.08365986000000092,17.34469038
night,2022-12-03,281,18.5616,23,315,1177.69223154,prediction,2,1,2_1_315,2_315_23,0.7113999999999976,0.7162538900000008,18.06094427
night,2022-12-03,292,18.2885,24,315,1230.0425277,prediction,2,1,2_1_315,2_315_24,-0.27309999999999945,-0.3529970099999993,17.70794726
night,2022-12-03,303,18.1688,25,315,1282.39359165,prediction,2,1,2_1_315,2_315_25,-0.11969999999999814,-0.14718109000000013,17.56076617
night,2022-12-03,314,18.223,26,315,1336.49391968,prediction,2,1,2_1_315,2_315_26,0.05419999999999803,0.047066349999997925,17.60783252
night,2022-12-03,325,17.9825,27,315,1387.23503065,prediction,2,1,2_1_315,2_315_27,-0.24049999999999727,-0.30442530999999917,17.30340721
night,2022-12-03,336,17.2077,28,315,1439.59346859,prediction,2,1,2_1_315,2_315_28,-0.7748000000000026,-0.9129243500000008,16.39048286
night,2022-12-03,347,16.9039,29,315,1491.95272129,prediction,2,1,2_1_315,2_315_29,-0.30379999999999896,-0.4655232999999992,15.92495956
night,2022-12-03,358,16.8718,30,315,1544.3126586,prediction,2,1,2_1_315,2_315_30,-0.032099999999999795,-0.05049848999999895,15.87446107
night,2022-12-03,41,21.4739,1,345,26.1500688971,prediction,2,1,2_1_345,2_345_1,0.14091900000000024,0.20286241999999888,20.43286242
night,2022-12-03,49,21.6626,2,345,78.5070511329,prediction,2,1,2_1_345,2_345_2,0.18870000000000076,0.3764027200000015,20.80926514
night,2022-12-03,60,21.1157,3,345,130.872835727,prediction,2,1,2_1_345,2_345_3,-0.5469000000000008,-0.5822020400000021,20.2270631
night,2022-12-03,71,21.1538,4,345,183.24991072,prediction,2,1,2_1_345,2_345_4,0.03810000000000002,-0.09003567999999973,20.13702742
night,2022-12-03,82,21.1506,5,345,235.601945306,prediction,2,1,2_1_345,2_345_5,-0.0031999999999996476,-0.1640568800000004,19.97297054
night,2022-12-03,93,20.9147,6,345,287.968116355,prediction,2,1,2_1_345,2_345_6,-0.2359000000000009,-0.21013169999999803,19.76283884
night,2022-12-03,104,20.5951,7,345,340.295141519,prediction,2,1,2_1_345,2_345_7,-0.3196000000000012,-0.12084984000000176,19.641989
night,2022-12-03,115,20.5247,8,345,392.709712269,prediction,2,1,2_1_345,2_345_8,-0.07039999999999935,0.18826475000000187,19.83025375
night,2022-12-03,126,19.3381,9,345,445.079436204,prediction,2,1,2_1_345,2_345_9,-1.1865999999999985,-1.2198474899999994,18.61040626
night,2022-12-03,137,19.7515,10,345,497.390112246,prediction,2,1,2_1_345,2_345_10,0.4133999999999993,0.3288231899999978,18.93922945
night,2022-12-03,145,19.3689,11,345,546.992209207,prediction,2,1,2_1_345,2_345_11,-0.38260000000000005,-0.47763671999999957,18.46159273
night,2022-12-03,159,19.2049,12,345,601.582898436,prediction,2,1,2_1_345,2_345_12,-0.16400000000000148,0.04761311000000035,18.50920584
night,2022-12-03,170,18.8285,13,345,653.896039442,prediction,2,1,2_1_345,2_345_13,-0.3764000000000003,-0.19471460000000107,18.31449124
night,2022-12-03,181,18.1008,14,345,707.200965457,prediction,2,1,2_1_345,2_345_14,-0.7276999999999987,-0.7484632599999976,17.56602798
night,2022-12-03,192,17.8869,15,345,758.669844378,prediction,2,1,2_1_345,2_345_15,-0.21389999999999887,-0.3844773700000026,17.18155061
night,2022-12-03,203,18.3295,16,345,810.993894777,prediction,2,1,2_1_345,2_345_16,0.44259999999999877,0.38004151000000164,17.56159212
night,2022-12-03,215,17.9694,17,345,864.503329694,prediction,2,1,2_1_345,2_345_17,-0.3600999999999992,-0.4745500500000013,17.08704207
night,2022-12-03,225,17.6248,18,345,915.786279166,prediction,2,1,2_1_345,2_345_18,-0.3445999999999998,-0.35142396999999903,16.7356181
night,2022-12-03,236,17.3765,19,345,968.119276911,prediction,2,1,2_1_345,2_345_19,-0.2483000000000004,-0.1976462099999985,16.53797189
night,2022-12-03,247,17.4798,20,345,1020.45253703,prediction,2,1,2_1_345,2_345_20,0.10330000000000084,0.2419223699999975,16.77989426
night,2022-12-03,257,17.1938,21,345,1074.18632633,prediction,2,1,2_1_345,2_345_21,-0.28600000000000136,-0.2752296199999975,16.50466464
night,2022-12-03,269,16.9439,22,345,1125.25634889,prediction,2,1,2_1_345,2_345_22,-0.24990000000000023,-0.2682057499999999,16.23645889
night,2022-12-03,280,16.8551,23,345,1177.59668494,prediction,2,1,2_1_345,2_345_23,-0.0887999999999991,-0.19217720000000327,16.04428169
night,2022-12-03,291,16.1694,24,345,1229.93735902,prediction,2,1,2_1_345,2_345_24,-0.6857000000000006,-0.6579097299999983,15.38637196
night,2022-12-25,40,20.67235849,1,15,26.1499340473,base,2,2,2_2_15,2_15_1,0.44235849000000016,0.44235849000000016,20.67235849
night,2022-12-25,46,19.5302557,2,15,78.50635058,base,2,2,2_2_15,2_15_2,-1.1421027899999991,-1.1421027899999991,19.5302557
night,2022-12-25,59,19.62324176,3,15,130.871230267,base,2,2,2_2_15,2_15_3,0.09298605999999765,0.09298605999999765,19.62324176
night,2022-12-25,69,19.91462929,4,15,183.246919315,base,2,2,2_2_15,2_15_4,0.2913875300000015,0.2913875300000015,19.91462929
night,2022-12-25,81,19.96632808,5,15,235.597026849,base,2,2,2_2_15,2_15_5,0.05169878999999966,0.05169878999999966,19.96632808
night,2022-12-25,92,19.61208309,6,15,287.960622974,base,2,2,2_2_15,2_15_6,-0.35424499000000154,-0.35424499000000154,19.61208309
night,2022-12-25,103,19.80971771,7,15,340.284751843,base,2,2,2_2_15,2_15_7,0.19763462000000231,0.19763462000000231,19.80971771
night,2022-12-25,114,19.04874558,8,15,392.695837136,base,2,2,2_2_15,2_15_8,-0.7609721300000025,-0.7609721300000025,19.04874558
night,2022-12-25,125,18.6502903,9,15,445.06189049,base,2,2,2_2_15,2_15_9,-0.39845527999999675,-0.39845527999999675,18.6502903
night,2022-12-25,136,19.16623036,10,15,497.368061999,base,2,2,2_2_15,2_15_10,0.5159400599999984,0.5159400599999984,19.16623036
night,2022-12-25,143,18.88890511,11,15,546.961835945,base,2,2,2_2_15,2_15_11,-0.2773252500000005,-0.2773252500000005,18.88890511
night,2022-12-25,158,19.17837726,12,15,601.549994255,base,2,2,2_2_15,2_15_12,0.2894721500000017,0.2894721500000017,19.17837726
night,2022-12-25,169,18.89944015,13,15,653.857246533,base,2,2,2_2_15,2_15_13,-0.2789371100000011,-0.2789371100000011,18.89944015
night,2022-12-25,180,18.55644136,14,15,707.152439805,base,2,2,2_2_15,2_15_14,-0.34299878999999933,-0.34299878999999933,18.55644136
night,2022-12-25,190,18.37977925,15,15,758.617319606,base,2,2,2_2_15,2_15_15,-0.17666211000000231,-0.17666211000000231,18.37977925
night,2022-12-25,201,18.34872328,16,15,810.933963379,base,2,2,2_2_15,2_15_16,-0.031055969999997046,-0.031055969999997046,18.34872328
night,2022-12-25,213,18.70791659,17,15,864.438434635,base,2,2,2_2_15,2_15_17,0.35919330999999843,0.35919330999999843,18.70791659
night,2022-12-25,223,18.79393294,18,15,915.710469659,base,2,2,2_2_15,2_15_18,0.0860163500000013,0.0860163500000013,18.79393294
night,2022-12-25,234,18.64137396,19,15,968.034633446,base,2,2,2_2_15,2_15_19,-0.152558980000002,-0.152558980000002,18.64137396
night,2022-12-25,245,17.38772102,20,15,1020.3586323,base,2,2,2_2_15,2_15_20,-1.2536529399999985,-1.2536529399999985,17.38772102
night,2022-12-25,255,16.47193485,21,15,1074.08747563,base,2,2,2_2_15,2_15_21,-0.9157861700000005,-0.9157861700000005,16.47193485
night,2022-12-25,267,16.39686246,22,15,1125.14278858,base,2,2,2_2_15,2_15_22,-0.07507238999999899,-0.07507238999999899,16.39686246
night,2022-12-25,278,16.13445062,23,15,1177.47240482,base,2,2,2_2_15,2_15_23,-0.2624118400000022,-0.2624118400000022,16.13445062
night,2022-12-25,35,20.19264999,1,45,26.1492919353,base,2,2,2_2_45,2_45_1,-0.03735001000000082,-0.03735001000000082,20.19264999
night,2022-12-25,45,19.8534642,2,45,78.5051404983,base,2,2,2_2_45,2_45_2,-0.3391857899999984,-0.3391857899999984,19.8534642
night,2022-12-25,57,20.15288567,3,45,130.869096061,base,2,2,2_2_45,2_45_3,0.29942146999999864,0.29942146999999864,20.15288567
night,2022-12-25,70,19.88467293,4,45,183.248158249,base,2,2,2_2_45,2_45_4,-0.2682127399999992,-0.2682127399999992,19.88467293
night,2022-12-25,79,20.01590681,5,45,235.589826951,base,2,2,2_2_45,2_45_5,0.13123387999999991,0.13123387999999991,20.01590681
night,2022-12-25,91,20.44949851,6,45,287.957554831,base,2,2,2_2_45,2_45_6,0.4335917000000009,0.4335917000000009,20.44949851
night,2022-12-25,102,20.13736534,7,45,340.276678648,base,2,2,2_2_45,2_45_7,-0.31213317000000274,-0.31213317000000274,20.13736534
night,2022-12-25,111,19.67249958,8,45,392.681811001,base,2,2,2_2_45,2_45_8,-0.4648657599999986,-0.4648657599999986,19.67249958
night,2022-12-25,122,19.84373024,9,45,445.044364492,base,2,2,2_2_45,2_45_9,0.1712306599999991,0.1712306599999991,19.84373024
night,2022-12-25,134,19.43916824,10,45,497.348890797,base,2,2,2_2_45,2_45_10,-0.40456199999999853,-0.40456199999999853,19.43916824
night,2022-12-25,146,19.13869682,11,45,546.992632234,base,2,2,2_2_45,2_45_11,-0.30047142000000093,-0.30047142000000093,19.13869682
night,2022-12-25,156,19.46451311,12,45,601.532445915,base,2,2,2_2_45,2_45_12,0.3258162899999988,0.3258162899999988,19.46451311
night,2022-12-25,167,19.80276505,13,45,653.835724378,base,2,2,2_2_45,2_45_13,0.3382519400000028,0.3382519400000028,19.80276505
night,2022-12-25,179,19.91028439,14,45,707.144348088,base,2,2,2_2_45,2_45_14,0.10751933999999963,0.10751933999999963,19.91028439
night,2022-12-25,189,19.14834711,15,45,758.58921792,base,2,2,2_2_45,2_45_15,-0.7619372800000015,-0.7619372800000015,19.14834711
night,2022-12-25,200,19.31341756,16,45,810.90091175,base,2,2,2_2_45,2_45_16,0.16507045000000176,0.16507045000000176,19.31341756
night,2022-12-25,208,19.8733297,17,45,864.159798579,base,2,2,2_2_45,2_45_17,0.559912139999998,0.559912139999998,19.8733297
night,2022-12-25,221,19.74403166,18,45,915.637247911,base,2,2,2_2_45,2_45_18,-0.12929803999999834,-0.12929803999999834,19.74403166
night,2022-12-25,232,19.15865944,19,45,967.953625279,base,2,2,2_2_45,2_45_19,-0.58537222,-0.58537222,19.15865944
night,2022-12-25,243,18.51718331,20,45,1020.26945164,base,2,2,2_2_45,2_45_20,-0.6414761300000009,-0.6414761300000009,18.51718331
night,2022-12-25,254,18.46989631,21,45,1073.99224514,base,2,2,2_2_45,2_45_21,-0.047287000000000745,-0.047287000000000745,18.46989631
night,2022-12-25,266,18.80304081,22,45,1125.0365688,base,2,2,2_2_45,2_45_22,0.3331444999999995,0.3331444999999995,18.80304081
night,2022-12-25,277,18.61127362,23,45,1177.35692372,base,2,2,2_2_45,2_45_23,-0.1917671900000002,-0.1917671900000002,18.61127362
night,2022-12-25,288,18.0015066,24,45,1229.67680296,base,2,2,2_2_45,2_45_24,-0.6097670199999996,-0.6097670199999996,18.0015066
night,2022-12-25,298,18.45175415,25,45,1281.99601257,base,2,2,2_2_45,2_45_25,0.4502475500000003,0.4502475500000003,18.45175415
night,2022-12-25,309,18.29116866,26,45,1336.0622659,base,2,2,2_2_45,2_45_26,-0.160585489999999,-0.160585489999999,18.29116866
night,2022-12-25,320,18.33504846,27,45,1386.76970677,base,2,2,2_2_45,2_45_27,0.043879799999999136,0.043879799999999136,18.33504846
night,2022-12-25,331,18.13962613,28,45,1439.09234714,base,2,2,2_2_45,2_45_28,-0.19542232999999953,-0.19542232999999953,18.13962613
night,2022-12-25,342,18.132692,29,45,1491.41441585,base,2,2,2_2_45,2_45_29,-0.006934130000001204,-0.006934130000001204,18.132692
night,2022-12-25,353,18.21000578,30,45,1543.73587725,base,2,2,2_2_45,2_45_30,0.07731378000000078,0.07731378000000078,18.21000578
night,2022-12-25,33,20.683221,1,75,26.148976916,base,2,2,2_2_75,2_75_1,0.4532209999999992,0.4532209999999992,20.683221
night,2022-12-25,51,20.31976073,2,75,78.507621266,base,2,2,2_2_75,2_75_2,-0.3634602700000009,-0.3634602700000009,20.31976073
night,2022-12-25,56,20.6108357,3,75,130.868089502,base,2,2,2_2_75,2_75_3,0.2910749700000004,0.2910749700000004,20.6108357
night,2022-12-25,67,20.29995184,4,75,183.244421032,base,2,2,2_2_75,2_75_4,-0.31088386000000057,-0.31088386000000057,20.29995184
night,2022-12-25,77,19.509756,5,75,235.586681799,base,2,2,2_2_75,2_75_5,-0.7901958399999991,-0.7901958399999991,19.509756
night,2022-12-25,89,20.0763881,6,75,287.954487322,base,2,2,2_2_75,2_75_6,0.5666320999999996,0.5666320999999996,20.0763881
night,2022-12-25,99,20.29897133,7,75,340.271549334,base,2,2,2_2_75,2_75_7,0.22258323000000146,0.22258323000000146,20.29897133
night,2022-12-25,109,20.07274233,8,75,392.674128151,base,2,2,2_2_75,2_75_8,-0.226229,-0.226229,20.07274233
night,2022-12-25,121,20.18916206,9,75,445.040277329,base,2,2,2_2_75,2_75_9,0.1164197300000005,0.1164197300000005,20.18916206
night,2022-12-25,132,20.51389599,10,75,497.338930083,base,2,2,2_2_75,2_75_10,0.3247339300000007,0.3247339300000007,20.51389599
night,2022-12-25,147,20.69917487,11,75,547.000708722,base,2,2,2_2_75,2_75_11,0.18527887999999848,0.18527887999999848,20.69917487
night,2022-12-25,154,20.32811109,12,75,601.521631113,base,2,2,2_2_75,2_75_12,-0.37106378000000007,-0.37106378000000007,20.32811109
night,2022-12-25,165,20.42128243,13,75,653.822554947,base,2,2,2_2_75,2_75_13,0.09317134000000138,0.09317134000000138,20.42128243
night,2022-12-25,175,20.39555358,14,75,706.911391158,base,2,2,2_2_75,2_75_14,-0.025728850000000136,-0.025728850000000136,20.39555358
night,2022-12-25,186,20.96744525,15,75,758.538606215,base,2,2,2_2_75,2_75_15,0.5718916699999994,0.5718916699999994,20.96744525
night,2022-12-25,197,21.13345866,16,75,810.845114994,base,2,2,2_2_75,2_75_16,0.16601340999999792,0.16601340999999792,21.13345866
night,2022-12-25,216,21.01099097,17,75,864.537255183,base,2,2,2_2_75,2_75_17,-0.12246768999999702,-0.12246768999999702,21.01099097
night,2022-12-25,220,20.68207266,18,75,915.623591996,base,2,2,2_2_75,2_75_18,-0.3289183100000024,-0.3289183100000024,20.68207266
night,2022-12-25,231,20.41761007,19,75,967.937262268,base,2,2,2_2_75,2_75_19,-0.26446259000000083,-0.26446259000000083,20.41761007
night,2022-12-25,242,20.42293357,20,75,1020.25015995,base,2,2,2_2_75,2_75_20,0.005323500000002923,0.005323500000002923,20.42293357
night,2022-12-25,253,20.56937704,21,75,1073.84509471,base,2,2,2_2_75,2_75_21,0.1464434699999977,0.1464434699999977,20.56937704
night,2022-12-25,263,20.38160291,22,75,1124.99866854,base,2,2,2_2_75,2_75_22,-0.18777412999999754,-0.18777412999999754,20.38160291
night,2022-12-25,274,20.17547868,23,75,1177.3150084,base,2,2,2_2_75,2_75_23,-0.20612423000000035,-0.20612423000000035,20.17547868
night,2022-12-25,285,20.0485669,24,75,1229.63061299,base,2,2,2_2_75,2_75_24,-0.12691178000000036,-0.12691178000000036,20.0485669
night,2022-12-25,296,19.48518092,25,75,1281.94545509,base,2,2,2_2_75,2_75_25,-0.5633859799999996,-0.5633859799999996,19.48518092
night,2022-12-25,307,18.89079432,26,75,1335.94686661,base,2,2,2_2_75,2_75_26,-0.5943866,-0.5943866,18.89079432
night,2022-12-25,318,18.52484342,27,75,1386.70513346,base,2,2,2_2_75,2_75_27,-0.3659509000000014,-0.3659509000000014,18.52484342
night,2022-12-25,329,18.71665061,28,75,1439.02265301,base,2,2,2_2_75,2_75_28,0.19180718999999868,0.19180718999999868,18.71665061
night,2022-12-25,340,17.90731948,29,75,1491.33954379,base,2,2,2_2_75,2_75_29,-0.8093311299999968,-0.8093311299999968,17.90731948
night,2022-12-25,351,19.17001343,30,75,1543.65559389,base,2,2,2_2_75,2_75_30,1.2626939499999992,1.2626939499999992,19.17001343
night,2022-12-25,34,20.19040097,1,105,26.1489802967,base,2,2,2_2_105,2_105_1,-0.039599030000001534,-0.039599030000001534,20.19040097
night,2022-12-25,44,20.06688175,2,105,78.5047576509,base,2,2,2_2_105,2_105_2,-0.1235192199999986,-0.1235192199999986,20.06688175
night,2022-12-25,58,20.48309416,3,105,130.870643632,base,2,2,2_2_105,2_105_3,0.41621241,0.41621241,20.48309416
night,2022-12-25,66,20.31377968,4,105,183.242955556,base,2,2,2_2_105,2_105_4,-0.1693144800000006,-0.1693144800000006,20.31377968
night,2022-12-25,78,19.79654562,5,105,235.588284549,base,2,2,2_2_105,2_105_5,-0.5172340599999998,-0.5172340599999998,19.79654562
night,2022-12-25,87,19.71060912,6,105,287.952342449,base,2,2,2_2_105,2_105_6,-0.08593649999999897,-0.08593649999999897,19.71060912
night,2022-12-25,98,20.14167711,7,105,340.2706357,base,2,2,2_2_105,2_105_7,0.43106798999999896,0.43106798999999896,20.14167711
night,2022-12-25,110,20.30965255,8,105,392.677146954,base,2,2,2_2_105,2_105_8,0.1679754399999993,0.1679754399999993,20.30965255
night,2022-12-25,120,20.67387054,9,105,445.034567252,base,2,2,2_2_105,2_105_9,0.3642179900000002,0.3642179900000002,20.67387054
night,2022-12-25,131,20.77886503,10,105,497.337391364,base,2,2,2_2_105,2_105_10,0.10499448999999927,0.10499448999999927,20.77886503
night,2022-12-25,148,20.67828693,11,105,547.00681307,base,2,2,2_2_105,2_105_11,-0.10057809999999989,-0.10057809999999989,20.67828693
night,2022-12-25,153,20.55637399,12,105,601.521158094,base,2,2,2_2_105,2_105_12,-0.12191293999999786,-0.12191293999999786,20.55637399
night,2022-12-25,164,21.1406623,13,105,653.821981781,base,2,2,2_2_105,2_105_13,0.584288309999998,0.584288309999998,21.1406623
night,2022-12-25,178,21.32156575,14,105,707.099592883,base,2,2,2_2_105,2_105_14,0.1809034500000024,0.1809034500000024,21.32156575
night,2022-12-25,188,21.41616849,15,105,758.56574345,base,2,2,2_2_105,2_105_15,0.09460273999999913,0.09460273999999913,21.41616849
night,2022-12-25,198,21.1532689,16,105,810.874048291,base,2,2,2_2_105,2_105_16,-0.26289958999999996,-0.26289958999999996,21.1532689
night,2022-12-25,207,21.222758,17,105,864.082555014,base,2,2,2_2_105,2_105_17,0.06948909999999842,0.06948909999999842,21.222758
night,2022-12-25,219,21.1028174,18,105,915.597310755,base,2,2,2_2_105,2_105_18,-0.11994059999999962,-0.11994059999999962,21.1028174
night,2022-12-25,229,21.11994019,19,105,967.909398761,base,2,2,2_2_105,2_105_19,0.017122790000001942,0.017122790000001942,21.11994019
night,2022-12-25,240,21.1702742,20,105,1020.22073198,base,2,2,2_2_105,2_105_20,0.05033401000000026,0.05033401000000026,21.1702742
night,2022-12-25,256,21.28236933,21,105,1074.11172432,base,2,2,2_2_105,2_105_21,0.11209513000000015,0.11209513000000015,21.28236933
night,2022-12-25,262,20.97513926,22,105,1124.99505457,base,2,2,2_2_105,2_105_22,-0.3072300700000028,-0.3072300700000028,20.97513926
night,2022-12-25,273,20.94392677,23,105,1177.31112423,base,2,2,2_2_105,2_105_23,-0.031212489999997928,-0.031212489999997928,20.94392677
night,2022-12-25,284,21.09091905,24,105,1229.62646731,base,2,2,2_2_105,2_105_24,0.1469922799999992,0.1469922799999992,21.09091905
night,2022-12-25,295,20.82663086,25,105,1281.94101005,base,2,2,2_2_105,2_105_25,-0.2642881899999985,-0.2642881899999985,20.82663086
night,2022-12-25,306,20.83439437,26,105,1335.94636579,base,2,2,2_2_105,2_105_26,0.007763509999996643,0.007763509999996643,20.83439437
night,2022-12-25,317,20.81494394,27,105,1386.70041475,base,2,2,2_2_105,2_105_27,-0.01945042999999913,-0.01945042999999913,20.81494394
night,2022-12-25,328,20.91485876,28,105,1439.01773273,base,2,2,2_2_105,2_105_28,0.09991482000000218,0.09991482000000218,20.91485876
night,2022-12-25,339,21.25909701,29,105,1491.33427335,base,2,2,2_2_105,2_105_29,0.3442382500000001,0.3442382500000001,21.25909701
night,2022-12-25,37,19.92359032,1,135,26.149317842,base,2,2,2_2_135,2_135_1,-0.30640968000000157,-0.30640968000000157,19.92359032
night,2022-12-25,50,20.19618093,2,135,78.5072596515,base,2,2,2_2_135,2_135_2,0.27259061000000173,0.27259061000000173,20.19618093
night,2022-12-25,55,19.95318858,3,135,130.866816893,base,2,2,2_2_135,2_135_3,-0.24299235000000152,-0.24299235000000152,19.95318858
night,2022-12-25,68,19.95726001,4,135,183.246181946,base,2,2,2_2_135,2_135_4,0.004071429999999765,0.004071429999999765,19.95726001
night,2022-12-25,80,20.34528754,5,135,235.591466007,base,2,2,2_2_135,2_135_5,0.38802753000000223,0.38802753000000223,20.34528754
night,2022-12-25,90,20.11961646,6,135,287.954804033,base,2,2,2_2_135,2_135_6,-0.22567108000000147,-0.22567108000000147,20.11961646
night,2022-12-25,100,20.15473256,7,135,340.275296586,base,2,2,2_2_135,2_135_7,0.03511609999999976,0.03511609999999976,20.15473256
night,2022-12-25,112,20.98803097,8,135,392.683283752,base,2,2,2_2_135,2_135_8,0.8332984100000012,0.8332984100000012,20.98803097
night,2022-12-25,123,21.12423811,9,135,445.047630348,base,2,2,2_2_135,2_135_9,0.13620713999999978,0.13620713999999978,21.12423811
night,2022-12-25,133,21.40931643,10,135,497.348469066,base,2,2,2_2_135,2_135_10,0.2850783200000002,0.2850783200000002,21.40931643
night,2022-12-25,144,21.27740104,11,135,546.989476845,base,2,2,2_2_135,2_135_11,-0.13191538999999963,-0.13191538999999963,21.27740104
night,2022-12-25,155,20.959925,12,135,601.531126669,base,2,2,2_2_135,2_135_12,-0.3174760400000025,-0.3174760400000025,20.959925
night,2022-12-25,166,20.87630693,13,135,653.834129524,base,2,2,2_2_135,2_135_13,-0.08361806999999999,-0.08361806999999999,20.87630693
night,2022-12-25,176,21.18387556,14,135,706.99344984,base,2,2,2_2_135,2_135_14,0.30756863000000223,0.30756863000000223,21.18387556
night,2022-12-25,187,20.88045909,15,135,758.56495277,base,2,2,2_2_135,2_135_15,-0.30341647000000194,-0.30341647000000194,20.88045909
night,2022-12-25,199,20.96574163,16,135,810.874751296,base,2,2,2_2_135,2_135_16,0.08528254000000146,0.08528254000000146,20.96574163
night,2022-12-25,214,20.79633185,17,135,864.502557439,base,2,2,2_2_135,2_135_17,-0.16940977999999873,-0.16940977999999873,20.79633185
night,2022-12-25,222,20.94695998,18,135,915.652165759,base,2,2,2_2_135,2_135_18,0.15062812999999764,0.15062812999999764,20.94695998
night,2022-12-25,233,20.93368482,19,135,967.96920464,base,2,2,2_2_135,2_135_19,-0.013275159999999175,-0.013275159999999175,20.93368482
night,2022-12-25,244,20.99289606,20,135,1020.28562,base,2,2,2_2_135,2_135_20,0.059211239999999776,0.059211239999999776,20.99289606
night,2022-12-25,252,20.89775882,21,135,1073.76805203,base,2,2,2_2_135,2_135_21,-0.09513723999999968,-0.09513723999999968,20.89775882
night,2022-12-25,265,20.87723597,22,135,1125.03033604,base,2,2,2_2_135,2_135_22,-0.020522849999998982,-0.020522849999998982,20.87723597
night,2022-12-25,276,20.92592662,23,135,1177.35018859,base,2,2,2_2_135,2_135_23,0.048690649999997504,0.048690649999997504,20.92592662
night,2022-12-25,286,20.80056855,24,135,1229.6694143,base,2,2,2_2_135,2_135_24,-0.1253580699999972,-0.1253580699999972,20.80056855
night,2022-12-25,297,20.72128053,25,135,1281.98801862,base,2,2,2_2_135,2_135_25,-0.0792880199999999,-0.0792880199999999,20.72128053
night,2022-12-25,308,20.51555487,26,135,1336.053695,base,2,2,2_2_135,2_135_26,-0.20572566000000236,-0.20572566000000236,20.51555487
night,2022-12-25,319,20.37594554,27,135,1386.76048224,base,2,2,2_2_135,2_135_27,-0.13960932999999898,-0.13960932999999898,20.37594554
night,2022-12-25,330,21.04919226,28,135,1439.08243693,base,2,2,2_2_135,2_135_28,0.6732467200000016,0.6732467200000016,21.04919226
night,2022-12-25,341,20.83582914,29,135,1491.40380652,base,2,2,2_2_135,2_135_29,-0.21336312000000035,-0.21336312000000035,20.83582914
night,2022-12-25,352,20.86356556,30,135,1543.72456742,base,2,2,2_2_135,2_135_30,0.027736420000000095,0.027736420000000095,20.86356556
night,2022-12-25,1,19.76786259,1,165,26.1588683337,base,2,2,2_2_165,2_165_1,-0.4621374100000004,-0.4621374100000004,19.76786259
night,2022-12-25,2,19.55914043,2,165,78.5320887888,base,2,2,2_2_165,2_165_2,-0.20872216000000066,-0.20872216000000066,19.55914043
night,2022-12-25,3,19.61060941,3,165,130.916650141,base,2,2,2_2_165,2_165_3,0.05146897999999922,0.05146897999999922,19.61060941
night,2022-12-25,4,19.52152726,4,165,183.310421724,base,2,2,2_2_165,2_165_4,-0.08908214999999942,-0.08908214999999942,19.52152726
night,2022-12-25,5,20.36921575,5,165,235.675126489,base,2,2,2_2_165,2_165_5,0.8476884899999995,0.8476884899999995,20.36921575
night,2022-12-25,6,20.06314582,6,165,288.059716914,base,2,2,2_2_165,2_165_6,-0.3060699299999996,-0.3060699299999996,20.06314582
night,2022-12-25,7,21.06043721,7,165,340.40027276,base,2,2,2_2_165,2_165_7,0.9972913900000009,0.9972913900000009,21.06043721
night,2022-12-25,8,22.62108632,8,165,392.825928488,base,2,2,2_2_165,2_165_8,1.56064911,1.56064911,22.62108632
night,2022-12-25,9,22.58188178,9,165,445.20954897,base,2,2,2_2_165,2_165_9,-0.039204540000000065,-0.039204540000000065,22.58188178
night,2022-12-25,10,21.40798318,10,165,497.534870608,base,2,2,2_2_165,2_165_10,-1.1738986000000011,-1.1738986000000011,21.40798318
night,2022-12-25,11,21.05806893,11,165,547.152727294,base,2,2,2_2_165,2_165_11,-0.34991424999999765,-0.34991424999999765,21.05806893
night,2022-12-25,12,21.91367997,12,165,601.752722326,base,2,2,2_2_165,2_165_12,0.8556110399999994,0.8556110399999994,21.91367997
night,2022-12-25,13,22.2524197,13,165,654.077375696,base,2,2,2_2_165,2_165_13,0.33873973000000035,0.33873973000000035,22.2524197
night,2022-12-25,14,22.0108903,14,165,707.437718627,base,2,2,2_2_165,2_165_14,-0.241529400000001,-0.241529400000001,22.0108903
night,2022-12-25,15,21.68206022,15,165,758.879133405,base,2,2,2_2_165,2_165_15,-0.32883007999999947,-0.32883007999999947,21.68206022
night,2022-12-25,16,21.29970304,16,165,811.213544416,base,2,2,2_2_165,2_165_16,-0.38235717999999963,-0.38235717999999963,21.29970304
night,2022-12-25,217,21.00345958,17,165,864.593146426,base,2,2,2_2_165,2_165_17,-0.29624345999999946,-0.29624345999999946,21.00345958
night,2022-12-25,18,20.99125724,18,165,916.008171598,base,2,2,2_2_165,2_165_18,-0.012202340000001755,-0.012202340000001755,20.99125724
night,2022-12-25,19,20.93888018,19,165,968.348947967,base,2,2,2_2_165,2_165_19,-0.052377059999997755,-0.052377059999997755,20.93888018
night,2022-12-25,20,20.90977331,20,165,1020.68951414,base,2,2,2_2_165,2_165_20,-0.029106870000003227,-0.029106870000003227,20.90977331
night,2022-12-25,21,20.6993454,21,165,1074.54249828,base,2,2,2_2_165,2_165_21,-0.21042790999999994,-0.21042790999999994,20.6993454
night,2022-12-25,22,20.70141833,22,165,1125.51728983,base,2,2,2_2_165,2_165_22,0.002072930000000639,0.002072930000000639,20.70141833
night,2022-12-25,23,20.7076526,23,165,1177.86387697,base,2,2,2_2_165,2_165_23,0.006234270000000208,0.006234270000000208,20.7076526
night,2022-12-25,24,20.40636652,24,165,1230.21017942,base,2,2,2_2_165,2_165_24,-0.30128608000000057,-0.30128608000000057,20.40636652
night,2022-12-25,32,19.86608707,1,195,26.1484865544,base,2,2,2_2_195,2_195_1,-0.36391293000000147,-0.36391293000000147,19.86608707
night,2022-12-25,43,19.6485054,2,195,78.5016954405,base,2,2,2_2_195,2_195_2,-0.21758166999999773,-0.21758166999999773,19.6485054
night,2022-12-25,54,20.18846276,3,195,130.865764168,base,2,2,2_2_195,2_195_3,0.5399573599999989,0.5399573599999989,20.18846276
night,2022-12-25,65,19.8992252,4,195,183.241181439,base,2,2,2_2_195,2_195_4,-0.2892375600000001,-0.2892375600000001,19.8992252
night,2022-12-25,76,19.75858925,5,195,235.586306566,base,2,2,2_2_195,2_195_5,-0.14063595000000007,-0.14063595000000007,19.75858925
night,2022-12-25,88,19.61570149,6,195,287.953574821,base,2,2,2_2_195,2_195_6,-0.1428877600000007,-0.1428877600000007,19.61570149
night,2022-12-25,101,19.73818987,7,195,340.276063867,base,2,2,2_2_195,2_195_7,0.12248838000000006,0.12248838000000006,19.73818987
night,2022-12-25,113,19.22561834,8,195,392.683423375,base,2,2,2_2_195,2_195_8,-0.5125715299999989,-0.5125715299999989,19.22561834
night,2022-12-25,124,19.7542249,9,195,445.05299325,base,2,2,2_2_195,2_195_9,0.5286065600000001,0.5286065600000001,19.7542249
night,2022-12-25,135,20.06528185,10,195,497.360915159,base,2,2,2_2_195,2_195_10,0.3110569500000011,0.3110569500000011,20.06528185
night,2022-12-25,142,20.09485714,11,195,546.956662613,base,2,2,2_2_195,2_195_11,0.029575289999996812,0.029575289999996812,20.09485714
night,2022-12-25,157,19.67880806,12,195,601.546952442,base,2,2,2_2_195,2_195_12,-0.41604907999999696,-0.41604907999999696,19.67880806
night,2022-12-25,168,19.52124969,13,195,653.857004574,base,2,2,2_2_195,2_195_13,-0.15755837000000028,-0.15755837000000028,19.52124969
night,2022-12-25,182,19.48819027,14,195,707.223320408,base,2,2,2_2_195,2_195_14,-0.03305942000000073,-0.03305942000000073,19.48819027
night,2022-12-25,191,21.39074437,15,195,758.634128682,base,2,2,2_2_195,2_195_15,1.9025540999999997,1.9025540999999997,21.39074437
night,2022-12-25,202,21.59592025,16,195,810.955736004,base,2,2,2_2_195,2_195_16,0.20517587999999876,0.20517587999999876,21.59592025
night,2022-12-25,209,21.76982493,17,195,864.320131185,base,2,2,2_2_195,2_195_17,0.1739046799999997,0.1739046799999997,21.76982493
night,2022-12-25,224,21.42969546,18,195,915.725934618,base,2,2,2_2_195,2_195_18,-0.34012946999999727,-0.34012946999999727,21.42969546
night,2022-12-25,235,21.3324911,19,195,968.055546242,base,2,2,2_2_195,2_195_19,-0.09720436000000277,-0.09720436000000277,21.3324911
night,2022-12-25,246,21.16493991,20,195,1020.38537183,base,2,2,2_2_195,2_195_20,-0.16755118999999752,-0.16755118999999752,21.16493991
night,2022-12-25,258,20.91520124,21,195,1074.19059563,base,2,2,2_2_195,2_195_21,-0.24973867000000283,-0.24973867000000283,20.91520124
night,2022-12-25,268,19.8460627,22,195,1125.18958872,base,2,2,2_2_195,2_195_22,-1.0691385399999973,-1.0691385399999973,19.8460627
night,2022-12-25,279,18.16596213,23,195,1177.52690799,base,2,2,2_2_195,2_195_23,-1.6801005700000005,-1.6801005700000005,18.16596213
night,2022-12-25,31,19.40963054,1,225,26.1421622904,base,2,2,2_2_225,2_225_1,-0.820369460000002,-0.820369460000002,19.40963054
night,2022-12-25,42,19.92716754,2,225,78.4865939041,base,2,2,2_2_225,2_225_2,0.5175370000000008,0.5175370000000008,19.92716754
night,2022-12-25,53,19.36371786,3,225,130.83419649,base,2,2,2_2_225,2_225_3,-0.563449679999998,-0.563449679999998,19.36371786
night,2022-12-25,64,19.88520516,4,225,183.202760398,base,2,2,2_2_225,2_225_4,0.5214873000000004,0.5214873000000004,19.88520516
night,2022-12-25,75,19.39522608,5,225,235.5378245,base,2,2,2_2_225,2_225_5,-0.48997908000000123,-0.48997908000000123,19.39522608
night,2022-12-25,86,19.37149482,6,225,287.893716757,base,2,2,2_2_225,2_225_6,-0.023731260000001697,-0.023731260000001697,19.37149482
night,2022-12-25,97,19.24758277,7,225,340.206774681,base,2,2,2_2_225,2_225_7,-0.12391204999999772,-0.12391204999999772,19.24758277
night,2022-12-25,108,19.41849597,8,225,392.609087709,base,2,2,2_2_225,2_225_8,0.17091319999999754,0.17091319999999754,19.41849597
night,2022-12-25,119,19.16633753,9,225,444.967545613,base,2,2,2_2_225,2_225_9,-0.25215843999999876,-0.25215843999999876,19.16633753
night,2022-12-25,130,19.24835442,10,225,497.266228693,base,2,2,2_2_225,2_225_10,0.08201688999999845,0.08201688999999845,19.24835442
night,2022-12-25,141,18.77257756,11,225,546.903162294,base,2,2,2_2_225,2_225_11,-0.47577685999999986,-0.47577685999999986,18.77257756
night,2022-12-25,152,19.16365446,12,225,601.445836677,base,2,2,2_2_225,2_225_12,0.3910769000000016,0.3910769000000016,19.16365446
night,2022-12-25,163,18.91440518,13,225,653.749348408,base,2,2,2_2_225,2_225_13,-0.2492492800000008,-0.2492492800000008,18.91440518
night,2022-12-25,174,18.37768159,14,225,706.908204273,base,2,2,2_2_225,2_225_14,-0.5367235899999976,-0.5367235899999976,18.37768159
night,2022-12-25,185,18.71232377,15,225,758.484798074,base,2,2,2_2_225,2_225_15,0.33464217999999946,0.33464217999999946,18.71232377
night,2022-12-25,196,17.60261528,16,225,810.798966762,base,2,2,2_2_225,2_225_16,-1.1097084900000027,-1.1097084900000027,17.60261528
night,2022-12-25,212,17.22386272,17,225,864.434341191,base,2,2,2_2_225,2_225_17,-0.3787525599999988,-0.3787525599999988,17.22386272
night,2022-12-25,218,17.88446327,18,225,915.58915721,base,2,2,2_2_225,2_225_18,0.6606005500000016,0.6606005500000016,17.88446327
night,2022-12-25,230,19.44551528,19,225,967.914389442,base,2,2,2_2_225,2_225_19,1.5610520099999974,1.5610520099999974,19.44551528
night,2022-12-25,241,19.61942493,20,225,1020.24029023,base,2,2,2_2_225,2_225_20,0.17390965000000236,0.17390965000000236,19.61942493
night,2022-12-25,251,19.58078293,21,225,1073.74745918,base,2,2,2_2_225,2_225_21,-0.0386419999999994,-0.0386419999999994,19.58078293
night,2022-12-25,264,19.48004073,22,225,1125.00912546,base,2,2,2_2_225,2_225_22,-0.10074220000000267,-0.10074220000000267,19.48004073
night,2022-12-25,275,19.22640438,23,225,1177.34236285,base,2,2,2_2_225,2_225_23,-0.2536363499999972,-0.2536363499999972,19.22640438
night,2022-12-25,287,19.02444708,24,225,1229.6762407,base,2,2,2_2_225,2_225_24,-0.20195730000000012,-0.20195730000000012,19.02444708
night,2022-12-25,299,18.51854604,25,225,1282.0107427,base,2,2,2_2_225,2_225_25,-0.5059010400000012,-0.5059010400000012,18.51854604
night,2022-12-25,310,17.71511311,26,225,1336.09378827,base,2,2,2_2_225,2_225_26,-0.8034329299999996,-0.8034329299999996,17.71511311
night,2022-12-25,321,18.32898308,27,225,1386.81886773,base,2,2,2_2_225,2_225_27,0.6138699699999997,0.6138699699999997,18.32898308
night,2022-12-25,332,18.34237553,28,225,1439.16057605,base,2,2,2_2_225,2_225_28,0.013392450000001332,0.013392450000001332,18.34237553
night,2022-12-25,343,18.44675623,29,225,1491.5029301,base,2,2,2_2_225,2_225_29,0.10438069999999655,0.10438069999999655,18.44675623
night,2022-12-25,354,18.41193543,30,225,1543.84595568,base,2,2,2_2_225,2_225_30,-0.03482079999999854,-0.03482079999999854,18.41193543
night,2022-12-25,36,19.4260788,1,255,26.1493125373,base,2,2,2_2_255,2_255_1,-0.8039212000000013,-0.8039212000000013,19.4260788
night,2022-12-25,48,19.57037598,2,255,78.5069401867,base,2,2,2_2_255,2_255_2,0.14429718000000236,0.14429718000000236,19.57037598
night,2022-12-25,63,20.07128929,3,255,130.87662654,base,2,2,2_2_255,2_255_3,0.5009133099999978,0.5009133099999978,20.07128929
night,2022-12-25,72,20.25005868,4,255,183.253658741,base,2,2,2_2_255,2_255_4,0.17876938999999936,0.17876938999999936,20.25005868
night,2022-12-25,85,19.4363397,5,255,235.606875989,base,2,2,2_2_255,2_255_5,-0.8137189799999973,-0.8137189799999973,19.4363397
night,2022-12-25,95,19.05625114,6,255,287.979473221,base,2,2,2_2_255,2_255_6,-0.3800885600000008,-0.3800885600000008,19.05625114
night,2022-12-25,106,19.57552285,7,255,340.308783293,base,2,2,2_2_255,2_255_7,0.5192717099999982,0.5192717099999982,19.57552285
night,2022-12-25,118,19.60516149,8,255,392.727876477,base,2,2,2_2_255,2_255_8,0.029638640000001715,0.029638640000001715,19.60516149
night,2022-12-25,128,19.46898503,9,255,445.100751387,base,2,2,2_2_255,2_255_9,-0.1361764600000015,-0.1361764600000015,19.46898503
night,2022-12-25,139,19.25578799,10,255,497.419046738,base,2,2,2_2_255,2_255_10,-0.21319703999999717,-0.21319703999999717,19.25578799
night,2022-12-25,151,19.46243496,11,255,547.10469891,base,2,2,2_2_255,2_255_11,0.20664696999999776,0.20664696999999776,19.46243496
night,2022-12-25,161,18.61918919,12,255,601.640315573,base,2,2,2_2_255,2_255_12,-0.8432457699999993,-0.8432457699999993,18.61918919
night,2022-12-25,172,18.77230354,13,255,653.962746366,base,2,2,2_2_255,2_255_13,0.15311434999999918,0.15311434999999918,18.77230354
night,2022-12-25,184,18.69035063,14,255,707.267285282,base,2,2,2_2_255,2_255_14,-0.08195290999999827,-0.08195290999999827,18.69035063
night,2022-12-25,195,17.84915157,15,255,758.755698383,base,2,2,2_2_255,2_255_15,-0.841199060000001,-0.841199060000001,17.84915157
night,2022-12-25,206,17.12560806,16,255,811.091073808,base,2,2,2_2_255,2_255_16,-0.723543509999999,-0.723543509999999,17.12560806
night,2022-12-25,210,17.14570844,17,255,864.328430686,base,2,2,2_2_255,2_255_17,0.020100379999998808,0.020100379999998808,17.14570844
night,2022-12-25,227,17.56740963,18,255,915.873920636,base,2,2,2_2_255,2_255_18,0.4217011900000003,0.4217011900000003,17.56740963
night,2022-12-25,238,17.44947753,19,255,968.218473936,base,2,2,2_2_255,2_255_19,-0.11793210000000087,-0.11793210000000087,17.44947753
night,2022-12-25,249,16.96214231,20,255,1020.56405306,base,2,2,2_2_255,2_255_20,-0.4873352199999985,-0.4873352199999985,16.96214231
night,2022-12-25,261,17.34848604,21,255,1074.50378336,base,2,2,2_2_255,2_255_21,0.3863437300000001,0.3863437300000001,17.34848604
night,2022-12-25,271,17.64797567,22,255,1125.41362315,base,2,2,2_2_255,2_255_22,0.29948963000000006,0.29948963000000006,17.64797567
night,2022-12-25,282,17.49353779,23,255,1177.76947909,base,2,2,2_2_255,2_255_23,-0.1544378799999997,-0.1544378799999997,17.49353779
night,2022-12-25,293,17.58265815,24,255,1230.12637227,base,2,2,2_2_255,2_255_24,0.08912035999999901,0.08912035999999901,17.58265815
night,2022-12-25,304,17.2881527,25,255,1282.48427264,base,2,2,2_2_255,2_255_25,-0.29450544999999906,-0.29450544999999906,17.2881527
night,2022-12-25,315,17.06527231,26,255,1336.53171427,base,2,2,2_2_255,2_255_26,-0.22288039000000026,-0.22288039000000026,17.06527231
night,2022-12-25,326,16.93619264,27,255,1387.33562104,base,2,2,2_2_255,2_255_27,-0.12907966999999942,-0.12907966999999942,16.93619264
night,2022-12-25,337,16.6746377,28,255,1439.70166378,base,2,2,2_2_255,2_255_28,-0.2615549399999999,-0.2615549399999999,16.6746377
night,2022-12-25,348,17.94400681,29,255,1492.06879036,base,2,2,2_2_255,2_255_29,1.2693691099999995,1.2693691099999995,17.94400681
night,2022-12-25,360,18.19000244,30,255,1544.43689287,base,2,2,2_2_255,2_255_30,0.24599562999999947,0.24599562999999947,18.19000244
night,2022-12-25,38,19.62373023,1,285,26.149320641,base,2,2,2_2_285,2_285_1,-0.6062697700000008,-0.6062697700000008,19.62373023
night,2022-12-25,52,19.52875652,2,285,78.5097908779,base,2,2,2_2_285,2_285_2,-0.09497370999999788,-0.09497370999999788,19.52875652
night,2022-12-25,62,19.86272688,3,285,130.87356057,base,2,2,2_2_285,2_285_3,0.3339703599999986,0.3339703599999986,19.86272688
night,2022-12-25,73,20.11430703,4,285,183.255763257,base,2,2,2_2_285,2_285_4,0.2515801499999988,0.2515801499999988,20.11430703
night,2022-12-25,84,19.95956247,5,285,235.605230044,base,2,2,2_2_285,2_285_5,-0.15474455999999748,-0.15474455999999748,19.95956247
night,2022-12-25,96,18.42551712,6,285,287.981779618,base,2,2,2_2_285,2_285_6,-1.534045350000003,-1.534045350000003,18.42551712
night,2022-12-25,107,19.20614453,7,285,340.309803081,base,2,2,2_2_285,2_285_7,0.780627410000001,0.780627410000001,19.20614453
night,2022-12-25,117,19.6204219,8,285,392.725912691,base,2,2,2_2_285,2_285_8,0.41427737000000064,0.41427737000000064,19.6204219
night,2022-12-25,129,19.64664366,9,285,445.105153265,base,2,2,2_2_285,2_285_9,0.02622175999999854,0.02622175999999854,19.64664366
night,2022-12-25,140,19.97638321,10,285,497.420665061,base,2,2,2_2_285,2_285_10,0.3297395500000029,0.3297395500000029,19.97638321
night,2022-12-25,150,19.7202672,11,285,547.10048277,base,2,2,2_2_285,2_285_11,-0.25611601000000306,-0.25611601000000306,19.7202672
night,2022-12-25,162,19.85811687,12,285,601.64126025,base,2,2,2_2_285,2_285_12,0.13784967000000137,0.13784967000000137,19.85811687
night,2022-12-25,173,19.68411958,13,285,653.963824959,base,2,2,2_2_285,2_285_13,-0.17399728999999908,-0.17399728999999908,19.68411958
night,2022-12-25,177,19.5962794,14,285,707.077105223,base,2,2,2_2_285,2_285_14,-0.0878401800000006,-0.0878401800000006,19.5962794
night,2022-12-25,194,19.55810944,15,285,758.728805537,base,2,2,2_2_285,2_285_15,-0.03816996000000117,-0.03816996000000117,19.55810944
night,2022-12-25,205,18.85114518,16,285,811.062448387,base,2,2,2_2_285,2_285_16,-0.7069642599999995,-0.7069642599999995,18.85114518
night,2022-12-25,17,18.47506533,17,285,864.783493136,base,2,2,2_2_285,2_285_17,-0.37607985,-0.37607985,18.47506533
night,2022-12-25,228,18.06887903,18,285,915.900561915,base,2,2,2_2_285,2_285_18,-0.4061862999999981,-0.4061862999999981,18.06887903
night,2022-12-25,239,17.62471249,19,285,968.246820865,base,2,2,2_2_285,2_285_19,-0.4441665400000012,-0.4441665400000012,17.62471249
night,2022-12-25,250,17.82854092,20,285,1020.59402321,base,2,2,2_2_285,2_285_20,0.20382842999999795,0.20382842999999795,17.82854092
night,2022-12-25,259,17.84346131,21,285,1074.20728628,base,2,2,2_2_285,2_285_21,0.014920390000000339,0.014920390000000339,17.84346131
night,2022-12-25,272,17.27953066,22,285,1125.41494883,base,2,2,2_2_285,2_285_22,-0.5639306499999996,-0.5639306499999996,17.27953066
night,2022-12-25,283,17.04246764,23,285,1177.77099231,base,2,2,2_2_285,2_285_23,-0.23706301999999724,-0.23706301999999724,17.04246764
night,2022-12-25,294,16.58345312,24,285,1230.12815714,base,2,2,2_2_285,2_285_24,-0.4590145200000002,-0.4590145200000002,16.58345312
night,2022-12-25,305,16.55740401,25,285,1282.48626986,base,2,2,2_2_285,2_285_25,-0.02604911000000243,-0.02604911000000243,16.55740401
night,2022-12-25,316,16.94644627,26,285,1336.53812588,base,2,2,2_2_285,2_285_26,0.3890422600000001,0.3890422600000001,16.94644627
night,2022-12-25,327,17.07838493,27,285,1387.33847392,base,2,2,2_2_285,2_285_27,0.13193865999999943,0.13193865999999943,17.07838493
night,2022-12-25,338,17.18434274,28,285,1439.70478145,base,2,2,2_2_285,2_285_28,0.10595781000000315,0.10595781000000315,17.18434274
night,2022-12-25,349,17.20455516,29,285,1492.07222963,base,2,2,2_2_285,2_285_29,0.02021242000000001,0.02021242000000001,17.20455516
night,2022-12-25,39,19.84736489,1,315,26.1495677872,base,2,2,2_2_315,2_315_1,-0.38263510999999895,-0.38263510999999895,19.84736489
night,2022-12-25,47,20.21766079,2,315,78.506588238,base,2,2,2_2_315,2_315_2,0.37029589999999857,0.37029589999999857,20.21766079
night,2022-12-25,61,19.61515785,3,315,130.873391001,base,2,2,2_2_315,2_315_3,-0.6025029400000008,-0.6025029400000008,19.61515785
night,2022-12-25,74,19.4321923,4,315,183.256425919,base,2,2,2_2_315,2_315_4,-0.1829655499999987,-0.1829655499999987,19.4321923
night,2022-12-25,83,18.56395166,5,315,235.603359681,base,2,2,2_2_315,2_315_5,-0.8682406399999998,-0.8682406399999998,18.56395166
night,2022-12-25,94,18.50459142,6,315,287.977630168,base,2,2,2_2_315,2_315_6,-0.059360240000000175,-0.059360240000000175,18.50459142
night,2022-12-25,105,18.79257789,7,315,340.304761915,base,2,2,2_2_315,2_315_7,0.2879864699999999,0.2879864699999999,18.79257789
night,2022-12-25,116,18.58138837,8,315,392.718288014,base,2,2,2_2_315,2_315_8,-0.21118952000000135,-0.21118952000000135,18.58138837
night,2022-12-25,127,18.93886823,9,315,445.092654475,base,2,2,2_2_315,2_315_9,0.35747986000000154,0.35747986000000154,18.93886823
night,2022-12-25,138,18.76412637,10,315,497.40865149,base,2,2,2_2_315,2_315_10,-0.17474186000000103,-0.17474186000000103,18.76412637
night,2022-12-25,149,18.04489841,11,315,547.068358919,base,2,2,2_2_315,2_315_11,-0.7192279600000013,-0.7192279600000013,18.04489841
night,2022-12-25,160,17.970233,12,315,601.620474081,base,2,2,2_2_315,2_315_12,-0.07466540999999793,-0.07466540999999793,17.970233
night,2022-12-25,171,17.89447561,13,315,653.939654538,base,2,2,2_2_315,2_315_13,-0.0757573899999997,-0.0757573899999997,17.89447561
night,2022-12-25,183,17.65363534,14,315,707.256506323,base,2,2,2_2_315,2_315_14,-0.24084026999999963,-0.24084026999999963,17.65363534
night,2022-12-25,193,17.72368901,15,315,758.727653744,base,2,2,2_2_315,2_315_15,0.07005367000000007,0.07005367000000007,17.72368901
night,2022-12-25,204,17.55513245,16,315,811.059153639,base,2,2,2_2_315,2_315_16,-0.16855656000000252,-0.16855656000000252,17.55513245
night,2022-12-25,211,17.68057991,17,315,864.340763528,base,2,2,2_2_315,2_315_17,0.12544746000000018,0.12544746000000018,17.68057991
night,2022-12-25,226,17.67571431,18,315,915.83925752,base,2,2,2_2_315,2_315_18,-0.004865599999998693,-0.004865599999998693,17.67571431
night,2022-12-25,237,17.98573212,19,315,968.179492611,base,2,2,2_2_315,2_315_19,0.3100178100000015,0.3100178100000015,17.98573212
night,2022-12-25,248,17.75002528,20,315,1020.52043405,base,2,2,2_2_315,2_315_20,-0.23570684000000242,-0.23570684000000242,17.75002528
night,2022-12-25,260,17.42835024,21,315,1074.27874941,base,2,2,2_2_315,2_315_21,-0.3216750399999988,-0.3216750399999988,17.42835024
night,2022-12-25,270,17.34469038,22,315,1125.34266539,base,2,2,2_2_315,2_315_22,-0.08365986000000092,-0.08365986000000092,17.34469038
night,2022-12-25,281,18.06094427,23,315,1177.69223154,base,2,2,2_2_315,2_315_23,0.7162538900000008,0.7162538900000008,18.06094427
night,2022-12-25,292,17.70794726,24,315,1230.0425277,base,2,2,2_2_315,2_315_24,-0.3529970099999993,-0.3529970099999993,17.70794726
night,2022-12-25,303,17.56076617,25,315,1282.39359165,base,2,2,2_2_315,2_315_25,-0.14718109000000013,-0.14718109000000013,17.56076617
night,2022-12-25,314,17.60783252,26,315,1336.49391968,base,2,2,2_2_315,2_315_26,0.047066349999997925,0.047066349999997925,17.60783252
night,2022-12-25,325,17.30340721,27,315,1387.23503065,base,2,2,2_2_315,2_315_27,-0.30442530999999917,-0.30442530999999917,17.30340721
night,2022-12-25,336,16.39048286,28,315,1439.59346859,base,2,2,2_2_315,2_315_28,-0.9129243500000008,-0.9129243500000008,16.39048286
night,2022-12-25,347,15.92495956,29,315,1491.95272129,base,2,2,2_2_315,2_315_29,-0.4655232999999992,-0.4655232999999992,15.92495956
night,2022-12-25,358,15.87446107,30,315,1544.3126586,base,2,2,2_2_315,2_315_30,-0.05049848999999895,-0.05049848999999895,15.87446107
night,2022-12-25,41,20.43286242,1,345,26.1500688971,base,2,2,2_2_345,2_345_1,0.20286241999999888,0.20286241999999888,20.43286242
night,2022-12-25,49,20.80926514,2,345,78.5070511329,base,2,2,2_2_345,2_345_2,0.3764027200000015,0.3764027200000015,20.80926514
night,2022-12-25,60,20.2270631,3,345,130.872835727,base,2,2,2_2_345,2_345_3,-0.5822020400000021,-0.5822020400000021,20.2270631
night,2022-12-25,71,20.13702742,4,345,183.24991072,base,2,2,2_2_345,2_345_4,-0.09003567999999973,-0.09003567999999973,20.13702742
night,2022-12-25,82,19.97297054,5,345,235.601945306,base,2,2,2_2_345,2_345_5,-0.1640568800000004,-0.1640568800000004,19.97297054
night,2022-12-25,93,19.76283884,6,345,287.968116355,base,2,2,2_2_345,2_345_6,-0.21013169999999803,-0.21013169999999803,19.76283884
night,2022-12-25,104,19.641989,7,345,340.295141519,base,2,2,2_2_345,2_345_7,-0.12084984000000176,-0.12084984000000176,19.641989
night,2022-12-25,115,19.83025375,8,345,392.709712269,base,2,2,2_2_345,2_345_8,0.18826475000000187,0.18826475000000187,19.83025375
night,2022-12-25,126,18.61040626,9,345,445.079436204,base,2,2,2_2_345,2_345_9,-1.2198474899999994,-1.2198474899999994,18.61040626
night,2022-12-25,137,18.93922945,10,345,497.390112246,base,2,2,2_2_345,2_345_10,0.3288231899999978,0.3288231899999978,18.93922945
night,2022-12-25,145,18.46159273,11,345,546.992209207,base,2,2,2_2_345,2_345_11,-0.47763671999999957,-0.47763671999999957,18.46159273
night,2022-12-25,159,18.50920584,12,345,601.582898436,base,2,2,2_2_345,2_345_12,0.04761311000000035,0.04761311000000035,18.50920584
night,2022-12-25,170,18.31449124,13,345,653.896039442,base,2,2,2_2_345,2_345_13,-0.19471460000000107,-0.19471460000000107,18.31449124
night,2022-12-25,181,17.56602798,14,345,707.200965457,base,2,2,2_2_345,2_345_14,-0.7484632599999976,-0.7484632599999976,17.56602798
night,2022-12-25,192,17.18155061,15,345,758.669844378,base,2,2,2_2_345,2_345_15,-0.3844773700000026,-0.3844773700000026,17.18155061
night,2022-12-25,203,17.56159212,16,345,810.993894777,base,2,2,2_2_345,2_345_16,0.38004151000000164,0.38004151000000164,17.56159212
night,2022-12-25,215,17.08704207,17,345,864.503329694,base,2,2,2_2_345,2_345_17,-0.4745500500000013,-0.4745500500000013,17.08704207
night,2022-12-25,225,16.7356181,18,345,915.786279166,base,2,2,2_2_345,2_345_18,-0.35142396999999903,-0.35142396999999903,16.7356181
night,2022-12-25,236,16.53797189,19,345,968.119276911,base,2,2,2_2_345,2_345_19,-0.1976462099999985,-0.1976462099999985,16.53797189
night,2022-12-25,247,16.77989426,20,345,1020.45253703,base,2,2,2_2_345,2_345_20,0.2419223699999975,0.2419223699999975,16.77989426
night,2022-12-25,257,16.50466464,21,345,1074.18632633,base,2,2,2_2_345,2_345_21,-0.2752296199999975,-0.2752296199999975,16.50466464
night,2022-12-25,269,16.23645889,22,345,1125.25634889,base,2,2,2_2_345,2_345_22,-0.2682057499999999,-0.2682057499999999,16.23645889
night,2022-12-25,280,16.04428169,23,345,1177.59668494,base,2,2,2_2_345,2_345_23,-0.19217720000000327,-0.19217720000000327,16.04428169
night,2022-12-25,291,15.38637196,24,345,1229.93735902,base,2,2,2_2_345,2_345_24,-0.6579097299999983,-0.6579097299999983,15.38637196
night,2022-12-27,40,28.21714941,1,15,26.1499340473,prediction,2,3,2_3_15,2_15_1,0.47519040999999973,0.44235849000000016,20.67235849
night,2022-12-27,46,27.18831077,2,15,78.50635058,prediction,2,3,2_3_15,2_15_2,-1.02883864,-1.1421027899999991,19.5302557
night,2022-12-27,59,27.10413658,3,15,130.871230267,prediction,2,3,2_3_15,2_15_3,-0.08417419000000237,0.09298605999999765,19.62324176
night,2022-12-27,69,27.24043398,4,15,183.246919315,prediction,2,3,2_3_15,2_15_4,0.13629740000000012,0.2913875300000015,19.91462929
night,2022-12-27,81,26.97058099,5,15,235.597026849,prediction,2,3,2_3_15,2_15_5,-0.2698529900000004,0.05169878999999966,19.96632808
night,2022-12-27,92,26.45738545,6,15,287.960622974,prediction,2,3,2_3_15,2_15_6,-0.5131955399999981,-0.35424499000000154,19.61208309
night,2022-12-27,103,26.56700625,7,15,340.284751843,prediction,2,3,2_3_15,2_15_7,0.1096207999999983,0.19763462000000231,19.80971771
night,2022-12-27,114,25.92021055,8,15,392.695837136,prediction,2,3,2_3_15,2_15_8,-0.6467956999999984,-0.7609721300000025,19.04874558
night,2022-12-27,125,25.54209614,9,15,445.06189049,prediction,2,3,2_3_15,2_15_9,-0.37811440999999846,-0.39845527999999675,18.6502903
night,2022-12-27,136,25.82047253,10,15,497.368061999,prediction,2,3,2_3_15,2_15_10,0.27837638999999825,0.5159400599999984,19.16623036
night,2022-12-27,143,25.17513513,11,15,546.961835945,prediction,2,3,2_3_15,2_15_11,-0.645337399999999,-0.2773252500000005,18.88890511
night,2022-12-27,158,25.10735043,12,15,601.549994255,prediction,2,3,2_3_15,2_15_12,-0.0677847000000007,0.2894721500000017,19.17837726
night,2022-12-27,169,24.63548668,13,15,653.857246533,prediction,2,3,2_3_15,2_15_13,-0.4718637500000007,-0.2789371100000011,18.89944015
night,2022-12-27,180,24.21478175,14,15,707.152439805,prediction,2,3,2_3_15,2_15_14,-0.4207049299999994,-0.34299878999999933,18.55644136
night,2022-12-27,190,24.13999294,15,15,758.617319606,prediction,2,3,2_3_15,2_15_15,-0.07478881000000115,-0.17666211000000231,18.37977925
night,2022-12-27,201,24.3854984,16,15,810.933963379,prediction,2,3,2_3_15,2_15_16,0.2455054600000004,-0.031055969999997046,18.34872328
night,2022-12-27,213,24.83874805,17,15,864.438434635,prediction,2,3,2_3_15,2_15_17,0.45324965000000006,0.35919330999999843,18.70791659
night,2022-12-27,223,24.90617365,18,15,915.710469659,prediction,2,3,2_3_15,2_15_18,0.06742559999999997,0.0860163500000013,18.79393294
night,2022-12-27,234,24.85610533,19,15,968.034633446,prediction,2,3,2_3_15,2_15_19,-0.050068320000001165,-0.152558980000002,18.64137396
night,2022-12-27,245,23.79743323,20,15,1020.3586323,prediction,2,3,2_3_15,2_15_20,-1.058672099999999,-1.2536529399999985,17.38772102
night,2022-12-27,255,23.08571677,21,15,1074.08747563,prediction,2,3,2_3_15,2_15_21,-0.7117164599999981,-0.9157861700000005,16.47193485
night,2022-12-27,267,22.99622689,22,15,1125.14278858,prediction,2,3,2_3_15,2_15_22,-0.08948988000000213,-0.07507238999999899,16.39686246
night,2022-12-27,278,22.3152868,23,15,1177.47240482,prediction,2,3,2_3_15,2_15_23,-0.68094009,-0.2624118400000022,16.13445062
night,2022-12-27,35,27.83150512,1,45,26.1492919353,prediction,2,3,2_3_45,2_45_1,0.08954611999999784,-0.03735001000000082,20.19264999
night,2022-12-27,45,27.52693022,2,45,78.5051404983,prediction,2,3,2_3_45,2_45_2,-0.30457489999999865,-0.3391857899999984,19.8534642
night,2022-12-27,57,27.76062253,3,45,130.869096061,prediction,2,3,2_3_45,2_45_3,0.23369230999999857,0.29942146999999864,20.15288567
night,2022-12-27,70,27.24372868,4,45,183.248158249,prediction,2,3,2_3_45,2_45_4,-0.5168938499999989,-0.2682127399999992,19.88467293
night,2022-12-27,79,27.05608955,5,45,235.589826951,prediction,2,3,2_3_45,2_45_5,-0.18763913000000088,0.13123387999999991,20.01590681
night,2022-12-27,91,27.15476425,6,45,287.957554831,prediction,2,3,2_3_45,2_45_6,0.09867470000000012,0.4335917000000009,20.44949851
night,2022-12-27,102,26.55568898,7,45,340.276678648,prediction,2,3,2_3_45,2_45_7,-0.5990752700000002,-0.31213317000000274,20.13736534
night,2022-12-27,111,25.83604204,8,45,392.681811001,prediction,2,3,2_3_45,2_45_8,-0.7196469400000005,-0.4648657599999986,19.67249958
night,2022-12-27,122,25.81400531,9,45,445.044364492,prediction,2,3,2_3_45,2_45_9,-0.02203672999999995,0.1712306599999991,19.84373024
night,2022-12-27,134,25.29174382,10,45,497.348890797,prediction,2,3,2_3_45,2_45_10,-0.5222614899999982,-0.40456199999999853,19.43916824
night,2022-12-27,146,24.98638461,11,45,546.992632234,prediction,2,3,2_3_45,2_45_11,-0.3053592099999989,-0.30047142000000093,19.13869682
night,2022-12-27,156,25.4208179,12,45,601.532445915,prediction,2,3,2_3_45,2_45_12,0.43443328999999764,0.3258162899999988,19.46451311
night,2022-12-27,167,25.8055478,13,45,653.835724378,prediction,2,3,2_3_45,2_45_13,0.38472989999999996,0.3382519400000028,19.80276505
night,2022-12-27,179,25.89242655,14,45,707.144348088,prediction,2,3,2_3_45,2_45_14,0.08687875000000034,0.10751933999999963,19.91028439
night,2022-12-27,189,25.40756427,15,45,758.58921792,prediction,2,3,2_3_45,2_45_15,-0.484862279999998,-0.7619372800000015,19.14834711
night,2022-12-27,200,25.81541654,16,45,810.90091175,prediction,2,3,2_3_45,2_45_16,0.40785226999999935,0.16507045000000176,19.31341756
night,2022-12-27,208,26.59798927,17,45,864.159798579,prediction,2,3,2_3_45,2_45_17,0.7825727299999983,0.559912139999998,19.8733297
night,2022-12-27,221,26.52480639,18,45,915.637247911,prediction,2,3,2_3_45,2_45_18,-0.07318288000000095,-0.12929803999999834,19.74403166
night,2022-12-27,232,25.91037417,19,45,967.953625279,prediction,2,3,2_3_45,2_45_19,-0.6144322199999976,-0.58537222,19.15865944
night,2022-12-27,243,25.11264241,20,45,1020.26945164,prediction,2,3,2_3_45,2_45_20,-0.7977317600000013,-0.6414761300000009,18.51718331
night,2022-12-27,254,24.96000432,21,45,1073.99224514,prediction,2,3,2_3_45,2_45_21,-0.15263808999999995,-0.047287000000000745,18.46989631
night,2022-12-27,266,25.28729458,22,45,1125.0365688,prediction,2,3,2_3_45,2_45_22,0.3272902600000016,0.3331444999999995,18.80304081
night,2022-12-27,277,25.20152426,23,45,1177.35692372,prediction,2,3,2_3_45,2_45_23,-0.08577032000000173,-0.1917671900000002,18.61127362
night,2022-12-27,288,24.8239249,24,45,1229.67680296,prediction,2,3,2_3_45,2_45_24,-0.37759935999999783,-0.6097670199999996,18.0015066
night,2022-12-27,298,25.3992811,25,45,1281.99601257,prediction,2,3,2_3_45,2_45_25,0.5753561999999981,0.4502475500000003,18.45175415
night,2022-12-27,309,25.37244149,26,45,1336.0622659,prediction,2,3,2_3_45,2_45_26,-0.02683960999999968,-0.160585489999999,18.29116866
night,2022-12-27,320,25.5873085,27,45,1386.76970677,prediction,2,3,2_3_45,2_45_27,0.21486700999999897,0.043879799999999136,18.33504846
night,2022-12-27,331,25.53021387,28,45,1439.09234714,prediction,2,3,2_3_45,2_45_28,-0.05709462999999815,-0.19542232999999953,18.13962613
night,2022-12-27,342,25.72376779,29,45,1491.41441585,prediction,2,3,2_3_45,2_45_29,0.19355391999999938,-0.006934130000001204,18.132692
night,2022-12-27,353,25.93751942,30,45,1543.73587725,prediction,2,3,2_3_45,2_45_30,0.21375163000000086,0.07731378000000078,18.21000578
night,2022-12-27,33,28.36187411,1,75,26.148976916,prediction,2,3,2_3_75,2_75_1,0.6199151099999973,0.4532209999999992,20.683221
night,2022-12-27,51,28.03010122,2,75,78.507621266,prediction,2,3,2_3_75,2_75_2,-0.3317728899999999,-0.3634602700000009,20.31976073
night,2022-12-27,56,28.20311737,3,75,130.868089502,prediction,2,3,2_3_75,2_75_3,0.17301615000000226,0.2910749700000004,20.6108357
night,2022-12-27,67,27.64751834,4,75,183.244421032,prediction,2,3,2_3_75,2_75_4,-0.5555990299999998,-0.31088386000000057,20.29995184
night,2022-12-27,77,26.56144561,5,75,235.586681799,prediction,2,3,2_3_75,2_75_5,-1.0860727300000015,-0.7901958399999991,19.509756
night,2022-12-27,89,26.89605939,6,75,287.954487322,prediction,2,3,2_3_75,2_75_6,0.3346137800000015,0.5666320999999996,20.0763881
night,2022-12-27,99,27.00715414,7,75,340.271549334,prediction,2,3,2_3_75,2_75_7,0.11109474999999946,0.22258323000000146,20.29897133
night,2022-12-27,109,26.7698625,8,75,392.674128151,prediction,2,3,2_3_75,2_75_8,-0.23729164000000225,-0.226229,20.07274233
night,2022-12-27,121,26.72604567,9,75,445.040277329,prediction,2,3,2_3_75,2_75_9,-0.04381682999999725,0.1164197300000005,20.18916206
night,2022-12-27,132,26.95849485,10,75,497.338930083,prediction,2,3,2_3_75,2_75_10,0.2324491799999997,0.3247339300000007,20.51389599
night,2022-12-27,147,27.15814182,11,75,547.000708722,prediction,2,3,2_3_75,2_75_11,0.19964696999999987,0.18527887999999848,20.69917487
night,2022-12-27,154,26.85253798,12,75,601.521631113,prediction,2,3,2_3_75,2_75_12,-0.30560383999999985,-0.37106378000000007,20.32811109
night,2022-12-27,165,26.88718601,13,75,653.822554947,prediction,2,3,2_3_75,2_75_13,0.03464802999999961,0.09317134000000138,20.42128243
night,2022-12-27,175,26.76465209,14,75,706.911391158,prediction,2,3,2_3_75,2_75_14,-0.12253392000000218,-0.025728850000000136,20.39555358
night,2022-12-27,186,27.19306997,15,75,758.538606215,prediction,2,3,2_3_75,2_75_15,0.42841788000000136,0.5718916699999994,20.96744525
night,2022-12-27,197,27.3614782,16,75,810.845114994,prediction,2,3,2_3_75,2_75_16,0.1684082300000007,0.16601340999999792,21.13345866
night,2022-12-27,216,27.30523006,17,75,864.537255183,prediction,2,3,2_3_75,2_75_17,-0.056248140000001,-0.12246768999999702,21.01099097
night,2022-12-27,220,26.93855455,18,75,915.623591996,prediction,2,3,2_3_75,2_75_18,-0.3666755100000003,-0.3289183100000024,20.68207266
night,2022-12-27,231,26.50170725,19,75,967.937262268,prediction,2,3,2_3_75,2_75_19,-0.43684730000000016,-0.26446259000000083,20.41761007
night,2022-12-27,242,26.3137706,20,75,1020.25015995,prediction,2,3,2_3_75,2_75_20,-0.18793664999999748,0.005323500000002923,20.42293357
night,2022-12-27,253,26.31220869,21,75,1073.84509471,prediction,2,3,2_3_75,2_75_21,-0.0015619100000030528,0.1464434699999977,20.56937704
night,2022-12-27,263,26.08746396,22,75,1124.99866854,prediction,2,3,2_3_75,2_75_22,-0.22474472999999762,-0.18777412999999754,20.38160291
night,2022-12-27,274,25.97024644,23,75,1177.3150084,prediction,2,3,2_3_75,2_75_23,-0.11721752000000052,-0.20612423000000035,20.17547868
night,2022-12-27,285,26.05480637,24,75,1229.63061299,prediction,2,3,2_3_75,2_75_24,0.08455993000000106,-0.12691178000000036,20.0485669
night,2022-12-27,296,25.73090494,25,75,1281.94545509,prediction,2,3,2_3_75,2_75_25,-0.32390143000000293,-0.5633859799999996,19.48518092
night,2022-12-27,307,25.35251242,26,75,1335.94686661,prediction,2,3,2_3_75,2_75_26,-0.37839251999999846,-0.5943866,18.89079432
night,2022-12-27,318,25.15971529,27,75,1386.70513346,prediction,2,3,2_3_75,2_75_27,-0.19279712999999887,-0.3659509000000014,18.52484342
night,2022-12-27,329,25.56448793,28,75,1439.02265301,prediction,2,3,2_3_75,2_75_28,0.40477263999999735,0.19180718999999868,18.71665061
night,2022-12-27,340,25.11732236,29,75,1491.33954379,prediction,2,3,2_3_75,2_75_29,-0.44716556999999924,-0.8093311299999968,17.90731948
night,2022-12-27,351,26.62980772,30,75,1543.65559389,prediction,2,3,2_3_75,2_75_30,1.5124853599999994,1.2626939499999992,19.17001343
night,2022-12-27,34,27.89171089,1,105,26.1489802967,prediction,2,3,2_3_105,2_105_1,0.14975188999999745,-0.039599030000001534,20.19040097
night,2022-12-27,44,27.79799969,2,105,78.5047576509,prediction,2,3,2_3_105,2_105_2,-0.09371119999999777,-0.1235192199999986,20.06688175
night,2022-12-27,58,28.14184635,3,105,130.870643632,prediction,2,3,2_3_105,2_105_3,0.3438466600000005,0.41621241,20.48309416
night,2022-12-27,66,27.84709351,4,105,183.242955556,prediction,2,3,2_3_105,2_105_4,-0.294752840000001,-0.1693144800000006,20.31377968
night,2022-12-27,78,27.14990273,5,105,235.588284549,prediction,2,3,2_3_105,2_105_5,-0.6971907799999997,-0.5172340599999998,19.79654562
night,2022-12-27,87,26.84953629,6,105,287.952342449,prediction,2,3,2_3_105,2_105_6,-0.30036644000000123,-0.08593649999999897,19.71060912
night,2022-12-27,98,27.08068064,7,105,340.2706357,prediction,2,3,2_3_105,2_105_7,0.231144350000001,0.43106798999999896,20.14167711
night,2022-12-27,110,27.11164966,8,105,392.677146954,prediction,2,3,2_3_105,2_105_8,0.03096902000000057,0.1679754399999993,20.30965255
night,2022-12-27,120,27.3786289,9,105,445.034567252,prediction,2,3,2_3_105,2_105_9,0.26697923999999773,0.3642179900000002,20.67387054
night,2022-12-27,131,27.40054262,10,105,497.337391364,prediction,2,3,2_3_105,2_105_10,0.02191372000000058,0.10499448999999927,20.77886503
night,2022-12-27,148,27.17916618,11,105,547.00681307,prediction,2,3,2_3_105,2_105_11,-0.22137644000000023,-0.10057809999999989,20.67828693
night,2022-12-27,153,26.91702481,12,105,601.521158094,prediction,2,3,2_3_105,2_105_12,-0.2621413699999984,-0.12191293999999786,20.55637399
night,2022-12-27,164,27.29362781,13,105,653.821981781,prediction,2,3,2_3_105,2_105_13,0.37660299999999935,0.584288309999998,21.1406623
night,2022-12-27,178,27.36632869,14,105,707.099592883,prediction,2,3,2_3_105,2_105_14,0.0727008799999993,0.1809034500000024,21.32156575
night,2022-12-27,188,27.41405764,15,105,758.56574345,prediction,2,3,2_3_105,2_105_15,0.04772894999999977,0.09460273999999913,21.41616849
night,2022-12-27,198,27.24327385,16,105,810.874048291,prediction,2,3,2_3_105,2_105_16,-0.170783789999998,-0.26289958999999996,21.1532689
night,2022-12-27,207,27.57527579,17,105,864.082555014,prediction,2,3,2_3_105,2_105_17,0.33200193999999783,0.06948909999999842,21.222758
night,2022-12-27,219,27.57509926,18,105,915.597310755,prediction,2,3,2_3_105,2_105_18,-0.00017653000000095176,-0.11994059999999962,21.1028174
night,2022-12-27,229,27.43803464,19,105,967.909398761,prediction,2,3,2_3_105,2_105_19,-0.13706461999999675,0.017122790000001942,21.11994019
night,2022-12-27,240,27.37987699,20,105,1020.22073198,prediction,2,3,2_3_105,2_105_20,-0.05815765000000184,0.05033401000000026,21.1702742
night,2022-12-27,256,27.40386067,21,105,1074.11172432,prediction,2,3,2_3_105,2_105_21,0.023983680000000618,0.11209513000000015,21.28236933
night,2022-12-27,262,27.04721734,22,105,1124.99505457,prediction,2,3,2_3_105,2_105_22,-0.3566433300000007,-0.3072300700000028,20.97513926
night,2022-12-27,273,26.91504976,23,105,1177.31112423,prediction,2,3,2_3_105,2_105_23,-0.13216758000000084,-0.031212489999997928,20.94392677
night,2022-12-27,284,26.93889053,24,105,1229.62646731,prediction,2,3,2_3_105,2_105_24,0.023840769999999623,0.1469922799999992,21.09091905
night,2022-12-27,295,26.66840737,25,105,1281.94101005,prediction,2,3,2_3_105,2_105_25,-0.2704831599999977,-0.2642881899999985,20.82663086
night,2022-12-27,306,26.91305355,26,105,1335.94636579,prediction,2,3,2_3_105,2_105_26,0.24464618000000016,0.007763509999996643,20.83439437
night,2022-12-27,317,27.19683647,27,105,1386.70041475,prediction,2,3,2_3_105,2_105_27,0.28378292000000016,-0.01945042999999913,20.81494394
night,2022-12-27,328,27.4561542,28,105,1439.01773273,prediction,2,3,2_3_105,2_105_28,0.25931772999999936,0.09991482000000218,20.91485876
night,2022-12-27,339,28.08269001,29,105,1491.33427335,prediction,2,3,2_3_105,2_105_29,0.62653581,0.3442382500000001,21.25909701
night,2022-12-27,37,27.64908715,1,135,26.149317842,prediction,2,3,2_3_135,2_135_1,-0.09287185000000164,-0.30640968000000157,19.92359032
night,2022-12-27,50,27.99490927,2,135,78.5072596515,prediction,2,3,2_3_135,2_135_2,0.3458221200000011,0.27259061000000173,20.19618093
night,2022-12-27,55,27.78422021,3,135,130.866816893,prediction,2,3,2_3_135,2_135_3,-0.21068905999999998,-0.24299235000000152,19.95318858
night,2022-12-27,68,27.75561749,4,135,183.246181946,prediction,2,3,2_3_135,2_135_4,-0.02860272000000208,0.004071429999999765,19.95726001
night,2022-12-27,80,28.022957,5,135,235.591466007,prediction,2,3,2_3_135,2_135_5,0.2673395100000029,0.38802753000000223,20.34528754
night,2022-12-27,90,27.61520107,6,135,287.954804033,prediction,2,3,2_3_135,2_135_6,-0.40775593000000043,-0.22567108000000147,20.11961646
night,2022-12-27,100,27.41437511,7,135,340.275296586,prediction,2,3,2_3_135,2_135_7,-0.20082595999999953,0.03511609999999976,20.15473256
night,2022-12-27,112,27.92092533,8,135,392.683283752,prediction,2,3,2_3_135,2_135_8,0.5065502199999976,0.8332984100000012,20.98803097
night,2022-12-27,123,27.88406867,9,135,445.047630348,prediction,2,3,2_3_135,2_135_9,-0.03685665999999799,0.13620713999999978,21.12423811
night,2022-12-27,133,28.0102051,10,135,497.348469066,prediction,2,3,2_3_135,2_135_10,0.12613642999999897,0.2850783200000002,21.40931643
night,2022-12-27,144,27.74487486,11,135,546.989476845,prediction,2,3,2_3_135,2_135_11,-0.2653302400000008,-0.13191538999999963,21.27740104
night,2022-12-27,155,27.35764389,12,135,601.531126669,prediction,2,3,2_3_135,2_135_12,-0.38723097000000095,-0.3174760400000025,20.959925
night,2022-12-27,166,27.29484093,13,135,653.834129524,prediction,2,3,2_3_135,2_135_13,-0.06280295999999908,-0.08361806999999999,20.87630693
night,2022-12-27,176,27.58047252,14,135,706.99344984,prediction,2,3,2_3_135,2_135_14,0.28563159000000127,0.30756863000000223,21.18387556
night,2022-12-27,187,27.44013864,15,135,758.56495277,prediction,2,3,2_3_135,2_135_15,-0.14033388000000002,-0.30341647000000194,20.88045909
night,2022-12-27,199,27.74498405,16,135,810.874751296,prediction,2,3,2_3_135,2_135_16,0.30484540999999865,0.08528254000000146,20.96574163
night,2022-12-27,214,27.74087035,17,135,864.502557439,prediction,2,3,2_3_135,2_135_17,-0.0041136999999977775,-0.16940977999999873,20.79633185
night,2022-12-27,222,27.90307958,18,135,915.652165759,prediction,2,3,2_3_135,2_135_18,0.16220922999999843,0.15062812999999764,20.94695998
night,2022-12-27,233,27.86590991,19,135,967.96920464,prediction,2,3,2_3_135,2_135_19,-0.03716967000000082,-0.013275159999999175,20.93368482
night,2022-12-27,244,27.91357768,20,135,1020.28562,prediction,2,3,2_3_135,2_135_20,0.04766777000000033,0.059211239999999776,20.99289606
night,2022-12-27,252,27.84701599,21,135,1073.76805203,prediction,2,3,2_3_135,2_135_21,-0.06656169000000034,-0.09513723999999968,20.89775882
night,2022-12-27,265,27.82714333,22,135,1125.03033604,prediction,2,3,2_3_135,2_135_22,-0.019872660000000764,-0.020522849999998982,20.87723597
night,2022-12-27,276,27.92317536,23,135,1177.35018859,prediction,2,3,2_3_135,2_135_23,0.09603202999999993,0.048690649999997504,20.92592662
night,2022-12-27,286,27.91247708,24,135,1229.6694143,prediction,2,3,2_3_135,2_135_24,-0.010698279999999727,-0.1253580699999972,20.80056855
night,2022-12-27,297,27.95314753,25,135,1281.98801862,prediction,2,3,2_3_135,2_135_25,0.04067045000000036,-0.0792880199999999,20.72128053
night,2022-12-27,308,27.80237923,26,135,1336.053695,prediction,2,3,2_3_135,2_135_26,-0.1507682999999993,-0.20572566000000236,20.51555487
night,2022-12-27,319,27.66096724,27,135,1386.76048224,prediction,2,3,2_3_135,2_135_27,-0.14141198999999816,-0.13960932999999898,20.37594554
night,2022-12-27,330,28.16749357,28,135,1439.08243693,prediction,2,3,2_3_135,2_135_28,0.5065263299999998,0.6732467200000016,21.04919226
night,2022-12-27,341,27.69382937,29,135,1491.40380652,prediction,2,3,2_3_135,2_135_29,-0.47366420000000176,-0.21336312000000035,20.83582914
night,2022-12-27,352,27.41427267,30,135,1543.72456742,prediction,2,3,2_3_135,2_135_30,-0.27955670000000055,0.027736420000000095,20.86356556
night,2022-12-27,1,27.50168064,1,165,26.1588683337,prediction,2,3,2_3_165,2_165_1,-0.24027836000000136,-0.4621374100000004,19.76786259
night,2022-12-27,2,27.42227329,2,165,78.5320887888,prediction,2,3,2_3_165,2_165_2,-0.07940735000000032,-0.20872216000000066,19.55914043
night,2022-12-27,3,27.55415812,3,165,130.916650141,prediction,2,3,2_3_165,2_165_3,0.13188483000000062,0.05146897999999922,19.61060941
night,2022-12-27,4,27.46592506,4,165,183.310421724,prediction,2,3,2_3_165,2_165_4,-0.08823306000000031,-0.08908214999999942,19.52152726
night,2022-12-27,5,28.13398109,5,165,235.675126489,prediction,2,3,2_3_165,2_165_5,0.6680560299999989,0.8476884899999995,20.36921575
night,2022-12-27,6,27.72401252,6,165,288.059716914,prediction,2,3,2_3_165,2_165_6,-0.4099685700000002,-0.3060699299999996,20.06314582
night,2022-12-27,7,28.35040769,7,165,340.40027276,prediction,2,3,2_3_165,2_165_7,0.6263951700000021,0.9972913900000009,21.06043721
night,2022-12-27,8,29.5043004,8,165,392.825928488,prediction,2,3,2_3_165,2_165_8,1.153892710000001,1.56064911,22.62108632
night,2022-12-27,9,29.38516845,9,165,445.20954897,prediction,2,3,2_3_165,2_165_9,-0.11913195000000343,-0.039204540000000065,22.58188178
night,2022-12-27,10,28.50733242,10,165,497.534870608,prediction,2,3,2_3_165,2_165_10,-0.8778360299999974,-1.1738986000000011,21.40798318
night,2022-12-27,11,27.78153241,11,165,547.152727294,prediction,2,3,2_3_165,2_165_11,-0.7258000100000004,-0.34991424999999765,21.05806893
night,2022-12-27,12,27.02909256,12,165,601.752722326,prediction,2,3,2_3_165,2_165_12,-0.7524398500000018,0.8556110399999994,21.91367997
night,2022-12-27,13,26.71491867,13,165,654.077375696,prediction,2,3,2_3_165,2_165_13,-0.3141738899999993,0.33873973000000035,22.2524197
night,2022-12-27,14,26.36582413,14,165,707.437718627,prediction,2,3,2_3_165,2_165_14,-0.3490945399999994,-0.241529400000001,22.0108903
night,2022-12-27,15,25.85886361,15,165,758.879133405,prediction,2,3,2_3_165,2_165_15,-0.5069605199999998,-0.32883007999999947,21.68206022
night,2022-12-27,16,25.53316625,16,165,811.213544416,prediction,2,3,2_3_165,2_165_16,-0.3256973599999995,-0.38235717999999963,21.29970304
night,2022-12-27,217,25.40811665,17,165,864.593146426,prediction,2,3,2_3_165,2_165_17,-0.12504960000000054,-0.29624345999999946,21.00345958
night,2022-12-27,18,25.39720347,18,165,916.008171598,prediction,2,3,2_3_165,2_165_18,-0.0109131799999993,-0.012202340000001755,20.99125724
night,2022-12-27,19,25.45694315,19,165,968.348947967,prediction,2,3,2_3_165,2_165_19,0.05973967999999985,-0.052377059999997755,20.93888018
night,2022-12-27,20,25.67143047,20,165,1020.68951414,prediction,2,3,2_3_165,2_165_20,0.21448731999999993,-0.029106870000003227,20.90977331
night,2022-12-27,21,26.44925457,21,165,1074.54249828,prediction,2,3,2_3_165,2_165_21,0.7778241000000001,-0.21042790999999994,20.6993454
night,2022-12-27,22,28.00108514,22,165,1125.51728983,prediction,2,3,2_3_165,2_165_22,1.55183057,0.002072930000000639,20.70141833
night,2022-12-27,23,28.03466677,23,165,1177.86387697,prediction,2,3,2_3_165,2_165_23,0.03358163000000047,0.006234270000000208,20.7076526
night,2022-12-27,24,27.52244443,24,165,1230.21017942,prediction,2,3,2_3_165,2_165_24,-0.512222340000001,-0.30128608000000057,20.40636652
night,2022-12-27,32,27.60197405,1,195,26.1484865544,prediction,2,3,2_3_195,2_195_1,-0.13998495000000233,-0.36391293000000147,19.86608707
night,2022-12-27,43,27.53469991,2,195,78.5016954405,prediction,2,3,2_3_195,2_195_2,-0.06727413999999854,-0.21758166999999773,19.6485054
night,2022-12-27,54,28.15961492,3,195,130.865764168,prediction,2,3,2_3_195,2_195_3,0.6249150099999987,0.5399573599999989,20.18846276
night,2022-12-27,65,27.8508566,4,195,183.241181439,prediction,2,3,2_3_195,2_195_4,-0.30875831999999903,-0.2892375600000001,19.8992252
night,2022-12-27,76,27.68139728,5,195,235.586306566,prediction,2,3,2_3_195,2_195_5,-0.1694593200000014,-0.14063595000000007,19.75858925
night,2022-12-27,88,27.54552958,6,195,287.953574821,prediction,2,3,2_3_195,2_195_6,-0.1358676999999986,-0.1428877600000007,19.61570149
night,2022-12-27,101,27.70264795,7,195,340.276063867,prediction,2,3,2_3_195,2_195_7,0.15711836999999917,0.12248838000000006,19.73818987
night,2022-12-27,113,27.47431511,8,195,392.683423375,prediction,2,3,2_3_195,2_195_8,-0.2283328400000002,-0.5125715299999989,19.22561834
night,2022-12-27,124,27.99769303,9,195,445.05299325,prediction,2,3,2_3_195,2_195_9,0.5233779200000015,0.5286065600000001,19.7542249
night,2022-12-27,135,28.02640003,10,195,497.360915159,prediction,2,3,2_3_195,2_195_10,0.028707000000000704,0.3110569500000011,20.06528185
night,2022-12-27,142,27.72991519,11,195,546.956662613,prediction,2,3,2_3_195,2_195_11,-0.2964848400000015,0.029575289999996812,20.09485714
night,2022-12-27,157,27.21249523,12,195,601.546952442,prediction,2,3,2_3_195,2_195_12,-0.5174199600000016,-0.41604907999999696,19.67880806
night,2022-12-27,168,26.99201847,13,195,653.857004574,prediction,2,3,2_3_195,2_195_13,-0.22047675999999683,-0.15755837000000028,19.52124969
night,2022-12-27,182,25.94723488,14,195,707.223320408,prediction,2,3,2_3_195,2_195_14,-1.0447835900000015,-0.03305942000000073,19.48819027
night,2022-12-27,191,25.87751011,15,195,758.634128682,prediction,2,3,2_3_195,2_195_15,-0.06972477000000055,1.9025540999999997,21.39074437
night,2022-12-27,202,25.49903624,16,195,810.955736004,prediction,2,3,2_3_195,2_195_16,-0.37847387000000055,0.20517587999999876,21.59592025
night,2022-12-27,209,25.2185883,17,195,864.320131185,prediction,2,3,2_3_195,2_195_17,-0.2804479399999984,0.1739046799999997,21.76982493
night,2022-12-27,224,24.83398051,18,195,915.725934618,prediction,2,3,2_3_195,2_195_18,-0.38460779000000045,-0.34012946999999727,21.42969546
night,2022-12-27,235,24.7632484,19,195,968.055546242,prediction,2,3,2_3_195,2_195_19,-0.07073211000000157,-0.09720436000000277,21.3324911
night,2022-12-27,246,24.59090195,20,195,1020.38537183,prediction,2,3,2_3_195,2_195_20,-0.17234644999999915,-0.16755118999999752,21.16493991
night,2022-12-27,258,24.36202636,21,195,1074.19059563,prediction,2,3,2_3_195,2_195_21,-0.2288755899999977,-0.24973867000000283,20.91520124
night,2022-12-27,268,24.66739232,22,195,1125.18958872,prediction,2,3,2_3_195,2_195_22,0.3053659599999996,-1.0691385399999973,19.8460627
night,2022-12-27,279,24.95817779,23,195,1177.52690799,prediction,2,3,2_3_195,2_195_23,0.29078546999999944,-1.6801005700000005,18.16596213
night,2022-12-27,31,27.17731922,1,225,26.1421622904,prediction,2,3,2_3_225,2_225_1,-0.5646397800000003,-0.820369460000002,19.40963054
night,2022-12-27,42,27.79835524,2,225,78.4865939041,prediction,2,3,2_3_225,2_225_2,0.6210360199999982,0.5175370000000008,19.92716754
night,2022-12-27,53,27.36220566,3,225,130.83419649,prediction,2,3,2_3_225,2_225_3,-0.4361495799999986,-0.563449679999998,19.36371786
night,2022-12-27,64,27.79969529,4,225,183.202760398,prediction,2,3,2_3_225,2_225_4,0.4374896299999982,0.5214873000000004,19.88520516
night,2022-12-27,75,27.31652851,5,225,235.5378245,prediction,2,3,2_3_225,2_225_5,-0.4831667799999977,-0.48997908000000123,19.39522608
night,2022-12-27,86,27.29105623,6,225,287.893716757,prediction,2,3,2_3_225,2_225_6,-0.025472280000002456,-0.023731260000001697,19.37149482
night,2022-12-27,97,27.15015987,7,225,340.206774681,prediction,2,3,2_3_225,2_225_7,-0.14089635999999928,-0.12391204999999772,19.24758277
night,2022-12-27,108,27.34970642,8,225,392.609087709,prediction,2,3,2_3_225,2_225_8,0.19954655000000088,0.17091319999999754,19.41849597
night,2022-12-27,119,27.18297125,9,225,444.967545613,prediction,2,3,2_3_225,2_225_9,-0.16673516999999904,-0.25215843999999876,19.16633753
night,2022-12-27,130,27.34921134,10,225,497.266228693,prediction,2,3,2_3_225,2_225_10,0.16624008999999873,0.08201688999999845,19.24835442
night,2022-12-27,141,27.04020782,11,225,546.903162294,prediction,2,3,2_3_225,2_225_11,-0.309003520000001,-0.47577685999999986,18.77257756
night,2022-12-27,152,27.5196351,12,225,601.445836677,prediction,2,3,2_3_225,2_225_12,0.47942727999999946,0.3910769000000016,19.16365446
night,2022-12-27,163,27.32453064,13,225,653.749348408,prediction,2,3,2_3_225,2_225_13,-0.1951044599999996,-0.2492492800000008,18.91440518
night,2022-12-27,174,26.79912405,14,225,706.908204273,prediction,2,3,2_3_225,2_225_14,-0.5254065899999993,-0.5367235899999976,18.37768159
night,2022-12-27,185,26.93130368,15,225,758.484798074,prediction,2,3,2_3_225,2_225_15,0.13217962999999955,0.33464217999999946,18.71232377
night,2022-12-27,196,25.82625672,16,225,810.798966762,prediction,2,3,2_3_225,2_225_16,-1.1050469599999992,-1.1097084900000027,17.60261528
night,2022-12-27,212,25.5088129,17,225,864.434341191,prediction,2,3,2_3_225,2_225_17,-0.31744382000000115,-0.3787525599999988,17.22386272
night,2022-12-27,218,26.15255799,18,225,915.58915721,prediction,2,3,2_3_225,2_225_18,0.6437450899999995,0.6606005500000016,17.88446327
night,2022-12-27,230,27.84019742,19,225,967.914389442,prediction,2,3,2_3_225,2_225_19,1.6876394300000008,1.5610520099999974,19.44551528
night,2022-12-27,241,27.90185792,20,225,1020.24029023,prediction,2,3,2_3_225,2_225_20,0.061660500000002116,0.17390965000000236,19.61942493
night,2022-12-27,251,27.59237523,21,225,1073.74745918,prediction,2,3,2_3_225,2_225_21,-0.30948269000000295,-0.0386419999999994,19.58078293
night,2022-12-27,264,27.37002611,22,225,1125.00912546,prediction,2,3,2_3_225,2_225_22,-0.22234911999999696,-0.10074220000000267,19.48004073
night,2022-12-27,275,27.31941367,23,225,1177.34236285,prediction,2,3,2_3_225,2_225_23,-0.05061244000000187,-0.2536363499999972,19.22640438
night,2022-12-27,287,27.33566346,24,225,1229.6762407,prediction,2,3,2_3_225,2_225_24,0.01624978999999982,-0.20195730000000012,19.02444708
night,2022-12-27,299,26.88154767,25,225,1282.0107427,prediction,2,3,2_3_225,2_225_25,-0.45411578999999946,-0.5059010400000012,18.51854604
night,2022-12-27,310,26.16087096,26,225,1336.09378827,prediction,2,3,2_3_225,2_225_26,-0.7206767099999993,-0.8034329299999996,17.71511311
night,2022-12-27,321,26.54584088,27,225,1386.81886773,prediction,2,3,2_3_225,2_225_27,0.38496991999999963,0.6138699699999997,18.32898308
night,2022-12-27,332,26.44529102,28,225,1439.16057605,prediction,2,3,2_3_225,2_225_28,-0.10054986000000099,0.013392450000001332,18.34237553
night,2022-12-27,343,26.47299969,29,225,1491.5029301,prediction,2,3,2_3_225,2_225_29,0.027708670000002655,0.10438069999999655,18.44675623
night,2022-12-27,354,26.30531649,30,225,1543.84595568,prediction,2,3,2_3_225,2_225_30,-0.16768320000000259,-0.03482079999999854,18.41193543
night,2022-12-27,36,27.09076439,1,255,26.1493125373,prediction,2,3,2_3_255,2_255_1,-0.651194610000001,-0.8039212000000013,19.4260788
night,2022-12-27,48,27.34356567,2,255,78.5069401867,prediction,2,3,2_3_255,2_255_2,0.2528012799999999,0.14429718000000236,19.57037598
night,2022-12-27,63,27.88676684,3,255,130.87662654,prediction,2,3,2_3_255,2_255_3,0.5432011699999997,0.5009133099999978,20.07128929
night,2022-12-27,72,28.04127643,4,255,183.253658741,prediction,2,3,2_3_255,2_255_4,0.15450958999999997,0.17876938999999936,20.25005868
night,2022-12-27,85,27.14577719,5,255,235.606875989,prediction,2,3,2_3_255,2_255_5,-0.8954992399999995,-0.8137189799999973,19.4363397
night,2022-12-27,95,26.55514937,6,255,287.979473221,prediction,2,3,2_3_255,2_255_6,-0.5906278200000017,-0.3800885600000008,19.05625114
night,2022-12-27,106,26.7560827,7,255,340.308783293,prediction,2,3,2_3_255,2_255_7,0.20093333000000158,0.5192717099999982,19.57552285
night,2022-12-27,118,26.71353247,8,255,392.727876477,prediction,2,3,2_3_255,2_255_8,-0.0425502299999998,0.029638640000001715,19.60516149
night,2022-12-27,128,26.61751017,9,255,445.100751387,prediction,2,3,2_3_255,2_255_9,-0.09602230000000134,-0.1361764600000015,19.46898503
night,2022-12-27,139,26.45425424,10,255,497.419046738,prediction,2,3,2_3_255,2_255_10,-0.16325592999999827,-0.21319703999999717,19.25578799
night,2022-12-27,151,26.71737918,11,255,547.10469891,prediction,2,3,2_3_255,2_255_11,0.2631249399999973,0.20664696999999776,19.46243496
night,2022-12-27,161,26.10149302,12,255,601.640315573,prediction,2,3,2_3_255,2_255_12,-0.6158861599999987,-0.8432457699999993,18.61918919
night,2022-12-27,172,26.29977585,13,255,653.962746366,prediction,2,3,2_3_255,2_255_13,0.19828283000000013,0.15311434999999918,18.77230354
night,2022-12-27,184,26.32782599,14,255,707.267285282,prediction,2,3,2_3_255,2_255_14,0.028050140000001278,-0.08195290999999827,18.69035063
night,2022-12-27,195,25.76469427,15,255,758.755698383,prediction,2,3,2_3_255,2_255_15,-0.5631317200000012,-0.841199060000001,17.84915157
night,2022-12-27,206,25.30552467,16,255,811.091073808,prediction,2,3,2_3_255,2_255_16,-0.4591695999999992,-0.723543509999999,17.12560806
night,2022-12-27,210,25.52944929,17,255,864.328430686,prediction,2,3,2_3_255,2_255_17,0.22392461999999824,0.020100379999998808,17.14570844
night,2022-12-27,227,26.12696934,18,255,915.873920636,prediction,2,3,2_3_255,2_255_18,0.59752005,0.4217011900000003,17.56740963
night,2022-12-27,238,26.22450434,19,255,968.218473936,prediction,2,3,2_3_255,2_255_19,0.0975350000000006,-0.11793210000000087,17.44947753
night,2022-12-27,249,25.87141144,20,255,1020.56405306,prediction,2,3,2_3_255,2_255_20,-0.35309290000000004,-0.4873352199999985,16.96214231
night,2022-12-27,261,25.95014864,21,255,1074.50378336,prediction,2,3,2_3_255,2_255_21,0.07873719999999906,0.3863437300000001,17.34848604
night,2022-12-27,271,25.74415221,22,255,1125.41362315,prediction,2,3,2_3_255,2_255_22,-0.205996429999999,0.29948963000000006,17.64797567
night,2022-12-27,282,25.33545323,23,255,1177.76947909,prediction,2,3,2_3_255,2_255_23,-0.4086989800000005,-0.1544378799999997,17.49353779
night,2022-12-27,293,25.41258147,24,255,1230.12637227,prediction,2,3,2_3_255,2_255_24,0.0771282400000004,0.08912035999999901,17.58265815
night,2022-12-27,304,25.30441258,25,255,1282.48427264,prediction,2,3,2_3_255,2_255_25,-0.10816888999999819,-0.29450544999999906,17.2881527
night,2022-12-27,315,25.43825203,26,255,1336.53171427,prediction,2,3,2_3_255,2_255_26,0.13383944999999997,-0.22288039000000026,17.06527231
night,2022-12-27,326,25.47302314,27,255,1387.33562104,prediction,2,3,2_3_255,2_255_27,0.03477110999999766,-0.12907966999999942,16.93619264
night,2022-12-27,337,25.03432673,28,255,1439.70166378,prediction,2,3,2_3_255,2_255_28,-0.4386964099999986,-0.2615549399999999,16.6746377
night,2022-12-27,348,25.93956911,29,255,1492.06879036,prediction,2,3,2_3_255,2_255_29,0.9052423800000007,1.2693691099999995,17.94400681
night,2022-12-27,360,26.07250331,30,255,1544.43689287,prediction,2,3,2_3_255,2_255_30,0.13293419999999756,0.24599562999999947,18.19000244
night,2022-12-27,38,27.11021381,1,285,26.149320641,prediction,2,3,2_3_285,2_285_1,-0.6317451900000002,-0.6062697700000008,19.62373023
night,2022-12-27,52,27.07311457,2,285,78.5097908779,prediction,2,3,2_3_285,2_285_2,-0.03709923999999987,-0.09497370999999788,19.52875652
night,2022-12-27,62,27.49337945,3,285,130.87356057,prediction,2,3,2_3_285,2_285_3,0.42026487999999773,0.3339703599999986,19.86272688
night,2022-12-27,73,27.86550214,4,285,183.255763257,prediction,2,3,2_3_285,2_285_4,0.3721226900000012,0.2515801499999988,20.11430703
night,2022-12-27,84,27.68473384,5,285,235.605230044,prediction,2,3,2_3_285,2_285_5,-0.18076830000000044,-0.15474455999999748,19.95956247
night,2022-12-27,96,25.8588658,6,285,287.981779618,prediction,2,3,2_3_285,2_285_6,-1.8258680399999996,-1.534045350000003,18.42551712
night,2022-12-27,107,26.10461311,7,285,340.309803081,prediction,2,3,2_3_285,2_285_7,0.24574730999999872,0.780627410000001,19.20614453
night,2022-12-27,117,26.2751416,8,285,392.725912691,prediction,2,3,2_3_285,2_285_8,0.17052849000000236,0.41427737000000064,19.6204219
night,2022-12-27,129,26.18108151,9,285,445.105153265,prediction,2,3,2_3_285,2_285_9,-0.09406009000000282,0.02622175999999854,19.64664366
night,2022-12-27,140,26.43794255,10,285,497.420665061,prediction,2,3,2_3_285,2_285_10,0.25686104000000043,0.3297395500000029,19.97638321
night,2022-12-27,150,26.16251724,11,285,547.10048277,prediction,2,3,2_3_285,2_285_11,-0.27542530999999926,-0.25611601000000306,19.7202672
night,2022-12-27,162,26.28626005,12,285,601.64126025,prediction,2,3,2_3_285,2_285_12,0.12374280999999954,0.13784967000000137,19.85811687
night,2022-12-27,173,26.18176946,13,285,653.963824959,prediction,2,3,2_3_285,2_285_13,-0.1044905899999975,-0.17399728999999908,19.68411958
night,2022-12-27,177,26.21061314,14,285,707.077105223,prediction,2,3,2_3_285,2_285_14,0.028843679999997818,-0.0878401800000006,19.5962794
night,2022-12-27,194,26.34514428,15,285,758.728805537,prediction,2,3,2_3_285,2_285_15,0.13453114,-0.03816996000000117,19.55810944
night,2022-12-27,205,25.98121571,16,285,811.062448387,prediction,2,3,2_3_285,2_285_16,-0.3639285699999988,-0.7069642599999995,18.85114518
night,2022-12-27,17,25.95256264,17,285,864.783493136,prediction,2,3,2_3_285,2_285_17,-0.028653070000000724,-0.37607985,18.47506533
night,2022-12-27,228,25.83727211,18,285,915.900561915,prediction,2,3,2_3_285,2_285_18,-0.11529052999999934,-0.4061862999999981,18.06887903
night,2022-12-27,239,25.75883661,19,285,968.246820865,prediction,2,3,2_3_285,2_285_19,-0.07843550000000121,-0.4441665400000012,17.62471249
night,2022-12-27,250,26.28009068,20,285,1020.59402321,prediction,2,3,2_3_285,2_285_20,0.5212540700000012,0.20382842999999795,17.82854092
night,2022-12-27,259,26.39076907,21,285,1074.20728628,prediction,2,3,2_3_285,2_285_21,0.11067839000000035,0.014920390000000339,17.84346131
night,2022-12-27,272,25.75982656,22,285,1125.41494883,prediction,2,3,2_3_285,2_285_22,-0.6309425100000006,-0.5639306499999996,17.27953066
night,2022-12-27,283,25.23683072,23,285,1177.77099231,prediction,2,3,2_3_285,2_285_23,-0.5229958400000001,-0.23706301999999724,17.04246764
night,2022-12-27,294,24.52595081,24,285,1230.12815714,prediction,2,3,2_3_285,2_285_24,-0.7108799099999992,-0.4590145200000002,16.58345312
night,2022-12-27,305,24.50624346,25,285,1282.48626986,prediction,2,3,2_3_285,2_285_25,-0.0197073500000009,-0.02604911000000243,16.55740401
night,2022-12-27,316,25.5135784,26,285,1336.53812588,prediction,2,3,2_3_285,2_285_26,1.0073349399999998,0.3890422600000001,16.94644627
night,2022-12-27,327,25.88350898,27,285,1387.33847392,prediction,2,3,2_3_285,2_285_27,0.36993057999999834,0.13193865999999943,17.07838493
night,2022-12-27,338,26.0370599,28,285,1439.70478145,prediction,2,3,2_3_285,2_285_28,0.1535509200000007,0.10595781000000315,17.18434274
night,2022-12-27,349,26.14336864,29,285,1492.07222963,prediction,2,3,2_3_285,2_285_29,0.10630873999999935,0.02021242000000001,17.20455516
night,2022-12-27,39,27.30819171,1,315,26.1495677872,prediction,2,3,2_3_315,2_315_1,-0.43376729000000225,-0.38263510999999895,19.84736489
night,2022-12-27,47,27.55413526,2,315,78.506588238,prediction,2,3,2_3_315,2_315_2,0.2459435499999998,0.37029589999999857,20.21766079
night,2022-12-27,61,26.98949568,3,315,130.873391001,prediction,2,3,2_3_315,2_315_3,-0.5646395799999979,-0.6025029400000008,19.61515785
night,2022-12-27,74,26.87613058,4,315,183.256425919,prediction,2,3,2_3_315,2_315_4,-0.11336509999999933,-0.1829655499999987,19.4321923
night,2022-12-27,83,26.13596842,5,315,235.603359681,prediction,2,3,2_3_315,2_315_5,-0.7401621600000006,-0.8682406399999998,18.56395166
night,2022-12-27,94,26.09246567,6,315,287.977630168,prediction,2,3,2_3_315,2_315_6,-0.04350275000000181,-0.059360240000000175,18.50459142
night,2022-12-27,105,26.28179092,7,315,340.304761915,prediction,2,3,2_3_315,2_315_7,0.18932524999999956,0.2879864699999999,18.79257789
night,2022-12-27,116,25.81134444,8,315,392.718288014,prediction,2,3,2_3_315,2_315_8,-0.47044647999999967,-0.21118952000000135,18.58138837
night,2022-12-27,127,25.83140907,9,315,445.092654475,prediction,2,3,2_3_315,2_315_9,0.02006463000000025,0.35747986000000154,18.93886823
night,2022-12-27,138,25.4761123,10,315,497.40865149,prediction,2,3,2_3_315,2_315_10,-0.35529676999999893,-0.17474186000000103,18.76412637
night,2022-12-27,149,24.749708,11,315,547.068358919,prediction,2,3,2_3_315,2_315_11,-0.7264043000000022,-0.7192279600000013,18.04489841
night,2022-12-27,160,24.71501932,12,315,601.620474081,prediction,2,3,2_3_315,2_315_12,-0.034688679999998584,-0.07466540999999793,17.970233
night,2022-12-27,171,24.78603098,13,315,653.939654538,prediction,2,3,2_3_315,2_315_13,0.07101165999999992,-0.0757573899999997,17.89447561
night,2022-12-27,183,24.58181485,14,315,707.256506323,prediction,2,3,2_3_315,2_315_14,-0.20421612999999894,-0.24084026999999963,17.65363534
night,2022-12-27,193,24.58866023,15,315,758.727653744,prediction,2,3,2_3_315,2_315_15,0.006845379999997903,0.07005367000000007,17.72368901
night,2022-12-27,204,24.32178659,16,315,811.059153639,prediction,2,3,2_3_315,2_315_16,-0.26687364,-0.16855656000000252,17.55513245
night,2022-12-27,211,24.40270406,17,315,864.340763528,prediction,2,3,2_3_315,2_315_17,0.08091747000000282,0.12544746000000018,17.68057991
night,2022-12-27,226,24.42421793,18,315,915.83925752,prediction,2,3,2_3_315,2_315_18,0.021513869999999713,-0.004865599999998693,17.67571431
night,2022-12-27,237,24.81115672,19,315,968.179492611,prediction,2,3,2_3_315,2_315_19,0.38693878999999853,0.3100178100000015,17.98573212
night,2022-12-27,248,24.82161564,20,315,1020.52043405,prediction,2,3,2_3_315,2_315_20,0.01045892000000137,-0.23570684000000242,17.75002528
night,2022-12-27,260,24.81509026,21,315,1074.27874941,prediction,2,3,2_3_315,2_315_21,-0.006525379999999359,-0.3216750399999988,17.42835024
night,2022-12-27,270,24.93387832,22,315,1125.34266539,prediction,2,3,2_3_315,2_315_22,0.11878805999999997,-0.08365986000000092,17.34469038
night,2022-12-27,281,25.84519047,23,315,1177.69223154,prediction,2,3,2_3_315,2_315_23,0.911312149999997,0.7162538900000008,18.06094427
night,2022-12-27,292,25.83131081,24,315,1230.0425277,prediction,2,3,2_3_315,2_315_24,-0.013879659999997074,-0.3529970099999993,17.70794726
night,2022-12-27,303,26.0387933,25,315,1282.39359165,prediction,2,3,2_3_315,2_315_25,0.20748248999999674,-0.14718109000000013,17.56076617
night,2022-12-27,314,26.23772379,26,315,1336.49391968,prediction,2,3,2_3_315,2_315_26,0.19893049000000218,0.047066349999997925,17.60783252
night,2022-12-27,325,26.06354478,27,315,1387.23503065,prediction,2,3,2_3_315,2_315_27,-0.17417900999999958,-0.30442530999999917,17.30340721
night,2022-12-27,336,25.40679712,28,315,1439.59346859,prediction,2,3,2_3_315,2_315_28,-0.6567476600000006,-0.9129243500000008,16.39048286
night,2022-12-27,347,25.40221272,29,315,1491.95272129,prediction,2,3,2_3_315,2_315_29,-0.004584399999998823,-0.4655232999999992,15.92495956
night,2022-12-27,358,25.70759278,30,315,1544.3126586,prediction,2,3,2_3_315,2_315_30,0.3053800599999974,-0.05049848999999895,15.87446107
night,2022-12-27,41,27.89308002,1,345,26.1500688971,prediction,2,3,2_3_345,2_345_1,0.15112101999999794,0.20286241999999888,20.43286242
night,2022-12-27,49,28.10228117,2,345,78.5070511329,prediction,2,3,2_3_345,2_345_2,0.20920115000000195,0.3764027200000015,20.80926514
night,2022-12-27,60,27.46054202,3,345,130.872835727,prediction,2,3,2_3_345,2_345_3,-0.6417391500000029,-0.5822020400000021,20.2270631
night,2022-12-27,71,27.31075157,4,345,183.24991072,prediction,2,3,2_3_345,2_345_4,-0.14979044999999758,-0.09003567999999973,20.13702742
night,2022-12-27,82,27.15925646,5,345,235.601945306,prediction,2,3,2_3_345,2_345_5,-0.15149510999999904,-0.1640568800000004,19.97297054
night,2022-12-27,93,26.92058552,6,345,287.968116355,prediction,2,3,2_3_345,2_345_6,-0.23867094000000222,-0.21013169999999803,19.76283884
night,2022-12-27,104,26.73002039,7,345,340.295141519,prediction,2,3,2_3_345,2_345_7,-0.19056512999999953,-0.12084984000000176,19.641989
night,2022-12-27,115,26.83622344,8,345,392.709712269,prediction,2,3,2_3_345,2_345_8,0.1062030500000013,0.18826475000000187,19.83025375
night,2022-12-27,126,25.85243732,9,345,445.079436204,prediction,2,3,2_3_345,2_345_9,-0.9837861200000013,-1.2198474899999994,18.61040626
night,2022-12-27,137,26.21544479,10,345,497.390112246,prediction,2,3,2_3_345,2_345_10,0.36300746999999944,0.3288231899999978,18.93922945
night,2022-12-27,145,25.68133654,11,345,546.992209207,prediction,2,3,2_3_345,2_345_11,-0.5341082499999992,-0.47763671999999957,18.46159273
night,2022-12-27,159,25.43478287,12,345,601.582898436,prediction,2,3,2_3_345,2_345_12,-0.24655367000000084,0.04761311000000035,18.50920584
night,2022-12-27,170,25.095394,13,345,653.896039442,prediction,2,3,2_3_345,2_345_13,-0.3393888700000005,-0.19471460000000107,18.31449124
night,2022-12-27,181,24.53983391,14,345,707.200965457,prediction,2,3,2_3_345,2_345_14,-0.5555600900000002,-0.7484632599999976,17.56602798
night,2022-12-27,192,24.38874971,15,345,758.669844378,prediction,2,3,2_3_345,2_345_15,-0.15108419999999967,-0.3844773700000026,17.18155061
night,2022-12-27,203,24.71032474,16,345,810.993894777,prediction,2,3,2_3_345,2_345_16,0.32157503000000176,0.38004151000000164,17.56159212
night,2022-12-27,215,24.23929113,17,345,864.503329694,prediction,2,3,2_3_345,2_345_17,-0.4710336099999992,-0.4745500500000013,17.08704207
night,2022-12-27,225,23.82058795,18,345,915.786279166,prediction,2,3,2_3_345,2_345_18,-0.4187031800000014,-0.35142396999999903,16.7356181
night,2022-12-27,236,23.6300958,19,345,968.119276911,prediction,2,3,2_3_345,2_345_19,-0.19049215000000075,-0.1976462099999985,16.53797189
night,2022-12-27,247,23.91168713,20,345,1020.45253703,prediction,2,3,2_3_345,2_345_20,0.28159133000000125,0.2419223699999975,16.77989426
night,2022-12-27,257,23.55934758,21,345,1074.18632633,prediction,2,3,2_3_345,2_345_21,-0.35233954999999995,-0.2752296199999975,16.50466464
night,2022-12-27,269,23.12215755,22,345,1125.25634889,prediction,2,3,2_3_345,2_345_22,-0.43719003,-0.2682057499999999,16.23645889
night,2022-12-27,280,22.7750459,23,345,1177.59668494,prediction,2,3,2_3_345,2_345_23,-0.3471116500000022,-0.19217720000000327,16.04428169
night,2022-12-27,291,21.96108636,24,345,1229.93735902,prediction,2,3,2_3_345,2_345_24,-0.813959539999999,-0.6579097299999983,15.38637196
night,2023-01-07,40,19.34781466,1,15,26.1499340473,prediction,2,4,2_4_15,2_15_1,0.44805365999999935,0.44235849000000016,20.67235849
night,2023-01-07,46,18.17806867,2,15,78.50635058,prediction,2,4,2_4_15,2_15_2,-1.1697459900000027,-1.1421027899999991,19.5302557
night,2023-01-07,59,18.10127134,3,15,130.871230267,prediction,2,4,2_4_15,2_15_3,-0.076797329999998,0.09298605999999765,19.62324176
night,2023-01-07,69,18.50818713,4,15,183.246919315,prediction,2,4,2_4_15,2_15_4,0.40691578999999933,0.2913875300000015,19.91462929
night,2023-01-07,81,18.60501006,5,15,235.597026849,prediction,2,4,2_4_15,2_15_5,0.09682293000000186,0.05169878999999966,19.96632808
night,2023-01-07,92,18.21358025,6,15,287.960622974,prediction,2,4,2_4_15,2_15_6,-0.39142981000000177,-0.35424499000000154,19.61208309
night,2023-01-07,103,18.27662592,7,15,340.284751843,prediction,2,4,2_4_15,2_15_7,0.06304567000000105,0.19763462000000231,19.80971771
night,2023-01-07,114,17.64022319,8,15,392.695837136,prediction,2,4,2_4_15,2_15_8,-0.6364027300000004,-0.7609721300000025,19.04874558
night,2023-01-07,125,17.19952911,9,15,445.06189049,prediction,2,4,2_4_15,2_15_9,-0.4406940800000001,-0.39845527999999675,18.6502903
night,2023-01-07,136,17.43992717,10,15,497.368061999,prediction,2,4,2_4_15,2_15_10,0.2403980600000004,0.5159400599999984,19.16623036
night,2023-01-07,143,17.03678378,11,15,546.961835945,prediction,2,4,2_4_15,2_15_11,-0.4031433900000003,-0.2773252500000005,18.88890511
night,2023-01-07,158,17.16723916,12,15,601.549994255,prediction,2,4,2_4_15,2_15_12,0.1304553800000008,0.2894721500000017,19.17837726
night,2023-01-07,169,16.73773587,13,15,653.857246533,prediction,2,4,2_4_15,2_15_13,-0.42950328999999954,-0.2789371100000011,18.89944015
night,2023-01-07,180,16.18874305,14,15,707.152439805,prediction,2,4,2_4_15,2_15_14,-0.5489928200000023,-0.34299878999999933,18.55644136
night,2023-01-07,190,16.04939249,15,15,758.617319606,prediction,2,4,2_4_15,2_15_15,-0.13935056000000046,-0.17666211000000231,18.37977925
night,2023-01-07,201,16.028737,16,15,810.933963379,prediction,2,4,2_4_15,2_15_16,-0.020655489999999332,-0.031055969999997046,18.34872328
night,2023-01-07,213,16.18237847,17,15,864.438434635,prediction,2,4,2_4_15,2_15_17,0.15364147000000017,0.35919330999999843,18.70791659
night,2023-01-07,223,16.09927822,18,15,915.710469659,prediction,2,4,2_4_15,2_15_18,-0.0831002500000011,0.0860163500000013,18.79393294
night,2023-01-07,234,15.95182048,19,15,968.034633446,prediction,2,4,2_4_15,2_15_19,-0.14745773999999834,-0.152558980000002,18.64137396
night,2023-01-07,245,14.88221805,20,15,1020.3586323,prediction,2,4,2_4_15,2_15_20,-1.0696024299999998,-1.2536529399999985,17.38772102
night,2023-01-07,255,14.01033822,21,15,1074.08747563,prediction,2,4,2_4_15,2_15_21,-0.871879830000001,-0.9157861700000005,16.47193485
night,2023-01-07,267,13.79809871,22,15,1125.14278858,prediction,2,4,2_4_15,2_15_22,-0.21223950999999985,-0.07507238999999899,16.39686246
night,2023-01-07,278,13.37229685,23,15,1177.47240482,prediction,2,4,2_4_15,2_15_23,-0.42580186,-0.2624118400000022,16.13445062
night,2023-01-07,35,18.94061528,1,45,26.1492919353,prediction,2,4,2_4_45,2_45_1,0.0408542799999978,-0.03735001000000082,20.19264999
night,2023-01-07,45,18.51700792,2,45,78.5051404983,prediction,2,4,2_4_45,2_45_2,-0.4236073599999983,-0.3391857899999984,19.8534642
night,2023-01-07,57,18.71957992,3,45,130.869096061,prediction,2,4,2_4_45,2_45_3,0.20257199999999997,0.29942146999999864,20.15288567
night,2023-01-07,70,18.44690493,4,45,183.248158249,prediction,2,4,2_4_45,2_45_4,-0.2726749900000023,-0.2682127399999992,19.88467293
night,2023-01-07,79,18.63203421,5,45,235.589826951,prediction,2,4,2_4_45,2_45_5,0.18512928000000173,0.13123387999999991,20.01590681
night,2023-01-07,91,19.0234538,6,45,287.957554831,prediction,2,4,2_4_45,2_45_6,0.39141958999999815,0.4335917000000009,20.44949851
night,2023-01-07,102,18.63446171,7,45,340.276678648,prediction,2,4,2_4_45,2_45_7,-0.38899208999999857,-0.31213317000000274,20.13736534
night,2023-01-07,111,17.97265042,8,45,392.681811001,prediction,2,4,2_4_45,2_45_8,-0.6618112899999993,-0.4648657599999986,19.67249958
night,2023-01-07,122,17.94802804,9,45,445.044364492,prediction,2,4,2_4_45,2_45_9,-0.024622380000000277,0.1712306599999991,19.84373024
night,2023-01-07,134,17.52207007,10,45,497.348890797,prediction,2,4,2_4_45,2_45_10,-0.4259579699999989,-0.40456199999999853,19.43916824
night,2023-01-07,146,17.15300214,11,45,546.992632234,prediction,2,4,2_4_45,2_45_11,-0.36906792999999993,-0.30047142000000093,19.13869682
night,2023-01-07,156,17.31980753,12,45,601.532445915,prediction,2,4,2_4_45,2_45_12,0.16680538999999683,0.3258162899999988,19.46451311
night,2023-01-07,167,17.55158009,13,45,653.835724378,prediction,2,4,2_4_45,2_45_13,0.23177256000000312,0.3382519400000028,19.80276505
night,2023-01-07,179,17.57816517,14,45,707.144348088,prediction,2,4,2_4_45,2_45_14,0.026585079999996708,0.10751933999999963,19.91028439
night,2023-01-07,189,16.83093388,15,45,758.58921792,prediction,2,4,2_4_45,2_45_15,-0.7472312899999984,-0.7619372800000015,19.14834711
night,2023-01-07,200,16.81198035,16,45,810.90091175,prediction,2,4,2_4_45,2_45_16,-0.018953530000000995,0.16507045000000176,19.31341756
night,2023-01-07,208,17.42957442,17,45,864.159798579,prediction,2,4,2_4_45,2_45_17,0.6175940700000027,0.559912139999998,19.8733297
night,2023-01-07,221,17.36538274,18,45,915.637247911,prediction,2,4,2_4_45,2_45_18,-0.06419168000000042,-0.12929803999999834,19.74403166
night,2023-01-07,232,16.86350592,19,45,967.953625279,prediction,2,4,2_4_45,2_45_19,-0.5018768199999997,-0.58537222,19.15865944
night,2023-01-07,243,16.16895596,20,45,1020.26945164,prediction,2,4,2_4_45,2_45_20,-0.6945499599999998,-0.6414761300000009,18.51718331
night,2023-01-07,254,15.90379574,21,45,1073.99224514,prediction,2,4,2_4_45,2_45_21,-0.26516022000000206,-0.047287000000000745,18.46989631
night,2023-01-07,266,15.98304227,22,45,1125.0365688,prediction,2,4,2_4_45,2_45_22,0.0792465300000007,0.3331444999999995,18.80304081
night,2023-01-07,277,15.75454179,23,45,1177.35692372,prediction,2,4,2_4_45,2_45_23,-0.228500480000001,-0.1917671900000002,18.61127362
night,2023-01-07,288,15.22005916,24,45,1229.67680296,prediction,2,4,2_4_45,2_45_24,-0.5344826299999994,-0.6097670199999996,18.0015066
night,2023-01-07,298,15.79333372,25,45,1281.99601257,prediction,2,4,2_4_45,2_45_25,0.5732745599999998,0.4502475500000003,18.45175415
night,2023-01-07,309,15.50839401,26,45,1336.0622659,prediction,2,4,2_4_45,2_45_26,-0.28493970999999974,-0.160585489999999,18.29116866
night,2023-01-07,320,15.23419341,27,45,1386.76970677,prediction,2,4,2_4_45,2_45_27,-0.27420060000000035,0.043879799999999136,18.33504846
night,2023-01-07,331,14.76862316,28,45,1439.09234714,prediction,2,4,2_4_45,2_45_28,-0.46557024999999896,-0.19542232999999953,18.13962613
night,2023-01-07,342,14.70983369,29,45,1491.41441585,prediction,2,4,2_4_45,2_45_29,-0.058789470000000676,-0.006934130000001204,18.132692
night,2023-01-07,353,14.69329735,30,45,1543.73587725,prediction,2,4,2_4_45,2_45_30,-0.016536340000000038,0.07731378000000078,18.21000578
night,2023-01-07,33,19.46443377,1,75,26.148976916,prediction,2,4,2_4_75,2_75_1,0.5646727699999978,0.4532209999999992,20.683221
night,2023-01-07,51,19.1030308,2,75,78.507621266,prediction,2,4,2_4_75,2_75_2,-0.3614029700000003,-0.3634602700000009,20.31976073
night,2023-01-07,56,19.3532431,3,75,130.868089502,prediction,2,4,2_4_75,2_75_3,0.25021230000000116,0.2910749700000004,20.6108357
night,2023-01-07,67,19.01229294,4,75,183.244421032,prediction,2,4,2_4_75,2_75_4,-0.340950160000002,-0.31088386000000057,20.29995184
night,2023-01-07,77,18.15639265,5,75,235.586681799,prediction,2,4,2_4_75,2_75_5,-0.8559002899999975,-0.7901958399999991,19.509756
night,2023-01-07,89,18.51239424,6,75,287.954487322,prediction,2,4,2_4_75,2_75_6,0.3560015899999982,0.5666320999999996,20.0763881
night,2023-01-07,99,18.51052943,7,75,340.271549334,prediction,2,4,2_4_75,2_75_7,-0.0018648100000007162,0.22258323000000146,20.29897133
night,2023-01-07,109,18.17862061,8,75,392.674128151,prediction,2,4,2_4_75,2_75_8,-0.3319088199999989,-0.226229,20.07274233
night,2023-01-07,121,18.06588772,9,75,445.040277329,prediction,2,4,2_4_75,2_75_9,-0.1127328900000002,0.1164197300000005,20.18916206
night,2023-01-07,132,18.27161825,10,75,497.338930083,prediction,2,4,2_4_75,2_75_10,0.2057305300000003,0.3247339300000007,20.51389599
night,2023-01-07,147,18.42592429,11,75,547.000708722,prediction,2,4,2_4_75,2_75_11,0.1543060400000016,0.18527887999999848,20.69917487
night,2023-01-07,154,18.09575502,12,75,601.521631113,prediction,2,4,2_4_75,2_75_12,-0.3301692700000025,-0.37106378000000007,20.32811109
night,2023-01-07,165,18.14759078,13,75,653.822554947,prediction,2,4,2_4_75,2_75_13,0.051835760000003006,0.09317134000000138,20.42128243
night,2023-01-07,175,18.00654011,14,75,706.911391158,prediction,2,4,2_4_75,2_75_14,-0.14105067000000204,-0.025728850000000136,20.39555358
night,2023-01-07,186,18.43455201,15,75,758.538606215,prediction,2,4,2_4_75,2_75_15,0.42801190000000133,0.5718916699999994,20.96744525
night,2023-01-07,197,18.68615827,16,75,810.845114994,prediction,2,4,2_4_75,2_75_16,0.2516062599999991,0.16601340999999792,21.13345866
night,2023-01-07,216,18.75696855,17,75,864.537255183,prediction,2,4,2_4_75,2_75_17,0.07081027999999989,-0.12246768999999702,21.01099097
night,2023-01-07,220,18.40688991,18,75,915.623591996,prediction,2,4,2_4_75,2_75_18,-0.35007863999999955,-0.3289183100000024,20.68207266
night,2023-01-07,231,17.89436819,19,75,967.937262268,prediction,2,4,2_4_75,2_75_19,-0.5125217199999987,-0.26446259000000083,20.41761007
night,2023-01-07,242,17.71985097,20,75,1020.25015995,prediction,2,4,2_4_75,2_75_20,-0.17451722000000203,0.005323500000002923,20.42293357
night,2023-01-07,253,17.76780596,21,75,1073.84509471,prediction,2,4,2_4_75,2_75_21,0.04795499000000092,0.1464434699999977,20.56937704
night,2023-01-07,263,17.43923442,22,75,1124.99866854,prediction,2,4,2_4_75,2_75_22,-0.3285715400000022,-0.18777412999999754,20.38160291
night,2023-01-07,274,17.06267712,23,75,1177.3150084,prediction,2,4,2_4_75,2_75_23,-0.3765572999999982,-0.20612423000000035,20.17547868
night,2023-01-07,285,16.97245495,24,75,1229.63061299,prediction,2,4,2_4_75,2_75_24,-0.09022217000000055,-0.12691178000000036,20.0485669
night,2023-01-07,296,16.61053947,25,75,1281.94545509,prediction,2,4,2_4_75,2_75_25,-0.3619154800000004,-0.5633859799999996,19.48518092
night,2023-01-07,307,16.11870628,26,75,1335.94686661,prediction,2,4,2_4_75,2_75_26,-0.4918331899999977,-0.5943866,18.89079432
night,2023-01-07,318,15.47705982,27,75,1386.70513346,prediction,2,4,2_4_75,2_75_27,-0.6416464600000023,-0.3659509000000014,18.52484342
night,2023-01-07,329,15.40962818,28,75,1439.02265301,prediction,2,4,2_4_75,2_75_28,-0.0674316399999988,0.19180718999999868,18.71665061
night,2023-01-07,340,14.72800207,29,75,1491.33954379,prediction,2,4,2_4_75,2_75_29,-0.6816261099999998,-0.8093311299999968,17.90731948
night,2023-01-07,351,15.82305142,30,75,1543.65559389,prediction,2,4,2_4_75,2_75_30,1.09504935,1.2626939499999992,19.17001343
night,2023-01-07,34,19.01096235,1,105,26.1489802967,prediction,2,4,2_4_105,2_105_1,0.1112013499999982,-0.039599030000001534,20.19040097
night,2023-01-07,44,18.9005689,2,105,78.5047576509,prediction,2,4,2_4_105,2_105_2,-0.11039345000000012,-0.1235192199999986,20.06688175
night,2023-01-07,58,19.31525371,3,105,130.870643632,prediction,2,4,2_4_105,2_105_3,0.4146848100000007,0.41621241,20.48309416
night,2023-01-07,66,19.17995377,4,105,183.242955556,prediction,2,4,2_4_105,2_105_4,-0.13529993999999945,-0.1693144800000006,20.31377968
night,2023-01-07,78,18.58444233,5,105,235.588284549,prediction,2,4,2_4_105,2_105_5,-0.5955114399999992,-0.5172340599999998,19.79654562
night,2023-01-07,87,18.29367984,6,105,287.952342449,prediction,2,4,2_4_105,2_105_6,-0.2907624900000023,-0.08593649999999897,19.71060912
night,2023-01-07,98,18.47266567,7,105,340.2706357,prediction,2,4,2_4_105,2_105_7,0.178985830000002,0.43106798999999896,20.14167711
night,2023-01-07,110,18.47590263,8,105,392.677146954,prediction,2,4,2_4_105,2_105_8,0.003236959999998845,0.1679754399999993,20.30965255
night,2023-01-07,120,18.73257771,9,105,445.034567252,prediction,2,4,2_4_105,2_105_9,0.25667508000000083,0.3642179900000002,20.67387054
night,2023-01-07,131,18.76123717,10,105,497.337391364,prediction,2,4,2_4_105,2_105_10,0.02865946000000008,0.10499448999999927,20.77886503
night,2023-01-07,148,18.51234152,11,105,547.00681307,prediction,2,4,2_4_105,2_105_11,-0.24889565000000147,-0.10057809999999989,20.67828693
night,2023-01-07,153,18.22017332,12,105,601.521158094,prediction,2,4,2_4_105,2_105_12,-0.292168199999999,-0.12191293999999786,20.55637399
night,2023-01-07,164,18.66157603,13,105,653.821981781,prediction,2,4,2_4_105,2_105_13,0.4414027099999984,0.584288309999998,21.1406623
night,2023-01-07,178,18.84970378,14,105,707.099592883,prediction,2,4,2_4_105,2_105_14,0.1881277499999996,0.1809034500000024,21.32156575
night,2023-01-07,188,18.91788567,15,105,758.56574345,prediction,2,4,2_4_105,2_105_15,0.06818189000000174,0.09460273999999913,21.41616849
night,2023-01-07,198,18.62909534,16,105,810.874048291,prediction,2,4,2_4_105,2_105_16,-0.2887903300000012,-0.26289958999999996,21.1532689
night,2023-01-07,207,18.77706037,17,105,864.082555014,prediction,2,4,2_4_105,2_105_17,0.14796503000000172,0.06948909999999842,21.222758
night,2023-01-07,219,18.6131803,18,105,915.597310755,prediction,2,4,2_4_105,2_105_18,-0.16388007000000115,-0.11994059999999962,21.1028174
night,2023-01-07,229,18.35798649,19,105,967.909398761,prediction,2,4,2_4_105,2_105_19,-0.2551938100000015,0.017122790000001942,21.11994019
night,2023-01-07,240,18.28775985,20,105,1020.22073198,prediction,2,4,2_4_105,2_105_20,-0.07022663999999779,0.05033401000000026,21.1702742
night,2023-01-07,256,18.36879774,21,105,1074.11172432,prediction,2,4,2_4_105,2_105_21,0.08103789000000106,0.11209513000000015,21.28236933
night,2023-01-07,262,18.05970264,22,105,1124.99505457,prediction,2,4,2_4_105,2_105_22,-0.3090951000000004,-0.3072300700000028,20.97513926
night,2023-01-07,273,17.93134672,23,105,1177.31112423,prediction,2,4,2_4_105,2_105_23,-0.12835592000000062,-0.031212489999997928,20.94392677
night,2023-01-07,284,17.92188803,24,105,1229.62646731,prediction,2,4,2_4_105,2_105_24,-0.009458689999998882,0.1469922799999992,21.09091905
night,2023-01-07,295,17.55215892,25,105,1281.94101005,prediction,2,4,2_4_105,2_105_25,-0.3697291100000015,-0.2642881899999985,20.82663086
night,2023-01-07,306,17.45460946,26,105,1335.94636579,prediction,2,4,2_4_105,2_105_26,-0.09754945999999975,0.007763509999996643,20.83439437
night,2023-01-07,317,17.33281908,27,105,1386.70041475,prediction,2,4,2_4_105,2_105_27,-0.1217903800000002,-0.01945042999999913,20.81494394
night,2023-01-07,328,17.38719781,28,105,1439.01773273,prediction,2,4,2_4_105,2_105_28,0.05437872999999982,0.09991482000000218,20.91485876
night,2023-01-07,339,17.91181827,29,105,1491.33427335,prediction,2,4,2_4_105,2_105_29,0.5246204600000013,0.3442382500000001,21.25909701
night,2023-01-07,37,18.78138864,1,135,26.149317842,prediction,2,4,2_4_135,2_135_1,-0.11837236000000217,-0.30640968000000157,19.92359032
night,2023-01-07,50,19.09648696,2,135,78.5072596515,prediction,2,4,2_4_135,2_135_2,0.3150983200000006,0.27259061000000173,20.19618093
night,2023-01-07,55,18.93824403,3,135,130.866816893,prediction,2,4,2_4_135,2_135_3,-0.15824293000000011,-0.24299235000000152,19.95318858
night,2023-01-07,68,18.97325046,4,135,183.246181946,prediction,2,4,2_4_135,2_135_4,0.035006429999999256,0.004071429999999765,19.95726001
night,2023-01-07,80,19.28067278,5,135,235.591466007,prediction,2,4,2_4_135,2_135_5,0.3074223200000006,0.38802753000000223,20.34528754
night,2023-01-07,90,18.92154256,6,135,287.954804033,prediction,2,4,2_4_135,2_135_6,-0.35913022000000083,-0.22567108000000147,20.11961646
night,2023-01-07,100,18.8192485,7,135,340.275296586,prediction,2,4,2_4_135,2_135_7,-0.10229405999999841,0.03511609999999976,20.15473256
night,2023-01-07,112,19.52687845,8,135,392.683283752,prediction,2,4,2_4_135,2_135_8,0.7076299500000012,0.8332984100000012,20.98803097
night,2023-01-07,123,19.64934868,9,135,445.047630348,prediction,2,4,2_4_135,2_135_9,0.12247022999999757,0.13620713999999978,21.12423811
night,2023-01-07,133,19.8864317,10,135,497.348469066,prediction,2,4,2_4_135,2_135_10,0.23708302000000003,0.2850783200000002,21.40931643
night,2023-01-07,144,19.63644645,11,135,546.989476845,prediction,2,4,2_4_135,2_135_11,-0.24998524999999816,-0.13191538999999963,21.27740104
night,2023-01-07,155,19.09917249,12,135,601.531126669,prediction,2,4,2_4_135,2_135_12,-0.5372739600000003,-0.3174760400000025,20.959925
night,2023-01-07,166,18.79603341,13,135,653.834129524,prediction,2,4,2_4_135,2_135_13,-0.3031390800000011,-0.08361806999999999,20.87630693
night,2023-01-07,176,18.83754654,14,135,706.99344984,prediction,2,4,2_4_135,2_135_14,0.04151313000000201,0.30756863000000223,21.18387556
night,2023-01-07,187,18.43778376,15,135,758.56495277,prediction,2,4,2_4_135,2_135_15,-0.3997627800000032,-0.30341647000000194,20.88045909
night,2023-01-07,199,18.46595334,16,135,810.874751296,prediction,2,4,2_4_135,2_135_16,0.02816958000000014,0.08528254000000146,20.96574163
night,2023-01-07,214,18.25540235,17,135,864.502557439,prediction,2,4,2_4_135,2_135_17,-0.210550989999998,-0.16940977999999873,20.79633185
night,2023-01-07,222,18.3386718,18,135,915.652165759,prediction,2,4,2_4_135,2_135_18,0.08326944999999952,0.15062812999999764,20.94695998
night,2023-01-07,233,18.25169279,19,135,967.96920464,prediction,2,4,2_4_135,2_135_19,-0.0869790100000003,-0.013275159999999175,20.93368482
night,2023-01-07,244,18.25018031,20,135,1020.28562,prediction,2,4,2_4_135,2_135_20,-0.001512479999998817,0.059211239999999776,20.99289606
night,2023-01-07,252,18.13756108,21,135,1073.76805203,prediction,2,4,2_4_135,2_135_21,-0.11261922999999996,-0.09513723999999968,20.89775882
night,2023-01-07,265,18.07885097,22,135,1125.03033604,prediction,2,4,2_4_135,2_135_22,-0.058710109999999815,-0.020522849999998982,20.87723597
night,2023-01-07,276,18.07819611,23,135,1177.35018859,prediction,2,4,2_4_135,2_135_23,-0.000654860000000923,0.048690649999997504,20.92592662
night,2023-01-07,286,17.9106319,24,135,1229.6694143,prediction,2,4,2_4_135,2_135_24,-0.16756421000000188,-0.1253580699999972,20.80056855
night,2023-01-07,297,17.76320543,25,135,1281.98801862,prediction,2,4,2_4_135,2_135_25,-0.1474264699999992,-0.0792880199999999,20.72128053
night,2023-01-07,308,17.41718151,26,135,1336.053695,prediction,2,4,2_4_135,2_135_26,-0.3460239200000004,-0.20572566000000236,20.51555487
night,2023-01-07,319,17.09267487,27,135,1386.76048224,prediction,2,4,2_4_135,2_135_27,-0.3245066399999992,-0.13960932999999898,20.37594554
night,2023-01-07,330,17.59129272,28,135,1439.08243693,prediction,2,4,2_4_135,2_135_28,0.4986178499999987,0.6732467200000016,21.04919226
night,2023-01-07,341,17.33685545,29,135,1491.40380652,prediction,2,4,2_4_135,2_135_29,-0.25443726999999683,-0.21336312000000035,20.83582914
night,2023-01-07,352,17.23903593,30,135,1543.72456742,prediction,2,4,2_4_135,2_135_30,-0.0978195200000016,0.027736420000000095,20.86356556
night,2023-01-07,1,18.64250815,1,165,26.1588683337,prediction,2,4,2_4_165,2_165_1,-0.2572528500000004,-0.4621374100000004,19.76786259
night,2023-01-07,2,18.54224039,2,165,78.5320887888,prediction,2,4,2_4_165,2_165_2,-0.10026776000000126,-0.20872216000000066,19.55914043
night,2023-01-07,3,18.67572044,3,165,130.916650141,prediction,2,4,2_4_165,2_165_3,0.1334800499999993,0.05146897999999922,19.61060941
night,2023-01-07,4,18.60162276,4,165,183.310421724,prediction,2,4,2_4_165,2_165_4,-0.07409767999999772,-0.08908214999999942,19.52152726
night,2023-01-07,5,19.34442962,5,165,235.675126489,prediction,2,4,2_4_165,2_165_5,0.7428068599999982,0.8476884899999995,20.36921575
night,2023-01-07,6,19.03732975,6,165,288.059716914,prediction,2,4,2_4_165,2_165_6,-0.3070998699999983,-0.3060699299999996,20.06314582
night,2023-01-07,7,19.70606951,7,165,340.40027276,prediction,2,4,2_4_165,2_165_7,0.6687397599999976,0.9972913900000009,21.06043721
night,2023-01-07,8,21.09472117,8,165,392.825928488,prediction,2,4,2_4_165,2_165_8,1.3886516600000007,1.56064911,22.62108632
night,2023-01-07,9,21.12019645,9,165,445.20954897,prediction,2,4,2_4_165,2_165_9,0.025475280000001987,-0.039204540000000065,22.58188178
night,2023-01-07,10,20.30497482,10,165,497.534870608,prediction,2,4,2_4_165,2_165_10,-0.8152216299999999,-1.1738986000000011,21.40798318
night,2023-01-07,11,20.111886,11,165,547.152727294,prediction,2,4,2_4_165,2_165_11,-0.19308882000000338,-0.34991424999999765,21.05806893
night,2023-01-07,12,20.87416487,12,165,601.752722326,prediction,2,4,2_4_165,2_165_12,0.7622788700000029,0.8556110399999994,21.91367997
night,2023-01-07,13,21.20182643,13,165,654.077375696,prediction,2,4,2_4_165,2_165_13,0.32766155999999924,0.33873973000000035,22.2524197
night,2023-01-07,14,21.16575347,14,165,707.437718627,prediction,2,4,2_4_165,2_165_14,-0.03607296000000204,-0.241529400000001,22.0108903
night,2023-01-07,15,21.03072796,15,165,758.879133405,prediction,2,4,2_4_165,2_165_15,-0.1350255099999984,-0.32883007999999947,21.68206022
night,2023-01-07,16,20.71594046,16,165,811.213544416,prediction,2,4,2_4_165,2_165_16,-0.31478750000000133,-0.38235717999999963,21.29970304
night,2023-01-07,217,20.40707252,17,165,864.593146426,prediction,2,4,2_4_165,2_165_17,-0.30886793999999895,-0.29624345999999946,21.00345958
night,2023-01-07,18,20.3875529,18,165,916.008171598,prediction,2,4,2_4_165,2_165_18,-0.019519620000000515,-0.012202340000001755,20.99125724
night,2023-01-07,19,20.2755851,19,165,968.348947967,prediction,2,4,2_4_165,2_165_19,-0.11196779999999862,-0.052377059999997755,20.93888018
night,2023-01-07,20,20.15095173,20,165,1020.68951414,prediction,2,4,2_4_165,2_165_20,-0.12463337000000152,-0.029106870000003227,20.90977331
night,2023-01-07,21,19.4708909,21,165,1074.54249828,prediction,2,4,2_4_165,2_165_21,-0.6800608299999986,-0.21042790999999994,20.6993454
night,2023-01-07,22,18.38807618,22,165,1125.51728983,prediction,2,4,2_4_165,2_165_22,-1.0828147200000018,0.002072930000000639,20.70141833
night,2023-01-07,23,17.73305178,23,165,1177.86387697,prediction,2,4,2_4_165,2_165_23,-0.6550243999999985,0.006234270000000208,20.7076526
night,2023-01-07,24,17.30009113,24,165,1230.21017942,prediction,2,4,2_4_165,2_165_24,-0.43296065000000183,-0.30128608000000057,20.40636652
night,2023-01-07,32,18.76525613,1,195,26.1484865544,prediction,2,4,2_4_195,2_195_1,-0.13450487000000066,-0.36391293000000147,19.86608707
night,2023-01-07,43,18.6564176,2,195,78.5016954405,prediction,2,4,2_4_195,2_195_2,-0.10883852999999988,-0.21758166999999773,19.6485054
night,2023-01-07,54,19.21467495,3,195,130.865764168,prediction,2,4,2_4_195,2_195_3,0.5582573499999981,0.5399573599999989,20.18846276
night,2023-01-07,65,18.95131944,4,195,183.241181439,prediction,2,4,2_4_195,2_195_4,-0.26335551000000024,-0.2892375600000001,19.8992252
night,2023-01-07,76,18.87056308,5,195,235.586306566,prediction,2,4,2_4_195,2_195_5,-0.08075635999999875,-0.14063595000000007,19.75858925
night,2023-01-07,88,18.74660268,6,195,287.953574821,prediction,2,4,2_4_195,2_195_6,-0.12396040000000141,-0.1428877600000007,19.61570149
night,2023-01-07,101,18.82621805,7,195,340.276063867,prediction,2,4,2_4_195,2_195_7,0.07961537000000263,0.12248838000000006,19.73818987
night,2023-01-07,113,18.56354649,8,195,392.683423375,prediction,2,4,2_4_195,2_195_8,-0.26267156000000114,-0.5125715299999989,19.22561834
night,2023-01-07,124,19.00920883,9,195,445.05299325,prediction,2,4,2_4_195,2_195_9,0.4456623399999984,0.5286065600000001,19.7542249
night,2023-01-07,135,19.09274257,10,195,497.360915159,prediction,2,4,2_4_195,2_195_10,0.08353374000000002,0.3110569500000011,20.06528185
night,2023-01-07,142,19.13418883,11,195,546.956662613,prediction,2,4,2_4_195,2_195_11,0.041446260000000734,0.029575289999996812,20.09485714
night,2023-01-07,157,18.73688342,12,195,601.546952442,prediction,2,4,2_4_195,2_195_12,-0.39730540999999775,-0.41604907999999696,19.67880806
night,2023-01-07,168,18.48737482,13,195,653.857004574,prediction,2,4,2_4_195,2_195_13,-0.2495086000000022,-0.15755837000000028,19.52124969
night,2023-01-07,182,18.70648623,14,195,707.223320408,prediction,2,4,2_4_195,2_195_14,0.21911141,-0.03305942000000073,19.48819027
night,2023-01-07,191,20.79797271,15,195,758.634128682,prediction,2,4,2_4_195,2_195_15,2.0914864800000004,1.9025540999999997,21.39074437
night,2023-01-07,202,21.17265326,16,195,810.955736004,prediction,2,4,2_4_195,2_195_16,0.3746805500000008,0.20517587999999876,21.59592025
night,2023-01-07,209,21.56897844,17,195,864.320131185,prediction,2,4,2_4_195,2_195_17,0.39632517999999806,0.1739046799999997,21.76982493
night,2023-01-07,224,21.27610698,18,195,915.725934618,prediction,2,4,2_4_195,2_195_18,-0.2928714599999971,-0.34012946999999727,21.42969546
night,2023-01-07,235,21.20673375,19,195,968.055546242,prediction,2,4,2_4_195,2_195_19,-0.06937323000000006,-0.09720436000000277,21.3324911
night,2023-01-07,246,21.04001566,20,195,1020.38537183,prediction,2,4,2_4_195,2_195_20,-0.16671808999999982,-0.16755118999999752,21.16493991
night,2023-01-07,258,20.8589315,21,195,1074.19059563,prediction,2,4,2_4_195,2_195_21,-0.18108416000000105,-0.24973867000000283,20.91520124
night,2023-01-07,268,19.44407725,22,195,1125.18958872,prediction,2,4,2_4_195,2_195_22,-1.4148542500000012,-1.0691385399999973,19.8460627
night,2023-01-07,279,17.531746,23,195,1177.52690799,prediction,2,4,2_4_195,2_195_23,-1.9123312500000011,-1.6801005700000005,18.16596213
night,2023-01-07,31,18.35717025,1,225,26.1421622904,prediction,2,4,2_4_225,2_225_1,-0.5425907500000022,-0.820369460000002,19.40963054
night,2023-01-07,42,18.93343475,2,225,78.4865939041,prediction,2,4,2_4_225,2_225_2,0.5762645000000006,0.5175370000000008,19.92716754
night,2023-01-07,53,18.46186567,3,225,130.83419649,prediction,2,4,2_4_225,2_225_3,-0.4715690799999983,-0.563449679999998,19.36371786
night,2023-01-07,64,18.96695088,4,225,183.202760398,prediction,2,4,2_4_225,2_225_4,0.5050852099999972,0.5214873000000004,19.88520516
night,2023-01-07,75,18.59709549,5,225,235.5378245,prediction,2,4,2_4_225,2_225_5,-0.3698553899999979,-0.48997908000000123,19.39522608
night,2023-01-07,86,18.63153468,6,225,287.893716757,prediction,2,4,2_4_225,2_225_6,0.03443919000000051,-0.023731260000001697,19.37149482
night,2023-01-07,97,18.53814965,7,225,340.206774681,prediction,2,4,2_4_225,2_225_7,-0.09338503000000031,-0.12391204999999772,19.24758277
night,2023-01-07,108,18.69948965,8,225,392.609087709,prediction,2,4,2_4_225,2_225_8,0.16133999999999915,0.17091319999999754,19.41849597
night,2023-01-07,119,18.33718368,9,225,444.967545613,prediction,2,4,2_4_225,2_225_9,-0.3623059700000013,-0.25215843999999876,19.16633753
night,2023-01-07,130,18.31208397,10,225,497.266228693,prediction,2,4,2_4_225,2_225_10,-0.02509970999999922,0.08201688999999845,19.24835442
night,2023-01-07,141,17.95748675,11,225,546.903162294,prediction,2,4,2_4_225,2_225_11,-0.3545972199999987,-0.47577685999999986,18.77257756
night,2023-01-07,152,18.22931566,12,225,601.445836677,prediction,2,4,2_4_225,2_225_12,0.27182891,0.3910769000000016,19.16365446
night,2023-01-07,163,17.78853798,13,225,653.749348408,prediction,2,4,2_4_225,2_225_13,-0.44077768000000006,-0.2492492800000008,18.91440518
night,2023-01-07,174,17.25530062,14,225,706.908204273,prediction,2,4,2_4_225,2_225_14,-0.5332373600000011,-0.5367235899999976,18.37768159
night,2023-01-07,185,17.51424575,15,225,758.484798074,prediction,2,4,2_4_225,2_225_15,0.25894513000000074,0.33464217999999946,18.71232377
night,2023-01-07,196,16.61475456,16,225,810.798966762,prediction,2,4,2_4_225,2_225_16,-0.8994911899999991,-1.1097084900000027,17.60261528
night,2023-01-07,212,16.514557,17,225,864.434341191,prediction,2,4,2_4_225,2_225_17,-0.10019756000000157,-0.3787525599999988,17.22386272
night,2023-01-07,218,17.10913879,18,225,915.58915721,prediction,2,4,2_4_225,2_225_18,0.5945817899999994,0.6606005500000016,17.88446327
night,2023-01-07,230,18.37871074,19,225,967.914389442,prediction,2,4,2_4_225,2_225_19,1.2695719499999996,1.5610520099999974,19.44551528
night,2023-01-07,241,18.32925339,20,225,1020.24029023,prediction,2,4,2_4_225,2_225_20,-0.04945734999999729,0.17390965000000236,19.61942493
night,2023-01-07,251,18.0438048,21,225,1073.74745918,prediction,2,4,2_4_225,2_225_21,-0.28544859000000145,-0.0386419999999994,19.58078293
night,2023-01-07,264,17.87131329,22,225,1125.00912546,prediction,2,4,2_4_225,2_225_22,-0.1724915100000004,-0.10074220000000267,19.48004073
night,2023-01-07,275,17.77830976,23,225,1177.34236285,prediction,2,4,2_4_225,2_225_23,-0.09300353000000072,-0.2536363499999972,19.22640438
night,2023-01-07,287,17.67640762,24,225,1229.6762407,prediction,2,4,2_4_225,2_225_24,-0.10190213999999997,-0.20195730000000012,19.02444708
night,2023-01-07,299,17.13250228,25,225,1282.0107427,prediction,2,4,2_4_225,2_225_25,-0.5439053399999985,-0.5059010400000012,18.51854604
night,2023-01-07,310,16.28649823,26,225,1336.09378827,prediction,2,4,2_4_225,2_225_26,-0.8460040500000012,-0.8034329299999996,17.71511311
night,2023-01-07,321,16.79663425,27,225,1386.81886773,prediction,2,4,2_4_225,2_225_27,0.5101360200000009,0.6138699699999997,18.32898308
night,2023-01-07,332,16.85274547,28,225,1439.16057605,prediction,2,4,2_4_225,2_225_28,0.05611121999999824,0.013392450000001332,18.34237553
night,2023-01-07,343,17.02374469,29,225,1491.5029301,prediction,2,4,2_4_225,2_225_29,0.17099922000000234,0.10438069999999655,18.44675623
night,2023-01-07,354,16.89211746,30,225,1543.84595568,prediction,2,4,2_4_225,2_225_30,-0.13162722999999943,-0.03482079999999854,18.41193543
night,2023-01-07,36,18.27399511,1,255,26.1493125373,prediction,2,4,2_4_255,2_255_1,-0.6257658900000003,-0.8039212000000013,19.4260788
night,2023-01-07,48,18.51099139,2,255,78.5069401867,prediction,2,4,2_4_255,2_255_2,0.23699627999999962,0.14429718000000236,19.57037598
night,2023-01-07,63,19.03665442,3,255,130.87662654,prediction,2,4,2_4_255,2_255_3,0.5256630300000005,0.5009133099999978,20.07128929
night,2023-01-07,72,19.2315828,4,255,183.253658741,prediction,2,4,2_4_255,2_255_4,0.19492838000000035,0.17876938999999936,20.25005868
night,2023-01-07,85,18.61027275,5,255,235.606875989,prediction,2,4,2_4_255,2_255_5,-0.6213100500000017,-0.8137189799999973,19.4363397
night,2023-01-07,95,18.46471784,6,255,287.979473221,prediction,2,4,2_4_255,2_255_6,-0.14555491000000131,-0.3800885600000008,19.05625114
night,2023-01-07,106,18.87267684,7,255,340.308783293,prediction,2,4,2_4_255,2_255_7,0.40795900000000174,0.5192717099999982,19.57552285
night,2023-01-07,118,18.72671376,8,255,392.727876477,prediction,2,4,2_4_255,2_255_8,-0.14596308000000136,0.029638640000001715,19.60516149
night,2023-01-07,128,18.46995206,9,255,445.100751387,prediction,2,4,2_4_255,2_255_9,-0.2567616999999984,-0.1361764600000015,19.46898503
night,2023-01-07,139,18.21329387,10,255,497.419046738,prediction,2,4,2_4_255,2_255_10,-0.25665818999999956,-0.21319703999999717,19.25578799
night,2023-01-07,151,18.3972243,11,255,547.10469891,prediction,2,4,2_4_255,2_255_11,0.1839304300000002,0.20664696999999776,19.46243496
night,2023-01-07,161,17.53634517,12,255,601.640315573,prediction,2,4,2_4_255,2_255_12,-0.8608791300000007,-0.8432457699999993,18.61918919
night,2023-01-07,172,17.49188745,13,255,653.962746366,prediction,2,4,2_4_255,2_255_13,-0.04445772000000048,0.15311434999999918,18.77230354
night,2023-01-07,184,17.40356636,14,255,707.267285282,prediction,2,4,2_4_255,2_255_14,-0.08832109000000088,-0.08195290999999827,18.69035063
night,2023-01-07,195,16.74690657,15,255,758.755698383,prediction,2,4,2_4_255,2_255_15,-0.6566597899999991,-0.841199060000001,17.84915157
night,2023-01-07,206,15.96219965,16,255,811.091073808,prediction,2,4,2_4_255,2_255_16,-0.7847069199999996,-0.723543509999999,17.12560806
night,2023-01-07,210,15.7220145,17,255,864.328430686,prediction,2,4,2_4_255,2_255_17,-0.2401851500000003,0.020100379999998808,17.14570844
night,2023-01-07,227,15.96891733,18,255,915.873920636,prediction,2,4,2_4_255,2_255_18,0.2469028299999998,0.4217011900000003,17.56740963
night,2023-01-07,238,15.64797302,19,255,968.218473936,prediction,2,4,2_4_255,2_255_19,-0.3209443099999998,-0.11793210000000087,17.44947753
night,2023-01-07,249,15.05967948,20,255,1020.56405306,prediction,2,4,2_4_255,2_255_20,-0.5882935400000004,-0.4873352199999985,16.96214231
night,2023-01-07,261,15.26934795,21,255,1074.50378336,prediction,2,4,2_4_255,2_255_21,0.20966847000000044,0.3863437300000001,17.34848604
night,2023-01-07,271,15.39925314,22,255,1125.41362315,prediction,2,4,2_4_255,2_255_22,0.12990519000000056,0.29948963000000006,17.64797567
night,2023-01-07,282,15.15433366,23,255,1177.76947909,prediction,2,4,2_4_255,2_255_23,-0.24491948000000008,-0.1544378799999997,17.49353779
night,2023-01-07,293,15.19151949,24,255,1230.12637227,prediction,2,4,2_4_255,2_255_24,0.03718582999999853,0.08912035999999901,17.58265815
night,2023-01-07,304,14.90003882,25,255,1282.48427264,prediction,2,4,2_4_255,2_255_25,-0.29148066999999855,-0.29450544999999906,17.2881527
night,2023-01-07,315,14.98125105,26,255,1336.53171427,prediction,2,4,2_4_255,2_255_26,0.08121222999999844,-0.22288039000000026,17.06527231
night,2023-01-07,326,15.36938551,27,255,1387.33562104,prediction,2,4,2_4_255,2_255_27,0.3881344600000016,-0.12907966999999942,16.93619264
night,2023-01-07,337,15.49063457,28,255,1439.70166378,prediction,2,4,2_4_255,2_255_28,0.12124905999999847,-0.2615549399999999,16.6746377
night,2023-01-07,348,16.90433578,29,255,1492.06879036,prediction,2,4,2_4_255,2_255_29,1.413701210000001,1.2693691099999995,17.94400681
night,2023-01-07,360,17.03324932,30,255,1544.43689287,prediction,2,4,2_4_255,2_255_30,0.12891353999999922,0.24599562999999947,18.19000244
night,2023-01-07,38,18.27257671,1,285,26.149320641,prediction,2,4,2_4_285,2_285_1,-0.6271842900000024,-0.6062697700000008,19.62373023
night,2023-01-07,52,18.22003153,2,285,78.5097908779,prediction,2,4,2_4_285,2_285_2,-0.05254517999999919,-0.09497370999999788,19.52875652
night,2023-01-07,62,18.61257636,3,285,130.87356057,prediction,2,4,2_4_285,2_285_3,0.3925448299999985,0.3339703599999986,19.86272688
night,2023-01-07,73,19.01516775,4,285,183.255763257,prediction,2,4,2_4_285,2_285_4,0.4025913900000013,0.2515801499999988,20.11430703
night,2023-01-07,84,19.01478308,5,285,235.605230044,prediction,2,4,2_4_285,2_285_5,-0.00038466999999897666,-0.15474455999999748,19.95956247
night,2023-01-07,96,17.62936622,6,285,287.981779618,prediction,2,4,2_4_285,2_285_6,-1.3854168599999994,-1.534045350000003,18.42551712
night,2023-01-07,107,18.14878389,7,285,340.309803081,prediction,2,4,2_4_285,2_285_7,0.5194176699999993,0.780627410000001,19.20614453
night,2023-01-07,117,18.31803115,8,285,392.725912691,prediction,2,4,2_4_285,2_285_8,0.1692472599999988,0.41427737000000064,19.6204219
night,2023-01-07,129,18.20056898,9,285,445.105153265,prediction,2,4,2_4_285,2_285_9,-0.11746216999999959,0.02622175999999854,19.64664366
night,2023-01-07,140,18.52093361,10,285,497.420665061,prediction,2,4,2_4_285,2_285_10,0.32036463000000026,0.3297395500000029,19.97638321
night,2023-01-07,150,18.38502162,11,285,547.10048277,prediction,2,4,2_4_285,2_285_11,-0.13591199000000032,-0.25611601000000306,19.7202672
night,2023-01-07,162,18.60716766,12,285,601.64126025,prediction,2,4,2_4_285,2_285_12,0.22214604000000193,0.13784967000000137,19.85811687
night,2023-01-07,173,18.47055963,13,285,653.963824959,prediction,2,4,2_4_285,2_285_13,-0.13660803000000143,-0.17399728999999908,19.68411958
night,2023-01-07,177,18.31457969,14,285,707.077105223,prediction,2,4,2_4_285,2_285_14,-0.1559799400000017,-0.0878401800000006,19.5962794
night,2023-01-07,194,18.17729158,15,285,758.728805537,prediction,2,4,2_4_285,2_285_15,-0.13728811000000007,-0.03816996000000117,19.55810944
night,2023-01-07,205,17.40732269,16,285,811.062448387,prediction,2,4,2_4_285,2_285_16,-0.7699688899999977,-0.7069642599999995,18.85114518
night,2023-01-07,17,16.96743402,17,285,864.783493136,prediction,2,4,2_4_285,2_285_17,-0.439888670000002,-0.37607985,18.47506533
night,2023-01-07,228,16.41474605,18,285,915.900561915,prediction,2,4,2_4_285,2_285_18,-0.5526879699999974,-0.4061862999999981,18.06887903
night,2023-01-07,239,15.6952732,19,285,968.246820865,prediction,2,4,2_4_285,2_285_19,-0.7194728500000007,-0.4441665400000012,17.62471249
night,2023-01-07,250,15.56673078,20,285,1020.59402321,prediction,2,4,2_4_285,2_285_20,-0.1285424200000005,0.20382842999999795,17.82854092
night,2023-01-07,259,15.32318888,21,285,1074.20728628,prediction,2,4,2_4_285,2_285_21,-0.2435419000000003,0.014920390000000339,17.84346131
night,2023-01-07,272,14.73193268,22,285,1125.41494883,prediction,2,4,2_4_285,2_285_22,-0.5912562000000001,-0.5639306499999996,17.27953066
night,2023-01-07,283,14.50519488,23,285,1177.77099231,prediction,2,4,2_4_285,2_285_23,-0.22673780000000043,-0.23706301999999724,17.04246764
night,2023-01-07,294,14.09903064,24,285,1230.12815714,prediction,2,4,2_4_285,2_285_24,-0.40616423999999895,-0.4590145200000002,16.58345312
night,2023-01-07,305,14.10425427,25,285,1282.48626986,prediction,2,4,2_4_285,2_285_25,0.005223629999999702,-0.02604911000000243,16.55740401
night,2023-01-07,316,14.56428771,26,285,1336.53812588,prediction,2,4,2_4_285,2_285_26,0.4600334400000001,0.3890422600000001,16.94644627
night,2023-01-07,327,14.61203194,27,285,1387.33847392,prediction,2,4,2_4_285,2_285_27,0.04774422999999928,0.13193865999999943,17.07838493
night,2023-01-07,338,14.80544382,28,285,1439.70478145,prediction,2,4,2_4_285,2_285_28,0.1934118800000011,0.10595781000000315,17.18434274
night,2023-01-07,349,14.87002296,29,285,1492.07222963,prediction,2,4,2_4_285,2_285_29,0.06457913999999931,0.02021242000000001,17.20455516
night,2023-01-07,39,18.46396469,1,315,26.1495677872,prediction,2,4,2_4_315,2_315_1,-0.43579631000000063,-0.38263510999999895,19.84736489
night,2023-01-07,47,18.67336072,2,315,78.506588238,prediction,2,4,2_4_315,2_315_2,0.20939603000000062,0.37029589999999857,20.21766079
night,2023-01-07,61,18.13397442,3,315,130.873391001,prediction,2,4,2_4_315,2_315_3,-0.5393863000000003,-0.6025029400000008,19.61515785
night,2023-01-07,74,18.10922229,4,315,183.256425919,prediction,2,4,2_4_315,2_315_4,-0.02475212999999954,-0.1829655499999987,19.4321923
night,2023-01-07,83,17.41831229,5,315,235.603359681,prediction,2,4,2_4_315,2_315_5,-0.6909100000000024,-0.8682406399999998,18.56395166
night,2023-01-07,94,17.4280669,6,315,287.977630168,prediction,2,4,2_4_315,2_315_6,0.009754610000001662,-0.059360240000000175,18.50459142
night,2023-01-07,105,17.61421643,7,315,340.304761915,prediction,2,4,2_4_315,2_315_7,0.186149529999998,0.2879864699999999,18.79257789
night,2023-01-07,116,17.20516131,8,315,392.718288014,prediction,2,4,2_4_315,2_315_8,-0.4090551199999979,-0.21118952000000135,18.58138837
night,2023-01-07,127,17.30544299,9,315,445.092654475,prediction,2,4,2_4_315,2_315_9,0.10028167999999837,0.35747986000000154,18.93886823
night,2023-01-07,138,17.07501882,10,315,497.40865149,prediction,2,4,2_4_315,2_315_10,-0.23042416999999915,-0.17474186000000103,18.76412637
night,2023-01-07,149,16.42177992,11,315,547.068358919,prediction,2,4,2_4_315,2_315_11,-0.6532389000000016,-0.7192279600000013,18.04489841
night,2023-01-07,160,16.24899716,12,315,601.620474081,prediction,2,4,2_4_315,2_315_12,-0.17278276000000048,-0.07466540999999793,17.970233
night,2023-01-07,171,16.10923187,13,315,653.939654538,prediction,2,4,2_4_315,2_315_13,-0.1397652899999997,-0.0757573899999997,17.89447561
night,2023-01-07,183,15.72659005,14,315,707.256506323,prediction,2,4,2_4_315,2_315_14,-0.38264181999999813,-0.24084026999999963,17.65363534
night,2023-01-07,193,15.64646905,15,315,758.727653744,prediction,2,4,2_4_315,2_315_15,-0.08012100000000011,0.07005367000000007,17.72368901
night,2023-01-07,204,15.39719247,16,315,811.059153639,prediction,2,4,2_4_315,2_315_16,-0.24927658000000008,-0.16855656000000252,17.55513245
night,2023-01-07,211,15.43252425,17,315,864.340763528,prediction,2,4,2_4_315,2_315_17,0.035331779999999924,0.12544746000000018,17.68057991
night,2023-01-07,226,15.31382536,18,315,915.83925752,prediction,2,4,2_4_315,2_315_18,-0.118698890000001,-0.004865599999998693,17.67571431
night,2023-01-07,237,15.55648758,19,315,968.179492611,prediction,2,4,2_4_315,2_315_19,0.24266222000000148,0.3100178100000015,17.98573212
night,2023-01-07,248,15.39295139,20,315,1020.52043405,prediction,2,4,2_4_315,2_315_20,-0.1635361900000003,-0.23570684000000242,17.75002528
night,2023-01-07,260,15.20076718,21,315,1074.27874941,prediction,2,4,2_4_315,2_315_21,-0.19218421000000063,-0.3216750399999988,17.42835024
night,2023-01-07,270,15.15445212,22,315,1125.34266539,prediction,2,4,2_4_315,2_315_22,-0.04631505999999952,-0.08365986000000092,17.34469038
night,2023-01-07,281,15.87983142,23,315,1177.69223154,prediction,2,4,2_4_315,2_315_23,0.7253793000000002,0.7162538900000008,18.06094427
night,2023-01-07,292,15.62883471,24,315,1230.0425277,prediction,2,4,2_4_315,2_315_24,-0.2509967100000008,-0.3529970099999993,17.70794726
night,2023-01-07,303,15.55083277,25,315,1282.39359165,prediction,2,4,2_4_315,2_315_25,-0.07800194000000005,-0.14718109000000013,17.56076617
night,2023-01-07,314,15.62678955,26,315,1336.49391968,prediction,2,4,2_4_315,2_315_26,0.07595678000000028,0.047066349999997925,17.60783252
night,2023-01-07,325,15.45674829,27,315,1387.23503065,prediction,2,4,2_4_315,2_315_27,-0.17004125999999964,-0.30442530999999917,17.30340721
night,2023-01-07,336,14.83032393,28,315,1439.59346859,prediction,2,4,2_4_315,2_315_28,-0.6264243599999997,-0.9129243500000008,16.39048286
night,2023-01-07,347,14.62218541,29,315,1491.95272129,prediction,2,4,2_4_315,2_315_29,-0.20813852000000033,-0.4655232999999992,15.92495956
night,2023-01-07,358,14.71257848,30,315,1544.3126586,prediction,2,4,2_4_315,2_315_30,0.0903930699999993,-0.05049848999999895,15.87446107
night,2023-01-07,41,19.04260996,1,345,26.1500688971,prediction,2,4,2_4_345,2_345_1,0.14284895999999847,0.20286241999999888,20.43286242
night,2023-01-07,49,19.22842112,2,345,78.5070511329,prediction,2,4,2_4_345,2_345_2,0.1858111600000001,0.3764027200000015,20.80926514
night,2023-01-07,60,18.65574182,3,345,130.872835727,prediction,2,4,2_4_345,2_345_3,-0.5726793000000008,-0.5822020400000021,20.2270631
night,2023-01-07,71,18.63514432,4,345,183.24991072,prediction,2,4,2_4_345,2_345_4,-0.020597500000000935,-0.09003567999999973,20.13702742
night,2023-01-07,82,18.56861888,5,345,235.601945306,prediction,2,4,2_4_345,2_345_5,-0.06652543999999949,-0.1640568800000004,19.97297054
night,2023-01-07,93,18.30450211,6,345,287.968116355,prediction,2,4,2_4_345,2_345_6,-0.26411676999999756,-0.21013169999999803,19.76283884
night,2023-01-07,104,17.9796505,7,345,340.295141519,prediction,2,4,2_4_345,2_345_7,-0.3248516099999996,-0.12084984000000176,19.641989
night,2023-01-07,115,18.03048453,8,345,392.709712269,prediction,2,4,2_4_345,2_345_8,0.0508340299999972,0.18826475000000187,19.83025375
night,2023-01-07,126,17.1777691,9,345,445.079436204,prediction,2,4,2_4_345,2_345_9,-0.8527154299999999,-1.2198474899999994,18.61040626
night,2023-01-07,137,17.54930096,10,345,497.390112246,prediction,2,4,2_4_345,2_345_10,0.37153186000000105,0.3288231899999978,18.93922945
night,2023-01-07,145,17.11649916,11,345,546.992209207,prediction,2,4,2_4_345,2_345_11,-0.4328018,-0.47763671999999957,18.46159273
night,2023-01-07,159,16.905299,12,345,601.582898436,prediction,2,4,2_4_345,2_345_12,-0.21120016000000064,0.04761311000000035,18.50920584
night,2023-01-07,170,16.56133696,13,345,653.896039442,prediction,2,4,2_4_345,2_345_13,-0.34396204000000097,-0.19471460000000107,18.31449124
night,2023-01-07,181,15.80377047,14,345,707.200965457,prediction,2,4,2_4_345,2_345_14,-0.7575664899999985,-0.7484632599999976,17.56602798
night,2023-01-07,192,15.43249368,15,345,758.669844378,prediction,2,4,2_4_345,2_345_15,-0.3712767899999996,-0.3844773700000026,17.18155061
night,2023-01-07,203,15.67540326,16,345,810.993894777,prediction,2,4,2_4_345,2_345_16,0.24290957999999918,0.38004151000000164,17.56159212
night,2023-01-07,215,15.28961,17,345,864.503329694,prediction,2,4,2_4_345,2_345_17,-0.3857932599999998,-0.4745500500000013,17.08704207
night,2023-01-07,225,14.99888542,18,345,915.786279166,prediction,2,4,2_4_345,2_345_18,-0.2907245799999991,-0.35142396999999903,16.7356181
night,2023-01-07,236,14.73626737,19,345,968.119276911,prediction,2,4,2_4_345,2_345_19,-0.2626180500000004,-0.1976462099999985,16.53797189
night,2023-01-07,247,14.75631088,20,345,1020.45253703,prediction,2,4,2_4_345,2_345_20,0.020043509999998932,0.2419223699999975,16.77989426
night,2023-01-07,257,14.55319896,21,345,1074.18632633,prediction,2,4,2_4_345,2_345_21,-0.20311191999999956,-0.2752296199999975,16.50466464
night,2023-01-07,269,14.31334763,22,345,1125.25634889,prediction,2,4,2_4_345,2_345_22,-0.2398513299999987,-0.2682057499999999,16.23645889
night,2023-01-07,280,14.23103114,23,345,1177.59668494,prediction,2,4,2_4_345,2_345_23,-0.08231649000000019,-0.19217720000000327,16.04428169
night,2023-01-07,291,13.4719566,24,345,1229.93735902,prediction,2,4,2_4_345,2_345_24,-0.7590745400000003,-0.6579097299999983,15.38637196
night,2023-01-27,40,20.55006411,1,15,26.1499340473,prediction,2,5,2_5_15,2_15_1,0.44157211000000274,0.44235849000000016,20.67235849
night,2023-01-27,46,19.33796027,2,15,78.50635058,prediction,2,5,2_5_15,2_15_2,-1.212103840000001,-1.1421027899999991,19.5302557
night,2023-01-27,59,19.18752806,3,15,130.871230267,prediction,2,5,2_5_15,2_15_3,-0.15043220999999818,0.09298605999999765,19.62324176
night,2023-01-27,69,19.45397577,4,15,183.246919315,prediction,2,5,2_5_15,2_15_4,0.2664477099999978,0.2913875300000015,19.91462929
night,2023-01-27,81,19.34665167,5,15,235.597026849,prediction,2,5,2_5_15,2_15_5,-0.10732409999999959,0.05169878999999966,19.96632808
night,2023-01-27,92,18.76071793,6,15,287.960622974,prediction,2,5,2_5_15,2_15_6,-0.5859337400000015,-0.35424499000000154,19.61208309
night,2023-01-27,103,18.74674958,7,15,340.284751843,prediction,2,5,2_5_15,2_15_7,-0.013968349999998964,0.19763462000000231,19.80971771
night,2023-01-27,114,18.01621711,8,15,392.695837136,prediction,2,5,2_5_15,2_15_8,-0.73053247,-0.7609721300000025,19.04874558
night,2023-01-27,125,17.68700787,9,15,445.06189049,prediction,2,5,2_5_15,2_15_9,-0.32920924000000085,-0.39845527999999675,18.6502903
night,2023-01-27,136,18.27397399,10,15,497.368061999,prediction,2,5,2_5_15,2_15_10,0.5869661199999996,0.5159400599999984,19.16623036
night,2023-01-27,143,18.06498762,11,15,546.961835945,prediction,2,5,2_5_15,2_15_11,-0.2089863699999981,-0.2773252500000005,18.88890511
night,2023-01-27,158,18.22373762,12,15,601.549994255,prediction,2,5,2_5_15,2_15_12,0.15875000000000128,0.2894721500000017,19.17837726
night,2023-01-27,169,17.81551619,13,15,653.857246533,prediction,2,5,2_5_15,2_15_13,-0.4082214300000011,-0.2789371100000011,18.89944015
night,2023-01-27,180,17.1419765,14,15,707.152439805,prediction,2,5,2_5_15,2_15_14,-0.6735396900000019,-0.34299878999999933,18.55644136
night,2023-01-27,190,16.65850304,15,15,758.617319606,prediction,2,5,2_5_15,2_15_15,-0.483473459999999,-0.17666211000000231,18.37977925
night,2023-01-27,201,16.66586618,16,15,810.933963379,prediction,2,5,2_5_15,2_15_16,0.0073631399999989355,-0.031055969999997046,18.34872328
night,2023-01-27,213,17.05606916,17,15,864.438434635,prediction,2,5,2_5_15,2_15_17,0.39020298000000153,0.35919330999999843,18.70791659
night,2023-01-27,223,17.02838323,18,15,915.710469659,prediction,2,5,2_5_15,2_15_18,-0.027685930000000525,0.0860163500000013,18.79393294
night,2023-01-27,234,16.67764189,19,15,968.034633446,prediction,2,5,2_5_15,2_15_19,-0.350741339999999,-0.152558980000002,18.64137396
night,2023-01-27,245,15.1263047,20,15,1020.3586323,prediction,2,5,2_5_15,2_15_20,-1.55133719,-1.2536529399999985,17.38772102
night,2023-01-27,255,13.81750298,21,15,1074.08747563,prediction,2,5,2_5_15,2_15_21,-1.30880172,-0.9157861700000005,16.47193485
night,2023-01-27,267,13.44204045,22,15,1125.14278858,prediction,2,5,2_5_15,2_15_22,-0.37546253000000007,-0.07507238999999899,16.39686246
night,2023-01-27,278,13.03918837,23,15,1177.47240482,prediction,2,5,2_5_15,2_15_23,-0.4028520800000006,-0.2624118400000022,16.13445062
night,2023-01-27,35,20.1348666,1,45,26.1492919353,prediction,2,5,2_5_45,2_45_1,0.02637460000000047,-0.03735001000000082,20.19264999
night,2023-01-27,45,19.70629061,2,45,78.5051404983,prediction,2,5,2_5_45,2_45_2,-0.4285759899999988,-0.3391857899999984,19.8534642
night,2023-01-27,57,19.94830317,3,45,130.869096061,prediction,2,5,2_5_45,2_45_3,0.24201255999999916,0.29942146999999864,20.15288567
night,2023-01-27,70,19.69441645,4,45,183.248158249,prediction,2,5,2_5_45,2_45_4,-0.25388672000000057,-0.2682127399999992,19.88467293
night,2023-01-27,79,19.79750725,5,45,235.589826951,prediction,2,5,2_5_45,2_45_5,0.10309080000000037,0.13123387999999991,20.01590681
night,2023-01-27,91,20.05482702,6,45,287.957554831,prediction,2,5,2_5_45,2_45_6,0.2573197700000023,0.4335917000000009,20.44949851
night,2023-01-27,102,19.58824171,7,45,340.276678648,prediction,2,5,2_5_45,2_45_7,-0.4665853100000028,-0.31213317000000274,20.13736534
night,2023-01-27,111,18.99160115,8,45,392.681811001,prediction,2,5,2_5_45,2_45_8,-0.5966405599999973,-0.4648657599999986,19.67249958
night,2023-01-27,122,19.0312237,9,45,445.044364492,prediction,2,5,2_5_45,2_45_9,0.0396225500000007,0.1712306599999991,19.84373024
night,2023-01-27,134,18.55642706,10,45,497.348890797,prediction,2,5,2_5_45,2_45_10,-0.474796640000001,-0.40456199999999853,19.43916824
night,2023-01-27,146,18.26544551,11,45,546.992632234,prediction,2,5,2_5_45,2_45_11,-0.2909815500000015,-0.30047142000000093,19.13869682
night,2023-01-27,156,18.5405447,12,45,601.532445915,prediction,2,5,2_5_45,2_45_12,0.2750991900000024,0.3258162899999988,19.46451311
night,2023-01-27,167,18.78427204,13,45,653.835724378,prediction,2,5,2_5_45,2_45_13,0.24372733999999951,0.3382519400000028,19.80276505
night,2023-01-27,179,18.82219433,14,45,707.144348088,prediction,2,5,2_5_45,2_45_14,0.03792228999999736,0.10751933999999963,19.91028439
night,2023-01-27,189,18.20973601,15,45,758.58921792,prediction,2,5,2_5_45,2_45_15,-0.6124583199999982,-0.7619372800000015,19.14834711
night,2023-01-27,200,18.35258253,16,45,810.90091175,prediction,2,5,2_5_45,2_45_16,0.1428465199999991,0.16507045000000176,19.31341756
night,2023-01-27,208,18.90662121,17,45,864.159798579,prediction,2,5,2_5_45,2_45_17,0.5540386800000014,0.559912139999998,19.8733297
night,2023-01-27,221,18.67290843,18,45,915.637247911,prediction,2,5,2_5_45,2_45_18,-0.23371278000000117,-0.12929803999999834,19.74403166
night,2023-01-27,232,17.82219649,19,45,967.953625279,prediction,2,5,2_5_45,2_45_19,-0.85071194,-0.58537222,19.15865944
night,2023-01-27,243,16.93249825,20,45,1020.26945164,prediction,2,5,2_5_45,2_45_20,-0.8896982400000013,-0.6414761300000009,18.51718331
night,2023-01-27,254,16.74605173,21,45,1073.99224514,prediction,2,5,2_5_45,2_45_21,-0.18644651999999695,-0.047287000000000745,18.46989631
night,2023-01-27,266,16.96676078,22,45,1125.0365688,prediction,2,5,2_5_45,2_45_22,0.22070904999999996,0.3331444999999995,18.80304081
night,2023-01-27,277,16.67864672,23,45,1177.35692372,prediction,2,5,2_5_45,2_45_23,-0.2881140600000016,-0.1917671900000002,18.61127362
night,2023-01-27,288,16.24587919,24,45,1229.67680296,prediction,2,5,2_5_45,2_45_24,-0.43276752999999957,-0.6097670199999996,18.0015066
night,2023-01-27,298,16.91528016,25,45,1281.99601257,prediction,2,5,2_5_45,2_45_25,0.6694009699999981,0.4502475500000003,18.45175415
night,2023-01-27,309,16.8386988,26,45,1336.0622659,prediction,2,5,2_5_45,2_45_26,-0.07658135999999871,-0.160585489999999,18.29116866
night,2023-01-27,320,16.88449154,27,45,1386.76970677,prediction,2,5,2_5_45,2_45_27,0.045792739999999554,0.043879799999999136,18.33504846
night,2023-01-27,331,16.45591579,28,45,1439.09234714,prediction,2,5,2_5_45,2_45_28,-0.42857575000000026,-0.19542232999999953,18.13962613
night,2023-01-27,342,15.91765085,29,45,1491.41441585,prediction,2,5,2_5_45,2_45_29,-0.5382649399999995,-0.006934130000001204,18.132692
night,2023-01-27,353,15.44652478,30,45,1543.73587725,prediction,2,5,2_5_45,2_45_30,-0.4711260699999986,0.07731378000000078,18.21000578
night,2023-01-27,33,20.6525869,1,75,26.148976916,prediction,2,5,2_5_75,2_75_1,0.544094900000001,0.4532209999999992,20.683221
night,2023-01-27,51,20.3021554,2,75,78.507621266,prediction,2,5,2_5_75,2_75_2,-0.3504314999999991,-0.3634602700000009,20.31976073
night,2023-01-27,56,20.5836303,3,75,130.868089502,prediction,2,5,2_5_75,2_75_3,0.2814748999999992,0.2910749700000004,20.6108357
night,2023-01-27,67,20.29168304,4,75,183.244421032,prediction,2,5,2_5_75,2_75_4,-0.2919472600000006,-0.31088386000000057,20.29995184
night,2023-01-27,77,19.52867105,5,75,235.586681799,prediction,2,5,2_5_75,2_75_5,-0.763011989999999,-0.7901958399999991,19.509756
night,2023-01-27,89,19.94598661,6,75,287.954487322,prediction,2,5,2_5_75,2_75_6,0.4173155599999987,0.5666320999999996,20.0763881
night,2023-01-27,99,19.98658476,7,75,340.271549334,prediction,2,5,2_5_75,2_75_7,0.040598150000001,0.22258323000000146,20.29897133
night,2023-01-27,109,19.73301888,8,75,392.674128151,prediction,2,5,2_5_75,2_75_8,-0.25356588,-0.226229,20.07274233
night,2023-01-27,121,19.75371175,9,75,445.040277329,prediction,2,5,2_5_75,2_75_9,0.020692870000001307,0.1164197300000005,20.18916206
night,2023-01-27,132,20.013418,10,75,497.338930083,prediction,2,5,2_5_75,2_75_10,0.2597062500000007,0.3247339300000007,20.51389599
night,2023-01-27,147,20.18740448,11,75,547.000708722,prediction,2,5,2_5_75,2_75_11,0.17398647999999994,0.18527887999999848,20.69917487
night,2023-01-27,154,19.86607427,12,75,601.521631113,prediction,2,5,2_5_75,2_75_12,-0.32133021000000284,-0.37106378000000007,20.32811109
night,2023-01-27,165,20.01540623,13,75,653.822554947,prediction,2,5,2_5_75,2_75_13,0.14933196000000137,0.09317134000000138,20.42128243
night,2023-01-27,175,20.08038371,14,75,706.911391158,prediction,2,5,2_5_75,2_75_14,0.06497747999999959,-0.025728850000000136,20.39555358
night,2023-01-27,186,20.63244066,15,75,758.538606215,prediction,2,5,2_5_75,2_75_15,0.5520569500000008,0.5718916699999994,20.96744525
night,2023-01-27,197,20.83934466,16,75,810.845114994,prediction,2,5,2_5_75,2_75_16,0.20690399999999798,0.16601340999999792,21.13345866
night,2023-01-27,216,20.70939327,17,75,864.537255183,prediction,2,5,2_5_75,2_75_17,-0.12995138999999867,-0.12246768999999702,21.01099097
night,2023-01-27,220,20.27196831,18,75,915.623591996,prediction,2,5,2_5_75,2_75_18,-0.4374249600000013,-0.3289183100000024,20.68207266
night,2023-01-27,231,19.81952911,19,75,967.937262268,prediction,2,5,2_5_75,2_75_19,-0.45243919999999704,-0.26446259000000083,20.41761007
night,2023-01-27,242,19.64172281,20,75,1020.25015995,prediction,2,5,2_5_75,2_75_20,-0.1778063000000003,0.005323500000002923,20.42293357
night,2023-01-27,253,19.55022538,21,75,1073.84509471,prediction,2,5,2_5_75,2_75_21,-0.09149743000000043,0.1464434699999977,20.56937704
night,2023-01-27,263,19.14166869,22,75,1124.99866854,prediction,2,5,2_5_75,2_75_22,-0.40855669000000105,-0.18777412999999754,20.38160291
night,2023-01-27,274,18.81436986,23,75,1177.3150084,prediction,2,5,2_5_75,2_75_23,-0.32729883000000015,-0.20612423000000035,20.17547868
night,2023-01-27,285,18.66749062,24,75,1229.63061299,prediction,2,5,2_5_75,2_75_24,-0.14687924000000052,-0.12691178000000036,20.0485669
night,2023-01-27,296,18.08032571,25,75,1281.94545509,prediction,2,5,2_5_75,2_75_25,-0.5871649099999985,-0.5633859799999996,19.48518092
night,2023-01-27,307,17.27781067,26,75,1335.94686661,prediction,2,5,2_5_75,2_75_26,-0.8025150399999994,-0.5943866,18.89079432
night,2023-01-27,318,16.68027748,27,75,1386.70513346,prediction,2,5,2_5_75,2_75_27,-0.59753319,-0.3659509000000014,18.52484342
night,2023-01-27,329,16.51600557,28,75,1439.02265301,prediction,2,5,2_5_75,2_75_28,-0.16427191000000008,0.19180718999999868,18.71665061
night,2023-01-27,340,15.57800532,29,75,1491.33954379,prediction,2,5,2_5_75,2_75_29,-0.93800025,-0.8093311299999968,17.90731948
night,2023-01-27,351,16.63469285,30,75,1543.65559389,prediction,2,5,2_5_75,2_75_30,1.0566875299999996,1.2626939499999992,19.17001343
night,2023-01-27,34,20.20238419,1,105,26.1489802967,prediction,2,5,2_5_105,2_105_1,0.09389219000000182,-0.039599030000001534,20.19040097
night,2023-01-27,44,20.10304162,2,105,78.5047576509,prediction,2,5,2_5_105,2_105_2,-0.09934257000000102,-0.1235192199999986,20.06688175
night,2023-01-27,58,20.53349334,3,105,130.870643632,prediction,2,5,2_5_105,2_105_3,0.43045172000000065,0.41621241,20.48309416
night,2023-01-27,66,20.4078716,4,105,183.242955556,prediction,2,5,2_5_105,2_105_4,-0.1256217399999997,-0.1693144800000006,20.31377968
night,2023-01-27,78,19.88996976,5,105,235.588284549,prediction,2,5,2_5_105,2_105_5,-0.5179018400000004,-0.5172340599999998,19.79654562
night,2023-01-27,87,19.73479828,6,105,287.952342449,prediction,2,5,2_5_105,2_105_6,-0.15517147999999992,-0.08593649999999897,19.71060912
night,2023-01-27,98,20.03445715,7,105,340.2706357,prediction,2,5,2_5_105,2_105_7,0.2996588700000018,0.43106798999999896,20.14167711
night,2023-01-27,110,20.11680091,8,105,392.677146954,prediction,2,5,2_5_105,2_105_8,0.08234375999999699,0.1679754399999993,20.30965255
night,2023-01-27,120,20.43431896,9,105,445.034567252,prediction,2,5,2_5_105,2_105_9,0.31751805000000033,0.3642179900000002,20.67387054
night,2023-01-27,131,20.53174346,10,105,497.337391364,prediction,2,5,2_5_105,2_105_10,0.09742450000000247,0.10499448999999927,20.77886503
night,2023-01-27,148,20.41085573,11,105,547.00681307,prediction,2,5,2_5_105,2_105_11,-0.12088772999999975,-0.10057809999999989,20.67828693
night,2023-01-27,153,20.25145588,12,105,601.521158094,prediction,2,5,2_5_105,2_105_12,-0.1593998499999998,-0.12191293999999786,20.55637399
night,2023-01-27,164,20.7633111,13,105,653.821981781,prediction,2,5,2_5_105,2_105_13,0.5118552199999975,0.584288309999998,21.1406623
night,2023-01-27,178,20.96023453,14,105,707.099592883,prediction,2,5,2_5_105,2_105_14,0.1969234300000018,0.1809034500000024,21.32156575
night,2023-01-27,188,21.06028831,15,105,758.56574345,prediction,2,5,2_5_105,2_105_15,0.10005377999999965,0.09460273999999913,21.41616849
night,2023-01-27,198,20.82312566,16,105,810.874048291,prediction,2,5,2_5_105,2_105_16,-0.23716265000000192,-0.26289958999999996,21.1532689
night,2023-01-27,207,20.99232897,17,105,864.082555014,prediction,2,5,2_5_105,2_105_17,0.16920331000000033,0.06948909999999842,21.222758
night,2023-01-27,219,20.80815926,18,105,915.597310755,prediction,2,5,2_5_105,2_105_18,-0.18416970999999904,-0.11994059999999962,21.1028174
night,2023-01-27,229,20.5606185,19,105,967.909398761,prediction,2,5,2_5_105,2_105_19,-0.2475407599999997,0.017122790000001942,21.11994019
night,2023-01-27,240,20.51654183,20,105,1020.22073198,prediction,2,5,2_5_105,2_105_20,-0.04407666999999904,0.05033401000000026,21.1702742
night,2023-01-27,256,20.59930309,21,105,1074.11172432,prediction,2,5,2_5_105,2_105_21,0.08276125999999806,0.11209513000000015,21.28236933
night,2023-01-27,262,20.30359446,22,105,1124.99505457,prediction,2,5,2_5_105,2_105_22,-0.29570863000000003,-0.3072300700000028,20.97513926
night,2023-01-27,273,20.21051832,23,105,1177.31112423,prediction,2,5,2_5_105,2_105_23,-0.09307614000000086,-0.031212489999997928,20.94392677
night,2023-01-27,284,20.19669391,24,105,1229.62646731,prediction,2,5,2_5_105,2_105_24,-0.01382440999999801,0.1469922799999992,21.09091905
night,2023-01-27,295,19.78997721,25,105,1281.94101005,prediction,2,5,2_5_105,2_105_25,-0.4067167000000005,-0.2642881899999985,20.82663086
night,2023-01-27,306,19.88235378,26,105,1335.94636579,prediction,2,5,2_5_105,2_105_26,0.09237656999999899,0.007763509999996643,20.83439437
night,2023-01-27,317,19.97439907,27,105,1386.70041475,prediction,2,5,2_5_105,2_105_27,0.0920452900000015,-0.01945042999999913,20.81494394
night,2023-01-27,328,20.08434306,28,105,1439.01773273,prediction,2,5,2_5_105,2_105_28,0.10994398999999788,0.09991482000000218,20.91485876
night,2023-01-27,339,20.4769367,29,105,1491.33427335,prediction,2,5,2_5_105,2_105_29,0.3925936400000012,0.3442382500000001,21.25909701
night,2023-01-27,37,19.97247384,1,135,26.149317842,prediction,2,5,2_5_135,2_135_1,-0.136018159999999,-0.30640968000000157,19.92359032
night,2023-01-27,50,20.2918621,2,135,78.5072596515,prediction,2,5,2_5_135,2_135_2,0.3193882600000002,0.27259061000000173,20.19618093
night,2023-01-27,55,20.17547316,3,135,130.866816893,prediction,2,5,2_5_135,2_135_3,-0.11638894000000022,-0.24299235000000152,19.95318858
night,2023-01-27,68,20.21696009,4,135,183.246181946,prediction,2,5,2_5_135,2_135_4,0.041486930000001365,0.004071429999999765,19.95726001
night,2023-01-27,80,20.54772871,5,135,235.591466007,prediction,2,5,2_5_135,2_135_5,0.3307686200000006,0.38802753000000223,20.34528754
night,2023-01-27,90,20.23634486,6,135,287.954804033,prediction,2,5,2_5_135,2_135_6,-0.3113838500000021,-0.22567108000000147,20.11961646
night,2023-01-27,100,20.16765848,7,135,340.275296586,prediction,2,5,2_5_135,2_135_7,-0.06868637999999905,0.03511609999999976,20.15473256
night,2023-01-27,112,20.92226116,8,135,392.683283752,prediction,2,5,2_5_135,2_135_8,0.7546026800000014,0.8332984100000012,20.98803097
night,2023-01-27,123,21.0886741,9,135,445.047630348,prediction,2,5,2_5_135,2_135_9,0.16641293999999718,0.13620713999999978,21.12423811
night,2023-01-27,133,21.44111746,10,135,497.348469066,prediction,2,5,2_5_135,2_135_10,0.3524433600000023,0.2850783200000002,21.40931643
night,2023-01-27,144,21.32668437,11,135,546.989476845,prediction,2,5,2_5_135,2_135_11,-0.11443309000000212,-0.13191538999999963,21.27740104
night,2023-01-27,155,20.87123034,12,135,601.531126669,prediction,2,5,2_5_135,2_135_12,-0.4554540299999985,-0.3174760400000025,20.959925
night,2023-01-27,166,20.58735679,13,135,653.834129524,prediction,2,5,2_5_135,2_135_13,-0.28387354999999914,-0.08361806999999999,20.87630693
night,2023-01-27,176,20.67380143,14,135,706.99344984,prediction,2,5,2_5_135,2_135_14,0.08644463999999985,0.30756863000000223,21.18387556
night,2023-01-27,187,20.31874804,15,135,758.56495277,prediction,2,5,2_5_135,2_135_15,-0.3550533900000019,-0.30341647000000194,20.88045909
night,2023-01-27,199,20.38098503,16,135,810.874751296,prediction,2,5,2_5_135,2_135_16,0.06223699000000238,0.08528254000000146,20.96574163
night,2023-01-27,214,20.21033262,17,135,864.502557439,prediction,2,5,2_5_135,2_135_17,-0.17065241000000242,-0.16940977999999873,20.79633185
night,2023-01-27,222,20.35432993,18,135,915.652165759,prediction,2,5,2_5_135,2_135_18,0.1439973099999996,0.15062812999999764,20.94695998
night,2023-01-27,233,20.33596788,19,135,967.96920464,prediction,2,5,2_5_135,2_135_19,-0.01836205000000035,-0.013275159999999175,20.93368482
night,2023-01-27,244,20.39373742,20,135,1020.28562,prediction,2,5,2_5_135,2_135_20,0.05776954000000245,0.059211239999999776,20.99289606
night,2023-01-27,252,20.33775073,21,135,1073.76805203,prediction,2,5,2_5_135,2_135_21,-0.055986690000001005,-0.09513723999999968,20.89775882
night,2023-01-27,265,20.33091247,22,135,1125.03033604,prediction,2,5,2_5_135,2_135_22,-0.006838259999998542,-0.020522849999998982,20.87723597
night,2023-01-27,276,20.38943159,23,135,1177.35018859,prediction,2,5,2_5_135,2_135_23,0.0585191199999997,0.048690649999997504,20.92592662
night,2023-01-27,286,20.31360159,24,135,1229.6694143,prediction,2,5,2_5_135,2_135_24,-0.07582999999999984,-0.1253580699999972,20.80056855
night,2023-01-27,297,20.32818787,25,135,1281.98801862,prediction,2,5,2_5_135,2_135_25,0.014586279999999618,-0.0792880199999999,20.72128053
night,2023-01-27,308,20.17418295,26,135,1336.053695,prediction,2,5,2_5_135,2_135_26,-0.154004920000002,-0.20572566000000236,20.51555487
night,2023-01-27,319,20.02082351,27,135,1386.76048224,prediction,2,5,2_5_135,2_135_27,-0.15335943999999913,-0.13960932999999898,20.37594554
night,2023-01-27,330,20.62539788,28,135,1439.08243693,prediction,2,5,2_5_135,2_135_28,0.6045743700000017,0.6732467200000016,21.04919226
night,2023-01-27,341,20.33452217,29,135,1491.40380652,prediction,2,5,2_5_135,2_135_29,-0.2908757100000017,-0.21336312000000035,20.83582914
night,2023-01-27,352,20.32230653,30,135,1543.72456742,prediction,2,5,2_5_135,2_135_30,-0.01221564000000086,0.027736420000000095,20.86356556
night,2023-01-27,1,19.83012657,1,165,26.1588683337,prediction,2,5,2_5_165,2_165_1,-0.27836542999999736,-0.4621374100000004,19.76786259
night,2023-01-27,2,19.7324866,2,165,78.5320887888,prediction,2,5,2_5_165,2_165_2,-0.09763996999999947,-0.20872216000000066,19.55914043
night,2023-01-27,3,19.93236773,3,165,130.916650141,prediction,2,5,2_5_165,2_165_3,0.19988112999999785,0.05146897999999922,19.61060941
night,2023-01-27,4,19.82896879,4,165,183.310421724,prediction,2,5,2_5_165,2_165_4,-0.10339893999999816,-0.08908214999999942,19.52152726
night,2023-01-27,5,20.52265979,5,165,235.675126489,prediction,2,5,2_5_165,2_165_5,0.6936909999999976,0.8476884899999995,20.36921575
night,2023-01-27,6,20.29315525,6,165,288.059716914,prediction,2,5,2_5_165,2_165_6,-0.2295045399999971,-0.3060699299999996,20.06314582
night,2023-01-27,7,21.29895971,7,165,340.40027276,prediction,2,5,2_5_165,2_165_7,1.0058044599999967,0.9972913900000009,21.06043721
night,2023-01-27,8,23.02164214,8,165,392.825928488,prediction,2,5,2_5_165,2_165_8,1.7226824300000025,1.56064911,22.62108632
night,2023-01-27,9,23.1760389,9,165,445.20954897,prediction,2,5,2_5_165,2_165_9,0.1543967600000009,-0.039204540000000065,22.58188178
night,2023-01-27,10,22.3117112,10,165,497.534870608,prediction,2,5,2_5_165,2_165_10,-0.8643277000000005,-1.1738986000000011,21.40798318
night,2023-01-27,11,21.80313676,11,165,547.152727294,prediction,2,5,2_5_165,2_165_11,-0.5085744400000003,-0.34991424999999765,21.05806893
night,2023-01-27,12,22.44177422,12,165,601.752722326,prediction,2,5,2_5_165,2_165_12,0.6386374599999982,0.8556110399999994,21.91367997
night,2023-01-27,13,22.8086866,13,165,654.077375696,prediction,2,5,2_5_165,2_165_13,0.36691238000000226,0.33873973000000035,22.2524197
night,2023-01-27,14,22.69850611,14,165,707.437718627,prediction,2,5,2_5_165,2_165_14,-0.11018049000000119,-0.241529400000001,22.0108903
night,2023-01-27,15,22.56724779,15,165,758.879133405,prediction,2,5,2_5_165,2_165_15,-0.1312583200000006,-0.32883007999999947,21.68206022
night,2023-01-27,16,22.29057791,16,165,811.213544416,prediction,2,5,2_5_165,2_165_16,-0.27666988000000003,-0.38235717999999963,21.29970304
night,2023-01-27,217,21.9668213,17,165,864.593146426,prediction,2,5,2_5_165,2_165_17,-0.3237566100000002,-0.29624345999999946,21.00345958
night,2023-01-27,18,21.97392311,18,165,916.008171598,prediction,2,5,2_5_165,2_165_18,0.0071018100000017625,-0.012202340000001755,20.99125724
night,2023-01-27,19,21.91688062,19,165,968.348947967,prediction,2,5,2_5_165,2_165_19,-0.05704249000000061,-0.052377059999997755,20.93888018
night,2023-01-27,20,21.80516128,20,165,1020.68951414,prediction,2,5,2_5_165,2_165_20,-0.1117193400000005,-0.029106870000003227,20.90977331
night,2023-01-27,21,21.14872527,21,165,1074.54249828,prediction,2,5,2_5_165,2_165_21,-0.6564360100000002,-0.21042790999999994,20.6993454
night,2023-01-27,22,20.07440625,22,165,1125.51728983,prediction,2,5,2_5_165,2_165_22,-1.0743190200000008,0.002072930000000639,20.70141833
night,2023-01-27,23,19.66313201,23,165,1177.86387697,prediction,2,5,2_5_165,2_165_23,-0.41127423999999735,0.006234270000000208,20.7076526
night,2023-01-27,24,19.32305082,24,165,1230.21017942,prediction,2,5,2_5_165,2_165_24,-0.3400811900000029,-0.30128608000000057,20.40636652
night,2023-01-27,32,19.94795686,1,195,26.1484865544,prediction,2,5,2_5_195,2_195_1,-0.1605351399999968,-0.36391293000000147,19.86608707
night,2023-01-27,43,19.82400186,2,195,78.5016954405,prediction,2,5,2_5_195,2_195_2,-0.12395500000000226,-0.21758166999999773,19.6485054
night,2023-01-27,54,20.44045162,3,195,130.865764168,prediction,2,5,2_5_195,2_195_3,0.6164497600000018,0.5399573599999989,20.18846276
night,2023-01-27,65,20.17463596,4,195,183.241181439,prediction,2,5,2_5_195,2_195_4,-0.26581566000000123,-0.2892375600000001,19.8992252
night,2023-01-27,76,20.12295116,5,195,235.586306566,prediction,2,5,2_5_195,2_195_5,-0.05168480000000031,-0.14063595000000007,19.75858925
night,2023-01-27,88,20.11240475,6,195,287.953574821,prediction,2,5,2_5_195,2_195_6,-0.010546409999999895,-0.1428877600000007,19.61570149
night,2023-01-27,101,20.31073637,7,195,340.276063867,prediction,2,5,2_5_195,2_195_7,0.19833162000000115,0.12248838000000006,19.73818987
night,2023-01-27,113,19.94828197,8,195,392.683423375,prediction,2,5,2_5_195,2_195_8,-0.36245440000000073,-0.5125715299999989,19.22561834
night,2023-01-27,124,20.50287069,9,195,445.05299325,prediction,2,5,2_5_195,2_195_9,0.5545887200000017,0.5286065600000001,19.7542249
night,2023-01-27,135,20.72913765,10,195,497.360915159,prediction,2,5,2_5_195,2_195_10,0.2262669599999967,0.3110569500000011,20.06528185
night,2023-01-27,142,20.61875879,11,195,546.956662613,prediction,2,5,2_5_195,2_195_11,-0.1103788599999973,0.029575289999996812,20.09485714
night,2023-01-27,157,20.153506,12,195,601.546952442,prediction,2,5,2_5_195,2_195_12,-0.46525279000000097,-0.41604907999999696,19.67880806
night,2023-01-27,168,19.89999039,13,195,653.857004574,prediction,2,5,2_5_195,2_195_13,-0.2535156100000009,-0.15755837000000028,19.52124969
night,2023-01-27,182,19.90658648,14,195,707.223320408,prediction,2,5,2_5_195,2_195_14,0.006596090000002164,-0.03305942000000073,19.48819027
night,2023-01-27,191,22.08169156,15,195,758.634128682,prediction,2,5,2_5_195,2_195_15,2.175105079999998,1.9025540999999997,21.39074437
night,2023-01-27,202,22.55817483,16,195,810.955736004,prediction,2,5,2_5_195,2_195_16,0.47648326999999924,0.20517587999999876,21.59592025
night,2023-01-27,209,23.0371972,17,195,864.320131185,prediction,2,5,2_5_195,2_195_17,0.4790223700000027,0.1739046799999997,21.76982493
night,2023-01-27,224,22.74852833,18,195,915.725934618,prediction,2,5,2_5_195,2_195_18,-0.2886688700000022,-0.34012946999999727,21.42969546
night,2023-01-27,235,22.64322902,19,195,968.055546242,prediction,2,5,2_5_195,2_195_19,-0.10529930999999948,-0.09720436000000277,21.3324911
night,2023-01-27,246,22.45738261,20,195,1020.38537183,prediction,2,5,2_5_195,2_195_20,-0.1858464099999999,-0.16755118999999752,21.16493991
night,2023-01-27,258,22.13781795,21,195,1074.19059563,prediction,2,5,2_5_195,2_195_21,-0.31956466000000106,-0.24973867000000283,20.91520124
night,2023-01-27,268,20.15616036,22,195,1125.18958872,prediction,2,5,2_5_195,2_195_22,-1.9816575899999975,-1.0691385399999973,19.8460627
night,2023-01-27,279,17.84749806,23,195,1177.52690799,prediction,2,5,2_5_195,2_195_23,-2.3086623000000017,-1.6801005700000005,18.16596213
night,2023-01-27,31,19.53865521,1,225,26.1421622904,prediction,2,5,2_5_225,2_225_1,-0.5698367899999965,-0.820369460000002,19.40963054
night,2023-01-27,42,20.07996634,2,225,78.4865939041,prediction,2,5,2_5_225,2_225_2,0.5413111299999969,0.5175370000000008,19.92716754
night,2023-01-27,53,19.56359294,3,225,130.83419649,prediction,2,5,2_5_225,2_225_3,-0.5163733999999991,-0.563449679999998,19.36371786
night,2023-01-27,64,20.03630673,4,225,183.202760398,prediction,2,5,2_5_225,2_225_4,0.47271379000000024,0.5214873000000004,19.88520516
night,2023-01-27,75,19.66503283,5,225,235.5378245,prediction,2,5,2_5_225,2_225_5,-0.3712738999999985,-0.48997908000000123,19.39522608
night,2023-01-27,86,19.68892325,6,225,287.893716757,prediction,2,5,2_5_225,2_225_6,0.023890419999997192,-0.023731260000001697,19.37149482
night,2023-01-27,97,19.54818028,7,225,340.206774681,prediction,2,5,2_5_225,2_225_7,-0.14074296999999802,-0.12391204999999772,19.24758277
night,2023-01-27,108,19.72054557,8,225,392.609087709,prediction,2,5,2_5_225,2_225_8,0.17236528999999834,0.17091319999999754,19.41849597
night,2023-01-27,119,19.4759095,9,225,444.967545613,prediction,2,5,2_5_225,2_225_9,-0.24463606999999854,-0.25215843999999876,19.16633753
night,2023-01-27,130,19.58242683,10,225,497.266228693,prediction,2,5,2_5_225,2_225_10,0.10651732999999908,0.08201688999999845,19.24835442
night,2023-01-27,141,19.20365788,11,225,546.903162294,prediction,2,5,2_5_225,2_225_11,-0.3787689499999978,-0.47577685999999986,18.77257756
night,2023-01-27,152,19.45604615,12,225,601.445836677,prediction,2,5,2_5_225,2_225_12,0.2523882699999973,0.3910769000000016,19.16365446
night,2023-01-27,163,19.16088257,13,225,653.749348408,prediction,2,5,2_5_225,2_225_13,-0.29516358000000054,-0.2492492800000008,18.91440518
night,2023-01-27,174,18.71423195,14,225,706.908204273,prediction,2,5,2_5_225,2_225_14,-0.4466506199999998,-0.5367235899999976,18.37768159
night,2023-01-27,185,18.99411323,15,225,758.484798074,prediction,2,5,2_5_225,2_225_15,0.27988128000000145,0.33464217999999946,18.71232377
night,2023-01-27,196,17.97693581,16,225,810.798966762,prediction,2,5,2_5_225,2_225_16,-1.0171774199999994,-1.1097084900000027,17.60261528
night,2023-01-27,212,17.56763004,17,225,864.434341191,prediction,2,5,2_5_225,2_225_17,-0.40930576999999957,-0.3787525599999988,17.22386272
night,2023-01-27,218,17.95011661,18,225,915.58915721,prediction,2,5,2_5_225,2_225_18,0.3824865699999975,0.6606005500000016,17.88446327
night,2023-01-27,230,19.54875601,19,225,967.914389442,prediction,2,5,2_5_225,2_225_19,1.5986394000000033,1.5610520099999974,19.44551528
night,2023-01-27,241,19.79442792,20,225,1020.24029023,prediction,2,5,2_5_225,2_225_20,0.24567190999999866,0.17390965000000236,19.61942493
night,2023-01-27,251,19.66598081,21,225,1073.74745918,prediction,2,5,2_5_225,2_225_21,-0.12844710999999975,-0.0386419999999994,19.58078293
night,2023-01-27,264,19.56157192,22,225,1125.00912546,prediction,2,5,2_5_225,2_225_22,-0.10440889000000197,-0.10074220000000267,19.48004073
night,2023-01-27,275,19.43606531,23,225,1177.34236285,prediction,2,5,2_5_225,2_225_23,-0.12550660999999863,-0.2536363499999972,19.22640438
night,2023-01-27,287,19.2341608,24,225,1229.6762407,prediction,2,5,2_5_225,2_225_24,-0.20190450999999854,-0.20195730000000012,19.02444708
night,2023-01-27,299,18.49806274,25,225,1282.0107427,prediction,2,5,2_5_225,2_225_25,-0.7360980599999998,-0.5059010400000012,18.51854604
night,2023-01-27,310,17.4127956,26,225,1336.09378827,prediction,2,5,2_5_225,2_225_26,-1.0852671400000027,-0.8034329299999996,17.71511311
night,2023-01-27,321,17.92577627,27,225,1386.81886773,prediction,2,5,2_5_225,2_225_27,0.512980670000001,0.6138699699999997,18.32898308
night,2023-01-27,332,17.97717082,28,225,1439.16057605,prediction,2,5,2_5_225,2_225_28,0.05139455000000126,0.013392450000001332,18.34237553
night,2023-01-27,343,18.15045412,29,225,1491.5029301,prediction,2,5,2_5_225,2_225_29,0.1732832999999978,0.10438069999999655,18.44675623
night,2023-01-27,354,18.10652129,30,225,1543.84595568,prediction,2,5,2_5_225,2_225_30,-0.04393282999999926,-0.03482079999999854,18.41193543
night,2023-01-27,36,19.50571775,1,255,26.1493125373,prediction,2,5,2_5_255,2_255_1,-0.6027742499999995,-0.8039212000000013,19.4260788
night,2023-01-27,48,19.71834423,2,255,78.5069401867,prediction,2,5,2_5_255,2_255_2,0.21262648000000084,0.14429718000000236,19.57037598
night,2023-01-27,63,20.16643632,3,255,130.87662654,prediction,2,5,2_5_255,2_255_3,0.4480920899999994,0.5009133099999978,20.07128929
night,2023-01-27,72,20.28599694,4,255,183.253658741,prediction,2,5,2_5_255,2_255_4,0.11956062000000145,0.17876938999999936,20.25005868
night,2023-01-27,85,19.49145717,5,255,235.606875989,prediction,2,5,2_5_255,2_255_5,-0.7945397700000001,-0.8137189799999973,19.4363397
night,2023-01-27,95,19.11254298,6,255,287.979473221,prediction,2,5,2_5_255,2_255_6,-0.3789141899999997,-0.3800885600000008,19.05625114
night,2023-01-27,106,19.50892416,7,255,340.308783293,prediction,2,5,2_5_255,2_255_7,0.3963811799999988,0.5192717099999982,19.57552285
night,2023-01-27,118,19.5198543,8,255,392.727876477,prediction,2,5,2_5_255,2_255_8,0.010930139999999255,0.029638640000001715,19.60516149
night,2023-01-27,128,19.41278536,9,255,445.100751387,prediction,2,5,2_5_255,2_255_9,-0.10706893999999778,-0.1361764600000015,19.46898503
night,2023-01-27,139,19.15974755,10,255,497.419046738,prediction,2,5,2_5_255,2_255_10,-0.25303781000000214,-0.21319703999999717,19.25578799
night,2023-01-27,151,19.36243528,11,255,547.10469891,prediction,2,5,2_5_255,2_255_11,0.20268773000000095,0.20664696999999776,19.46243496
night,2023-01-27,161,18.61371168,12,255,601.640315573,prediction,2,5,2_5_255,2_255_12,-0.7487235999999982,-0.8432457699999993,18.61918919
night,2023-01-27,172,18.69080792,13,255,653.962746366,prediction,2,5,2_5_255,2_255_13,0.07709623999999948,0.15311434999999918,18.77230354
night,2023-01-27,184,18.52785533,14,255,707.267285282,prediction,2,5,2_5_255,2_255_14,-0.16295258999999973,-0.08195290999999827,18.69035063
night,2023-01-27,195,17.67113247,15,255,758.755698383,prediction,2,5,2_5_255,2_255_15,-0.8567228600000014,-0.841199060000001,17.84915157
night,2023-01-27,206,16.86440841,16,255,811.091073808,prediction,2,5,2_5_255,2_255_16,-0.8067240600000005,-0.723543509999999,17.12560806
night,2023-01-27,210,16.75154437,17,255,864.328430686,prediction,2,5,2_5_255,2_255_17,-0.11286403999999806,0.020100379999998808,17.14570844
night,2023-01-27,227,16.97902128,18,255,915.873920636,prediction,2,5,2_5_255,2_255_18,0.22747691000000003,0.4217011900000003,17.56740963
night,2023-01-27,238,16.72874762,19,255,968.218473936,prediction,2,5,2_5_255,2_255_19,-0.2502736600000013,-0.11793210000000087,17.44947753
night,2023-01-27,249,16.17729276,20,255,1020.56405306,prediction,2,5,2_5_255,2_255_20,-0.5514548599999998,-0.4873352199999985,16.96214231
night,2023-01-27,261,16.44138582,21,255,1074.50378336,prediction,2,5,2_5_255,2_255_21,0.26409306000000043,0.3863437300000001,17.34848604
night,2023-01-27,271,16.62916873,22,255,1125.41362315,prediction,2,5,2_5_255,2_255_22,0.18778290999999925,0.29948963000000006,17.64797567
night,2023-01-27,282,16.45427216,23,255,1177.76947909,prediction,2,5,2_5_255,2_255_23,-0.17489657000000136,-0.1544378799999997,17.49353779
night,2023-01-27,293,16.54036645,24,255,1230.12637227,prediction,2,5,2_5_255,2_255_24,0.0860942900000019,0.08912035999999901,17.58265815
night,2023-01-27,304,16.24857328,25,255,1282.48427264,prediction,2,5,2_5_255,2_255_25,-0.2917931700000018,-0.29450544999999906,17.2881527
night,2023-01-27,315,16.37030686,26,255,1336.53171427,prediction,2,5,2_5_255,2_255_26,0.12173358000000079,-0.22288039000000026,17.06527231
night,2023-01-27,326,16.51901698,27,255,1387.33562104,prediction,2,5,2_5_255,2_255_27,0.1487101200000005,-0.12907966999999942,16.93619264
night,2023-01-27,337,16.25474307,28,255,1439.70166378,prediction,2,5,2_5_255,2_255_28,-0.26427391,-0.2615549399999999,16.6746377
night,2023-01-27,348,17.3208454,29,255,1492.06879036,prediction,2,5,2_5_255,2_255_29,1.0661023299999997,1.2693691099999995,17.94400681
night,2023-01-27,360,17.74872411,30,255,1544.43689287,prediction,2,5,2_5_255,2_255_30,0.42787871000000166,0.24599562999999947,18.19000244
night,2023-01-27,38,19.55056515,1,285,26.149320641,prediction,2,5,2_5_285,2_285_1,-0.5579268499999976,-0.6062697700000008,19.62373023
night,2023-01-27,52,19.52988388,2,285,78.5097908779,prediction,2,5,2_5_285,2_285_2,-0.02068127000000075,-0.09497370999999788,19.52875652
night,2023-01-27,62,19.91865754,3,285,130.87356057,prediction,2,5,2_5_285,2_285_3,0.3887736600000018,0.3339703599999986,19.86272688
night,2023-01-27,73,20.24125994,4,285,183.255763257,prediction,2,5,2_5_285,2_285_4,0.3226023999999974,0.2515801499999988,20.11430703
night,2023-01-27,84,19.98443065,5,285,235.605230044,prediction,2,5,2_5_285,2_285_5,-0.2568292899999989,-0.15474455999999748,19.95956247
night,2023-01-27,96,18.18031312,6,285,287.981779618,prediction,2,5,2_5_285,2_285_6,-1.8041175299999992,-1.534045350000003,18.42551712
night,2023-01-27,107,18.59570877,7,285,340.309803081,prediction,2,5,2_5_285,2_285_7,0.41539565000000067,0.780627410000001,19.20614453
night,2023-01-27,117,18.88016559,8,285,392.725912691,prediction,2,5,2_5_285,2_285_8,0.28445681999999906,0.41427737000000064,19.6204219
night,2023-01-27,129,18.85961884,9,285,445.105153265,prediction,2,5,2_5_285,2_285_9,-0.020546750000001168,0.02622175999999854,19.64664366
night,2023-01-27,140,19.15865856,10,285,497.420665061,prediction,2,5,2_5_285,2_285_10,0.2990397199999997,0.3297395500000029,19.97638321
night,2023-01-27,150,18.92485423,11,285,547.10048277,prediction,2,5,2_5_285,2_285_11,-0.23380432999999812,-0.25611601000000306,19.7202672
night,2023-01-27,162,19.05301796,12,285,601.64126025,prediction,2,5,2_5_285,2_285_12,0.12816372999999714,0.13784967000000137,19.85811687
night,2023-01-27,173,18.9033206,13,285,653.963824959,prediction,2,5,2_5_285,2_285_13,-0.14969735999999756,-0.17399728999999908,19.68411958
night,2023-01-27,177,18.81391025,14,285,707.077105223,prediction,2,5,2_5_285,2_285_14,-0.08941035000000142,-0.0878401800000006,19.5962794
night,2023-01-27,194,18.80971935,15,285,758.728805537,prediction,2,5,2_5_285,2_285_15,-0.004190899999997555,-0.03816996000000117,19.55810944
night,2023-01-27,205,18.15228373,16,285,811.062448387,prediction,2,5,2_5_285,2_285_16,-0.6574356200000011,-0.7069642599999995,18.85114518
night,2023-01-27,17,17.71707539,17,285,864.783493136,prediction,2,5,2_5_285,2_285_17,-0.4352083399999991,-0.37607985,18.47506533
night,2023-01-27,228,17.01997311,18,285,915.900561915,prediction,2,5,2_5_285,2_285_18,-0.6971022800000028,-0.4061862999999981,18.06887903
night,2023-01-27,239,16.15439134,19,285,968.246820865,prediction,2,5,2_5_285,2_285_19,-0.8655817699999986,-0.4441665400000012,17.62471249
night,2023-01-27,250,15.98387939,20,285,1020.59402321,prediction,2,5,2_5_285,2_285_20,-0.17051194999999986,0.20382842999999795,17.82854092
night,2023-01-27,259,15.77764326,21,285,1074.20728628,prediction,2,5,2_5_285,2_285_21,-0.20623613000000063,0.014920390000000339,17.84346131
night,2023-01-27,272,15.14197978,22,285,1125.41494883,prediction,2,5,2_5_285,2_285_22,-0.6356634799999998,-0.5639306499999996,17.27953066
night,2023-01-27,283,14.87732555,23,285,1177.77099231,prediction,2,5,2_5_285,2_285_23,-0.26465422999999966,-0.23706301999999724,17.04246764
night,2023-01-27,294,14.32829316,24,285,1230.12815714,prediction,2,5,2_5_285,2_285_24,-0.5490323900000007,-0.4590145200000002,16.58345312
night,2023-01-27,305,14.17212238,25,285,1282.48626986,prediction,2,5,2_5_285,2_285_25,-0.15617078000000006,-0.02604911000000243,16.55740401
night,2023-01-27,316,14.7294785,26,285,1336.53812588,prediction,2,5,2_5_285,2_285_26,0.5573561200000015,0.3890422600000001,16.94644627
night,2023-01-27,327,15.14872372,27,285,1387.33847392,prediction,2,5,2_5_285,2_285_27,0.41924521999999875,0.13193865999999943,17.07838493
night,2023-01-27,338,15.51318508,28,285,1439.70478145,prediction,2,5,2_5_285,2_285_28,0.36446135999999996,0.10595781000000315,17.18434274
night,2023-01-27,349,15.62665236,29,285,1492.07222963,prediction,2,5,2_5_285,2_285_29,0.11346728000000006,0.02021242000000001,17.20455516
night,2023-01-27,39,19.73244926,1,315,26.1495677872,prediction,2,5,2_5_315,2_315_1,-0.37604273999999904,-0.38263510999999895,19.84736489
night,2023-01-27,47,19.99149379,2,315,78.506588238,prediction,2,5,2_5_315,2_315_2,0.2590445300000006,0.37029589999999857,20.21766079
night,2023-01-27,61,19.42970789,3,315,130.873391001,prediction,2,5,2_5_315,2_315_3,-0.5617859000000003,-0.6025029400000008,19.61515785
night,2023-01-27,74,19.23947102,4,315,183.256425919,prediction,2,5,2_5_315,2_315_4,-0.19023686999999967,-0.1829655499999987,19.4321923
night,2023-01-27,83,18.22963498,5,315,235.603359681,prediction,2,5,2_5_315,2_315_5,-1.0098360399999997,-0.8682406399999998,18.56395166
night,2023-01-27,94,17.99377669,6,315,287.977630168,prediction,2,5,2_5_315,2_315_6,-0.23585828999999947,-0.059360240000000175,18.50459142
night,2023-01-27,105,18.08442065,7,315,340.304761915,prediction,2,5,2_5_315,2_315_7,0.09064395999999775,0.2879864699999999,18.79257789
night,2023-01-27,116,17.60997564,8,315,392.718288014,prediction,2,5,2_5_315,2_315_8,-0.47444501000000017,-0.21118952000000135,18.58138837
night,2023-01-27,127,17.69989268,9,315,445.092654475,prediction,2,5,2_5_315,2_315_9,0.08991704000000311,0.35747986000000154,18.93886823
night,2023-01-27,138,17.36760405,10,315,497.40865149,prediction,2,5,2_5_315,2_315_10,-0.33228863000000075,-0.17474186000000103,18.76412637
night,2023-01-27,149,16.52593128,11,315,547.068358919,prediction,2,5,2_5_315,2_315_11,-0.8416727700000024,-0.7192279600000013,18.04489841
night,2023-01-27,160,16.324478,12,315,601.620474081,prediction,2,5,2_5_315,2_315_12,-0.20145327999999907,-0.07466540999999793,17.970233
night,2023-01-27,171,16.03535034,13,315,653.939654538,prediction,2,5,2_5_315,2_315_13,-0.28912765999999834,-0.0757573899999997,17.89447561
night,2023-01-27,183,15.41541319,14,315,707.256506323,prediction,2,5,2_5_315,2_315_14,-0.6199371500000002,-0.24084026999999963,17.65363534
night,2023-01-27,193,15.18868703,15,315,758.727653744,prediction,2,5,2_5_315,2_315_15,-0.22672616000000012,0.07005367000000007,17.72368901
night,2023-01-27,204,14.90177664,16,315,811.059153639,prediction,2,5,2_5_315,2_315_16,-0.28691039000000096,-0.16855656000000252,17.55513245
night,2023-01-27,211,15.01289447,17,315,864.340763528,prediction,2,5,2_5_315,2_315_17,0.1111178300000013,0.12544746000000018,17.68057991
night,2023-01-27,226,15.01572879,18,315,915.83925752,prediction,2,5,2_5_315,2_315_18,0.0028343199999998347,-0.004865599999998693,17.67571431
night,2023-01-27,237,15.35392706,19,315,968.179492611,prediction,2,5,2_5_315,2_315_19,0.33819826999999947,0.3100178100000015,17.98573212
night,2023-01-27,248,15.19252937,20,315,1020.52043405,prediction,2,5,2_5_315,2_315_20,-0.16139768999999937,-0.23570684000000242,17.75002528
night,2023-01-27,260,14.92058626,21,315,1074.27874941,prediction,2,5,2_5_315,2_315_21,-0.2719431100000005,-0.3216750399999988,17.42835024
night,2023-01-27,270,14.8984596,22,315,1125.34266539,prediction,2,5,2_5_315,2_315_22,-0.02212665999999963,-0.08365986000000092,17.34469038
night,2023-01-27,281,15.79193934,23,315,1177.69223154,prediction,2,5,2_5_315,2_315_23,0.8934797400000001,0.7162538900000008,18.06094427
night,2023-01-27,292,15.67819505,24,315,1230.0425277,prediction,2,5,2_5_315,2_315_24,-0.11374429000000141,-0.3529970099999993,17.70794726
night,2023-01-27,303,15.70491049,25,315,1282.39359165,prediction,2,5,2_5_315,2_315_25,0.026715440000000257,-0.14718109000000013,17.56076617
night,2023-01-27,314,15.9137556,26,315,1336.49391968,prediction,2,5,2_5_315,2_315_26,0.2088451100000004,0.047066349999997925,17.60783252
night,2023-01-27,325,15.82313192,27,315,1387.23503065,prediction,2,5,2_5_315,2_315_27,-0.0906236800000002,-0.30442530999999917,17.30340721
night,2023-01-27,336,15.20325996,28,315,1439.59346859,prediction,2,5,2_5_315,2_315_28,-0.6198719599999993,-0.9129243500000008,16.39048286
night,2023-01-27,347,14.94672688,29,315,1491.95272129,prediction,2,5,2_5_315,2_315_29,-0.2565330800000005,-0.4655232999999992,15.92495956
night,2023-01-27,358,14.84109309,30,315,1544.3126586,prediction,2,5,2_5_315,2_315_30,-0.10563379000000062,-0.05049848999999895,15.87446107
night,2023-01-27,41,20.27480652,1,345,26.1500688971,prediction,2,5,2_5_345,2_345_1,0.16631452000000024,0.20286241999999888,20.43286242
night,2023-01-27,49,20.45302112,2,345,78.5070511329,prediction,2,5,2_5_345,2_345_2,0.17821460000000044,0.3764027200000015,20.80926514
night,2023-01-27,60,19.75103913,3,345,130.872835727,prediction,2,5,2_5_345,2_345_3,-0.7019819900000002,-0.5822020400000021,20.2270631
night,2023-01-27,71,19.52718951,4,345,183.24991072,prediction,2,5,2_5_345,2_345_4,-0.2238496199999993,-0.09003567999999973,20.13702742
night,2023-01-27,82,19.22553006,5,345,235.601945306,prediction,2,5,2_5_345,2_345_5,-0.30165944999999894,-0.1640568800000004,19.97297054
night,2023-01-27,93,18.80353489,6,345,287.968116355,prediction,2,5,2_5_345,2_345_6,-0.42199516999999886,-0.21013169999999803,19.76283884
night,2023-01-27,104,18.48923708,7,345,340.295141519,prediction,2,5,2_5_345,2_345_7,-0.3142978100000029,-0.12084984000000176,19.641989
night,2023-01-27,115,18.41751682,8,345,392.709712269,prediction,2,5,2_5_345,2_345_8,-0.07172025999999931,0.18826475000000187,19.83025375
night,2023-01-27,126,16.96385516,9,345,445.079436204,prediction,2,5,2_5_345,2_345_9,-1.453661659999998,-1.2198474899999994,18.61040626
night,2023-01-27,137,17.45533162,10,345,497.390112246,prediction,2,5,2_5_345,2_345_10,0.4914764599999977,0.3288231899999978,18.93922945
night,2023-01-27,145,17.24265345,11,345,546.992209207,prediction,2,5,2_5_345,2_345_11,-0.21267817000000022,-0.47763671999999957,18.46159273
night,2023-01-27,159,17.22985817,12,345,601.582898436,prediction,2,5,2_5_345,2_345_12,-0.012795279999998854,0.04761311000000035,18.50920584
night,2023-01-27,170,16.73252405,13,345,653.896039442,prediction,2,5,2_5_345,2_345_13,-0.49733412000000143,-0.19471460000000107,18.31449124
night,2023-01-27,181,15.51475833,14,345,707.200965457,prediction,2,5,2_5_345,2_345_14,-1.2177657199999992,-0.7484632599999976,17.56602798
night,2023-01-27,192,14.87274111,15,345,758.669844378,prediction,2,5,2_5_345,2_345_15,-0.6420172199999996,-0.3844773700000026,17.18155061
night,2023-01-27,203,15.4983635,16,345,810.993894777,prediction,2,5,2_5_345,2_345_16,0.6256223900000002,0.38004151000000164,17.56159212
night,2023-01-27,215,15.19974997,17,345,864.503329694,prediction,2,5,2_5_345,2_345_17,-0.2986135300000008,-0.4745500500000013,17.08704207
night,2023-01-27,225,14.66026899,18,345,915.786279166,prediction,2,5,2_5_345,2_345_18,-0.5394809799999987,-0.35142396999999903,16.7356181
night,2023-01-27,236,14.27028338,19,345,968.119276911,prediction,2,5,2_5_345,2_345_19,-0.3899856100000001,-0.1976462099999985,16.53797189
night,2023-01-27,247,14.5159075,20,345,1020.45253703,prediction,2,5,2_5_345,2_345_20,0.24562412000000045,0.2419223699999975,16.77989426
night,2023-01-27,257,14.02423008,21,345,1074.18632633,prediction,2,5,2_5_345,2_345_21,-0.49167742000000025,-0.2752296199999975,16.50466464
night,2023-01-27,269,13.89301904,22,345,1125.25634889,prediction,2,5,2_5_345,2_345_22,-0.13121104000000017,-0.2682057499999999,16.23645889
night,2023-01-27,280,13.90129171,23,345,1177.59668494,prediction,2,5,2_5_345,2_345_23,0.008272670000000204,-0.19217720000000327,16.04428169
night,2023-01-27,291,13.28880275,24,345,1229.93735902,prediction,2,5,2_5_345,2_345_24,-0.6124889600000003,-0.6579097299999983,15.38637196
