temporal,use,date,id,mean_lst,distance,direction,area,buffer_number
day,prediction,3/12/2022,1,37.48082327,0,15,5026.381231,0
day,prediction,3/12/2022,2,38.22331394,5,45,235.4594715,1
day,prediction,3/12/2022,3,37.37758553,6,45,287.9311057,2
day,prediction,3/12/2022,4,37.74793494,7,45,340.2460017,3
day,prediction,3/12/2022,5,37.80629734,8,45,392.6466286,4
day,prediction,3/12/2022,6,37.49932626,9,45,445.005825,5
day,prediction,3/12/2022,7,37.49720597,10,45,497.3064088,6
day,prediction,3/12/2022,8,36.49334027,11,75,546.9535538,7
day,prediction,3/12/2022,9,37.24443877,12,45,601.4833346,8
day,prediction,3/12/2022,10,36.72188379,13,45,653.7833582,9
day,prediction,3/12/2022,12,35.51653479,15,45,758.530335,11
day,prediction,3/12/2022,13,35.83587425,16,45,810.8392654,12
day,prediction,3/12/2022,14,36.05892179,17,75,864.4694557,13
day,prediction,3/12/2022,15,36.2688882,18,45,915.5706951,14
day,prediction,3/12/2022,16,35.66031966,19,45,967.8848698,15
day,prediction,3/12/2022,17,34.57118808,20,45,1020.198666,16
day,prediction,3/12/2022,19,34.32354242,22,45,1124.962547,18
day,prediction,3/12/2022,20,33.87246169,23,45,1177.281459,19
day,prediction,3/12/2022,21,32.91000137,24,45,1229.599913,20
day,prediction,3/12/2022,22,32.20700247,25,45,1281.917963,21
day,prediction,3/12/2022,23,32.15591856,26,45,1335.98319,22
day,prediction,3/12/2022,24,31.96025911,27,45,1386.689827,23
day,prediction,3/12/2022,25,32.80630962,28,45,1439.011821,24
day,prediction,3/12/2022,26,32.18574992,29,45,1491.333444,25
day,prediction,3/12/2022,27,32.41765451,30,45,1543.65457,26
day,prediction,3/12/2022,28,31.45749516,31,45,1595.975334,27
day,prediction,3/12/2022,29,30.68209857,32,45,1650.668683,28
day,prediction,3/12/2022,30,30.52158978,33,45,1700.766288,29
day,prediction,3/12/2022,31,30.8308678,34,45,1753.090484,30
day,prediction,3/12/2022,32,31.31086279,35,45,1805.414293,31
day,prediction,3/12/2022,33,38.54466987,5,345,235.4989571,1
day,prediction,3/12/2022,34,38.83916983,6,345,287.9667189,2
day,prediction,3/12/2022,35,38.80646216,7,345,340.2921238,3
day,prediction,3/12/2022,36,38.4835534,8,345,392.704955,4
day,prediction,3/12/2022,37,38.47396857,9,345,445.072997,5
day,prediction,3/12/2022,38,38.46846242,10,345,497.3817904,6
day,prediction,3/12/2022,39,38.11340946,11,345,546.9804406,7
day,prediction,3/12/2022,40,37.9731769,12,345,601.57042,8
day,prediction,3/12/2022,41,37.92775729,13,345,653.8815557,9
day,prediction,3/12/2022,42,36.96937964,15,345,758.6508901,11
day,prediction,3/12/2022,43,36.95435269,16,345,810.9727028,12
day,prediction,3/12/2022,44,36.49995794,17,345,864.481231,13
day,prediction,3/12/2022,45,36.15483387,18,345,915.760657,14
day,prediction,3/12/2022,46,35.73486939,19,345,968.0912875,15
day,prediction,3/12/2022,47,35.16872116,20,345,1020.422168,16
day,prediction,3/12/2022,48,33.80693259,22,345,1125.221187,18
day,prediction,3/12/2022,49,34.39265956,23,345,1177.559006,19
day,prediction,3/12/2022,50,34.22624399,24,345,1229.897069,20
day,prediction,3/12/2022,51,34.58369105,25,345,1282.235252,21
day,prediction,3/12/2022,52,33.98237362,26,345,1336.263599,22
day,prediction,3/12/2022,53,33.36990066,27,345,1387.04481,23
day,prediction,3/12/2022,54,33.01315921,28,345,1439.388689,24
day,prediction,3/12/2022,55,32.37963249,29,345,1491.732693,25
day,prediction,3/12/2022,56,32.26582125,30,345,1544.076956,26
day,prediction,3/12/2022,57,32.64714671,31,345,1596.421401,27
day,prediction,3/12/2022,58,33.24021417,32,345,1650.893112,28
day,prediction,3/12/2022,59,33.23844485,33,345,1701.245962,29
day,prediction,3/12/2022,62,37.32541938,14,345,707.182907,10
day,prediction,3/12/2022,63,33.82690274,21,345,1074.155771,17
day,prediction,3/12/2022,64,38.96389617,5,15,235.4750977,1
day,prediction,3/12/2022,65,39.21016657,6,15,287.9424856,2
day,prediction,3/12/2022,66,38.50406256,7,15,340.2635217,3
day,prediction,3/12/2022,67,38.16354206,8,15,392.6716186,4
day,prediction,3/12/2022,68,38.19049905,9,15,445.0346099,5
day,prediction,3/12/2022,69,37.87298576,10,15,497.3379346,6
day,prediction,3/12/2022,70,37.54862791,11,15,546.9305831,7
day,prediction,3/12/2022,71,37.42081388,12,15,601.514606,8
day,prediction,3/12/2022,72,37.22675055,13,15,653.8192399,9
day,prediction,3/12/2022,73,36.67101356,15,15,758.5744377,11
day,prediction,3/12/2022,74,36.40998558,16,15,810.8886675,12
day,prediction,3/12/2022,75,36.50063933,17,15,864.3893784,13
day,prediction,3/12/2022,76,35.95335758,18,15,915.6604237,14
day,prediction,3/12/2022,77,35.48140114,19,15,967.9823693,15
day,prediction,3/12/2022,78,35.11489258,20,15,1020.304262,16
day,prediction,3/12/2022,79,34.29110337,22,15,1125.084181,18
day,prediction,3/12/2022,80,34.08024376,23,15,1177.411947,19
day,prediction,3/12/2022,81,33.82594234,24,15,1229.739481,20
day,prediction,3/12/2022,82,32.83869309,25,15,1282.066939,21
day,prediction,3/12/2022,83,32.85062961,26,15,1336.084049,22
day,prediction,3/12/2022,84,32.90893116,27,15,1386.853765,23
day,prediction,3/12/2022,85,32.22542763,28,15,1439.185738,24
day,prediction,3/12/2022,86,31.47367629,29,15,1491.517554,25
day,prediction,3/12/2022,87,30.53938168,30,15,1543.849213,26
day,prediction,3/12/2022,88,30.87744251,31,15,1596.180727,27
day,prediction,3/12/2022,89,27.8748776,32,15,1650.63869,28
day,prediction,3/12/2022,93,36.87583945,14,15,707.1133009,10
day,prediction,3/12/2022,94,34.78123523,21,15,1074.02866,17
day,prediction,3/12/2022,95,37.02949402,5,75,235.4568681,1
day,prediction,3/12/2022,96,35.55062339,6,75,287.9295088,2
day,prediction,3/12/2022,97,36.35922244,7,75,340.2415978,3
day,prediction,3/12/2022,98,36.98023591,8,75,392.6397562,4
day,prediction,3/12/2022,99,36.24726224,9,75,445.0006902,5
day,prediction,3/12/2022,100,36.11551149,10,75,497.2952672,6
day,prediction,3/12/2022,101,37.3281714,11,45,546.9483442,7
day,prediction,3/12/2022,102,36.26449067,12,75,601.4700773,8
day,prediction,3/12/2022,103,36.58227757,13,75,653.767337,9
day,prediction,3/12/2022,104,36.78340184,15,75,758.4767316,11
day,prediction,3/12/2022,105,36.74671889,16,75,810.7802439,12
day,prediction,3/12/2022,106,36.03441851,17,45,864.0959822,13
day,prediction,3/12/2022,107,36.05458043,18,75,915.5533657,14
day,prediction,3/12/2022,108,35.85027231,19,75,967.8647205,15
day,prediction,3/12/2022,109,35.47023892,20,75,1020.175485,16
day,prediction,3/12/2022,110,32.01578482,22,75,1124.91948,18
day,prediction,3/12/2022,111,31.68981674,23,75,1177.234301,19
day,prediction,3/12/2022,112,32.69211345,24,75,1229.548615,20
day,prediction,3/12/2022,124,37.18109527,14,75,706.852744,10
day,prediction,3/12/2022,125,35.87837225,14,45,707.0846946,10
day,prediction,3/12/2022,126,34.59744646,21,75,1073.759162,17
day,prediction,3/12/2022,127,34.41229614,21,45,1073.923519,17
day,prediction,3/12/2022,128,37.98256443,5,315,235.50285,1
day,prediction,3/12/2022,129,38.35941847,5,285,235.5242003,1
day,prediction,3/12/2022,130,37.98987184,6,315,287.9761241,2
day,prediction,3/12/2022,131,38.52793517,6,285,287.9988236,2
day,prediction,3/12/2022,132,37.9395701,7,315,340.3035613,3
day,prediction,3/12/2022,133,38.74050325,7,285,340.3278225,3
day,prediction,3/12/2022,134,38.43443003,8,315,392.7176319,4
day,prediction,3/12/2022,135,38.46560366,8,285,392.7442944,4
day,prediction,3/12/2022,136,37.84996939,9,315,445.0914261,5
day,prediction,3/12/2022,137,39.09604064,9,285,445.1247503,5
day,prediction,3/12/2022,138,38.0000949,10,315,497.4074355,6
day,prediction,3/12/2022,139,38.49866383,10,285,497.440253,6
day,prediction,3/12/2022,140,38.31733912,11,315,547.0653071,7
day,prediction,3/12/2022,141,38.02419147,11,285,547.1195756,7
day,prediction,3/12/2022,142,38.07171169,12,315,601.618029,8
day,prediction,3/12/2022,143,38.05085389,12,285,601.6605713,8
day,prediction,3/12/2022,144,37.66973303,13,315,653.9364539,9
day,prediction,3/12/2022,145,37.9137811,13,285,653.982701,9
day,prediction,3/12/2022,146,36.73151115,15,315,758.7230603,11
day,prediction,3/12/2022,147,37.14021462,15,285,758.7459264,11
day,prediction,3/12/2022,148,36.90621839,16,315,811.0533048,12
day,prediction,3/12/2022,149,37.2330794,16,285,811.0783004,12
day,prediction,3/12/2022,150,36.67298019,17,315,864.3327177,13
day,prediction,3/12/2022,151,36.77386876,17,285,864.7984279,13
day,prediction,3/12/2022,152,36.31692332,18,315,915.8302908,14
day,prediction,3/12/2022,153,37.16816993,18,285,915.9132825,14
day,prediction,3/12/2022,154,36.4133581,19,315,968.1687416,15
day,prediction,3/12/2022,155,36.01557075,19,285,968.257489,15
day,prediction,3/12/2022,156,36.10125963,20,315,1020.50771,16
day,prediction,3/12/2022,157,35.92490837,20,285,1020.602464,16
day,prediction,3/12/2022,158,35.49218601,22,315,1125.325064,18
day,prediction,3/12/2022,159,36.23507185,22,285,1125.418946,18
day,prediction,3/12/2022,160,34.92626692,23,315,1177.672105,19
day,prediction,3/12/2022,161,35.81659467,23,285,1177.771991,19
day,prediction,3/12/2022,162,34.68316197,24,315,1230.019704,20
day,prediction,3/12/2022,163,35.65731225,24,285,1230.125828,20
day,prediction,3/12/2022,164,34.42758209,25,315,1282.367881,21
day,prediction,3/12/2022,165,34.86580789,25,285,1282.480408,21
day,prediction,3/12/2022,166,34.14807147,26,315,1336.465127,22
day,prediction,3/12/2022,167,34.69708983,26,285,1336.52642,22
day,prediction,3/12/2022,168,34.03828376,27,315,1387.202942,23
day,prediction,3/12/2022,169,34.85983042,27,285,1387.324556,23
day,prediction,3/12/2022,170,33.82940888,28,315,1439.558039,24
day,prediction,3/12/2022,171,35.30206604,28,285,1439.686577,24
day,prediction,3/12/2022,172,34.20021808,29,315,1491.913631,25
day,prediction,3/12/2022,173,35.07847059,29,285,1492.049339,25
day,prediction,3/12/2022,174,34.25364143,30,315,1544.269818,26
day,prediction,3/12/2022,175,35.2067372,30,285,1544.412941,26
day,prediction,3/12/2022,176,34.16490909,31,315,1596.626584,27
day,prediction,3/12/2022,177,35.51901381,31,285,1596.777335,27
day,prediction,3/12/2022,178,35.39417763,32,285,1651.270574,28
day,prediction,3/12/2022,179,34.13076585,32,315,1651.357841,28
day,prediction,3/12/2022,180,34.64651056,33,315,1701.492586,29
day,prediction,3/12/2022,181,36.85557855,33,285,1701.643671,29
day,prediction,3/12/2022,182,34.57328334,34,315,1753.855747,30
day,prediction,3/12/2022,183,34.95768413,34,285,1754.014674,30
day,prediction,3/12/2022,184,34.7123791,35,315,1806.219454,31
day,prediction,3/12/2022,186,37.52291812,14,285,707.0949879,10
day,prediction,3/12/2022,187,36.97906425,14,315,707.2566949,10
day,prediction,3/12/2022,188,36.41544673,21,285,1074.222209,17
day,prediction,3/12/2022,189,36.17177355,21,315,1074.259881,17
day,prediction,3/12/2022,255,36.88447462,14,255,707.2822212,10
day,prediction,3/12/2022,256,38.2634668,21,255,1074.502344,17
day,prediction,3/12/2022,259,35.58499509,5,255,235.522083,1
day,prediction,3/12/2022,261,36.26948932,6,255,287.9946529,2
day,prediction,3/12/2022,263,37.22139857,7,255,340.3248921,3
day,prediction,3/12/2022,265,37.45374918,8,255,392.744816,4
day,prediction,3/12/2022,267,38.0694333,9,255,445.1176749,5
day,prediction,3/12/2022,269,37.76054731,10,255,497.4367004,6
day,prediction,3/12/2022,271,36.60520228,11,255,547.1228311,7
day,prediction,3/12/2022,273,36.05481765,12,255,601.6579141,8
day,prediction,3/12/2022,275,37.24115931,13,255,653.9799261,9
day,prediction,3/12/2022,277,37.21511677,15,255,758.7710354,11
day,prediction,3/12/2022,279,36.6972747,16,255,811.1051834,12
day,prediction,3/12/2022,281,36.26673101,17,255,864.341161,13
day,prediction,3/12/2022,283,35.66315653,18,255,915.8848451,14
day,prediction,3/12/2022,285,36.15326179,19,255,968.2274701,15
day,prediction,3/12/2022,287,36.54619053,20,255,1020.570848,16
day,prediction,3/12/2022,289,38.35361302,22,255,1125.414599,18
day,prediction,3/12/2022,291,37.59792282,23,255,1177.767456,19
day,prediction,3/12/2022,293,37.0403841,24,255,1230.121053,20
day,prediction,3/12/2022,295,36.35981489,25,255,1282.475394,21
day,prediction,3/12/2022,297,35.93433401,26,255,1336.521162,22
day,prediction,3/12/2022,299,35.63052948,27,255,1387.319066,23
day,prediction,3/12/2022,301,34.67066436,28,255,1439.680741,24
day,prediction,3/12/2022,303,34.83860485,29,255,1492.043271,25
day,prediction,3/12/2022,305,35.90493517,30,255,1544.40656,26
day,prediction,3/12/2022,307,35.9686507,31,255,1596.770659,27
day,prediction,3/12/2022,309,36.1856954,32,255,1651.263641,28
day,prediction,27/12/2022,1,38.08561278,0,15,5026.381231,0
day,prediction,27/12/2022,2,38.84279901,5,45,235.4594715,1
day,prediction,27/12/2022,3,38.3979797,6,45,287.9311057,2
day,prediction,27/12/2022,4,38.9578616,7,45,340.2460017,3
day,prediction,27/12/2022,5,39.06259011,8,45,392.6466286,4
day,prediction,27/12/2022,6,38.90648883,9,45,445.005825,5
day,prediction,27/12/2022,7,39.03062759,10,45,497.3064088,6
day,prediction,27/12/2022,8,38.16290244,11,75,546.9535538,7
day,prediction,27/12/2022,9,39.07930954,12,45,601.4833346,8
day,prediction,27/12/2022,10,38.64729522,13,45,653.7833582,9
day,prediction,27/12/2022,12,37.86035129,15,45,758.530335,11
day,prediction,27/12/2022,13,38.18457043,16,45,810.8392654,12
day,prediction,27/12/2022,14,38.08327957,17,75,864.4694557,13
day,prediction,27/12/2022,15,38.6354387,18,45,915.5706951,14
day,prediction,27/12/2022,16,38.21671099,19,45,967.8848698,15
day,prediction,27/12/2022,17,37.28362727,20,45,1020.198666,16
day,prediction,27/12/2022,19,37.03534095,22,45,1124.962547,18
day,prediction,27/12/2022,20,36.69925669,23,45,1177.281459,19
day,prediction,27/12/2022,21,35.82845283,24,45,1229.599913,20
day,prediction,27/12/2022,22,35.22271517,25,45,1281.917963,21
day,prediction,27/12/2022,23,35.22602917,26,45,1335.98319,22
day,prediction,27/12/2022,24,35.14575043,27,45,1386.689827,23
day,prediction,27/12/2022,25,36.02088929,28,45,1439.011821,24
day,prediction,27/12/2022,26,35.37454802,29,45,1491.333444,25
day,prediction,27/12/2022,27,35.59795527,30,45,1543.65457,26
day,prediction,27/12/2022,28,34.72151776,31,45,1595.975334,27
day,prediction,27/12/2022,29,34.38943035,32,45,1650.668683,28
day,prediction,27/12/2022,30,34.36197838,33,45,1700.766288,29
day,prediction,27/12/2022,31,34.41898103,34,45,1753.090484,30
day,prediction,27/12/2022,32,34.57538879,35,45,1805.414293,31
day,prediction,27/12/2022,33,39.84591591,5,345,235.4989571,1
day,prediction,27/12/2022,34,39.75174494,6,345,287.9667189,2
day,prediction,27/12/2022,35,39.32058131,7,345,340.2921238,3
day,prediction,27/12/2022,36,39.08143057,8,345,392.704955,4
day,prediction,27/12/2022,37,39.23558062,9,345,445.072997,5
day,prediction,27/12/2022,38,39.4720996,10,345,497.3817904,6
day,prediction,27/12/2022,39,39.52187868,11,345,546.9804406,7
day,prediction,27/12/2022,40,39.34190652,12,345,601.57042,8
day,prediction,27/12/2022,41,39.05310209,13,345,653.8815557,9
day,prediction,27/12/2022,42,38.57502849,15,345,758.6508901,11
day,prediction,27/12/2022,43,38.55665611,16,345,810.9727028,12
day,prediction,27/12/2022,44,38.01271764,17,345,864.481231,13
day,prediction,27/12/2022,45,37.64150456,18,345,915.760657,14
day,prediction,27/12/2022,46,37.28792582,19,345,968.0912875,15
day,prediction,27/12/2022,47,36.70643214,20,345,1020.422168,16
day,prediction,27/12/2022,48,35.30820644,22,345,1125.221187,18
day,prediction,27/12/2022,49,35.83341144,23,345,1177.559006,19
day,prediction,27/12/2022,50,35.6535058,24,345,1229.897069,20
day,prediction,27/12/2022,51,35.9749959,25,345,1282.235252,21
day,prediction,27/12/2022,52,35.38373725,26,345,1336.263599,22
day,prediction,27/12/2022,53,34.8979061,27,345,1387.04481,23
day,prediction,27/12/2022,54,34.8078464,28,345,1439.388689,24
day,prediction,27/12/2022,55,34.30755553,29,345,1491.732693,25
day,prediction,27/12/2022,56,34.58587018,30,345,1544.076956,26
day,prediction,27/12/2022,57,35.10784174,31,345,1596.421401,27
day,prediction,27/12/2022,58,35.845022,32,345,1650.893112,28
day,prediction,27/12/2022,59,35.96412236,33,345,1701.245962,29
day,prediction,27/12/2022,62,38.68263921,14,345,707.182907,10
day,prediction,27/12/2022,63,35.50891729,21,345,1074.155771,17
day,prediction,27/12/2022,64,39.9029711,5,15,235.4750977,1
day,prediction,27/12/2022,65,39.84953657,6,15,287.9424856,2
day,prediction,27/12/2022,66,39.28398428,7,15,340.2635217,3
day,prediction,27/12/2022,67,39.07450338,8,15,392.6716186,4
day,prediction,27/12/2022,68,39.42752998,9,15,445.0346099,5
day,prediction,27/12/2022,69,39.32664907,10,15,497.3379346,6
day,prediction,27/12/2022,70,39.07049906,11,15,546.9305831,7
day,prediction,27/12/2022,71,38.99821765,12,15,601.514606,8
day,prediction,27/12/2022,72,38.97683804,13,15,653.8192399,9
day,prediction,27/12/2022,73,39.15695714,15,15,758.5744377,11
day,prediction,27/12/2022,74,39.24099952,16,15,810.8886675,12
day,prediction,27/12/2022,75,39.18836546,17,15,864.3893784,13
day,prediction,27/12/2022,76,38.78398649,18,15,915.6604237,14
day,prediction,27/12/2022,77,38.43424633,19,15,967.9823693,15
day,prediction,27/12/2022,78,38.00431555,20,15,1020.304262,16
day,prediction,27/12/2022,79,36.92833318,22,15,1125.084181,18
day,prediction,27/12/2022,80,36.93992892,23,15,1177.411947,19
day,prediction,27/12/2022,81,36.89367969,24,15,1229.739481,20
day,prediction,27/12/2022,82,36.17445387,25,15,1282.066939,21
day,prediction,27/12/2022,83,36.09771436,26,15,1336.084049,22
day,prediction,27/12/2022,84,36.16738037,27,15,1386.853765,23
day,prediction,27/12/2022,85,35.46033408,28,15,1439.185738,24
day,prediction,27/12/2022,86,34.54170286,29,15,1491.517554,25
day,prediction,27/12/2022,87,33.65182678,30,15,1543.849213,26
day,prediction,27/12/2022,88,34.38856725,31,15,1596.180727,27
day,prediction,27/12/2022,89,32.18830283,32,15,1650.63869,28
day,prediction,27/12/2022,93,38.86023188,14,15,707.1133009,10
day,prediction,27/12/2022,94,37.44851075,21,15,1074.02866,17
day,prediction,27/12/2022,95,37.87023811,5,75,235.4568681,1
day,prediction,27/12/2022,96,36.93441598,6,75,287.9295088,2
day,prediction,27/12/2022,97,37.80351038,7,75,340.2415978,3
day,prediction,27/12/2022,98,38.44590886,8,75,392.6397562,4
day,prediction,27/12/2022,99,37.72475094,9,75,445.0006902,5
day,prediction,27/12/2022,100,37.74537534,10,75,497.2952672,6
day,prediction,27/12/2022,101,39.07300033,11,45,546.9483442,7
day,prediction,27/12/2022,102,37.82410656,12,75,601.4700773,8
day,prediction,27/12/2022,103,38.1002198,13,75,653.767337,9
day,prediction,27/12/2022,104,38.7409627,15,75,758.4767316,11
day,prediction,27/12/2022,105,38.76393927,16,75,810.7802439,12
day,prediction,27/12/2022,106,38.43336289,17,45,864.0959822,13
day,prediction,27/12/2022,107,38.01845664,18,75,915.5533657,14
day,prediction,27/12/2022,108,37.67641779,19,75,967.8647205,15
day,prediction,27/12/2022,109,37.40241138,20,75,1020.175485,16
day,prediction,27/12/2022,110,34.79453651,22,75,1124.91948,18
day,prediction,27/12/2022,111,34.23651016,23,75,1177.234301,19
day,prediction,27/12/2022,112,34.87153396,24,75,1229.548615,20
day,prediction,27/12/2022,124,38.86692608,14,75,706.852744,10
day,prediction,27/12/2022,125,38.04329834,14,45,707.0846946,10
day,prediction,27/12/2022,126,36.93362257,21,75,1073.759162,17
day,prediction,27/12/2022,127,37.14918796,21,45,1073.923519,17
day,prediction,27/12/2022,128,39.13040153,5,315,235.50285,1
day,prediction,27/12/2022,129,40.20084205,5,285,235.5242003,1
day,prediction,27/12/2022,130,39.03948899,6,315,287.9761241,2
day,prediction,27/12/2022,131,40.19429814,6,285,287.9988236,2
day,prediction,27/12/2022,132,38.97914431,7,315,340.3035613,3
day,prediction,27/12/2022,133,40.33277254,7,285,340.3278225,3
day,prediction,27/12/2022,134,39.49767976,8,315,392.7176319,4
day,prediction,27/12/2022,135,40.15773762,8,285,392.7442944,4
day,prediction,27/12/2022,136,38.93571973,9,315,445.0914261,5
day,prediction,27/12/2022,137,40.87699968,9,285,445.1247503,5
day,prediction,27/12/2022,138,39.08744358,10,315,497.4074355,6
day,prediction,27/12/2022,139,40.28061416,10,285,497.440253,6
day,prediction,27/12/2022,140,39.48720397,11,315,547.0653071,7
day,prediction,27/12/2022,141,39.84924921,11,285,547.1195756,7
day,prediction,27/12/2022,142,39.35011597,12,315,601.618029,8
day,prediction,27/12/2022,143,39.9473496,12,285,601.6605713,8
day,prediction,27/12/2022,144,39.12535633,13,315,653.9364539,9
day,prediction,27/12/2022,145,39.95767694,13,285,653.982701,9
day,prediction,27/12/2022,146,38.32456375,15,315,758.7230603,11
day,prediction,27/12/2022,147,39.53277269,15,285,758.7459264,11
day,prediction,27/12/2022,148,38.49610714,16,315,811.0533048,12
day,prediction,27/12/2022,149,39.73116059,16,285,811.0783004,12
day,prediction,27/12/2022,150,38.35338634,17,315,864.3327177,13
day,prediction,27/12/2022,151,39.35553972,17,285,864.7984279,13
day,prediction,27/12/2022,152,38.12411352,18,315,915.8302908,14
day,prediction,27/12/2022,153,39.75106833,18,285,915.9132825,14
day,prediction,27/12/2022,154,38.26545296,19,315,968.1687416,15
day,prediction,27/12/2022,155,38.64209452,19,285,968.257489,15
day,prediction,27/12/2022,156,38.01924104,20,315,1020.50771,16
day,prediction,27/12/2022,157,38.7574503,20,285,1020.602464,16
day,prediction,27/12/2022,158,37.52261738,22,315,1125.325064,18
day,prediction,27/12/2022,159,39.28482905,22,285,1125.418946,18
day,prediction,27/12/2022,160,37.13225111,23,315,1177.672105,19
day,prediction,27/12/2022,161,39.19293959,23,285,1177.771991,19
day,prediction,27/12/2022,162,37.05062099,24,315,1230.019704,20
day,prediction,27/12/2022,163,39.40993174,24,285,1230.125828,20
day,prediction,27/12/2022,164,37.07706061,25,315,1282.367881,21
day,prediction,27/12/2022,165,39.11912633,25,285,1282.480408,21
day,prediction,27/12/2022,166,37.02199578,26,315,1336.465127,22
day,prediction,27/12/2022,167,39.05298647,26,285,1336.52642,22
day,prediction,27/12/2022,168,37.03573695,27,315,1387.202942,23
day,prediction,27/12/2022,169,39.23016841,27,285,1387.324556,23
day,prediction,27/12/2022,170,37.14683856,28,315,1439.558039,24
day,prediction,27/12/2022,171,39.75766724,28,285,1439.686577,24
day,prediction,27/12/2022,172,37.75217194,29,315,1491.913631,25
day,prediction,27/12/2022,173,39.69407604,29,285,1492.049339,25
day,prediction,27/12/2022,174,38.12462415,30,315,1544.269818,26
day,prediction,27/12/2022,175,40.00573379,30,285,1544.412941,26
day,prediction,27/12/2022,176,38.22875378,31,315,1596.626584,27
day,prediction,27/12/2022,177,40.44132499,31,285,1596.777335,27
day,prediction,27/12/2022,178,40.06631635,32,285,1651.270574,28
day,prediction,27/12/2022,179,38.23504365,32,315,1651.357841,28
day,prediction,27/12/2022,180,38.72789372,33,315,1701.492586,29
day,prediction,27/12/2022,181,41.26789557,33,285,1701.643671,29
day,prediction,27/12/2022,182,38.78491707,34,315,1753.855747,30
day,prediction,27/12/2022,183,39.53724391,34,285,1754.014674,30
day,prediction,27/12/2022,184,39.08834388,35,315,1806.219454,31
day,prediction,27/12/2022,186,39.81804674,14,285,707.0949879,10
day,prediction,27/12/2022,187,38.65648278,14,315,707.2566949,10
day,prediction,27/12/2022,188,39.25211695,21,285,1074.222209,17
day,prediction,27/12/2022,189,38.1068086,21,315,1074.259881,17
day,prediction,27/12/2022,255,39.28693712,14,255,707.2822212,10
day,prediction,27/12/2022,256,41.53937112,21,255,1074.502344,17
day,prediction,27/12/2022,259,38.25089038,5,255,235.522083,1
day,prediction,27/12/2022,261,38.60409755,6,255,287.9946529,2
day,prediction,27/12/2022,263,39.36685535,7,255,340.3248921,3
day,prediction,27/12/2022,265,39.41516056,8,255,392.744816,4
day,prediction,27/12/2022,267,40.15812294,9,255,445.1176749,5
day,prediction,27/12/2022,269,40.26683849,10,255,497.4367004,6
day,prediction,27/12/2022,271,39.84244938,11,255,547.1228311,7
day,prediction,27/12/2022,273,39.49796625,12,255,601.6579141,8
day,prediction,27/12/2022,275,39.90950074,13,255,653.9799261,9
day,prediction,27/12/2022,277,39.95098185,15,255,758.7710354,11
day,prediction,27/12/2022,279,39.61647317,16,255,811.1051834,12
day,prediction,27/12/2022,281,39.53134558,17,255,864.341161,13
day,prediction,27/12/2022,283,39.46507604,18,255,915.8848451,14
day,prediction,27/12/2022,285,40.12349015,19,255,968.2274701,15
day,prediction,27/12/2022,287,40.20311,20,255,1020.570848,16
day,prediction,27/12/2022,289,41.50040317,22,255,1125.414599,18
day,prediction,27/12/2022,291,40.94071971,23,255,1177.767456,19
day,prediction,27/12/2022,293,40.49925361,24,255,1230.121053,20
day,prediction,27/12/2022,295,39.89839293,25,255,1282.475394,21
day,prediction,27/12/2022,297,39.76338357,26,255,1336.521162,22
day,prediction,27/12/2022,299,39.87829183,27,255,1387.319066,23
day,prediction,27/12/2022,301,39.20281962,28,255,1439.680741,24
day,prediction,27/12/2022,303,39.28380835,29,255,1492.043271,25
day,prediction,27/12/2022,305,39.99460728,30,255,1544.40656,26
day,prediction,27/12/2022,307,38.97703024,31,255,1596.770659,27
day,prediction,27/12/2022,309,38.92685836,32,255,1651.263641,28
day,base,7/01/2023,1,34.51964369,0,15,5026.381231,0
day,base,7/01/2023,2,34.86643931,5,45,235.4594715,1
day,base,7/01/2023,3,33.96233517,6,45,287.9311057,2
day,base,7/01/2023,4,34.63770648,7,45,340.2460017,3
day,base,7/01/2023,5,34.78695278,8,45,392.6466286,4
day,base,7/01/2023,6,34.60336907,9,45,445.005825,5
day,base,7/01/2023,7,34.70443972,10,45,497.3064088,6
day,base,7/01/2023,8,33.24233915,11,75,546.9535538,7
day,base,7/01/2023,9,34.49329118,12,45,601.4833346,8
day,base,7/01/2023,10,34.22243795,13,45,653.7833582,9
day,base,7/01/2023,12,33.11814625,15,45,758.530335,11
day,base,7/01/2023,13,33.76962062,16,45,810.8392654,12
day,base,7/01/2023,14,33.6184266,17,75,864.4694557,13
day,base,7/01/2023,15,34.33377686,18,45,915.5706951,14
day,base,7/01/2023,16,33.72888963,19,45,967.8848698,15
day,base,7/01/2023,17,32.68869489,20,45,1020.198666,16
day,base,7/01/2023,19,33.22658721,22,45,1124.962547,18
day,base,7/01/2023,20,33.11508955,23,45,1177.281459,19
day,base,7/01/2023,21,32.26352001,24,45,1229.599913,20
day,base,7/01/2023,22,31.88766962,25,45,1281.917963,21
day,base,7/01/2023,23,32.2241967,26,45,1335.98319,22
day,base,7/01/2023,24,32.35272889,27,45,1386.689827,23
day,base,7/01/2023,25,33.40213932,28,45,1439.011821,24
day,base,7/01/2023,26,32.72245086,29,45,1491.333444,25
day,base,7/01/2023,27,33.53200646,30,45,1543.65457,26
day,base,7/01/2023,28,33.00770697,31,45,1595.975334,27
day,base,7/01/2023,29,32.93913216,32,45,1650.668683,28
day,base,7/01/2023,30,33.64951905,33,45,1700.766288,29
day,base,7/01/2023,31,34.07256432,34,45,1753.090484,30
day,base,7/01/2023,32,34.37025118,35,45,1805.414293,31
day,base,7/01/2023,33,35.31243938,5,345,235.4989571,1
day,base,7/01/2023,34,35.57560582,6,345,287.9667189,2
day,base,7/01/2023,35,35.35645058,7,345,340.2921238,3
day,base,7/01/2023,36,35.10042276,8,345,392.704955,4
day,base,7/01/2023,37,35.34750913,9,345,445.072997,5
day,base,7/01/2023,38,35.7996675,10,345,497.3817904,6
day,base,7/01/2023,39,35.8805107,11,345,546.9804406,7
day,base,7/01/2023,40,35.70441534,12,345,601.57042,8
day,base,7/01/2023,41,35.75589143,13,345,653.8815557,9
day,base,7/01/2023,42,35.15018864,15,345,758.6508901,11
day,base,7/01/2023,43,35.47561726,16,345,810.9727028,12
day,base,7/01/2023,44,35.15524853,17,345,864.481231,13
day,base,7/01/2023,45,35.0217766,18,345,915.760657,14
day,base,7/01/2023,46,34.81886384,19,345,968.0912875,15
day,base,7/01/2023,47,34.30375985,20,345,1020.422168,16
day,base,7/01/2023,48,33.38670636,22,345,1125.221187,18
day,base,7/01/2023,49,34.03277868,23,345,1177.559006,19
day,base,7/01/2023,50,33.85634104,24,345,1229.897069,20
day,base,7/01/2023,51,34.14782192,25,345,1282.235252,21
day,base,7/01/2023,52,33.63126654,26,345,1336.263599,22
day,base,7/01/2023,53,33.14761386,27,345,1387.04481,23
day,base,7/01/2023,54,33.13911595,28,345,1439.388689,24
day,base,7/01/2023,55,32.95689473,29,345,1491.732693,25
day,base,7/01/2023,56,33.40776577,30,345,1544.076956,26
day,base,7/01/2023,57,33.90933719,31,345,1596.421401,27
day,base,7/01/2023,58,34.58861787,32,345,1650.893112,28
day,base,7/01/2023,59,34.44238516,33,345,1701.245962,29
day,base,7/01/2023,62,35.26431496,14,345,707.182907,10
day,base,7/01/2023,63,33.24137742,21,345,1074.155771,17
day,base,7/01/2023,64,35.5895173,5,15,235.4750977,1
day,base,7/01/2023,65,35.73235633,6,15,287.9424856,2
day,base,7/01/2023,66,35.12913801,7,15,340.2635217,3
day,base,7/01/2023,67,34.77010414,8,15,392.6716186,4
day,base,7/01/2023,68,34.96765385,9,15,445.0346099,5
day,base,7/01/2023,69,34.78823834,10,15,497.3379346,6
day,base,7/01/2023,70,34.72540032,11,15,546.9305831,7
day,base,7/01/2023,71,34.96237982,12,15,601.514606,8
day,base,7/01/2023,72,35.1154099,13,15,653.8192399,9
day,base,7/01/2023,73,35.21021983,15,15,758.5744377,11
day,base,7/01/2023,74,35.18731521,16,15,810.8886675,12
day,base,7/01/2023,75,35.4261452,17,15,864.3893784,13
day,base,7/01/2023,76,35.03964658,18,15,915.6604237,14
day,base,7/01/2023,77,34.77023492,19,15,967.9823693,15
day,base,7/01/2023,78,34.41257747,20,15,1020.304262,16
day,base,7/01/2023,79,33.90933621,22,15,1125.084181,18
day,base,7/01/2023,80,33.89228921,23,15,1177.411947,19
day,base,7/01/2023,81,33.7861785,24,15,1229.739481,20
day,base,7/01/2023,82,32.92043273,25,15,1282.066939,21
day,base,7/01/2023,83,33.32762649,26,15,1336.084049,22
day,base,7/01/2023,84,33.78830286,27,15,1386.853765,23
day,base,7/01/2023,85,33.35476402,28,15,1439.185738,24
day,base,7/01/2023,86,32.35940775,29,15,1491.517554,25
day,base,7/01/2023,87,31.26039932,30,15,1543.849213,26
day,base,7/01/2023,88,31.800349,31,15,1596.180727,27
day,base,7/01/2023,89,28.77154587,32,15,1650.63869,28
day,base,7/01/2023,93,35.08026346,14,15,707.1133009,10
day,base,7/01/2023,94,34.25061496,21,15,1074.02866,17
day,base,7/01/2023,95,33.5415587,5,75,235.4568681,1
day,base,7/01/2023,96,31.81749454,6,75,287.9295088,2
day,base,7/01/2023,97,33.07778875,7,75,340.2415978,3
day,base,7/01/2023,98,33.85305144,8,75,392.6397562,4
day,base,7/01/2023,99,32.79561113,9,75,445.0006902,5
day,base,7/01/2023,100,32.68554116,10,75,497.2952672,6
day,base,7/01/2023,101,34.52327665,11,45,546.9483442,7
day,base,7/01/2023,102,33.0730551,12,75,601.4700773,8
day,base,7/01/2023,103,33.62211151,13,75,653.767337,9
day,base,7/01/2023,104,34.26336818,15,75,758.4767316,11
day,base,7/01/2023,105,34.35022966,16,75,810.7802439,12
day,base,7/01/2023,106,34.13266445,17,45,864.0959822,13
day,base,7/01/2023,107,33.71537563,18,75,915.5533657,14
day,base,7/01/2023,108,33.60688351,19,75,967.8647205,15
day,base,7/01/2023,109,33.25626958,20,75,1020.175485,16
day,base,7/01/2023,110,30.21829928,22,75,1124.91948,18
day,base,7/01/2023,111,29.58427665,23,75,1177.234301,19
day,base,7/01/2023,112,30.40387778,24,75,1229.548615,20
day,base,7/01/2023,124,34.49783745,14,75,706.852744,10
day,base,7/01/2023,125,33.39758573,14,45,707.0846946,10
day,base,7/01/2023,126,32.54071353,21,75,1073.759162,17
day,base,7/01/2023,127,32.91550336,21,45,1073.923519,17
day,base,7/01/2023,128,35.2095245,5,315,235.50285,1
day,base,7/01/2023,129,35.87568794,5,285,235.5242003,1
day,base,7/01/2023,130,35.21138685,6,315,287.9761241,2
day,base,7/01/2023,131,36.12897061,6,285,287.9988236,2
day,base,7/01/2023,132,35.31496139,7,315,340.3035613,3
day,base,7/01/2023,133,36.68875892,7,285,340.3278225,3
day,base,7/01/2023,134,36.12384764,8,315,392.7176319,4
day,base,7/01/2023,135,36.7986415,8,285,392.7442944,4
day,base,7/01/2023,136,35.62333065,9,315,445.0914261,5
day,base,7/01/2023,137,37.83006365,9,285,445.1247503,5
day,base,7/01/2023,138,35.93300835,10,315,497.4074355,6
day,base,7/01/2023,139,37.34214325,10,285,497.440253,6
day,base,7/01/2023,140,36.5712558,11,315,547.0653071,7
day,base,7/01/2023,141,36.94661834,11,285,547.1195756,7
day,base,7/01/2023,142,36.41078108,12,315,601.618029,8
day,base,7/01/2023,143,37.16355484,12,285,601.6605713,8
day,base,7/01/2023,144,36.20826846,13,315,653.9364539,9
day,base,7/01/2023,145,37.24647996,13,285,653.982701,9
day,base,7/01/2023,146,35.6072524,15,315,758.7230603,11
day,base,7/01/2023,147,36.80283543,15,285,758.7459264,11
day,base,7/01/2023,148,35.92373385,16,315,811.0533048,12
day,base,7/01/2023,149,37.15469729,16,285,811.0783004,12
day,base,7/01/2023,150,35.83250466,17,315,864.3327177,13
day,base,7/01/2023,151,36.89506402,17,285,864.7984279,13
day,base,7/01/2023,152,35.68293983,18,315,915.8302908,14
day,base,7/01/2023,153,37.56849956,18,285,915.9132825,14
day,base,7/01/2023,154,35.93210685,19,315,968.1687416,15
day,base,7/01/2023,155,36.50610835,19,285,968.257489,15
day,base,7/01/2023,156,35.82441576,20,315,1020.50771,16
day,base,7/01/2023,157,36.85992226,20,285,1020.602464,16
day,base,7/01/2023,158,35.62433407,22,315,1125.325064,18
day,base,7/01/2023,159,37.84199055,22,285,1125.418946,18
day,base,7/01/2023,160,35.43466117,23,315,1177.672105,19
day,base,7/01/2023,161,37.59158607,23,285,1177.771991,19
day,base,7/01/2023,162,35.70088003,24,315,1230.019704,20
day,base,7/01/2023,163,37.71971904,24,285,1230.125828,20
day,base,7/01/2023,164,35.93032152,25,315,1282.367881,21
day,base,7/01/2023,165,37.34031845,25,285,1282.480408,21
day,base,7/01/2023,166,35.88356206,26,315,1336.465127,22
day,base,7/01/2023,167,37.28798722,26,285,1336.52642,22
day,base,7/01/2023,168,35.89090366,27,315,1387.202942,23
day,base,7/01/2023,169,37.51738333,27,285,1387.324556,23
day,base,7/01/2023,170,35.94344138,28,315,1439.558039,24
day,base,7/01/2023,171,37.94625049,28,285,1439.686577,24
day,base,7/01/2023,172,36.39856432,29,315,1491.913631,25
day,base,7/01/2023,173,37.70481958,29,285,1492.049339,25
day,base,7/01/2023,174,36.64973201,30,315,1544.269818,26
day,base,7/01/2023,175,37.94805427,30,285,1544.412941,26
day,base,7/01/2023,176,36.59198838,31,315,1596.626584,27
day,base,7/01/2023,177,38.4240041,31,285,1596.777335,27
day,base,7/01/2023,178,38.20163703,32,285,1651.270574,28
day,base,7/01/2023,179,36.45424692,32,315,1651.357841,28
day,base,7/01/2023,180,36.97425232,33,315,1701.492586,29
day,base,7/01/2023,181,39.67513901,33,285,1701.643671,29
day,base,7/01/2023,182,37.0032002,34,315,1753.855747,30
day,base,7/01/2023,183,37.58848549,34,285,1754.014674,30
day,base,7/01/2023,184,37.42191336,35,315,1806.219454,31
day,base,7/01/2023,186,37.10231868,14,285,707.0949879,10
day,base,7/01/2023,187,35.79075286,14,315,707.2566949,10
day,base,7/01/2023,188,37.76483825,21,285,1074.222209,17
day,base,7/01/2023,189,36.1091951,21,315,1074.259881,17
day,base,7/01/2023,255,37.37937323,14,255,707.2822212,10
day,base,7/01/2023,256,39.222078,21,255,1074.502344,17
day,base,7/01/2023,259,33.65384409,5,255,235.522083,1
day,base,7/01/2023,261,34.48457358,6,255,287.9946529,2
day,base,7/01/2023,263,35.96772035,7,255,340.3248921,3
day,base,7/01/2023,265,36.39244893,8,255,392.744816,4
day,base,7/01/2023,267,37.3315524,9,255,445.1176749,5
day,base,7/01/2023,269,37.42025701,10,255,497.4367004,6
day,base,7/01/2023,271,36.35166679,11,255,547.1228311,7
day,base,7/01/2023,273,35.98764656,12,255,601.6579141,8
day,base,7/01/2023,275,37.6924453,13,255,653.9799261,9
day,base,7/01/2023,277,37.66014223,15,255,758.7710354,11
day,base,7/01/2023,279,37.08678437,16,255,811.1051834,12
day,base,7/01/2023,281,36.95177538,17,255,864.341161,13
day,base,7/01/2023,283,36.39013105,18,255,915.8848451,14
day,base,7/01/2023,285,36.93476437,19,255,968.2274701,15
day,base,7/01/2023,287,37.26854182,20,255,1020.570848,16
day,base,7/01/2023,289,39.46088465,22,255,1125.414599,18
day,base,7/01/2023,291,38.74444443,23,255,1177.767456,19
day,base,7/01/2023,293,38.1358202,24,255,1230.121053,20
day,base,7/01/2023,295,37.5405536,25,255,1282.475394,21
day,base,7/01/2023,297,37.62245363,26,255,1336.521162,22
day,base,7/01/2023,299,37.86695926,27,255,1387.319066,23
day,base,7/01/2023,301,36.95966431,28,255,1439.680741,24
day,base,7/01/2023,303,36.71210252,29,255,1492.043271,25
day,base,7/01/2023,305,37.45442739,30,255,1544.40656,26
day,base,7/01/2023,307,36.87356496,31,255,1596.770659,27
day,base,7/01/2023,309,36.92824622,32,255,1651.263641,28
day,prediction,27/01/2023,1,31.05991889,0,15,5026.381231,0
day,prediction,27/01/2023,2,31.80224964,5,45,235.4594715,1
day,prediction,27/01/2023,3,31.33365991,6,45,287.9311057,2
day,prediction,27/01/2023,4,31.71561768,7,45,340.2460017,3
day,prediction,27/01/2023,5,31.68581493,8,45,392.6466286,4
day,prediction,27/01/2023,6,31.64786868,9,45,445.005825,5
day,prediction,27/01/2023,7,31.8626305,10,45,497.3064088,6
day,prediction,27/01/2023,8,29.9185089,11,75,546.9535538,7
day,prediction,27/01/2023,9,31.93736805,12,45,601.4833346,8
day,prediction,27/01/2023,10,31.52739563,13,45,653.7833582,9
day,prediction,27/01/2023,12,30.49444978,15,45,758.530335,11
day,prediction,27/01/2023,13,30.93829704,16,45,810.8392654,12
day,prediction,27/01/2023,14,29.82150795,17,75,864.4694557,13
day,prediction,27/01/2023,15,31.20069833,18,45,915.5706951,14
day,prediction,27/01/2023,16,30.49683488,19,45,967.8848698,15
day,prediction,27/01/2023,17,29.40955793,20,45,1020.198666,16
day,prediction,27/01/2023,19,29.35315137,22,45,1124.962547,18
day,prediction,27/01/2023,20,29.34682781,23,45,1177.281459,19
day,prediction,27/01/2023,21,28.91275898,24,45,1229.599913,20
day,prediction,27/01/2023,22,28.84898462,25,45,1281.917963,21
day,prediction,27/01/2023,23,29.33321175,26,45,1335.98319,22
day,prediction,27/01/2023,24,29.49889601,27,45,1386.689827,23
day,prediction,27/01/2023,25,30.53558131,28,45,1439.011821,24
day,prediction,27/01/2023,26,30.34596285,29,45,1491.333444,25
day,prediction,27/01/2023,27,31.39345088,30,45,1543.65457,26
day,prediction,27/01/2023,28,31.30164384,31,45,1595.975334,27
day,prediction,27/01/2023,29,31.61641685,32,45,1650.668683,28
day,prediction,27/01/2023,30,31.7458751,33,45,1700.766288,29
day,prediction,27/01/2023,31,31.91451231,34,45,1753.090484,30
day,prediction,27/01/2023,32,32.31171643,35,45,1805.414293,31
day,prediction,27/01/2023,33,32.29126096,5,345,235.4989571,1
day,prediction,27/01/2023,34,32.45273582,6,345,287.9667189,2
day,prediction,27/01/2023,35,32.42724849,7,345,340.2921238,3
day,prediction,27/01/2023,36,32.27180572,8,345,392.704955,4
day,prediction,27/01/2023,37,32.5030681,9,345,445.072997,5
day,prediction,27/01/2023,38,33.11607409,10,345,497.3817904,6
day,prediction,27/01/2023,39,33.34903802,11,345,546.9804406,7
day,prediction,27/01/2023,40,33.33144417,12,345,601.57042,8
day,prediction,27/01/2023,41,33.52306446,13,345,653.8815557,9
day,prediction,27/01/2023,42,33.60242415,15,345,758.6508901,11
day,prediction,27/01/2023,43,33.98810597,16,345,810.9727028,12
day,prediction,27/01/2023,44,33.7709873,17,345,864.481231,13
day,prediction,27/01/2023,45,33.65415157,18,345,915.760657,14
day,prediction,27/01/2023,46,33.43074646,19,345,968.0912875,15
day,prediction,27/01/2023,47,33.1195224,20,345,1020.422168,16
day,prediction,27/01/2023,48,32.54420708,22,345,1125.221187,18
day,prediction,27/01/2023,49,33.07529312,23,345,1177.559006,19
day,prediction,27/01/2023,50,32.99516748,24,345,1229.897069,20
day,prediction,27/01/2023,51,33.39880069,25,345,1282.235252,21
day,prediction,27/01/2023,52,32.9158707,26,345,1336.263599,22
day,prediction,27/01/2023,53,32.54850421,27,345,1387.04481,23
day,prediction,27/01/2023,54,32.56575765,28,345,1439.388689,24
day,prediction,27/01/2023,55,32.27810146,29,345,1491.732693,25
day,prediction,27/01/2023,56,32.45839004,30,345,1544.076956,26
day,prediction,27/01/2023,57,32.76600156,31,345,1596.421401,27
day,prediction,27/01/2023,58,33.49356646,32,345,1650.893112,28
day,prediction,27/01/2023,59,33.59870698,33,345,1701.245962,29
day,prediction,27/01/2023,62,33.45239811,14,345,707.182907,10
day,prediction,27/01/2023,63,32.41352788,21,345,1074.155771,17
day,prediction,27/01/2023,64,32.50092286,5,15,235.4750977,1
day,prediction,27/01/2023,65,32.87416372,6,15,287.9424856,2
day,prediction,27/01/2023,66,32.49358148,7,15,340.2635217,3
day,prediction,27/01/2023,67,32.20563378,8,15,392.6716186,4
day,prediction,27/01/2023,68,32.58487901,9,15,445.0346099,5
day,prediction,27/01/2023,69,32.6682903,10,15,497.3379346,6
day,prediction,27/01/2023,70,32.85425949,11,15,546.9305831,7
day,prediction,27/01/2023,71,33.13443422,12,15,601.514606,8
day,prediction,27/01/2023,72,33.3368178,13,15,653.8192399,9
day,prediction,27/01/2023,73,33.97736483,15,15,758.5744377,11
day,prediction,27/01/2023,74,34.15377396,16,15,810.8886675,12
day,prediction,27/01/2023,75,34.4030771,17,15,864.3893784,13
day,prediction,27/01/2023,76,34.07734117,18,15,915.6604237,14
day,prediction,27/01/2023,77,33.82835454,19,15,967.9823693,15
day,prediction,27/01/2023,78,33.53303766,20,15,1020.304262,16
day,prediction,27/01/2023,79,32.37113965,22,15,1125.084181,18
day,prediction,27/01/2023,80,32.41432233,23,15,1177.411947,19
day,prediction,27/01/2023,81,32.47534056,24,15,1229.739481,20
day,prediction,27/01/2023,82,31.93178556,25,15,1282.066939,21
day,prediction,27/01/2023,83,32.04197011,26,15,1336.084049,22
day,prediction,27/01/2023,84,32.49310087,27,15,1386.853765,23
day,prediction,27/01/2023,85,32.28221292,28,15,1439.185738,24
day,prediction,27/01/2023,86,31.31447203,29,15,1491.517554,25
day,prediction,27/01/2023,87,29.96552718,30,15,1543.849213,26
day,prediction,27/01/2023,88,30.31283352,31,15,1596.180727,27
day,prediction,27/01/2023,89,28.06357389,32,15,1650.63869,28
day,prediction,27/01/2023,93,33.45032355,14,15,707.1133009,10
day,prediction,27/01/2023,94,32.84391036,21,15,1074.02866,17
day,prediction,27/01/2023,95,30.71732774,5,75,235.4568681,1
day,prediction,27/01/2023,96,29.62425588,6,75,287.9295088,2
day,prediction,27/01/2023,97,30.05914836,7,75,340.2415978,3
day,prediction,27/01/2023,98,30.42696223,8,75,392.6397562,4
day,prediction,27/01/2023,99,29.71159816,9,75,445.0006902,5
day,prediction,27/01/2023,100,29.66467483,10,75,497.2952672,6
day,prediction,27/01/2023,101,31.88361107,11,45,546.9483442,7
day,prediction,27/01/2023,102,29.80117667,12,75,601.4700773,8
day,prediction,27/01/2023,103,30.12601904,13,75,653.767337,9
day,prediction,27/01/2023,104,30.21507527,15,75,758.4767316,11
day,prediction,27/01/2023,105,30.37234605,16,75,810.7802439,12
day,prediction,27/01/2023,106,31.1795855,17,45,864.0959822,13
day,prediction,27/01/2023,107,29.82765515,18,75,915.5533657,14
day,prediction,27/01/2023,108,29.55294603,19,75,967.8647205,15
day,prediction,27/01/2023,109,29.05585788,20,75,1020.175485,16
day,prediction,27/01/2023,110,26.33004595,22,75,1124.91948,18
day,prediction,27/01/2023,111,26.03101402,23,75,1177.234301,19
day,prediction,27/01/2023,112,26.82599487,24,75,1229.548615,20
day,prediction,27/01/2023,124,30.620526,14,75,706.852744,10
day,prediction,27/01/2023,125,30.77998648,14,45,707.0846946,10
day,prediction,27/01/2023,126,28.37755584,21,75,1073.759162,17
day,prediction,27/01/2023,127,29.30880228,21,45,1073.923519,17
day,prediction,27/01/2023,128,32.36484001,5,315,235.50285,1
day,prediction,27/01/2023,129,33.51222591,5,285,235.5242003,1
day,prediction,27/01/2023,130,32.46387495,6,315,287.9761241,2
day,prediction,27/01/2023,131,33.58726353,6,285,287.9988236,2
day,prediction,27/01/2023,132,32.55703146,7,315,340.3035613,3
day,prediction,27/01/2023,133,33.92422885,7,285,340.3278225,3
day,prediction,27/01/2023,134,33.20837111,8,315,392.7176319,4
day,prediction,27/01/2023,135,33.86096723,8,285,392.7442944,4
day,prediction,27/01/2023,136,32.69503073,9,315,445.0914261,5
day,prediction,27/01/2023,137,34.67578448,9,285,445.1247503,5
day,prediction,27/01/2023,138,32.9132232,10,315,497.4074355,6
day,prediction,27/01/2023,139,34.26372982,10,285,497.440253,6
day,prediction,27/01/2023,140,33.47039022,11,315,547.0653071,7
day,prediction,27/01/2023,141,34.00669617,11,285,547.1195756,7
day,prediction,27/01/2023,142,33.66076917,12,315,601.618029,8
day,prediction,27/01/2023,143,34.30135439,12,285,601.6605713,8
day,prediction,27/01/2023,144,33.77154327,13,315,653.9364539,9
day,prediction,27/01/2023,145,34.45773347,13,285,653.982701,9
day,prediction,27/01/2023,146,33.41626667,15,315,758.7230603,11
day,prediction,27/01/2023,147,34.19113983,15,285,758.7459264,11
day,prediction,27/01/2023,148,33.85844611,16,315,811.0533048,12
day,prediction,27/01/2023,149,34.45304623,16,285,811.0783004,12
day,prediction,27/01/2023,150,33.99456993,17,315,864.3327177,13
day,prediction,27/01/2023,151,34.18434046,17,285,864.7984279,13
day,prediction,27/01/2023,152,33.99194687,18,315,915.8302908,14
day,prediction,27/01/2023,153,34.85247623,18,285,915.9132825,14
day,prediction,27/01/2023,154,34.26674907,19,315,968.1687416,15
day,prediction,27/01/2023,155,33.9905412,19,285,968.257489,15
day,prediction,27/01/2023,156,34.13633595,20,315,1020.50771,16
day,prediction,27/01/2023,157,34.26568538,20,285,1020.602464,16
day,prediction,27/01/2023,158,33.73561712,22,315,1125.325064,18
day,prediction,27/01/2023,159,34.93549536,22,285,1125.418946,18
day,prediction,27/01/2023,160,33.46863088,23,315,1177.672105,19
day,prediction,27/01/2023,161,34.89496775,23,285,1177.771991,19
day,prediction,27/01/2023,162,33.7024727,24,315,1230.019704,20
day,prediction,27/01/2023,163,35.2166007,24,285,1230.125828,20
day,prediction,27/01/2023,164,33.96366991,25,315,1282.367881,21
day,prediction,27/01/2023,165,35.05731776,25,285,1282.480408,21
day,prediction,27/01/2023,166,33.96190955,26,315,1336.465127,22
day,prediction,27/01/2023,167,35.06080958,26,285,1336.52642,22
day,prediction,27/01/2023,168,33.98978272,27,315,1387.202942,23
day,prediction,27/01/2023,169,35.26348384,27,285,1387.324556,23
day,prediction,27/01/2023,170,34.04328614,28,315,1439.558039,24
day,prediction,27/01/2023,171,35.72223328,28,285,1439.686577,24
day,prediction,27/01/2023,172,34.49758475,29,315,1491.913631,25
day,prediction,27/01/2023,173,35.5994971,29,285,1492.049339,25
day,prediction,27/01/2023,174,34.73816284,30,315,1544.269818,26
day,prediction,27/01/2023,175,35.8694505,30,285,1544.412941,26
day,prediction,27/01/2023,176,34.70744097,31,315,1596.626584,27
day,prediction,27/01/2023,177,36.52141324,31,285,1596.777335,27
day,prediction,27/01/2023,178,36.60083878,32,285,1651.270574,28
day,prediction,27/01/2023,179,34.59343981,32,315,1651.357841,28
day,prediction,27/01/2023,180,34.95307724,33,315,1701.492586,29
day,prediction,27/01/2023,181,37.94513758,33,285,1701.643671,29
day,prediction,27/01/2023,182,34.7944834,34,315,1753.855747,30
day,prediction,27/01/2023,183,36.07270167,34,285,1754.014674,30
day,prediction,27/01/2023,184,35.0677415,35,315,1806.219454,31
day,prediction,27/01/2023,186,34.3985947,14,285,707.0949879,10
day,prediction,27/01/2023,187,33.55770019,14,315,707.2566949,10
day,prediction,27/01/2023,188,34.89101778,21,285,1074.222209,17
day,prediction,27/01/2023,189,34.28079827,21,315,1074.259881,17
day,prediction,27/01/2023,255,33.80956599,14,255,707.2822212,10
day,prediction,27/01/2023,256,35.25455699,21,255,1074.502344,17
day,prediction,27/01/2023,259,31.89012458,5,255,235.522083,1
day,prediction,27/01/2023,261,32.54675824,6,255,287.9946529,2
day,prediction,27/01/2023,263,33.4175041,7,255,340.3248921,3
day,prediction,27/01/2023,265,33.17105054,8,255,392.744816,4
day,prediction,27/01/2023,267,33.54307605,9,255,445.1176749,5
day,prediction,27/01/2023,269,33.66400311,10,255,497.4367004,6
day,prediction,27/01/2023,271,33.02341834,11,255,547.1228311,7
day,prediction,27/01/2023,273,32.80916677,12,255,601.6579141,8
day,prediction,27/01/2023,275,34.02031539,13,255,653.9799261,9
day,prediction,27/01/2023,277,34.15297084,15,255,758.7710354,11
day,prediction,27/01/2023,279,33.78691749,16,255,811.1051834,12
day,prediction,27/01/2023,281,33.77948156,17,255,864.341161,13
day,prediction,27/01/2023,283,33.35512049,18,255,915.8848451,14
day,prediction,27/01/2023,285,33.79018094,19,255,968.2274701,15
day,prediction,27/01/2023,287,33.88400756,20,255,1020.570848,16
day,prediction,27/01/2023,289,35.2074981,22,255,1125.414599,18
day,prediction,27/01/2023,291,34.66764111,23,255,1177.767456,19
day,prediction,27/01/2023,293,34.28072013,24,255,1230.121053,20
day,prediction,27/01/2023,295,33.8300267,25,255,1282.475394,21
day,prediction,27/01/2023,297,33.86021475,26,255,1336.521162,22
day,prediction,27/01/2023,299,34.14856395,27,255,1387.319066,23
day,prediction,27/01/2023,301,33.80419887,28,255,1439.680741,24
day,prediction,27/01/2023,303,34.03003905,29,255,1492.043271,25
day,prediction,27/01/2023,305,34.7019134,30,255,1544.40656,26
day,prediction,27/01/2023,307,33.497988,31,255,1596.770659,27
day,prediction,27/01/2023,309,33.89269006,32,255,1651.263641,28
night,prediction,3/12/2022,1,22.41968173,0,15,5026.381231,0
night,prediction,3/12/2022,2,21.39934409,5,45,235.4594715,1
night,prediction,3/12/2022,3,21.27759791,6,45,287.9311057,2
night,prediction,3/12/2022,4,21.27417456,7,45,340.2460017,3
night,prediction,3/12/2022,5,21.90276074,8,45,392.6466286,4
night,prediction,3/12/2022,6,21.90578181,9,45,445.005825,5
night,prediction,3/12/2022,7,21.23954365,10,45,497.3064088,6
night,prediction,3/12/2022,8,22.03398704,11,75,546.9535538,7
night,prediction,3/12/2022,9,21.9779168,12,45,601.4833346,8
night,prediction,3/12/2022,10,21.15448193,13,45,653.7833582,9
night,prediction,3/12/2022,12,21.42924585,15,45,758.530335,11
night,prediction,3/12/2022,13,21.48608583,16,45,810.8392654,12
night,prediction,3/12/2022,14,21.56424304,17,75,864.4694557,13
night,prediction,3/12/2022,15,21.27511298,18,45,915.5706951,14
night,prediction,3/12/2022,16,21.06378148,19,45,967.8848698,15
night,prediction,3/12/2022,17,20.82706895,20,45,1020.198666,16
night,prediction,3/12/2022,19,20.58449196,22,45,1124.962547,18
night,prediction,3/12/2022,20,20.21272771,23,45,1177.281459,19
night,prediction,3/12/2022,21,20.01016355,24,45,1229.599913,20
night,prediction,3/12/2022,22,19.71438829,25,45,1281.917963,21
night,prediction,3/12/2022,23,19.39271181,26,45,1335.98319,22
night,prediction,3/12/2022,24,19.14943899,27,45,1386.689827,23
night,prediction,3/12/2022,25,19.54515406,28,45,1439.011821,24
night,prediction,3/12/2022,26,19.01721126,29,45,1491.333444,25
night,prediction,3/12/2022,27,19.01072213,30,45,1543.65457,26
night,prediction,3/12/2022,28,18.70297614,31,45,1595.975334,27
night,prediction,3/12/2022,29,18.57834565,32,45,1650.668683,28
night,prediction,3/12/2022,30,18.53956329,33,45,1700.766288,29
night,prediction,3/12/2022,31,18.40390127,34,45,1753.090484,30
night,prediction,3/12/2022,32,17.99504123,35,45,1805.414293,31
night,prediction,3/12/2022,33,21.52382347,5,345,235.4989571,1
night,prediction,3/12/2022,34,21.40696318,6,345,287.9667189,2
night,prediction,3/12/2022,35,21.5286991,7,345,340.2921238,3
night,prediction,3/12/2022,36,21.57130575,8,345,392.704955,4
night,prediction,3/12/2022,37,21.66087718,9,345,445.072997,5
night,prediction,3/12/2022,38,21.65199961,10,345,497.3817904,6
night,prediction,3/12/2022,39,21.33957638,11,345,546.9804406,7
night,prediction,3/12/2022,40,21.27811255,12,345,601.57042,8
night,prediction,3/12/2022,41,21.38581055,13,345,653.8815557,9
night,prediction,3/12/2022,42,20.67415564,15,345,758.6508901,11
night,prediction,3/12/2022,43,20.55799869,16,345,810.9727028,12
night,prediction,3/12/2022,44,20.35169533,17,345,864.481231,13
night,prediction,3/12/2022,45,19.77919804,18,345,915.760657,14
night,prediction,3/12/2022,46,20.1648279,19,345,968.0912875,15
night,prediction,3/12/2022,47,19.86206477,20,345,1020.422168,16
night,prediction,3/12/2022,48,19.23356382,22,345,1125.221187,18
night,prediction,3/12/2022,49,18.62582793,23,345,1177.559006,19
night,prediction,3/12/2022,50,18.71319666,24,345,1229.897069,20
night,prediction,3/12/2022,51,19.16115821,25,345,1282.235252,21
night,prediction,3/12/2022,52,18.7453986,26,345,1336.263599,22
night,prediction,3/12/2022,53,18.37179924,27,345,1387.04481,23
night,prediction,3/12/2022,54,18.07788536,28,345,1439.388689,24
night,prediction,3/12/2022,55,17.58076514,29,345,1491.732693,25
night,prediction,3/12/2022,56,17.45700152,30,345,1544.076956,26
night,prediction,3/12/2022,57,17.21365995,31,345,1596.421401,27
night,prediction,3/12/2022,58,17.19334174,32,345,1650.893112,28
night,prediction,3/12/2022,59,17.49991085,33,345,1701.245962,29
night,prediction,3/12/2022,62,21.18606743,14,345,707.182907,10
night,prediction,3/12/2022,63,19.66484371,21,345,1074.155771,17
night,prediction,3/12/2022,64,21.00642906,5,15,235.4750977,1
night,prediction,3/12/2022,65,20.81346849,6,15,287.9424856,2
night,prediction,3/12/2022,66,21.15751466,7,15,340.2635217,3
night,prediction,3/12/2022,67,21.51396958,8,15,392.6716186,4
night,prediction,3/12/2022,68,21.93209333,9,15,445.0346099,5
night,prediction,3/12/2022,69,21.57776676,10,15,497.3379346,6
night,prediction,3/12/2022,70,21.35890499,11,15,546.9305831,7
night,prediction,3/12/2022,71,21.44749239,12,15,601.514606,8
night,prediction,3/12/2022,72,21.41927828,13,15,653.8192399,9
night,prediction,3/12/2022,73,20.76567346,15,15,758.5744377,11
night,prediction,3/12/2022,74,20.4270241,16,15,810.8886675,12
night,prediction,3/12/2022,75,20.37175659,17,15,864.3893784,13
night,prediction,3/12/2022,76,20.06880086,18,15,915.6604237,14
night,prediction,3/12/2022,77,19.67444525,19,15,967.9823693,15
night,prediction,3/12/2022,78,19.46502531,20,15,1020.304262,16
night,prediction,3/12/2022,79,19.4625841,22,15,1125.084181,18
night,prediction,3/12/2022,80,19.50197948,23,15,1177.411947,19
night,prediction,3/12/2022,81,19.33366788,24,15,1229.739481,20
night,prediction,3/12/2022,82,18.63426764,25,15,1282.066939,21
night,prediction,3/12/2022,83,18.9192686,26,15,1336.084049,22
night,prediction,3/12/2022,84,18.96634275,27,15,1386.853765,23
night,prediction,3/12/2022,85,18.20693355,28,15,1439.185738,24
night,prediction,3/12/2022,86,18.26565329,29,15,1491.517554,25
night,prediction,3/12/2022,87,18.40046116,30,15,1543.849213,26
night,prediction,3/12/2022,88,18.62908677,31,15,1596.180727,27
night,prediction,3/12/2022,89,19.39398817,32,15,1650.63869,28
night,prediction,3/12/2022,93,21.36064989,14,15,707.1133009,10
night,prediction,3/12/2022,94,19.63225213,21,15,1074.02866,17
night,prediction,3/12/2022,95,21.17641048,5,75,235.4568681,1
night,prediction,3/12/2022,96,21.41161713,6,75,287.9295088,2
night,prediction,3/12/2022,97,21.61793399,7,75,340.2415978,3
night,prediction,3/12/2022,98,21.98859775,8,75,392.6397562,4
night,prediction,3/12/2022,99,22.17007582,9,75,445.0006902,5
night,prediction,3/12/2022,100,21.89392806,10,75,497.2952672,6
night,prediction,3/12/2022,101,21.59082486,11,45,546.9483442,7
night,prediction,3/12/2022,102,22.13992232,12,75,601.4700773,8
night,prediction,3/12/2022,103,22.37992985,13,75,653.767337,9
night,prediction,3/12/2022,104,22.02115011,15,75,758.4767316,11
night,prediction,3/12/2022,105,21.70860402,16,75,810.7802439,12
night,prediction,3/12/2022,106,21.71039724,17,45,864.0959822,13
night,prediction,3/12/2022,107,21.33591113,18,75,915.5533657,14
night,prediction,3/12/2022,108,21.16900758,19,75,967.8647205,15
night,prediction,3/12/2022,109,20.9792832,20,75,1020.175485,16
night,prediction,3/12/2022,110,19.98837921,22,75,1124.91948,18
night,prediction,3/12/2022,111,19.60219528,23,75,1177.234301,19
night,prediction,3/12/2022,112,19.90161839,24,75,1229.548615,20
night,prediction,3/12/2022,124,22.44265495,14,75,706.852744,10
night,prediction,3/12/2022,125,21.70024525,14,45,707.0846946,10
night,prediction,3/12/2022,126,20.85902812,21,75,1073.759162,17
night,prediction,3/12/2022,127,20.61008102,21,45,1073.923519,17
night,prediction,3/12/2022,128,21.71970221,5,315,235.50285,1
night,prediction,3/12/2022,129,21.40726697,5,285,235.5242003,1
night,prediction,3/12/2022,130,21.51869947,6,315,287.9761241,2
night,prediction,3/12/2022,131,20.73161637,6,285,287.9988236,2
night,prediction,3/12/2022,132,21.14034651,7,315,340.3035613,3
night,prediction,3/12/2022,133,20.91040705,7,285,340.3278225,3
night,prediction,3/12/2022,134,21.27290411,8,315,392.7176319,4
night,prediction,3/12/2022,135,20.92632849,8,285,392.7442944,4
night,prediction,3/12/2022,136,21.11510781,9,315,445.0914261,5
night,prediction,3/12/2022,137,20.81134691,9,285,445.1247503,5
night,prediction,3/12/2022,138,21.05458368,10,315,497.4074355,6
night,prediction,3/12/2022,139,20.82001103,10,285,497.440253,6
night,prediction,3/12/2022,140,21.15910421,11,315,547.0653071,7
night,prediction,3/12/2022,141,20.64912015,11,285,547.1195756,7
night,prediction,3/12/2022,142,20.91216771,12,315,601.618029,8
night,prediction,3/12/2022,143,20.45758617,12,285,601.6605713,8
night,prediction,3/12/2022,144,20.75927679,13,315,653.9364539,9
night,prediction,3/12/2022,145,20.70556752,13,285,653.982701,9
night,prediction,3/12/2022,146,19.83457422,15,315,758.7230603,11
night,prediction,3/12/2022,147,20.15238057,15,285,758.7459264,11
night,prediction,3/12/2022,148,20.16588868,16,315,811.0533048,12
night,prediction,3/12/2022,149,19.54993633,16,285,811.0783004,12
night,prediction,3/12/2022,150,19.98190764,17,315,864.3327177,13
night,prediction,3/12/2022,151,19.805701,17,285,864.7984279,13
night,prediction,3/12/2022,152,20.0277479,18,315,915.8302908,14
night,prediction,3/12/2022,153,19.69667962,18,285,915.9132825,14
night,prediction,3/12/2022,154,19.97317344,19,315,968.1687416,15
night,prediction,3/12/2022,155,18.74735449,19,285,968.257489,15
night,prediction,3/12/2022,156,19.61780833,20,315,1020.50771,16
night,prediction,3/12/2022,157,19.50917167,20,285,1020.602464,16
night,prediction,3/12/2022,158,19.354624,22,315,1125.325064,18
night,prediction,3/12/2022,159,18.75842341,22,285,1125.418946,18
night,prediction,3/12/2022,160,18.9336023,23,315,1177.672105,19
night,prediction,3/12/2022,161,18.47257468,23,285,1177.771991,19
night,prediction,3/12/2022,162,18.70353051,24,315,1230.019704,20
night,prediction,3/12/2022,163,18.53279759,24,285,1230.125828,20
night,prediction,3/12/2022,164,18.35845099,25,315,1282.367881,21
night,prediction,3/12/2022,165,18.16055909,25,285,1282.480408,21
night,prediction,3/12/2022,166,18.24155279,26,315,1336.465127,22
night,prediction,3/12/2022,167,18.28886277,26,285,1336.52642,22
night,prediction,3/12/2022,168,18.19096707,27,315,1387.202942,23
night,prediction,3/12/2022,169,18.32712016,27,285,1387.324556,23
night,prediction,3/12/2022,170,18.4781068,28,315,1439.558039,24
night,prediction,3/12/2022,171,17.93787916,28,285,1439.686577,24
night,prediction,3/12/2022,172,18.31727687,29,315,1491.913631,25
night,prediction,3/12/2022,173,17.22442319,29,285,1492.049339,25
night,prediction,3/12/2022,174,18.02510512,30,315,1544.269818,26
night,prediction,3/12/2022,175,17.08878302,30,285,1544.412941,26
night,prediction,3/12/2022,176,18.13141774,31,315,1596.626584,27
night,prediction,3/12/2022,177,17.43531605,31,285,1596.777335,27
night,prediction,3/12/2022,178,16.93987397,32,285,1651.270574,28
night,prediction,3/12/2022,179,18.11790799,32,315,1651.357841,28
night,prediction,3/12/2022,180,18.13928991,33,315,1701.492586,29
night,prediction,3/12/2022,181,17.36152115,33,285,1701.643671,29
night,prediction,3/12/2022,182,18.11662937,34,315,1753.855747,30
night,prediction,3/12/2022,183,17.21475321,34,285,1754.014674,30
night,prediction,3/12/2022,184,18.26560146,35,315,1806.219454,31
night,prediction,3/12/2022,186,20.50142309,14,285,707.0949879,10
night,prediction,3/12/2022,187,19.79985966,14,315,707.2566949,10
night,prediction,3/12/2022,188,19.66853244,21,285,1074.222209,17
night,prediction,3/12/2022,189,19.58242008,21,315,1074.259881,17
night,prediction,3/12/2022,255,19.96437585,14,255,707.2822212,10
night,prediction,3/12/2022,256,20.35426868,21,255,1074.502344,17
night,prediction,3/12/2022,259,21.71547255,5,255,235.522083,1
night,prediction,3/12/2022,261,20.94185051,6,255,287.9946529,2
night,prediction,3/12/2022,263,20.5930289,7,255,340.3248921,3
night,prediction,3/12/2022,265,20.35210842,8,255,392.744816,4
night,prediction,3/12/2022,267,20.31619851,9,255,445.1176749,5
night,prediction,3/12/2022,269,20.68174467,10,255,497.4367004,6
night,prediction,3/12/2022,271,20.10928809,11,255,547.1228311,7
night,prediction,3/12/2022,273,20.16292438,12,255,601.6579141,8
night,prediction,3/12/2022,275,19.97191656,13,255,653.9799261,9
night,prediction,3/12/2022,277,19.44316942,15,255,758.7710354,11
night,prediction,3/12/2022,279,19.1527623,16,255,811.1051834,12
night,prediction,3/12/2022,281,19.10270743,17,255,864.341161,13
night,prediction,3/12/2022,283,19.11095066,18,255,915.8848451,14
night,prediction,3/12/2022,285,19.48921586,19,255,968.2274701,15
night,prediction,3/12/2022,287,20.14161047,20,255,1020.570848,16
night,prediction,3/12/2022,289,20.15964622,22,255,1125.414599,18
night,prediction,3/12/2022,291,19.84451664,23,255,1177.767456,19
night,prediction,3/12/2022,293,19.41066145,24,255,1230.121053,20
night,prediction,3/12/2022,295,19.06882465,25,255,1282.475394,21
night,prediction,3/12/2022,297,19.33886888,26,255,1336.521162,22
night,prediction,3/12/2022,299,19.22166794,27,255,1387.319066,23
night,prediction,3/12/2022,301,18.67778876,28,255,1439.680741,24
night,prediction,3/12/2022,303,18.00344783,29,255,1492.043271,25
night,prediction,3/12/2022,305,18.47271852,30,255,1544.40656,26
night,prediction,3/12/2022,307,19.04871387,31,255,1596.770659,27
night,prediction,3/12/2022,309,19.3814928,32,255,1651.263641,28
night,base,25/12/2022,1,21.39222276,0,15,5026.381231,0
night,base,25/12/2022,2,20.86639677,5,45,235.4594715,1
night,base,25/12/2022,3,20.71581823,6,45,287.9311057,2
night,base,25/12/2022,4,20.51138952,7,45,340.2460017,3
night,base,25/12/2022,5,20.98255922,8,45,392.6466286,4
night,base,25/12/2022,6,20.88307672,9,45,445.005825,5
night,base,25/12/2022,7,20.31549989,10,45,497.3064088,6
night,base,25/12/2022,8,21.14464008,11,75,546.9535538,7
night,base,25/12/2022,9,21.34901028,12,45,601.4833346,8
night,base,25/12/2022,10,20.59658305,13,45,653.7833582,9
night,base,25/12/2022,12,20.85952853,15,45,758.530335,11
night,base,25/12/2022,13,20.83017588,16,45,810.8392654,12
night,base,25/12/2022,14,21.26509461,17,75,864.4694557,13
night,base,25/12/2022,15,20.70848478,18,45,915.5706951,14
night,base,25/12/2022,16,20.77860553,19,45,967.8848698,15
night,base,25/12/2022,17,20.70758637,20,45,1020.198666,16
night,base,25/12/2022,19,20.54274027,22,45,1124.962547,18
night,base,25/12/2022,20,20.23246233,23,45,1177.281459,19
night,base,25/12/2022,21,19.91906764,24,45,1229.599913,20
night,base,25/12/2022,22,19.46877275,25,45,1281.917963,21
night,base,25/12/2022,23,18.89315005,26,45,1335.98319,22
night,base,25/12/2022,24,18.5457212,27,45,1386.689827,23
night,base,25/12/2022,25,18.87709472,28,45,1439.011821,24
night,base,25/12/2022,26,18.51418435,29,45,1491.333444,25
night,base,25/12/2022,27,18.51531364,30,45,1543.65457,26
night,base,25/12/2022,28,18.26189278,31,45,1595.975334,27
night,base,25/12/2022,29,18.18276571,32,45,1650.668683,28
night,base,25/12/2022,30,18.22937483,33,45,1700.766288,29
night,base,25/12/2022,31,18.05580737,34,45,1753.090484,30
night,base,25/12/2022,32,17.58961517,35,45,1805.414293,31
night,base,25/12/2022,33,20.18487033,5,345,235.4989571,1
night,base,25/12/2022,34,19.98179061,6,345,287.9667189,2
night,base,25/12/2022,35,20.076442,7,345,340.2921238,3
night,base,25/12/2022,36,20.19260977,8,345,392.704955,4
night,base,25/12/2022,37,20.24190124,9,345,445.072997,5
night,base,25/12/2022,38,20.17900257,10,345,497.3817904,6
night,base,25/12/2022,39,20.02819496,11,345,546.9804406,7
night,base,25/12/2022,40,19.96131829,12,345,601.57042,8
night,base,25/12/2022,41,20.04142825,13,345,653.8815557,9
night,base,25/12/2022,42,19.42516796,15,345,758.6508901,11
night,base,25/12/2022,43,19.42346433,16,345,810.9727028,12
night,base,25/12/2022,44,19.32969973,17,345,864.481231,13
night,base,25/12/2022,45,18.75443515,18,345,915.760657,14
night,base,25/12/2022,46,19.10447826,19,345,968.0912875,15
night,base,25/12/2022,47,18.84416922,20,345,1020.422168,16
night,base,25/12/2022,48,18.55639735,22,345,1125.221187,18
night,base,25/12/2022,49,17.84514337,23,345,1177.559006,19
night,base,25/12/2022,50,17.88875274,24,345,1229.897069,20
night,base,25/12/2022,51,18.26271327,25,345,1282.235252,21
night,base,25/12/2022,52,17.77296772,26,345,1336.263599,22
night,base,25/12/2022,53,17.37254848,27,345,1387.04481,23
night,base,25/12/2022,54,17.09648223,28,345,1439.388689,24
night,base,25/12/2022,55,16.68059491,29,345,1491.732693,25
night,base,25/12/2022,56,16.6052582,30,345,1544.076956,26
night,base,25/12/2022,57,16.34457486,31,345,1596.421401,27
night,base,25/12/2022,58,16.23271055,32,345,1650.893112,28
night,base,25/12/2022,59,16.52682495,33,345,1701.245962,29
night,base,25/12/2022,62,19.85264099,14,345,707.182907,10
night,base,25/12/2022,63,18.89479397,21,345,1074.155771,17
night,base,25/12/2022,64,19.98008957,5,15,235.4750977,1
night,base,25/12/2022,65,19.70568588,6,15,287.9424856,2
night,base,25/12/2022,66,19.95276911,7,15,340.2635217,3
night,base,25/12/2022,67,20.19578045,8,15,392.6716186,4
night,base,25/12/2022,68,20.58169807,9,15,445.0346099,5
night,base,25/12/2022,69,20.17150329,10,15,497.3379346,6
night,base,25/12/2022,70,20.12918331,11,15,546.9305831,7
night,base,25/12/2022,71,20.23657973,12,15,601.514606,8
night,base,25/12/2022,72,20.2763303,13,15,653.8192399,9
night,base,25/12/2022,73,19.82870984,15,15,758.5744377,11
night,base,25/12/2022,74,19.49051478,16,15,810.8886675,12
night,base,25/12/2022,75,19.69911982,17,15,864.3893784,13
night,base,25/12/2022,76,19.65615113,18,15,915.6604237,14
night,base,25/12/2022,77,19.39649337,19,15,967.9823693,15
night,base,25/12/2022,78,18.99921881,20,15,1020.304262,16
night,base,25/12/2022,79,18.82590623,22,15,1125.084181,18
night,base,25/12/2022,80,18.78639425,23,15,1177.411947,19
night,base,25/12/2022,81,18.62697193,24,15,1229.739481,20
night,base,25/12/2022,82,17.86347191,25,15,1282.066939,21
night,base,25/12/2022,83,18.09393526,26,15,1336.084049,22
night,base,25/12/2022,84,18.10912861,27,15,1386.853765,23
night,base,25/12/2022,85,17.24341826,28,15,1439.185738,24
night,base,25/12/2022,86,17.14029099,29,15,1491.517554,25
night,base,25/12/2022,87,17.1808962,30,15,1543.849213,26
night,base,25/12/2022,88,17.46785679,31,15,1596.180727,27
night,base,25/12/2022,89,18.72334011,32,15,1650.63869,28
night,base,25/12/2022,93,20.34644649,14,15,707.1133009,10
night,base,25/12/2022,94,19.04427224,21,15,1074.02866,17
night,base,25/12/2022,95,20.68751653,5,75,235.4568681,1
night,base,25/12/2022,96,20.96757439,6,75,287.9295088,2
night,base,25/12/2022,97,20.9927147,7,75,340.2415978,3
night,base,25/12/2022,98,21.21244319,8,75,392.6397562,4
night,base,25/12/2022,99,21.34428208,9,75,445.0006902,5
night,base,25/12/2022,100,21.08626225,10,75,497.2952672,6
night,base,25/12/2022,101,20.83526173,11,45,546.9483442,7
night,base,25/12/2022,102,21.10969643,12,75,601.4700773,8
night,base,25/12/2022,103,21.28656579,13,75,653.767337,9
night,base,25/12/2022,104,21.36226768,15,75,758.4767316,11
night,base,25/12/2022,105,21.27540798,16,75,810.7802439,12
night,base,25/12/2022,106,21.04247624,17,45,864.0959822,13
night,base,25/12/2022,107,21.14527165,18,75,915.5533657,14
night,base,25/12/2022,108,21.0122634,19,75,967.8647205,15
night,base,25/12/2022,109,20.85788484,20,75,1020.175485,16
night,base,25/12/2022,110,20.10059329,22,75,1124.91948,18
night,base,25/12/2022,111,19.68293819,23,75,1177.234301,19
night,base,25/12/2022,112,20.02941103,24,75,1229.548615,20
night,base,25/12/2022,124,21.4627399,14,75,706.852744,10
night,base,25/12/2022,125,21.17328929,14,45,707.0846946,10
night,base,25/12/2022,126,20.8680417,21,75,1073.759162,17
night,base,25/12/2022,127,20.45369032,21,45,1073.923519,17
night,base,25/12/2022,128,20.33750585,5,315,235.50285,1
night,base,25/12/2022,129,20.42353643,5,285,235.5242003,1
night,base,25/12/2022,130,20.05927192,6,315,287.9761241,2
night,base,25/12/2022,131,19.45034454,6,285,287.9988236,2
night,base,25/12/2022,132,19.72179761,7,315,340.3035613,3
night,base,25/12/2022,133,19.44397997,7,285,340.3278225,3
night,base,25/12/2022,134,19.82804621,8,315,392.7176319,4
night,base,25/12/2022,135,19.4196312,8,285,392.7442944,4
night,base,25/12/2022,136,19.69123699,9,315,445.0914261,5
night,base,25/12/2022,137,19.31055695,9,285,445.1247503,5
night,base,25/12/2022,138,19.64532232,10,315,497.4074355,6
night,base,25/12/2022,139,19.34310329,10,285,497.440253,6
night,base,25/12/2022,140,19.82453995,11,315,547.0653071,7
night,base,25/12/2022,141,19.18023007,11,285,547.1195756,7
night,base,25/12/2022,142,19.59279783,12,315,601.618029,8
night,base,25/12/2022,143,18.91326075,12,285,601.6605713,8
night,base,25/12/2022,144,19.53649818,13,315,653.9364539,9
night,base,25/12/2022,145,19.22443739,13,285,653.982701,9
night,base,25/12/2022,146,18.94096177,15,315,758.7230603,11
night,base,25/12/2022,147,18.80867003,15,285,758.7459264,11
night,base,25/12/2022,148,19.30509392,16,315,811.0533048,12
night,base,25/12/2022,149,18.28767518,16,285,811.0783004,12
night,base,25/12/2022,150,19.13364936,17,315,864.3327177,13
night,base,25/12/2022,151,18.65097259,17,285,864.7984279,13
night,base,25/12/2022,152,19.27152293,18,315,915.8302908,14
night,base,25/12/2022,153,18.52810566,18,285,915.9132825,14
night,base,25/12/2022,154,19.24231953,19,315,968.1687416,15
night,base,25/12/2022,155,17.70074343,19,285,968.257489,15
night,base,25/12/2022,156,18.83776156,20,315,1020.50771,16
night,base,25/12/2022,157,18.30314365,20,285,1020.602464,16
night,base,25/12/2022,158,18.65175775,22,315,1125.325064,18
night,base,25/12/2022,159,17.64816914,22,285,1125.418946,18
night,base,25/12/2022,160,18.31880127,23,315,1177.672105,19
night,base,25/12/2022,161,17.45643122,23,285,1177.771991,19
night,base,25/12/2022,162,18.15158439,24,315,1230.019704,20
night,base,25/12/2022,163,17.51837285,24,285,1230.125828,20
night,base,25/12/2022,164,17.79744604,25,315,1282.367881,21
night,base,25/12/2022,165,17.30239018,25,285,1282.480408,21
night,base,25/12/2022,166,17.61660671,26,315,1336.465127,22
night,base,25/12/2022,167,17.51318628,26,285,1336.52642,22
night,base,25/12/2022,168,17.53888255,27,315,1387.202942,23
night,base,25/12/2022,169,17.64470835,27,285,1387.324556,23
night,base,25/12/2022,170,17.85192323,28,315,1439.558039,24
night,base,25/12/2022,171,17.29636121,28,285,1439.686577,24
night,base,25/12/2022,172,17.69870311,29,315,1491.913631,25
night,base,25/12/2022,173,16.54426845,29,285,1492.049339,25
night,base,25/12/2022,174,17.379197,30,315,1544.269818,26
night,base,25/12/2022,175,16.41702885,30,285,1544.412941,26
night,base,25/12/2022,176,17.43087287,31,315,1596.626584,27
night,base,25/12/2022,177,16.95045579,31,285,1596.777335,27
night,base,25/12/2022,178,16.41128593,32,285,1651.270574,28
night,base,25/12/2022,179,17.40202164,32,315,1651.357841,28
night,base,25/12/2022,180,17.41194239,33,315,1701.492586,29
night,base,25/12/2022,181,16.78774148,33,285,1701.643671,29
night,base,25/12/2022,182,17.4393887,34,315,1753.855747,30
night,base,25/12/2022,183,16.68226279,34,285,1754.014674,30
night,base,25/12/2022,184,17.55229469,35,315,1806.219454,31
night,base,25/12/2022,186,19.06130339,14,285,707.0949879,10
night,base,25/12/2022,187,18.81797299,14,315,707.2566949,10
night,base,25/12/2022,188,18.45978531,21,285,1074.222209,17
night,base,25/12/2022,189,18.82390828,21,315,1074.259881,17
night,base,25/12/2022,255,19.13765977,14,255,707.2822212,10
night,base,25/12/2022,256,19.34481941,21,255,1074.502344,17
night,base,25/12/2022,259,21.11689378,5,255,235.522083,1
night,base,25/12/2022,261,20.4168105,6,255,287.9946529,2
night,base,25/12/2022,263,19.81765813,7,255,340.3248921,3
night,base,25/12/2022,265,19.42963585,8,255,392.744816,4
night,base,25/12/2022,267,19.38697518,9,255,445.1176749,5
night,base,25/12/2022,269,19.83919737,10,255,497.4367004,6
night,base,25/12/2022,271,19.29488098,11,255,547.1228311,7
night,base,25/12/2022,273,19.36987655,12,255,601.6579141,8
night,base,25/12/2022,275,19.17938216,13,255,653.9799261,9
night,base,25/12/2022,277,18.55585828,15,255,758.7710354,11
night,base,25/12/2022,279,18.22117667,16,255,811.1051834,12
night,base,25/12/2022,281,18.2082421,17,255,864.341161,13
night,base,25/12/2022,283,18.15000617,18,255,915.8848451,14
night,base,25/12/2022,285,18.46596703,19,255,968.2274701,15
night,base,25/12/2022,287,19.13072605,20,255,1020.570848,16
night,base,25/12/2022,289,19.18166892,22,255,1125.414599,18
night,base,25/12/2022,291,18.97005557,23,255,1177.767456,19
night,base,25/12/2022,293,18.6160014,24,255,1230.121053,20
night,base,25/12/2022,295,18.32378513,25,255,1282.475394,21
night,base,25/12/2022,297,18.64372337,26,255,1336.521162,22
night,base,25/12/2022,299,18.56038232,27,255,1387.319066,23
night,base,25/12/2022,301,18.01197764,28,255,1439.680741,24
night,base,25/12/2022,303,17.40678017,29,255,1492.043271,25
night,base,25/12/2022,305,17.90260404,30,255,1544.40656,26
night,base,25/12/2022,307,18.45787092,31,255,1596.770659,27
night,base,25/12/2022,309,18.81882531,32,255,1651.263641,28
night,prediction,27/12/2022,1,28.47833717,0,15,5026.381231,0
night,prediction,27/12/2022,2,27.5973998,5,45,235.4594715,1
night,prediction,27/12/2022,3,27.42973185,6,45,287.9311057,2
night,prediction,27/12/2022,4,27.31530981,7,45,340.2460017,3
night,prediction,27/12/2022,5,27.76152892,8,45,392.6466286,4
night,prediction,27/12/2022,6,27.67925766,9,45,445.005825,5
night,prediction,27/12/2022,7,27.01213173,10,45,497.3064088,6
night,prediction,27/12/2022,8,27.56391488,11,75,546.9535538,7
night,prediction,27/12/2022,9,27.75004971,12,45,601.4833346,8
night,prediction,27/12/2022,10,26.87843369,13,45,653.7833582,9
night,prediction,27/12/2022,12,27.20236805,15,45,758.530335,11
night,prediction,27/12/2022,13,27.29437188,16,45,810.8392654,12
night,prediction,27/12/2022,14,27.3816542,17,75,864.4694557,13
night,prediction,27/12/2022,15,27.20239879,18,45,915.5706951,14
night,prediction,27/12/2022,16,27.0247971,19,45,967.8848698,15
night,prediction,27/12/2022,17,26.83239753,20,45,1020.198666,16
night,prediction,27/12/2022,19,26.83957814,22,45,1124.962547,18
night,prediction,27/12/2022,20,26.62736468,23,45,1177.281459,19
night,prediction,27/12/2022,21,26.41657155,24,45,1229.599913,20
night,prediction,27/12/2022,22,26.13849434,25,45,1281.917963,21
night,prediction,27/12/2022,23,25.83998728,26,45,1335.98319,22
night,prediction,27/12/2022,24,25.70912897,27,45,1386.689827,23
night,prediction,27/12/2022,25,26.27794189,28,45,1439.011821,24
night,prediction,27/12/2022,26,25.98581483,29,45,1491.333444,25
night,prediction,27/12/2022,27,26.07440584,30,45,1543.65457,26
night,prediction,27/12/2022,28,25.91208507,31,45,1595.975334,27
night,prediction,27/12/2022,29,25.77111334,32,45,1650.668683,28
night,prediction,27/12/2022,30,25.92416937,33,45,1700.766288,29
night,prediction,27/12/2022,31,25.6459387,34,45,1753.090484,30
night,prediction,27/12/2022,32,24.80760133,35,45,1805.414293,31
night,prediction,27/12/2022,33,28.01167168,5,345,235.4989571,1
night,prediction,27/12/2022,34,27.86241346,6,345,287.9667189,2
night,prediction,27/12/2022,35,27.90089318,7,345,340.2921238,3
night,prediction,27/12/2022,36,27.98249098,8,345,392.704955,4
night,prediction,27/12/2022,37,27.93365956,9,345,445.072997,5
night,prediction,27/12/2022,38,27.83259422,10,345,497.3817904,6
night,prediction,27/12/2022,39,27.57004307,11,345,546.9804406,7
night,prediction,27/12/2022,40,27.3268364,12,345,601.57042,8
night,prediction,27/12/2022,41,27.18818316,13,345,653.8815557,9
night,prediction,27/12/2022,42,26.43536378,15,345,758.6508901,11
night,prediction,27/12/2022,43,26.58099764,16,345,810.9727028,12
night,prediction,27/12/2022,44,26.41780594,17,345,864.481231,13
night,prediction,27/12/2022,45,25.93676469,18,345,915.760657,14
night,prediction,27/12/2022,46,26.22686817,19,345,968.0912875,15
night,prediction,27/12/2022,47,25.87221406,20,345,1020.422168,16
night,prediction,27/12/2022,48,25.27129549,22,345,1125.221187,18
night,prediction,27/12/2022,49,24.8553752,23,345,1177.559006,19
night,prediction,27/12/2022,50,24.96041006,24,345,1229.897069,20
night,prediction,27/12/2022,51,25.2768242,25,345,1282.235252,21
night,prediction,27/12/2022,52,24.8074556,26,345,1336.263599,22
night,prediction,27/12/2022,53,24.40408027,27,345,1387.04481,23
night,prediction,27/12/2022,54,24.16914942,28,345,1439.388689,24
night,prediction,27/12/2022,55,23.97255444,29,345,1491.732693,25
night,prediction,27/12/2022,56,23.78307185,30,345,1544.076956,26
night,prediction,27/12/2022,57,23.41750439,31,345,1596.421401,27
night,prediction,27/12/2022,58,23.00700658,32,345,1650.893112,28
night,prediction,27/12/2022,59,23.41998165,33,345,1701.245962,29
night,prediction,27/12/2022,62,26.85872742,14,345,707.182907,10
night,prediction,27/12/2022,63,25.56370091,21,345,1074.155771,17
night,prediction,27/12/2022,64,27.27711185,5,15,235.4750977,1
night,prediction,27/12/2022,65,26.99910087,6,15,287.9424856,2
night,prediction,27/12/2022,66,27.15320362,7,15,340.2635217,3
night,prediction,27/12/2022,67,27.32286451,8,15,392.6716186,4
night,prediction,27/12/2022,68,27.54392018,9,15,445.0346099,5
night,prediction,27/12/2022,69,27.1248021,10,15,497.3379346,6
night,prediction,27/12/2022,70,26.89548611,11,15,546.9305831,7
night,prediction,27/12/2022,71,26.95261679,12,15,601.514606,8
night,prediction,27/12/2022,72,26.89233543,13,15,653.8192399,9
night,prediction,27/12/2022,73,26.02896159,15,15,758.5744377,11
night,prediction,27/12/2022,74,25.6970111,16,15,810.8886675,12
night,prediction,27/12/2022,75,25.83748736,17,15,864.3893784,13
night,prediction,27/12/2022,76,25.71555401,18,15,915.6604237,14
night,prediction,27/12/2022,77,25.31762803,19,15,967.9823693,15
night,prediction,27/12/2022,78,25.06393877,20,15,1020.304262,16
night,prediction,27/12/2022,79,25.34275027,22,15,1125.084181,18
night,prediction,27/12/2022,80,25.3757374,23,15,1177.411947,19
night,prediction,27/12/2022,81,25.19531938,24,15,1229.739481,20
night,prediction,27/12/2022,82,24.298931,25,15,1282.066939,21
night,prediction,27/12/2022,83,24.45272433,26,15,1336.084049,22
night,prediction,27/12/2022,84,24.47598397,27,15,1386.853765,23
night,prediction,27/12/2022,85,23.63868383,28,15,1439.185738,24
night,prediction,27/12/2022,86,23.21228525,29,15,1491.517554,25
night,prediction,27/12/2022,87,23.32190266,30,15,1543.849213,26
night,prediction,27/12/2022,88,23.88892024,31,15,1596.180727,27
night,prediction,27/12/2022,89,24.83322802,32,15,1650.63869,28
night,prediction,27/12/2022,93,26.75086264,14,15,707.1133009,10
night,prediction,27/12/2022,94,25.38709713,21,15,1074.02866,17
night,prediction,27/12/2022,95,27.10312919,5,75,235.4568681,1
night,prediction,27/12/2022,96,27.3671749,6,75,287.9295088,2
night,prediction,27/12/2022,97,27.46689237,7,75,340.2415978,3
night,prediction,27/12/2022,98,27.67203581,8,75,392.6397562,4
night,prediction,27/12/2022,99,27.76961928,9,75,445.0006902,5
night,prediction,27/12/2022,100,27.42613624,10,75,497.2952672,6
night,prediction,27/12/2022,101,27.38652622,11,45,546.9483442,7
night,prediction,27/12/2022,102,27.70731356,12,75,601.4700773,8
night,prediction,27/12/2022,103,28.08496385,13,75,653.767337,9
night,prediction,27/12/2022,104,27.85088292,15,75,758.4767316,11
night,prediction,27/12/2022,105,27.53371044,16,75,810.7802439,12
night,prediction,27/12/2022,106,27.55557306,17,45,864.0959822,13
night,prediction,27/12/2022,107,27.05818706,18,75,915.5533657,14
night,prediction,27/12/2022,108,26.79767262,19,75,967.8647205,15
night,prediction,27/12/2022,109,26.70592894,20,75,1020.175485,16
night,prediction,27/12/2022,110,26.57914407,22,75,1124.91948,18
night,prediction,27/12/2022,111,26.37599615,23,75,1177.234301,19
night,prediction,27/12/2022,112,26.50657812,24,75,1229.548615,20
night,prediction,27/12/2022,124,28.21599986,14,75,706.852744,10
night,prediction,27/12/2022,125,27.47600824,14,45,707.0846946,10
night,prediction,27/12/2022,126,27.05811016,21,75,1073.759162,17
night,prediction,27/12/2022,127,26.65400395,21,45,1073.923519,17
night,prediction,27/12/2022,128,28.23321566,5,315,235.50285,1
night,prediction,27/12/2022,129,27.99201412,5,285,235.5242003,1
night,prediction,27/12/2022,130,28.04723705,6,315,287.9761241,2
night,prediction,27/12/2022,131,27.58350622,6,285,287.9988236,2
night,prediction,27/12/2022,132,27.76579217,7,315,340.3035613,3
night,prediction,27/12/2022,133,27.86464107,7,285,340.3278225,3
night,prediction,27/12/2022,134,27.97716342,8,315,392.7176319,4
night,prediction,27/12/2022,135,27.83492114,8,285,392.7442944,4
night,prediction,27/12/2022,136,27.76607082,9,315,445.0914261,5
night,prediction,27/12/2022,137,27.66284068,9,285,445.1247503,5
night,prediction,27/12/2022,138,27.58310767,10,315,497.4074355,6
night,prediction,27/12/2022,139,27.55569893,10,285,497.440253,6
night,prediction,27/12/2022,140,27.57835688,11,315,547.0653071,7
night,prediction,27/12/2022,141,27.24257757,11,285,547.1195756,7
night,prediction,27/12/2022,142,27.31878241,12,315,601.618029,8
night,prediction,27/12/2022,143,26.84922435,12,285,601.6605713,8
night,prediction,27/12/2022,144,27.20103422,13,315,653.9364539,9
night,prediction,27/12/2022,145,26.93084712,13,285,653.982701,9
night,prediction,27/12/2022,146,26.20327693,15,315,758.7230603,11
night,prediction,27/12/2022,147,26.46947664,15,285,758.7459264,11
night,prediction,27/12/2022,148,26.43695699,16,315,811.0533048,12
night,prediction,27/12/2022,149,26.00491401,16,285,811.0783004,12
night,prediction,27/12/2022,150,26.14793022,17,315,864.3327177,13
night,prediction,27/12/2022,151,26.38083884,17,285,864.7984279,13
night,prediction,27/12/2022,152,26.02354534,18,315,915.8302908,14
night,prediction,27/12/2022,153,26.26042484,18,285,915.9132825,14
night,prediction,27/12/2022,154,25.87249041,19,315,968.1687416,15
night,prediction,27/12/2022,155,25.47211469,19,285,968.257489,15
night,prediction,27/12/2022,156,25.49718959,20,315,1020.50771,16
night,prediction,27/12/2022,157,26.31242797,20,285,1020.602464,16
night,prediction,27/12/2022,158,25.48200741,22,315,1125.325064,18
night,prediction,27/12/2022,159,26.11339391,22,285,1125.418946,18
night,prediction,27/12/2022,160,25.33288655,23,315,1177.672105,19
night,prediction,27/12/2022,161,26.11670182,23,285,1177.771991,19
night,prediction,27/12/2022,162,25.22091841,24,315,1230.019704,20
night,prediction,27/12/2022,163,26.34543474,24,285,1230.125828,20
night,prediction,27/12/2022,164,24.93644227,25,315,1282.367881,21
night,prediction,27/12/2022,165,25.9675642,25,285,1282.480408,21
night,prediction,27/12/2022,166,24.9315924,26,315,1336.465127,22
night,prediction,27/12/2022,167,25.93788179,26,285,1336.52642,22
night,prediction,27/12/2022,168,25.12195093,27,315,1387.202942,23
night,prediction,27/12/2022,169,25.83189179,27,285,1387.324556,23
night,prediction,27/12/2022,170,25.63822213,28,315,1439.558039,24
night,prediction,27/12/2022,171,25.41602335,28,285,1439.686577,24
night,prediction,27/12/2022,172,25.69587942,29,315,1491.913631,25
night,prediction,27/12/2022,173,24.76764123,29,285,1492.049339,25
night,prediction,27/12/2022,174,25.46132666,30,315,1544.269818,26
night,prediction,27/12/2022,175,24.48583098,30,285,1544.412941,26
night,prediction,27/12/2022,176,25.50971528,31,315,1596.626584,27
night,prediction,27/12/2022,177,24.61032191,31,285,1596.777335,27
night,prediction,27/12/2022,178,24.47127188,32,285,1651.270574,28
night,prediction,27/12/2022,179,25.60305933,32,315,1651.357841,28
night,prediction,27/12/2022,180,25.82638269,33,315,1701.492586,29
night,prediction,27/12/2022,181,25.39171657,33,285,1701.643671,29
night,prediction,27/12/2022,182,26.123803,34,315,1753.855747,30
night,prediction,27/12/2022,183,25.52800966,34,285,1754.014674,30
night,prediction,27/12/2022,184,26.33403545,35,315,1806.219454,31
night,prediction,27/12/2022,186,26.74624643,14,285,707.0949879,10
night,prediction,27/12/2022,187,26.274903,14,315,707.2566949,10
night,prediction,27/12/2022,188,26.77075822,21,285,1074.222209,17
night,prediction,27/12/2022,189,25.55546411,21,315,1074.259881,17
night,prediction,27/12/2022,255,27.41948417,14,255,707.2822212,10
night,prediction,27/12/2022,256,27.85374704,21,255,1074.502344,17
night,prediction,27/12/2022,259,28.67074171,5,255,235.522083,1
night,prediction,27/12/2022,261,27.92356218,6,255,287.9946529,2
night,prediction,27/12/2022,263,27.99683491,7,255,340.3248921,3
night,prediction,27/12/2022,265,27.83996503,8,255,392.744816,4
night,prediction,27/12/2022,267,28.04064906,9,255,445.1176749,5
night,prediction,27/12/2022,269,28.40173669,10,255,497.4367004,6
night,prediction,27/12/2022,271,27.94114373,11,255,547.1228311,7
night,prediction,27/12/2022,273,27.65201824,12,255,601.6579141,8
night,prediction,27/12/2022,275,27.54001306,13,255,653.9799261,9
night,prediction,27/12/2022,277,26.88683279,15,255,758.7710354,11
night,prediction,27/12/2022,279,26.55225099,16,255,811.1051834,12
night,prediction,27/12/2022,281,26.57982681,17,255,864.341161,13
night,prediction,27/12/2022,283,26.66993699,18,255,915.8848451,14
night,prediction,27/12/2022,285,27.08568621,19,255,968.2274701,15
night,prediction,27/12/2022,287,27.64251829,20,255,1020.570848,16
night,prediction,27/12/2022,289,27.54501312,22,255,1125.414599,18
night,prediction,27/12/2022,291,27.32641563,23,255,1177.767456,19
night,prediction,27/12/2022,293,27.00582193,24,255,1230.121053,20
night,prediction,27/12/2022,295,26.71134098,25,255,1282.475394,21
night,prediction,27/12/2022,297,26.97827329,26,255,1336.521162,22
night,prediction,27/12/2022,299,26.87010898,27,255,1387.319066,23
night,prediction,27/12/2022,301,26.39526864,28,255,1439.680741,24
night,prediction,27/12/2022,303,25.84344254,29,255,1492.043271,25
night,prediction,27/12/2022,305,26.12529727,30,255,1544.40656,26
night,prediction,27/12/2022,307,26.40811702,31,255,1596.770659,27
night,prediction,27/12/2022,309,27.25216675,32,255,1651.263641,28
night,prediction,7/01/2023,1,20.13245115,0,15,5026.381231,0
night,prediction,7/01/2023,2,19.11071071,5,45,235.4594715,1
night,prediction,7/01/2023,3,18.91960337,6,45,287.9311057,2
night,prediction,7/01/2023,4,18.68755678,7,45,340.2460017,3
night,prediction,7/01/2023,5,19.03183162,8,45,392.6466286,4
night,prediction,7/01/2023,6,18.8689509,9,45,445.005825,5
night,prediction,7/01/2023,7,18.21577196,10,45,497.3064088,6
night,prediction,7/01/2023,8,18.82793081,11,75,546.9535538,7
night,prediction,7/01/2023,9,19.16263197,12,45,601.4833346,8
night,prediction,7/01/2023,10,18.35190459,13,45,653.7833582,9
night,prediction,7/01/2023,12,18.58842335,15,45,758.530335,11
night,prediction,7/01/2023,13,18.66770507,16,45,810.8392654,12
night,prediction,7/01/2023,14,18.57536207,17,75,864.4694557,13
night,prediction,7/01/2023,15,18.54833332,18,45,915.5706951,14
night,prediction,7/01/2023,16,18.47523806,19,45,967.8848698,15
night,prediction,7/01/2023,17,18.28025932,20,45,1020.198666,16
night,prediction,7/01/2023,19,17.85267135,22,45,1124.962547,18
night,prediction,7/01/2023,20,17.44780802,23,45,1177.281459,19
night,prediction,7/01/2023,21,17.12038783,24,45,1229.599913,20
night,prediction,7/01/2023,22,16.68020701,25,45,1281.917963,21
night,prediction,7/01/2023,23,16.22490457,26,45,1335.98319,22
night,prediction,7/01/2023,24,15.78852723,27,45,1386.689827,23
night,prediction,7/01/2023,25,15.94064415,28,45,1439.011821,24
night,prediction,7/01/2023,26,15.51117796,29,45,1491.333444,25
night,prediction,7/01/2023,27,15.33987314,30,45,1543.65457,26
night,prediction,7/01/2023,28,14.93180971,31,45,1595.975334,27
night,prediction,7/01/2023,29,14.84768605,32,45,1650.668683,28
night,prediction,7/01/2023,30,14.88670225,33,45,1700.766288,29
night,prediction,7/01/2023,31,14.66398827,34,45,1753.090484,30
night,prediction,7/01/2023,32,14.39926808,35,45,1805.414293,31
night,prediction,7/01/2023,33,19.21326024,5,345,235.4989571,1
night,prediction,7/01/2023,34,19.10769278,6,345,287.9667189,2
night,prediction,7/01/2023,35,19.21932135,7,345,340.2921238,3
night,prediction,7/01/2023,36,19.21338157,8,345,392.704955,4
night,prediction,7/01/2023,37,19.16879669,9,345,445.072997,5
night,prediction,7/01/2023,38,19.05131731,10,345,497.3817904,6
night,prediction,7/01/2023,39,18.68647845,11,345,546.9804406,7
night,prediction,7/01/2023,40,18.68780353,12,345,601.57042,8
night,prediction,7/01/2023,41,18.82207915,13,345,653.8815557,9
night,prediction,7/01/2023,42,18.06795265,15,345,758.6508901,11
night,prediction,7/01/2023,43,18.02635203,16,345,810.9727028,12
night,prediction,7/01/2023,44,17.85645072,17,345,864.481231,13
night,prediction,7/01/2023,45,17.35496019,18,345,915.760657,14
night,prediction,7/01/2023,46,17.73199864,19,345,968.0912875,15
night,prediction,7/01/2023,47,17.37212265,20,345,1020.422168,16
night,prediction,7/01/2023,48,16.65549015,22,345,1125.221187,18
night,prediction,7/01/2023,49,16.05305298,23,345,1177.559006,19
night,prediction,7/01/2023,50,16.05256854,24,345,1229.897069,20
night,prediction,7/01/2023,51,16.37187866,25,345,1282.235252,21
night,prediction,7/01/2023,52,15.90091276,26,345,1336.263599,22
night,prediction,7/01/2023,53,15.5232098,27,345,1387.04481,23
night,prediction,7/01/2023,54,15.2412045,28,345,1439.388689,24
night,prediction,7/01/2023,55,14.91949737,29,345,1491.732693,25
night,prediction,7/01/2023,56,14.7976712,30,345,1544.076956,26
night,prediction,7/01/2023,57,14.56850337,31,345,1596.421401,27
night,prediction,7/01/2023,58,14.50342305,32,345,1650.893112,28
night,prediction,7/01/2023,59,14.81594001,33,345,1701.245962,29
night,prediction,7/01/2023,62,18.55445673,14,345,707.182907,10
night,prediction,7/01/2023,63,17.18373082,21,345,1074.155771,17
night,prediction,7/01/2023,64,18.58874859,5,15,235.4750977,1
night,prediction,7/01/2023,65,18.43528942,6,15,287.9424856,2
night,prediction,7/01/2023,66,18.64129854,7,15,340.2635217,3
night,prediction,7/01/2023,67,18.67192318,8,15,392.6716186,4
night,prediction,7/01/2023,68,18.90418786,9,15,445.0346099,5
night,prediction,7/01/2023,69,18.56891459,10,15,497.3379346,6
night,prediction,7/01/2023,70,18.44591274,11,15,546.9305831,7
night,prediction,7/01/2023,71,18.50963762,12,15,601.514606,8
night,prediction,7/01/2023,72,18.45982188,13,15,653.8192399,9
night,prediction,7/01/2023,73,17.96280201,15,15,758.5744377,11
night,prediction,7/01/2023,74,17.65965522,16,15,810.8886675,12
night,prediction,7/01/2023,75,17.67500205,17,15,864.3893784,13
night,prediction,7/01/2023,76,17.50736507,18,15,915.6604237,14
night,prediction,7/01/2023,77,17.13866786,19,15,967.9823693,15
night,prediction,7/01/2023,78,16.87506099,20,15,1020.304262,16
night,prediction,7/01/2023,79,16.638621,22,15,1125.084181,18
night,prediction,7/01/2023,80,16.54092542,23,15,1177.411947,19
night,prediction,7/01/2023,81,16.4446102,24,15,1229.739481,20
night,prediction,7/01/2023,82,15.72303424,25,15,1282.066939,21
night,prediction,7/01/2023,83,15.70279703,26,15,1336.084049,22
night,prediction,7/01/2023,84,15.46424342,27,15,1386.853765,23
night,prediction,7/01/2023,85,14.72311055,28,15,1439.185738,24
night,prediction,7/01/2023,86,14.81941298,29,15,1491.517554,25
night,prediction,7/01/2023,87,15.08339547,30,15,1543.849213,26
night,prediction,7/01/2023,88,14.96352501,31,15,1596.180727,27
night,prediction,7/01/2023,89,15.48436772,32,15,1650.63869,28
night,prediction,7/01/2023,93,18.38370951,14,15,707.1133009,10
night,prediction,7/01/2023,94,16.98347792,21,15,1074.02866,17
night,prediction,7/01/2023,95,18.91139635,5,75,235.4568681,1
night,prediction,7/01/2023,96,18.96626007,6,75,287.9295088,2
night,prediction,7/01/2023,97,18.88115368,7,75,340.2415978,3
night,prediction,7/01/2023,98,19.07452224,8,75,392.6397562,4
night,prediction,7/01/2023,99,19.13055426,9,75,445.0006902,5
night,prediction,7/01/2023,100,18.76539988,10,75,497.2952672,6
night,prediction,7/01/2023,101,18.67847354,11,45,546.9483442,7
night,prediction,7/01/2023,102,18.9209802,12,75,601.4700773,8
night,prediction,7/01/2023,103,19.1245,13,75,653.767337,9
night,prediction,7/01/2023,104,18.88882866,15,75,758.4767316,11
night,prediction,7/01/2023,105,18.72686824,16,75,810.7802439,12
night,prediction,7/01/2023,106,18.89943601,17,45,864.0959822,13
night,prediction,7/01/2023,107,18.23673664,18,75,915.5533657,14
night,prediction,7/01/2023,108,18.05427805,19,75,967.8647205,15
night,prediction,7/01/2023,109,17.92993569,20,75,1020.175485,16
night,prediction,7/01/2023,110,17.02628941,22,75,1124.91948,18
night,prediction,7/01/2023,111,16.62698882,23,75,1177.234301,19
night,prediction,7/01/2023,112,16.94889965,24,75,1229.548615,20
night,prediction,7/01/2023,124,19.18264559,14,75,706.852744,10
night,prediction,7/01/2023,125,18.81977026,14,45,707.0846946,10
night,prediction,7/01/2023,126,17.83838545,21,75,1073.759162,17
night,prediction,7/01/2023,127,17.95196051,21,45,1073.923519,17
night,prediction,7/01/2023,128,19.47363947,5,315,235.50285,1
night,prediction,7/01/2023,129,19.21198244,5,285,235.5242003,1
night,prediction,7/01/2023,130,19.29377599,6,315,287.9761241,2
night,prediction,7/01/2023,131,18.7073866,6,285,287.9988236,2
night,prediction,7/01/2023,132,18.89548154,7,315,340.3035613,3
night,prediction,7/01/2023,133,18.92231821,7,285,340.3278225,3
night,prediction,7/01/2023,134,19.0699016,8,315,392.7176319,4
night,prediction,7/01/2023,135,18.88666631,8,285,392.7442944,4
night,prediction,7/01/2023,136,18.88288808,9,315,445.0914261,5
night,prediction,7/01/2023,137,18.75763642,9,285,445.1247503,5
night,prediction,7/01/2023,138,18.81662924,10,315,497.4074355,6
night,prediction,7/01/2023,139,18.70963189,10,285,497.440253,6
night,prediction,7/01/2023,140,18.9225278,11,315,547.0653071,7
night,prediction,7/01/2023,141,18.4793493,11,285,547.1195756,7
night,prediction,7/01/2023,142,18.77481311,12,315,601.618029,8
night,prediction,7/01/2023,143,18.29030131,12,285,601.6605713,8
night,prediction,7/01/2023,144,18.85056231,13,315,653.9364539,9
night,prediction,7/01/2023,145,18.50761876,13,285,653.982701,9
night,prediction,7/01/2023,146,18.01812578,15,315,758.7230603,11
night,prediction,7/01/2023,147,17.85882695,15,285,758.7459264,11
night,prediction,7/01/2023,148,18.25179757,16,315,811.0533048,12
night,prediction,7/01/2023,149,17.28196411,16,285,811.0783004,12
night,prediction,7/01/2023,150,18.00323041,17,315,864.3327177,13
night,prediction,7/01/2023,151,17.52850225,17,285,864.7984279,13
night,prediction,7/01/2023,152,17.99713056,18,315,915.8302908,14
night,prediction,7/01/2023,153,17.47976781,18,285,915.9132825,14
night,prediction,7/01/2023,154,17.93009976,19,315,968.1687416,15
night,prediction,7/01/2023,155,16.64505385,19,285,968.257489,15
night,prediction,7/01/2023,156,17.49577882,20,315,1020.50771,16
night,prediction,7/01/2023,157,17.30878355,20,285,1020.602464,16
night,prediction,7/01/2023,158,17.13723629,22,315,1125.325064,18
night,prediction,7/01/2023,159,16.27132383,22,285,1125.418946,18
night,prediction,7/01/2023,160,16.60213652,23,315,1177.672105,19
night,prediction,7/01/2023,161,15.8646046,23,285,1177.771991,19
night,prediction,7/01/2023,162,16.33109149,24,315,1230.019704,20
night,prediction,7/01/2023,163,15.78614533,24,285,1230.125828,20
night,prediction,7/01/2023,164,15.88192021,25,315,1282.367881,21
night,prediction,7/01/2023,165,15.30502234,25,285,1282.480408,21
night,prediction,7/01/2023,166,15.57690063,26,315,1336.465127,22
night,prediction,7/01/2023,167,15.25920038,26,285,1336.52642,22
night,prediction,7/01/2023,168,15.37479824,27,315,1387.202942,23
night,prediction,7/01/2023,169,15.17444594,27,285,1387.324556,23
night,prediction,7/01/2023,170,15.60879122,28,315,1439.558039,24
night,prediction,7/01/2023,171,14.72057346,28,285,1439.686577,24
night,prediction,7/01/2023,172,15.45865939,29,315,1491.913631,25
night,prediction,7/01/2023,173,14.0220269,29,285,1492.049339,25
night,prediction,7/01/2023,174,15.22995891,30,315,1544.269818,26
night,prediction,7/01/2023,175,13.95298225,30,285,1544.412941,26
night,prediction,7/01/2023,176,15.37118961,31,315,1596.626584,27
night,prediction,7/01/2023,177,14.42734634,31,285,1596.777335,27
night,prediction,7/01/2023,178,14.0560922,32,285,1651.270574,28
night,prediction,7/01/2023,179,15.39788789,32,315,1651.357841,28
night,prediction,7/01/2023,180,15.46294342,33,315,1701.492586,29
night,prediction,7/01/2023,181,14.4742559,33,285,1701.643671,29
night,prediction,7/01/2023,182,15.48018835,34,315,1753.855747,30
night,prediction,7/01/2023,183,14.42312493,34,285,1754.014674,30
night,prediction,7/01/2023,184,15.59871573,35,315,1806.219454,31
night,prediction,7/01/2023,186,18.25708555,14,285,707.0949879,10
night,prediction,7/01/2023,187,17.99794571,14,315,707.2566949,10
night,prediction,7/01/2023,188,17.29452782,21,285,1074.222209,17
night,prediction,7/01/2023,189,17.4134555,21,315,1074.259881,17
night,prediction,7/01/2023,255,18.09778602,14,255,707.2822212,10
night,prediction,7/01/2023,256,17.98589261,21,255,1074.502344,17
night,prediction,7/01/2023,259,20.14817631,5,255,235.522083,1
night,prediction,7/01/2023,261,19.45138899,6,255,287.9946529,2
night,prediction,7/01/2023,263,18.9125281,7,255,340.3248921,3
night,prediction,7/01/2023,265,18.70838118,8,255,392.744816,4
night,prediction,7/01/2023,267,18.55303079,9,255,445.1176749,5
night,prediction,7/01/2023,269,18.79026217,10,255,497.4367004,6
night,prediction,7/01/2023,271,18.2831833,11,255,547.1228311,7
night,prediction,7/01/2023,273,18.41259255,12,255,601.6579141,8
night,prediction,7/01/2023,275,18.08156454,13,255,653.9799261,9
night,prediction,7/01/2023,277,17.61864355,15,255,758.7710354,11
night,prediction,7/01/2023,279,17.46849852,16,255,811.1051834,12
night,prediction,7/01/2023,281,17.42067557,17,255,864.341161,13
night,prediction,7/01/2023,283,17.42056016,18,255,915.8848451,14
night,prediction,7/01/2023,285,17.62934722,19,255,968.2274701,15
night,prediction,7/01/2023,287,17.98747686,20,255,1020.570848,16
night,prediction,7/01/2023,289,17.82087171,22,255,1125.414599,18
night,prediction,7/01/2023,291,17.56876421,23,255,1177.767456,19
night,prediction,7/01/2023,293,17.18598326,24,255,1230.121053,20
night,prediction,7/01/2023,295,16.9399096,25,255,1282.475394,21
night,prediction,7/01/2023,297,17.26299041,26,255,1336.521162,22
night,prediction,7/01/2023,299,17.09689954,27,255,1387.319066,23
night,prediction,7/01/2023,301,16.59084008,28,255,1439.680741,24
night,prediction,7/01/2023,303,16.04633242,29,255,1492.043271,25
night,prediction,7/01/2023,305,16.5886803,30,255,1544.40656,26
night,prediction,7/01/2023,307,16.86873701,31,255,1596.770659,27
night,prediction,7/01/2023,309,17.0391424,32,255,1651.263641,28
night,prediction,27/01/2023,1,21.80361173,0,15,5026.381231,0
night,prediction,27/01/2023,2,20.720321,5,45,235.4594715,1
night,prediction,27/01/2023,3,20.51936575,6,45,287.9311057,2
night,prediction,27/01/2023,4,20.44173962,7,45,340.2460017,3
night,prediction,27/01/2023,5,20.95683971,8,45,392.6466286,4
night,prediction,27/01/2023,6,20.89856844,9,45,445.005825,5
night,prediction,27/01/2023,7,20.26457936,10,45,497.3064088,6
night,prediction,27/01/2023,8,21.02202904,11,75,546.9535538,7
night,prediction,27/01/2023,9,21.12784539,12,45,601.4833346,8
night,prediction,27/01/2023,10,20.38979813,13,45,653.7833582,9
night,prediction,27/01/2023,12,20.63159475,15,45,758.530335,11
night,prediction,27/01/2023,13,20.68046991,16,45,810.8392654,12
night,prediction,27/01/2023,14,20.75651655,17,75,864.4694557,13
night,prediction,27/01/2023,15,20.528881,18,45,915.5706951,14
night,prediction,27/01/2023,16,20.33226304,19,45,967.8848698,15
night,prediction,27/01/2023,17,20.04455383,20,45,1020.198666,16
night,prediction,27/01/2023,19,19.49810163,22,45,1124.962547,18
night,prediction,27/01/2023,20,18.96148601,23,45,1177.281459,19
night,prediction,27/01/2023,21,18.55963932,24,45,1229.599913,20
night,prediction,27/01/2023,22,18.06066574,25,45,1281.917963,21
night,prediction,27/01/2023,23,17.45192053,26,45,1335.98319,22
night,prediction,27/01/2023,24,17.1706035,27,45,1386.689827,23
night,prediction,27/01/2023,25,17.46672057,28,45,1439.011821,24
night,prediction,27/01/2023,26,16.83168798,29,45,1491.333444,25
night,prediction,27/01/2023,27,16.57837197,30,45,1543.65457,26
night,prediction,27/01/2023,28,16.20079806,31,45,1595.975334,27
night,prediction,27/01/2023,29,16.0063042,32,45,1650.668683,28
night,prediction,27/01/2023,30,15.63616845,33,45,1700.766288,29
night,prediction,27/01/2023,31,15.22878442,34,45,1753.090484,30
night,prediction,27/01/2023,32,14.88630788,35,45,1805.414293,31
night,prediction,27/01/2023,33,20.47511488,5,345,235.4989571,1
night,prediction,27/01/2023,34,20.33297177,6,345,287.9667189,2
night,prediction,27/01/2023,35,20.38350547,7,345,340.2921238,3
night,prediction,27/01/2023,36,20.43818031,8,345,392.704955,4
night,prediction,27/01/2023,37,20.40828475,9,345,445.072997,5
night,prediction,27/01/2023,38,20.25945107,10,345,497.3817904,6
night,prediction,27/01/2023,39,19.9258179,11,345,546.9804406,7
night,prediction,27/01/2023,40,19.70619717,12,345,601.57042,8
night,prediction,27/01/2023,41,19.60385792,13,345,653.8815557,9
night,prediction,27/01/2023,42,18.49551074,15,345,758.6508901,11
night,prediction,27/01/2023,43,18.46316189,16,345,810.9727028,12
night,prediction,27/01/2023,44,18.21311266,17,345,864.481231,13
night,prediction,27/01/2023,45,17.56086877,18,345,915.760657,14
night,prediction,27/01/2023,46,18.05340662,19,345,968.0912875,15
night,prediction,27/01/2023,47,17.76430156,20,345,1020.422168,16
night,prediction,27/01/2023,48,16.92712407,22,345,1125.221187,18
night,prediction,27/01/2023,49,15.88932747,23,345,1177.559006,19
night,prediction,27/01/2023,50,15.85721582,24,345,1229.897069,20
night,prediction,27/01/2023,51,16.43179631,25,345,1282.235252,21
night,prediction,27/01/2023,52,15.92857551,26,345,1336.263599,22
night,prediction,27/01/2023,53,15.38396023,27,345,1387.04481,23
night,prediction,27/01/2023,54,14.97415837,28,345,1439.388689,24
night,prediction,27/01/2023,55,14.40668761,29,345,1491.732693,25
night,prediction,27/01/2023,56,14.2557684,30,345,1544.076956,26
night,prediction,27/01/2023,57,14.17513674,31,345,1596.421401,27
night,prediction,27/01/2023,58,14.16229598,32,345,1650.893112,28
night,prediction,27/01/2023,59,14.50967611,33,345,1701.245962,29
night,prediction,27/01/2023,62,19.119963,14,345,707.182907,10
night,prediction,27/01/2023,63,17.61585875,21,345,1074.155771,17
night,prediction,27/01/2023,64,20.12098697,5,15,235.4750977,1
night,prediction,27/01/2023,65,19.88253243,6,15,287.9424856,2
night,prediction,27/01/2023,66,20.0607898,7,15,340.2635217,3
night,prediction,27/01/2023,67,20.24272242,8,15,392.6716186,4
night,prediction,27/01/2023,68,20.50110641,9,15,445.0346099,5
night,prediction,27/01/2023,69,20.13584966,10,15,497.3379346,6
night,prediction,27/01/2023,70,19.94670173,11,15,546.9305831,7
night,prediction,27/01/2023,71,19.95621405,12,15,601.514606,8
night,prediction,27/01/2023,72,19.89429987,13,15,653.8192399,9
night,prediction,27/01/2023,73,19.20229741,15,15,758.5744377,11
night,prediction,27/01/2023,74,18.73242468,16,15,810.8886675,12
night,prediction,27/01/2023,75,18.90033187,17,15,864.3893784,13
night,prediction,27/01/2023,76,18.76804559,18,15,915.6604237,14
night,prediction,27/01/2023,77,18.38693752,19,15,967.9823693,15
night,prediction,27/01/2023,78,18.00916563,20,15,1020.304262,16
night,prediction,27/01/2023,79,17.58752754,22,15,1125.084181,18
night,prediction,27/01/2023,80,17.35837559,23,15,1177.411947,19
night,prediction,27/01/2023,81,17.00772134,24,15,1229.739481,20
night,prediction,27/01/2023,82,15.97507762,25,15,1282.066939,21
night,prediction,27/01/2023,83,16.12386631,26,15,1336.084049,22
night,prediction,27/01/2023,84,15.88094308,27,15,1386.853765,23
night,prediction,27/01/2023,85,14.8407954,28,15,1439.185738,24
night,prediction,27/01/2023,86,15.03090766,29,15,1491.517554,25
night,prediction,27/01/2023,87,15.48631585,30,15,1543.849213,26
night,prediction,27/01/2023,88,16.21525093,31,15,1596.180727,27
night,prediction,27/01/2023,89,18.04998463,32,15,1650.63869,28
night,prediction,27/01/2023,93,19.80787517,14,15,707.1133009,10
night,prediction,27/01/2023,94,17.96445372,21,15,1074.02866,17
night,prediction,27/01/2023,95,20.60812361,5,75,235.4568681,1
night,prediction,27/01/2023,96,20.78261898,6,75,287.9295088,2
night,prediction,27/01/2023,97,20.7833326,7,75,340.2415978,3
night,prediction,27/01/2023,98,20.98954225,8,75,392.6397562,4
night,prediction,27/01/2023,99,21.09114827,9,75,445.0006902,5
night,prediction,27/01/2023,100,20.88385527,10,75,497.2952672,6
night,prediction,27/01/2023,101,20.66454567,11,45,546.9483442,7
night,prediction,27/01/2023,102,21.14263008,12,75,601.4700773,8
night,prediction,27/01/2023,103,21.39810675,13,75,653.767337,9
night,prediction,27/01/2023,104,21.15179251,15,75,758.4767316,11
night,prediction,27/01/2023,105,20.89501591,16,75,810.7802439,12
night,prediction,27/01/2023,106,20.95225709,17,45,864.0959822,13
night,prediction,27/01/2023,107,20.48183179,18,75,915.5533657,14
night,prediction,27/01/2023,108,20.1471915,19,75,967.8647205,15
night,prediction,27/01/2023,109,19.79004465,20,75,1020.175485,16
night,prediction,27/01/2023,110,18.75231182,22,75,1124.91948,18
night,prediction,27/01/2023,111,18.62238785,23,75,1177.234301,19
night,prediction,27/01/2023,112,19.15722361,24,75,1229.548615,20
night,prediction,27/01/2023,124,21.47622526,14,75,706.852744,10
night,prediction,27/01/2023,125,20.9486583,14,45,707.0846946,10
night,prediction,27/01/2023,126,19.62429918,21,75,1073.759162,17
night,prediction,27/01/2023,127,19.60935603,21,45,1073.923519,17
night,prediction,27/01/2023,128,20.68727235,5,315,235.50285,1
night,prediction,27/01/2023,129,20.99097475,5,285,235.5242003,1
night,prediction,27/01/2023,130,20.53523731,6,315,287.9761241,2
night,prediction,27/01/2023,131,20.32009483,6,285,287.9988236,2
night,prediction,27/01/2023,132,20.15938548,7,315,340.3035613,3
night,prediction,27/01/2023,133,20.20161096,7,285,340.3278225,3
night,prediction,27/01/2023,134,20.29142427,8,315,392.7176319,4
night,prediction,27/01/2023,135,20.08325032,8,285,392.7442944,4
night,prediction,27/01/2023,136,20.00730178,9,315,445.0914261,5
night,prediction,27/01/2023,137,19.915825,9,285,445.1247503,5
night,prediction,27/01/2023,138,19.89819804,10,315,497.4074355,6
night,prediction,27/01/2023,139,19.81884767,10,285,497.440253,6
night,prediction,27/01/2023,140,20.0140276,11,315,547.0653071,7
night,prediction,27/01/2023,141,19.57723229,11,285,547.1195756,7
night,prediction,27/01/2023,142,19.75264473,12,315,601.618029,8
night,prediction,27/01/2023,143,19.32451257,12,285,601.6605713,8
night,prediction,27/01/2023,144,19.57274077,13,315,653.9364539,9
night,prediction,27/01/2023,145,19.50262361,13,285,653.982701,9
night,prediction,27/01/2023,146,18.49535225,15,315,758.7230603,11
night,prediction,27/01/2023,147,18.91075602,15,285,758.7459264,11
night,prediction,27/01/2023,148,18.6282339,16,315,811.0533048,12
night,prediction,27/01/2023,149,18.38630716,16,285,811.0783004,12
night,prediction,27/01/2023,150,18.32081044,17,315,864.3327177,13
night,prediction,27/01/2023,151,18.68232851,17,285,864.7984279,13
night,prediction,27/01/2023,152,18.25792792,18,315,915.8302908,14
night,prediction,27/01/2023,153,18.52376537,18,285,915.9132825,14
night,prediction,27/01/2023,154,18.13829758,19,315,968.1687416,15
night,prediction,27/01/2023,155,17.53192446,19,285,968.257489,15
night,prediction,27/01/2023,156,17.59637563,20,315,1020.50771,16
night,prediction,27/01/2023,157,18.12398204,20,285,1020.602464,16
night,prediction,27/01/2023,158,17.12564561,22,315,1125.325064,18
night,prediction,27/01/2023,159,17.16955854,22,285,1125.418946,18
night,prediction,27/01/2023,160,16.59792693,23,315,1177.672105,19
night,prediction,27/01/2023,161,16.66054713,23,285,1177.771991,19
night,prediction,27/01/2023,162,16.32361286,24,315,1230.019704,20
night,prediction,27/01/2023,163,16.51648259,24,285,1230.125828,20
night,prediction,27/01/2023,164,15.8634774,25,315,1282.367881,21
night,prediction,27/01/2023,165,16.01385051,25,285,1282.480408,21
night,prediction,27/01/2023,166,15.52601337,26,315,1336.465127,22
night,prediction,27/01/2023,167,15.99244268,26,285,1336.52642,22
night,prediction,27/01/2023,168,15.36516283,27,315,1387.202942,23
night,prediction,27/01/2023,169,16.03301393,27,285,1387.324556,23
night,prediction,27/01/2023,170,15.63612765,28,315,1439.558039,24
night,prediction,27/01/2023,171,15.56955898,28,285,1439.686577,24
night,prediction,27/01/2023,172,15.43844862,29,315,1491.913631,25
night,prediction,27/01/2023,173,14.75104926,29,285,1492.049339,25
night,prediction,27/01/2023,174,15.1075287,30,315,1544.269818,26
night,prediction,27/01/2023,175,14.35865014,30,285,1544.412941,26
night,prediction,27/01/2023,176,15.22306116,31,315,1596.626584,27
night,prediction,27/01/2023,177,14.32768737,31,285,1596.777335,27
night,prediction,27/01/2023,178,13.82669738,32,285,1651.270574,28
night,prediction,27/01/2023,179,15.30036293,32,315,1651.357841,28
night,prediction,27/01/2023,180,15.45066251,33,315,1701.492586,29
night,prediction,27/01/2023,181,14.41230981,33,285,1701.643671,29
night,prediction,27/01/2023,182,15.61843247,34,315,1753.855747,30
night,prediction,27/01/2023,183,14.54175322,34,285,1754.014674,30
night,prediction,27/01/2023,184,15.97576277,35,315,1806.219454,31
night,prediction,27/01/2023,186,19.25161164,14,285,707.0949879,10
night,prediction,27/01/2023,187,18.6314288,14,315,707.2566949,10
night,prediction,27/01/2023,188,18.22543692,21,285,1074.222209,17
night,prediction,27/01/2023,189,17.45694883,21,315,1074.259881,17
night,prediction,27/01/2023,255,19.51140643,14,255,707.2822212,10
night,prediction,27/01/2023,256,19.56711222,21,255,1074.502344,17
night,prediction,27/01/2023,259,22.1591597,5,255,235.522083,1
night,prediction,27/01/2023,261,21.29149178,6,255,287.9946529,2
night,prediction,27/01/2023,263,20.49945752,7,255,340.3248921,3
night,prediction,27/01/2023,265,20.00710472,8,255,392.744816,4
night,prediction,27/01/2023,267,19.88276329,9,255,445.1176749,5
night,prediction,27/01/2023,269,20.2257066,10,255,497.4367004,6
night,prediction,27/01/2023,271,19.61278655,11,255,547.1228311,7
night,prediction,27/01/2023,273,19.71784063,12,255,601.6579141,8
night,prediction,27/01/2023,275,19.49567,13,255,653.9799261,9
night,prediction,27/01/2023,277,18.84845331,15,255,758.7710354,11
night,prediction,27/01/2023,279,18.51527242,16,255,811.1051834,12
night,prediction,27/01/2023,281,18.58068308,17,255,864.341161,13
night,prediction,27/01/2023,283,18.61524387,18,255,915.8848451,14
night,prediction,27/01/2023,285,18.84796065,19,255,968.2274701,15
night,prediction,27/01/2023,287,19.40833163,20,255,1020.570848,16
night,prediction,27/01/2023,289,19.37557437,22,255,1125.414599,18
night,prediction,27/01/2023,291,19.09576136,23,255,1177.767456,19
night,prediction,27/01/2023,293,18.64291176,24,255,1230.121053,20
night,prediction,27/01/2023,295,18.27929027,25,255,1282.475394,21
night,prediction,27/01/2023,297,18.53795938,26,255,1336.521162,22
night,prediction,27/01/2023,299,18.4125486,27,255,1387.319066,23
night,prediction,27/01/2023,301,17.84189147,28,255,1439.680741,24
night,prediction,27/01/2023,303,17.05265132,29,255,1492.043271,25
night,prediction,27/01/2023,305,17.51364665,30,255,1544.40656,26
night,prediction,27/01/2023,307,18.22130899,31,255,1596.770659,27
night,prediction,27/01/2023,309,18.79571814,32,255,1651.263641,28
day,prediction,3/12/2022,1,37.48082327,0,255,5026.381231,0
day,prediction,27/12/2022,1,38.08561278,0,255,5026.381231,0
day,base,7/01/2023,1,34.51964369,0,255,5026.381231,0
day,prediction,27/01/2023,1,31.05991889,0,255,5026.381231,0
night,prediction,3/12/2022,1,22.41968173,0,255,5026.381231,0
night,base,25/12/2022,1,21.39222276,0,255,5026.381231,0
night,prediction,27/12/2022,1,28.47833717,0,255,5026.381231,0
night,prediction,7/01/2023,1,20.13245115,0,255,5026.381231,0
night,prediction,27/01/2023,1,21.80361173,0,255,5026.381231,0
day,prediction,3/12/2022,1,37.48082327,0,285,5026.381231,0
day,prediction,27/12/2022,1,38.08561278,0,285,5026.381231,0
day,base,7/01/2023,1,34.51964369,0,285,5026.381231,0
day,prediction,27/01/2023,1,31.05991889,0,285,5026.381231,0
night,prediction,3/12/2022,1,22.41968173,0,285,5026.381231,0
night,base,25/12/2022,1,21.39222276,0,285,5026.381231,0
night,prediction,27/12/2022,1,28.47833717,0,285,5026.381231,0
night,prediction,7/01/2023,1,20.13245115,0,285,5026.381231,0
night,prediction,27/01/2023,1,21.80361173,0,285,5026.381231,0
day,prediction,3/12/2022,1,37.48082327,0,315,5026.381231,0
day,prediction,27/12/2022,1,38.08561278,0,315,5026.381231,0
day,base,7/01/2023,1,34.51964369,0,315,5026.381231,0
day,prediction,27/01/2023,1,31.05991889,0,315,5026.381231,0
night,prediction,3/12/2022,1,22.41968173,0,315,5026.381231,0
night,base,25/12/2022,1,21.39222276,0,315,5026.381231,0
night,prediction,27/12/2022,1,28.47833717,0,315,5026.381231,0
night,prediction,7/01/2023,1,20.13245115,0,315,5026.381231,0
night,prediction,27/01/2023,1,21.80361173,0,315,5026.381231,0
day,prediction,3/12/2022,1,37.48082327,0,345,5026.381231,0
day,prediction,27/12/2022,1,38.08561278,0,345,5026.381231,0
day,base,7/01/2023,1,34.51964369,0,345,5026.381231,0
day,prediction,27/01/2023,1,31.05991889,0,345,5026.381231,0
night,prediction,3/12/2022,1,22.41968173,0,345,5026.381231,0
night,base,25/12/2022,1,21.39222276,0,345,5026.381231,0
night,prediction,27/12/2022,1,28.47833717,0,345,5026.381231,0
night,prediction,7/01/2023,1,20.13245115,0,345,5026.381231,0
night,prediction,27/01/2023,1,21.80361173,0,345,5026.381231,0
day,prediction,3/12/2022,1,37.48082327,0,45,5026.381231,0
day,prediction,27/12/2022,1,38.08561278,0,45,5026.381231,0
day,base,7/01/2023,1,34.51964369,0,45,5026.381231,0
day,prediction,27/01/2023,1,31.05991889,0,45,5026.381231,0
night,prediction,3/12/2022,1,22.41968173,0,45,5026.381231,0
night,base,25/12/2022,1,21.39222276,0,45,5026.381231,0
night,prediction,27/12/2022,1,28.47833717,0,45,5026.381231,0
night,prediction,7/01/2023,1,20.13245115,0,45,5026.381231,0
night,prediction,27/01/2023,1,21.80361173,0,45,5026.381231,0
day,prediction,3/12/2022,1,37.48082327,0,75,5026.381231,0
day,prediction,27/12/2022,1,38.08561278,0,75,5026.381231,0
day,base,7/01/2023,1,34.51964369,0,75,5026.381231,0
day,prediction,27/01/2023,1,31.05991889,0,75,5026.381231,0
night,prediction,3/12/2022,1,22.41968173,0,75,5026.381231,0
night,base,25/12/2022,1,21.39222276,0,75,5026.381231,0
night,prediction,27/12/2022,1,28.47833717,0,75,5026.381231,0
night,prediction,7/01/2023,1,20.13245115,0,75,5026.381231,0
night,prediction,27/01/2023,1,21.80361173,0,75,5026.381231,0
