temporal,date,id,mean_lst,distance,direction,area,use
day,3/12/2022,361,37.17907,0,15,0.9,prediction
day,3/12/2022,1,39.07741871,1,165,26.1588683337,prediction
day,3/12/2022,2,38.71925226,2,165,78.5320887888,prediction
day,3/12/2022,3,38.77987792,3,165,130.916650141,prediction
day,3/12/2022,4,38.70962078,4,165,183.310421724,prediction
day,3/12/2022,5,38.62235978,5,165,235.675126489,prediction
day,3/12/2022,6,37.8068798,6,165,288.059716914,prediction
day,3/12/2022,7,38.62655078,7,165,340.40027276,prediction
day,3/12/2022,8,39.40235284,8,165,392.825928488,prediction
day,3/12/2022,9,35.79078569,9,165,445.20954897,prediction
day,3/12/2022,10,36.86081185,10,165,497.534870608,prediction
day,3/12/2022,11,37.65653482,11,165,547.152727294,prediction
day,3/12/2022,12,32.0242504,12,165,601.752722326,prediction
day,3/12/2022,13,27.19950928,13,165,654.077375696,prediction
day,3/12/2022,14,26.53714675,14,165,707.437718627,prediction
day,3/12/2022,15,25.07572821,15,165,758.879133405,prediction
day,3/12/2022,16,24.83486627,16,165,811.213544416,prediction
day,3/12/2022,17,36.4408939,17,285,864.783493136,prediction
day,3/12/2022,18,24.60467771,18,165,916.008171598,prediction
day,3/12/2022,19,24.92047399,19,165,968.348947967,prediction
day,3/12/2022,20,25.71808449,20,165,1020.68951414,prediction
day,3/12/2022,21,28.75271853,21,165,1074.54249828,prediction
day,3/12/2022,22,35.51719514,22,165,1125.51728983,prediction
day,3/12/2022,23,37.25374329,23,165,1177.86387697,prediction
day,3/12/2022,24,37.34248085,24,165,1230.21017942,prediction
day,3/12/2022,31,38.2606847,1,225,26.1421622904,prediction
day,3/12/2022,32,38.42419356,1,195,26.1484865544,prediction
day,3/12/2022,33,37.91290108,1,75,26.148976916,prediction
day,3/12/2022,34,38.28705455,1,105,26.1489802967,prediction
day,3/12/2022,35,38.01461716,1,45,26.1492919353,prediction
day,3/12/2022,36,38.80541068,1,255,26.1493125373,prediction
day,3/12/2022,37,38.39194645,1,135,26.149317842,prediction
day,3/12/2022,38,38.47252718,1,285,26.149320641,prediction
day,3/12/2022,39,38.1622027,1,315,26.1495677872,prediction
day,3/12/2022,40,38.49422375,1,15,26.1499340473,prediction
day,3/12/2022,41,38.45825869,1,345,26.1500688971,prediction
day,3/12/2022,42,38.54988846,2,225,78.4865939041,prediction
day,3/12/2022,43,38.73073306,2,195,78.5016954405,prediction
day,3/12/2022,44,38.66753059,2,105,78.5047576509,prediction
day,3/12/2022,45,38.63048274,2,45,78.5051404983,prediction
day,3/12/2022,46,38.08553194,2,15,78.50635058,prediction
day,3/12/2022,47,38.27946584,2,315,78.506588238,prediction
day,3/12/2022,48,38.96897793,2,255,78.5069401867,prediction
day,3/12/2022,49,38.52666855,2,345,78.5070511329,prediction
day,3/12/2022,50,38.96958375,2,135,78.5072596515,prediction
day,3/12/2022,51,38.17310149,2,75,78.507621266,prediction
day,3/12/2022,52,38.99367854,2,285,78.5097908779,prediction
day,3/12/2022,53,36.36149126,3,225,130.83419649,prediction
day,3/12/2022,54,37.69340393,3,195,130.865764168,prediction
day,3/12/2022,55,38.81437048,3,135,130.866816893,prediction
day,3/12/2022,56,37.93867023,3,75,130.868089502,prediction
day,3/12/2022,57,37.91541086,3,45,130.869096061,prediction
day,3/12/2022,58,38.10103484,3,105,130.870643632,prediction
day,3/12/2022,59,37.48006059,3,15,130.871230267,prediction
day,3/12/2022,60,38.0726723,3,345,130.872835727,prediction
day,3/12/2022,61,38.60991042,3,315,130.873391001,prediction
day,3/12/2022,62,38.28922176,3,285,130.87356057,prediction
day,3/12/2022,63,38.34279896,3,255,130.87662654,prediction
day,3/12/2022,64,37.98328901,4,225,183.202760398,prediction
day,3/12/2022,65,38.02277469,4,195,183.241181439,prediction
day,3/12/2022,66,38.45543627,4,105,183.242955556,prediction
day,3/12/2022,67,38.88227176,4,75,183.244421032,prediction
day,3/12/2022,68,38.74385824,4,135,183.246181946,prediction
day,3/12/2022,69,38.2383662,4,15,183.246919315,prediction
day,3/12/2022,70,37.78207923,4,45,183.248158249,prediction
day,3/12/2022,71,37.80077278,4,345,183.24991072,prediction
day,3/12/2022,72,38.54777705,4,255,183.253658741,prediction
day,3/12/2022,73,38.55084564,4,285,183.255763257,prediction
day,3/12/2022,74,38.11211503,4,315,183.256425919,prediction
day,3/12/2022,75,37.68943577,5,225,235.5378245,prediction
day,3/12/2022,76,37.51458242,5,195,235.586306566,prediction
day,3/12/2022,77,38.72787006,5,75,235.586681799,prediction
day,3/12/2022,78,38.72663083,5,105,235.588284549,prediction
day,3/12/2022,79,38.22643171,5,45,235.589826951,prediction
day,3/12/2022,80,38.67972731,5,135,235.591466007,prediction
day,3/12/2022,81,37.94671647,5,15,235.597026849,prediction
day,3/12/2022,82,38.00317899,5,345,235.601945306,prediction
day,3/12/2022,83,37.46293714,5,315,235.603359681,prediction
day,3/12/2022,84,38.50914554,5,285,235.605230044,prediction
day,3/12/2022,85,38.16770219,5,255,235.606875989,prediction
day,3/12/2022,86,37.52987377,6,225,287.893716757,prediction
day,3/12/2022,87,39.34712063,6,105,287.952342449,prediction
day,3/12/2022,88,38.47824488,6,195,287.953574821,prediction
day,3/12/2022,89,37.92501665,6,75,287.954487322,prediction
day,3/12/2022,90,38.38764561,6,135,287.954804033,prediction
day,3/12/2022,91,37.79862923,6,45,287.957554831,prediction
day,3/12/2022,92,36.91062757,6,15,287.960622974,prediction
day,3/12/2022,93,37.56839027,6,345,287.968116355,prediction
day,3/12/2022,94,37.19714248,6,315,287.977630168,prediction
day,3/12/2022,95,36.51385792,6,255,287.979473221,prediction
day,3/12/2022,96,35.78112602,6,285,287.981779618,prediction
day,3/12/2022,97,38.60206212,7,225,340.206774681,prediction
day,3/12/2022,98,38.4499126,7,105,340.2706357,prediction
day,3/12/2022,99,37.30756624,7,75,340.271549334,prediction
day,3/12/2022,100,37.77471089,7,135,340.275296586,prediction
day,3/12/2022,101,38.94697907,7,195,340.276063867,prediction
day,3/12/2022,102,37.37943804,7,45,340.276678648,prediction
day,3/12/2022,103,36.83527429,7,15,340.284751843,prediction
day,3/12/2022,104,37.36091866,7,345,340.295141519,prediction
day,3/12/2022,105,35.96041994,7,315,340.304761915,prediction
day,3/12/2022,106,38.2471045,7,255,340.308783293,prediction
day,3/12/2022,107,35.64459155,7,285,340.309803081,prediction
day,3/12/2022,108,38.70534644,8,225,392.609087709,prediction
day,3/12/2022,109,37.82693615,8,75,392.674128151,prediction
day,3/12/2022,110,37.7519804,8,105,392.677146954,prediction
day,3/12/2022,111,37.07973253,8,45,392.681811001,prediction
day,3/12/2022,112,38.33140728,8,135,392.683283752,prediction
day,3/12/2022,113,38.41508377,8,195,392.683423375,prediction
day,3/12/2022,114,36.41009773,8,15,392.695837136,prediction
day,3/12/2022,115,36.78578576,8,345,392.709712269,prediction
day,3/12/2022,116,35.58696473,8,315,392.718288014,prediction
day,3/12/2022,117,37.54590397,8,285,392.725912691,prediction
day,3/12/2022,118,38.33726719,8,255,392.727876477,prediction
day,3/12/2022,119,38.85349544,9,225,444.967545613,prediction
day,3/12/2022,120,38.25499355,9,105,445.034567252,prediction
day,3/12/2022,121,37.52984434,9,75,445.040277329,prediction
day,3/12/2022,122,36.77592604,9,45,445.044364492,prediction
day,3/12/2022,123,38.63857105,9,135,445.047630348,prediction
day,3/12/2022,124,38.10540377,9,195,445.05299325,prediction
day,3/12/2022,125,36.0637026,9,15,445.06189049,prediction
day,3/12/2022,126,35.41953551,9,345,445.079436204,prediction
day,3/12/2022,127,35.06982735,9,315,445.092654475,prediction
day,3/12/2022,128,38.27840169,9,255,445.100751387,prediction
day,3/12/2022,129,37.40992604,9,285,445.105153265,prediction
day,3/12/2022,130,38.03058135,10,225,497.266228693,prediction
day,3/12/2022,131,37.64851436,10,105,497.337391364,prediction
day,3/12/2022,132,37.30020253,10,75,497.338930083,prediction
day,3/12/2022,133,38.58099607,10,135,497.348469066,prediction
day,3/12/2022,134,36.00167302,10,45,497.348890797,prediction
day,3/12/2022,135,37.11088944,10,195,497.360915159,prediction
day,3/12/2022,136,36.88952593,10,15,497.368061999,prediction
day,3/12/2022,137,34.95209528,10,345,497.390112246,prediction
day,3/12/2022,138,34.69806683,10,315,497.40865149,prediction
day,3/12/2022,139,37.76566883,10,255,497.419046738,prediction
day,3/12/2022,140,37.86665223,10,285,497.420665061,prediction
day,3/12/2022,141,37.52701438,11,225,546.903162294,prediction
day,3/12/2022,142,37.29373357,11,195,546.956662613,prediction
day,3/12/2022,143,36.96629152,11,15,546.961835945,prediction
day,3/12/2022,144,37.47371697,11,135,546.989476845,prediction
day,3/12/2022,145,34.18024125,11,345,546.992209207,prediction
day,3/12/2022,146,36.15930219,11,45,546.992632234,prediction
day,3/12/2022,147,37.18773101,11,75,547.000708722,prediction
day,3/12/2022,148,37.70015156,11,105,547.00681307,prediction
day,3/12/2022,149,34.33734679,11,315,547.068358919,prediction
day,3/12/2022,150,37.96012401,11,285,547.10048277,prediction
day,3/12/2022,151,38.10503903,11,255,547.10469891,prediction
day,3/12/2022,152,37.24917042,12,225,601.445836677,prediction
day,3/12/2022,153,36.7691245,12,105,601.521158094,prediction
day,3/12/2022,154,36.568012,12,75,601.521631113,prediction
day,3/12/2022,155,36.55982806,12,135,601.531126669,prediction
day,3/12/2022,156,35.57684435,12,45,601.532445915,prediction
day,3/12/2022,157,36.22552894,12,195,601.546952442,prediction
day,3/12/2022,158,36.32774541,12,15,601.549994255,prediction
day,3/12/2022,159,34.02867141,12,345,601.582898436,prediction
day,3/12/2022,160,34.26470246,12,315,601.620474081,prediction
day,3/12/2022,161,37.58235045,12,255,601.640315573,prediction
day,3/12/2022,162,38.27185865,12,285,601.64126025,prediction
day,3/12/2022,163,37.34022141,13,225,653.749348408,prediction
day,3/12/2022,164,36.68435466,13,105,653.821981781,prediction
day,3/12/2022,165,36.25215499,13,75,653.822554947,prediction
day,3/12/2022,166,37.47217907,13,135,653.834129524,prediction
day,3/12/2022,167,35.53399746,13,45,653.835724378,prediction
day,3/12/2022,168,36.41666334,13,195,653.857004574,prediction
day,3/12/2022,169,34.8208842,13,15,653.857246533,prediction
day,3/12/2022,170,32.57417638,13,345,653.896039442,prediction
day,3/12/2022,171,33.71531488,13,315,653.939654538,prediction
day,3/12/2022,172,36.99588078,13,255,653.962746366,prediction
day,3/12/2022,173,38.29536549,13,285,653.963824959,prediction
day,3/12/2022,174,37.75134737,14,225,706.908204273,prediction
day,3/12/2022,175,36.23000747,14,75,706.911391158,prediction
day,3/12/2022,176,37.4018531,14,135,706.99344984,prediction
day,3/12/2022,177,38.14816095,14,285,707.077105223,prediction
day,3/12/2022,178,36.24588623,14,105,707.099592883,prediction
day,3/12/2022,179,35.26492315,14,45,707.144348088,prediction
day,3/12/2022,180,34.90474004,14,15,707.152439805,prediction
day,3/12/2022,181,33.21286387,14,345,707.200965457,prediction
day,3/12/2022,182,34.35245947,14,195,707.223320408,prediction
day,3/12/2022,183,33.37126589,14,315,707.256506323,prediction
day,3/12/2022,184,37.58720767,14,255,707.267285282,prediction
day,3/12/2022,185,37.31081123,15,225,758.484798074,prediction
day,3/12/2022,186,36.15752557,15,75,758.538606215,prediction
day,3/12/2022,187,37.4211479,15,135,758.56495277,prediction
day,3/12/2022,188,36.33654854,15,105,758.56574345,prediction
day,3/12/2022,189,35.05405218,15,45,758.58921792,prediction
day,3/12/2022,190,34.55886996,15,15,758.617319606,prediction
day,3/12/2022,191,26.45399419,15,195,758.634128682,prediction
day,3/12/2022,192,33.36673967,15,345,758.669844378,prediction
day,3/12/2022,193,33.59521302,15,315,758.727653744,prediction
day,3/12/2022,194,37.81711069,15,285,758.728805537,prediction
day,3/12/2022,195,35.70643449,15,255,758.755698383,prediction
day,3/12/2022,196,35.1767227,16,225,810.798966762,prediction
day,3/12/2022,197,36.45089132,16,75,810.845114994,prediction
day,3/12/2022,198,35.67363114,16,105,810.874048291,prediction
day,3/12/2022,199,37.47225181,16,135,810.874751296,prediction
day,3/12/2022,200,35.95031328,16,45,810.90091175,prediction
day,3/12/2022,201,34.0372709,16,15,810.933963379,prediction
day,3/12/2022,202,24.54240346,16,195,810.955736004,prediction
day,3/12/2022,203,33.71568156,16,345,810.993894777,prediction
day,3/12/2022,204,33.6512085,16,315,811.059153639,prediction
day,3/12/2022,205,36.85533154,16,285,811.062448387,prediction
day,3/12/2022,206,35.28989368,16,255,811.091073808,prediction
day,3/12/2022,207,36.52179265,17,105,864.082555014,prediction
day,3/12/2022,208,35.92232144,17,45,864.159798579,prediction
day,3/12/2022,209,21.89998369,17,195,864.320131185,prediction
day,3/12/2022,210,34.72044471,17,255,864.328430686,prediction
day,3/12/2022,211,33.82820994,17,315,864.340763528,prediction
day,3/12/2022,212,34.91415163,17,225,864.434341191,prediction
day,3/12/2022,213,34.50597001,17,15,864.438434635,prediction
day,3/12/2022,214,37.71530687,17,135,864.502557439,prediction
day,3/12/2022,215,33.10317005,17,345,864.503329694,prediction
day,3/12/2022,216,36.45564605,17,75,864.537255183,prediction
day,3/12/2022,217,25.06830493,17,165,864.593146426,prediction
day,3/12/2022,218,35.27778784,18,225,915.58915721,prediction
day,3/12/2022,219,36.56359984,18,105,915.597310755,prediction
day,3/12/2022,220,35.27818372,18,75,915.623591996,prediction
day,3/12/2022,221,35.34518694,18,45,915.637247911,prediction
day,3/12/2022,222,37.7562878,18,135,915.652165759,prediction
day,3/12/2022,223,34.54300352,18,15,915.710469659,prediction
day,3/12/2022,224,21.36942704,18,195,915.725934618,prediction
day,3/12/2022,225,32.34924165,18,345,915.786279166,prediction
day,3/12/2022,226,34.17483138,18,315,915.83925752,prediction
day,3/12/2022,227,35.02246565,18,255,915.873920636,prediction
day,3/12/2022,228,35.3664059,18,285,915.900561915,prediction
day,3/12/2022,229,36.57014008,19,105,967.909398761,prediction
day,3/12/2022,230,37.51344175,19,225,967.914389442,prediction
day,3/12/2022,231,34.02849548,19,75,967.937262268,prediction
day,3/12/2022,232,34.01060026,19,45,967.953625279,prediction
day,3/12/2022,233,37.53331684,19,135,967.96920464,prediction
day,3/12/2022,234,34.23158798,19,15,968.034633446,prediction
day,3/12/2022,235,21.20550119,19,195,968.055546242,prediction
day,3/12/2022,236,32.50610999,19,345,968.119276911,prediction
day,3/12/2022,237,33.88449625,19,315,968.179492611,prediction
day,3/12/2022,238,36.04702731,19,255,968.218473936,prediction
day,3/12/2022,239,35.09010301,19,285,968.246820865,prediction
day,3/12/2022,240,36.63685323,20,105,1020.22073198,prediction
day,3/12/2022,241,37.74314813,20,225,1020.24029023,prediction
day,3/12/2022,242,34.39312118,20,75,1020.25015995,prediction
day,3/12/2022,243,33.65052458,20,45,1020.26945164,prediction
day,3/12/2022,244,37.5995114,20,135,1020.28562,prediction
day,3/12/2022,245,32.75193813,20,15,1020.3586323,prediction
day,3/12/2022,246,21.2641022,20,195,1020.38537183,prediction
day,3/12/2022,247,32.66930247,20,345,1020.45253703,prediction
day,3/12/2022,248,34.04505528,20,315,1020.52043405,prediction
day,3/12/2022,249,35.44781491,20,255,1020.56405306,prediction
day,3/12/2022,250,34.26606059,20,285,1020.59402321,prediction
day,3/12/2022,251,37.26468052,21,225,1073.74745918,prediction
day,3/12/2022,252,37.44118931,21,135,1073.76805203,prediction
day,3/12/2022,253,34.39475748,21,75,1073.84509471,prediction
day,3/12/2022,254,32.82796076,21,45,1073.99224514,prediction
day,3/12/2022,255,31.74156943,21,15,1074.08747563,prediction
day,3/12/2022,256,36.73007497,21,105,1074.11172432,prediction
day,3/12/2022,257,32.20689574,21,345,1074.18632633,prediction
day,3/12/2022,258,22.02654815,21,195,1074.19059563,prediction
day,3/12/2022,259,34.64258575,21,285,1074.20728628,prediction
day,3/12/2022,260,33.87962059,21,315,1074.27874941,prediction
day,3/12/2022,261,35.00268336,21,255,1074.50378336,prediction
day,3/12/2022,262,36.72655605,22,105,1124.99505457,prediction
day,3/12/2022,263,33.7555908,22,75,1124.99866854,prediction
day,3/12/2022,264,37.62675166,22,225,1125.00912546,prediction
day,3/12/2022,265,37.42105984,22,135,1125.03033604,prediction
day,3/12/2022,266,32.89671618,22,45,1125.0365688,prediction
day,3/12/2022,267,31.2305087,22,15,1125.14278858,prediction
day,3/12/2022,268,26.57190483,22,195,1125.18958872,prediction
day,3/12/2022,269,32.49100525,22,345,1125.25634889,prediction
day,3/12/2022,270,33.55169032,22,315,1125.34266539,prediction
day,3/12/2022,271,34.90936646,22,255,1125.41362315,prediction
day,3/12/2022,272,34.90891167,22,285,1125.41494883,prediction
day,3/12/2022,273,36.69322871,23,105,1177.31112423,prediction
day,3/12/2022,274,33.06069915,23,75,1177.3150084,prediction
day,3/12/2022,275,38.2075081,23,225,1177.34236285,prediction
day,3/12/2022,276,37.58568488,23,135,1177.35018859,prediction
day,3/12/2022,277,32.64145807,23,45,1177.35692372,prediction
day,3/12/2022,278,30.97522917,23,15,1177.47240482,prediction
day,3/12/2022,279,34.14194988,23,195,1177.52690799,prediction
day,3/12/2022,280,33.29355117,23,345,1177.59668494,prediction
day,3/12/2022,281,34.29832767,23,315,1177.69223154,prediction
day,3/12/2022,282,34.9219291,23,255,1177.76947909,prediction
day,3/12/2022,283,35.19634412,23,285,1177.77099231,prediction
day,3/12/2022,284,36.55310528,24,105,1229.62646731,prediction
day,3/12/2022,285,32.67544413,24,75,1229.63061299,prediction
day,3/12/2022,286,37.33748077,24,135,1229.6694143,prediction
day,3/12/2022,287,37.70009102,24,225,1229.6762407,prediction
day,3/12/2022,288,32.54522647,24,45,1229.67680296,prediction
day,3/12/2022,291,33.30589631,24,345,1229.93735902,prediction
day,3/12/2022,292,34.47392839,24,315,1230.0425277,prediction
day,3/12/2022,293,35.1961163,24,255,1230.12637227,prediction
day,3/12/2022,294,34.37618983,24,285,1230.12815714,prediction
day,3/12/2022,295,35.7610512,25,105,1281.94101005,prediction
day,3/12/2022,296,32.56184428,25,75,1281.94545509,prediction
day,3/12/2022,297,37.38743077,25,135,1281.98801862,prediction
day,3/12/2022,298,32.88654753,25,45,1281.99601257,prediction
day,3/12/2022,299,36.34689103,25,225,1282.0107427,prediction
day,3/12/2022,303,34.38750498,25,315,1282.39359165,prediction
day,3/12/2022,304,35.17867045,25,255,1282.48427264,prediction
day,3/12/2022,305,35.15761076,25,285,1282.48626986,prediction
day,3/12/2022,306,36.77065346,26,105,1335.94636579,prediction
day,3/12/2022,307,31.27148025,26,75,1335.94686661,prediction
day,3/12/2022,308,37.12783404,26,135,1336.053695,prediction
day,3/12/2022,309,32.37376837,26,45,1336.0622659,prediction
day,3/12/2022,310,35.74711303,26,225,1336.09378827,prediction
day,3/12/2022,314,34.67876781,26,315,1336.49391968,prediction
day,3/12/2022,315,34.69979558,26,255,1336.53171427,prediction
day,3/12/2022,316,35.72339489,26,285,1336.53812588,prediction
day,3/12/2022,317,36.82076994,27,105,1386.70041475,prediction
day,3/12/2022,318,31.27158741,27,75,1386.70513346,prediction
day,3/12/2022,319,37.14090411,27,135,1386.76048224,prediction
day,3/12/2022,320,32.35604297,27,45,1386.76970677,prediction
day,3/12/2022,321,35.46036703,27,225,1386.81886773,prediction
day,3/12/2022,325,34.41932199,27,315,1387.23503065,prediction
day,3/12/2022,326,34.581513,27,255,1387.33562104,prediction
day,3/12/2022,327,34.62400786,27,285,1387.33847392,prediction
day,3/12/2022,328,36.51529267,28,105,1439.01773273,prediction
day,3/12/2022,329,31.0652411,28,75,1439.02265301,prediction
day,3/12/2022,330,37.16266539,28,135,1439.08243693,prediction
day,3/12/2022,331,31.20734543,28,45,1439.09234714,prediction
day,3/12/2022,332,35.60552121,28,225,1439.16057605,prediction
day,3/12/2022,336,33.84349887,28,315,1439.59346859,prediction
day,3/12/2022,337,33.91489738,28,255,1439.70166378,prediction
day,3/12/2022,338,35.07666426,28,285,1439.70478145,prediction
day,3/12/2022,339,36.82769991,29,105,1491.33427335,prediction
day,3/12/2022,340,30.98782616,29,75,1491.33954379,prediction
day,3/12/2022,341,37.37998485,29,135,1491.40380652,prediction
day,3/12/2022,342,30.60187043,29,45,1491.41441585,prediction
day,3/12/2022,343,36.29524571,29,225,1491.5029301,prediction
day,3/12/2022,347,33.0554987,29,315,1491.95272129,prediction
day,3/12/2022,348,35.98638166,29,255,1492.06879036,prediction
day,3/12/2022,349,32.57130834,29,285,1492.07222963,prediction
day,3/12/2022,351,28.22227684,30,75,1543.65559389,prediction
day,3/12/2022,352,37.06337088,30,135,1543.72456742,prediction
day,3/12/2022,353,30.47326687,30,45,1543.73587725,prediction
day,3/12/2022,354,36.60080329,30,225,1543.84595568,prediction
day,3/12/2022,358,33.31977674,30,315,1544.3126586,prediction
day,3/12/2022,360,36.81818748,30,255,1544.43689287,prediction
day,27/12/2022,361,38.394221,0,15,0.9,prediction
day,27/12/2022,1,39.56514453,1,165,26.1588683337,prediction
day,27/12/2022,2,39.08379755,2,165,78.5320887888,prediction
day,27/12/2022,3,39.44352222,3,165,130.916650141,prediction
day,27/12/2022,4,39.58140062,4,165,183.310421724,prediction
day,27/12/2022,5,39.52307863,5,165,235.675126489,prediction
day,27/12/2022,6,39.01456299,6,165,288.059716914,prediction
day,27/12/2022,7,40.04612985,7,165,340.40027276,prediction
day,27/12/2022,8,40.68593497,8,165,392.825928488,prediction
day,27/12/2022,9,37.15473926,9,165,445.20954897,prediction
day,27/12/2022,10,38.29636533,10,165,497.534870608,prediction
day,27/12/2022,11,39.26617931,11,165,547.152727294,prediction
day,27/12/2022,12,33.37983854,12,165,601.752722326,prediction
day,27/12/2022,13,28.48827337,13,165,654.077375696,prediction
day,27/12/2022,14,27.86258108,14,165,707.437718627,prediction
day,27/12/2022,15,26.41516789,15,165,758.879133405,prediction
day,27/12/2022,16,25.88126238,16,165,811.213544416,prediction
day,27/12/2022,17,39.06789422,17,285,864.783493136,prediction
day,27/12/2022,18,25.9564445,18,165,916.008171598,prediction
day,27/12/2022,19,25.9103509,19,165,968.348947967,prediction
day,27/12/2022,20,26.48364771,20,165,1020.68951414,prediction
day,27/12/2022,21,29.0079565,21,165,1074.54249828,prediction
day,27/12/2022,22,34.87939835,22,165,1125.51728983,prediction
day,27/12/2022,23,37.39706942,23,165,1177.86387697,prediction
day,27/12/2022,24,37.85247648,24,165,1230.21017942,prediction
day,27/12/2022,31,38.70213327,1,225,26.1421622904,prediction
day,27/12/2022,32,38.89615667,1,195,26.1484865544,prediction
day,27/12/2022,33,39.14246595,1,75,26.148976916,prediction
day,27/12/2022,34,39.22637203,1,105,26.1489802967,prediction
day,27/12/2022,35,39.53393904,1,45,26.1492919353,prediction
day,27/12/2022,36,39.37515435,1,255,26.1493125373,prediction
day,27/12/2022,37,38.99044672,1,135,26.149317842,prediction
day,27/12/2022,38,39.49357194,1,285,26.149320641,prediction
day,27/12/2022,39,39.52617586,1,315,26.1495677872,prediction
day,27/12/2022,40,40.25130552,1,15,26.1499340473,prediction
day,27/12/2022,41,40.08401237,1,345,26.1500688971,prediction
day,27/12/2022,42,39.21605493,2,225,78.4865939041,prediction
day,27/12/2022,43,39.31641337,2,195,78.5016954405,prediction
day,27/12/2022,44,39.37648987,2,105,78.5047576509,prediction
day,27/12/2022,45,39.87828063,2,45,78.5051404983,prediction
day,27/12/2022,46,40.24811869,2,15,78.50635058,prediction
day,27/12/2022,47,39.63331211,2,315,78.506588238,prediction
day,27/12/2022,48,39.36575248,2,255,78.5069401867,prediction
day,27/12/2022,49,40.53604489,2,345,78.5070511329,prediction
day,27/12/2022,50,39.43571398,2,135,78.5072596515,prediction
day,27/12/2022,51,39.22145172,2,75,78.507621266,prediction
day,27/12/2022,52,39.72696104,2,285,78.5097908779,prediction
day,27/12/2022,53,37.48347492,3,225,130.83419649,prediction
day,27/12/2022,54,38.7630285,3,195,130.865764168,prediction
day,27/12/2022,55,39.28200923,3,135,130.866816893,prediction
day,27/12/2022,56,38.7360451,3,75,130.868089502,prediction
day,27/12/2022,57,38.86774759,3,45,130.869096061,prediction
day,27/12/2022,58,38.79413866,3,105,130.870643632,prediction
day,27/12/2022,59,39.09800034,3,15,130.871230267,prediction
day,27/12/2022,60,39.84945439,3,345,130.872835727,prediction
day,27/12/2022,61,39.86930015,3,315,130.873391001,prediction
day,27/12/2022,62,39.02492244,3,285,130.87356057,prediction
day,27/12/2022,63,39.04388267,3,255,130.87662654,prediction
day,27/12/2022,64,39.41721253,4,225,183.202760398,prediction
day,27/12/2022,65,39.2859055,4,195,183.241181439,prediction
day,27/12/2022,66,39.0890608,4,105,183.242955556,prediction
day,27/12/2022,67,39.43321446,4,75,183.244421032,prediction
day,27/12/2022,68,39.48085117,4,135,183.246181946,prediction
day,27/12/2022,69,39.19472433,4,15,183.246919315,prediction
day,27/12/2022,70,38.78162384,4,45,183.248158249,prediction
day,27/12/2022,71,38.81521459,4,345,183.24991072,prediction
day,27/12/2022,72,39.74910439,4,255,183.253658741,prediction
day,27/12/2022,73,39.457255,4,285,183.255763257,prediction
day,27/12/2022,74,39.3334148,4,315,183.256425919,prediction
day,27/12/2022,75,39.28612701,5,225,235.5378245,prediction
day,27/12/2022,76,38.73302279,5,195,235.586306566,prediction
day,27/12/2022,77,39.59438991,5,75,235.586681799,prediction
day,27/12/2022,78,39.35613354,5,105,235.588284549,prediction
day,27/12/2022,79,39.40146232,5,45,235.589826951,prediction
day,27/12/2022,80,39.8782102,5,135,235.591466007,prediction
day,27/12/2022,81,38.99382782,5,15,235.597026849,prediction
day,27/12/2022,82,38.99530547,5,345,235.601945306,prediction
day,27/12/2022,83,38.79041503,5,315,235.603359681,prediction
day,27/12/2022,84,39.72705117,5,285,235.605230044,prediction
day,27/12/2022,85,39.79704357,5,255,235.606875989,prediction
day,27/12/2022,86,39.11680805,6,225,287.893716757,prediction
day,27/12/2022,87,40.06567078,6,105,287.952342449,prediction
day,27/12/2022,88,39.94505818,6,195,287.953574821,prediction
day,27/12/2022,89,39.36386746,6,75,287.954487322,prediction
day,27/12/2022,90,39.4540292,6,135,287.954804033,prediction
day,27/12/2022,91,39.11754668,6,45,287.957554831,prediction
day,27/12/2022,92,38.31972291,6,15,287.960622974,prediction
day,27/12/2022,93,38.78397745,6,345,287.968116355,prediction
day,27/12/2022,94,38.57406937,6,315,287.977630168,prediction
day,27/12/2022,95,38.33605773,6,255,287.979473221,prediction
day,27/12/2022,96,37.71308659,6,285,287.981779618,prediction
day,27/12/2022,97,40.12867975,7,225,340.206774681,prediction
day,27/12/2022,98,39.27011273,7,105,340.2706357,prediction
day,27/12/2022,99,38.8323536,7,75,340.271549334,prediction
day,27/12/2022,100,38.50094802,7,135,340.275296586,prediction
day,27/12/2022,101,40.467954,7,195,340.276063867,prediction
day,27/12/2022,102,39.04810887,7,45,340.276678648,prediction
day,27/12/2022,103,38.5972671,7,15,340.284751843,prediction
day,27/12/2022,104,38.72891491,7,345,340.295141519,prediction
day,27/12/2022,105,37.44168263,7,315,340.304761915,prediction
day,27/12/2022,106,39.79616031,7,255,340.308783293,prediction
day,27/12/2022,107,37.62102511,7,285,340.309803081,prediction
day,27/12/2022,108,40.31592649,8,225,392.609087709,prediction
day,27/12/2022,109,39.27776705,8,75,392.674128151,prediction
day,27/12/2022,110,38.71514786,8,105,392.677146954,prediction
day,27/12/2022,111,38.98932247,8,45,392.681811001,prediction
day,27/12/2022,112,38.70662092,8,135,392.683283752,prediction
day,27/12/2022,113,40.28156295,8,195,392.683423375,prediction
day,27/12/2022,114,38.24895785,8,15,392.695837136,prediction
day,27/12/2022,115,38.24267504,8,345,392.709712269,prediction
day,27/12/2022,116,37.29408189,8,315,392.718288014,prediction
day,27/12/2022,117,39.28252039,8,285,392.725912691,prediction
day,27/12/2022,118,39.78596782,8,255,392.727876477,prediction
day,27/12/2022,119,40.59501944,9,225,444.967545613,prediction
day,27/12/2022,120,39.30162185,9,105,445.034567252,prediction
day,27/12/2022,121,39.13781905,9,75,445.040277329,prediction
day,27/12/2022,122,38.97911965,9,45,445.044364492,prediction
day,27/12/2022,123,38.47116584,9,135,445.047630348,prediction
day,27/12/2022,124,40.41512311,9,195,445.05299325,prediction
day,27/12/2022,125,37.72236378,9,15,445.06189049,prediction
day,27/12/2022,126,36.88234196,9,345,445.079436204,prediction
day,27/12/2022,127,37.07809693,9,315,445.092654475,prediction
day,27/12/2022,128,39.94746448,9,255,445.100751387,prediction
day,27/12/2022,129,39.05023865,9,285,445.105153265,prediction
day,27/12/2022,130,40.1843136,10,225,497.266228693,prediction
day,27/12/2022,131,38.86701779,10,105,497.337391364,prediction
day,27/12/2022,132,39.07616383,10,75,497.338930083,prediction
day,27/12/2022,133,38.30157008,10,135,497.348469066,prediction
day,27/12/2022,134,38.57842126,10,45,497.348890797,prediction
day,27/12/2022,135,39.57622364,10,195,497.360915159,prediction
day,27/12/2022,136,38.41852935,10,15,497.368061999,prediction
day,27/12/2022,137,36.40326471,10,345,497.390112246,prediction
day,27/12/2022,138,36.8431756,10,315,497.40865149,prediction
day,27/12/2022,139,39.72180822,10,255,497.419046738,prediction
day,27/12/2022,140,39.40985202,10,285,497.420665061,prediction
day,27/12/2022,141,40.26926932,11,225,546.903162294,prediction
day,27/12/2022,142,39.46499081,11,195,546.956662613,prediction
day,27/12/2022,143,38.66478477,11,15,546.961835945,prediction
day,27/12/2022,144,37.57092372,11,135,546.989476845,prediction
day,27/12/2022,145,35.66340803,11,345,546.992209207,prediction
day,27/12/2022,146,38.93375072,11,45,546.992632234,prediction
day,27/12/2022,147,39.06577907,11,75,547.000708722,prediction
day,27/12/2022,148,39.14047488,11,105,547.00681307,prediction
day,27/12/2022,149,36.51219488,11,315,547.068358919,prediction
day,27/12/2022,150,39.4487981,11,285,547.10048277,prediction
day,27/12/2022,151,40.24560279,11,255,547.10469891,prediction
day,27/12/2022,152,40.44882314,12,225,601.445836677,prediction
day,27/12/2022,153,38.29803147,12,105,601.521158094,prediction
day,27/12/2022,154,38.73154766,12,75,601.521631113,prediction
day,27/12/2022,155,36.91930454,12,135,601.531126669,prediction
day,27/12/2022,156,38.49984194,12,45,601.532445915,prediction
day,27/12/2022,157,38.15637132,12,195,601.546952442,prediction
day,27/12/2022,158,38.30273075,12,15,601.549994255,prediction
day,27/12/2022,159,35.35005396,12,345,601.582898436,prediction
day,27/12/2022,160,36.37879626,12,315,601.620474081,prediction
day,27/12/2022,161,39.78169108,12,255,601.640315573,prediction
day,27/12/2022,162,39.88935245,12,285,601.64126025,prediction
day,27/12/2022,163,40.59892835,13,225,653.749348408,prediction
day,27/12/2022,164,38.35497413,13,105,653.821981781,prediction
day,27/12/2022,165,38.64925629,13,75,653.822554947,prediction
day,27/12/2022,166,38.06941688,13,135,653.834129524,prediction
day,27/12/2022,167,38.62141578,13,45,653.835724378,prediction
day,27/12/2022,168,38.13412826,13,195,653.857004574,prediction
day,27/12/2022,169,37.15143296,13,15,653.857246533,prediction
day,27/12/2022,170,34.4639802,13,345,653.896039442,prediction
day,27/12/2022,171,35.81391875,13,315,653.939654538,prediction
day,27/12/2022,172,39.19654205,13,255,653.962746366,prediction
day,27/12/2022,173,39.98254634,13,285,653.963824959,prediction
day,27/12/2022,174,40.80928739,14,225,706.908204273,prediction
day,27/12/2022,175,38.56173229,14,75,706.911391158,prediction
day,27/12/2022,176,38.01476018,14,135,706.99344984,prediction
day,27/12/2022,177,39.98026892,14,285,707.077105223,prediction
day,27/12/2022,178,38.00143152,14,105,707.099592883,prediction
day,27/12/2022,179,38.38009834,14,45,707.144348088,prediction
day,27/12/2022,180,36.70568089,14,15,707.152439805,prediction
day,27/12/2022,181,34.85642828,14,345,707.200965457,prediction
day,27/12/2022,182,36.16544719,14,195,707.223320408,prediction
day,27/12/2022,183,35.69101707,14,315,707.256506323,prediction
day,27/12/2022,184,39.91494755,14,255,707.267285282,prediction
day,27/12/2022,185,40.34513502,15,225,758.484798074,prediction
day,27/12/2022,186,38.38864446,15,75,758.538606215,prediction
day,27/12/2022,187,37.98866979,15,135,758.56495277,prediction
day,27/12/2022,188,38.05744024,15,105,758.56574345,prediction
day,27/12/2022,189,37.79681073,15,45,758.58921792,prediction
day,27/12/2022,190,36.63676084,15,15,758.617319606,prediction
day,27/12/2022,191,28.57958432,15,195,758.634128682,prediction
day,27/12/2022,192,34.88058856,15,345,758.669844378,prediction
day,27/12/2022,193,36.08686149,15,315,758.727653744,prediction
day,27/12/2022,194,39.73121464,15,285,758.728805537,prediction
day,27/12/2022,195,38.52799959,15,255,758.755698383,prediction
day,27/12/2022,196,38.7362651,16,225,810.798966762,prediction
day,27/12/2022,197,38.81072981,16,75,810.845114994,prediction
day,27/12/2022,198,37.39367293,16,105,810.874048291,prediction
day,27/12/2022,199,38.00594406,16,135,810.874751296,prediction
day,27/12/2022,200,38.20816295,16,45,810.90091175,prediction
day,27/12/2022,201,36.18688496,16,15,810.933963379,prediction
day,27/12/2022,202,26.287154,16,195,810.955736004,prediction
day,27/12/2022,203,35.08594554,16,345,810.993894777,prediction
day,27/12/2022,204,36.27253826,16,315,811.059153639,prediction
day,27/12/2022,205,39.03214001,16,285,811.062448387,prediction
day,27/12/2022,206,38.45455652,16,255,811.091073808,prediction
day,27/12/2022,207,38.29098117,17,105,864.082555014,prediction
day,27/12/2022,208,38.27415634,17,45,864.159798579,prediction
day,27/12/2022,209,23.80003588,17,195,864.320131185,prediction
day,27/12/2022,210,38.20811661,17,255,864.328430686,prediction
day,27/12/2022,211,36.5237327,17,315,864.340763528,prediction
day,27/12/2022,212,38.84201125,17,225,864.434341191,prediction
day,27/12/2022,213,36.68337867,17,15,864.438434635,prediction
day,27/12/2022,214,38.30167848,17,135,864.502557439,prediction
day,27/12/2022,215,34.53855277,17,345,864.503329694,prediction
day,27/12/2022,216,39.00376169,17,75,864.537255183,prediction
day,27/12/2022,217,26.18170803,17,165,864.593146426,prediction
day,27/12/2022,218,38.98303956,18,225,915.58915721,prediction
day,27/12/2022,219,38.47096387,18,105,915.597310755,prediction
day,27/12/2022,220,38.00853043,18,75,915.623591996,prediction
day,27/12/2022,221,38.08707565,18,45,915.637247911,prediction
day,27/12/2022,222,38.34307163,18,135,915.652165759,prediction
day,27/12/2022,223,36.69610842,18,15,915.710469659,prediction
day,27/12/2022,224,23.39212346,18,195,915.725934618,prediction
day,27/12/2022,225,34.03424994,18,345,915.786279166,prediction
day,27/12/2022,226,36.97276305,18,315,915.83925752,prediction
day,27/12/2022,227,38.75960676,18,255,915.873920636,prediction
day,27/12/2022,228,38.44785545,18,285,915.900561915,prediction
day,27/12/2022,229,38.4895997,19,105,967.909398761,prediction
day,27/12/2022,230,40.64824073,19,225,967.914389442,prediction
day,27/12/2022,231,36.82452881,19,75,967.937262268,prediction
day,27/12/2022,232,37.16265843,19,45,967.953625279,prediction
day,27/12/2022,233,38.18013278,19,135,967.96920464,prediction
day,27/12/2022,234,36.30814262,19,15,968.034633446,prediction
day,27/12/2022,235,23.40267603,19,195,968.055546242,prediction
day,27/12/2022,236,34.27559425,19,345,968.119276911,prediction
day,27/12/2022,237,36.79452496,19,315,968.179492611,prediction
day,27/12/2022,238,39.87223951,19,255,968.218473936,prediction
day,27/12/2022,239,38.5219381,19,285,968.246820865,prediction
day,27/12/2022,240,38.40820579,20,105,1020.22073198,prediction
day,27/12/2022,241,40.89863551,20,225,1020.24029023,prediction
day,27/12/2022,242,37.0618341,20,75,1020.25015995,prediction
day,27/12/2022,243,37.02883293,20,45,1020.26945164,prediction
day,27/12/2022,244,38.33695116,20,135,1020.28562,prediction
day,27/12/2022,245,35.25436617,20,15,1020.3586323,prediction
day,27/12/2022,246,23.65277001,20,195,1020.38537183,prediction
day,27/12/2022,247,34.43665225,20,345,1020.45253703,prediction
day,27/12/2022,248,37.20071227,20,315,1020.52043405,prediction
day,27/12/2022,249,39.40225442,20,255,1020.56405306,prediction
day,27/12/2022,250,38.06474214,20,285,1020.59402321,prediction
day,27/12/2022,251,40.58506015,21,225,1073.74745918,prediction
day,27/12/2022,252,38.33071106,21,135,1073.76805203,prediction
day,27/12/2022,253,37.00839452,21,75,1073.84509471,prediction
day,27/12/2022,254,36.20592192,21,45,1073.99224514,prediction
day,27/12/2022,255,34.61858388,21,15,1074.08747563,prediction
day,27/12/2022,256,38.41248412,21,105,1074.11172432,prediction
day,27/12/2022,257,34.47885633,21,345,1074.18632633,prediction
day,27/12/2022,258,24.3735562,21,195,1074.19059563,prediction
day,27/12/2022,259,38.65270502,21,285,1074.20728628,prediction
day,27/12/2022,260,37.23753213,21,315,1074.27874941,prediction
day,27/12/2022,261,39.24573505,21,255,1074.50378336,prediction
day,27/12/2022,262,38.38186109,22,105,1124.99505457,prediction
day,27/12/2022,263,36.38024665,22,75,1124.99866854,prediction
day,27/12/2022,264,40.5721269,22,225,1125.00912546,prediction
day,27/12/2022,265,38.53822471,22,135,1125.03033604,prediction
day,27/12/2022,266,36.39437862,22,45,1125.0365688,prediction
day,27/12/2022,267,34.04348026,22,15,1125.14278858,prediction
day,27/12/2022,268,29.32366389,22,195,1125.18958872,prediction
day,27/12/2022,269,34.96133866,22,345,1125.25634889,prediction
day,27/12/2022,270,37.20080975,22,315,1125.34266539,prediction
day,27/12/2022,271,39.57564797,22,255,1125.41362315,prediction
day,27/12/2022,272,39.36193271,22,285,1125.41494883,prediction
day,27/12/2022,273,38.22967607,23,105,1177.31112423,prediction
day,27/12/2022,274,35.69322062,23,75,1177.3150084,prediction
day,27/12/2022,275,41.01235526,23,225,1177.34236285,prediction
day,27/12/2022,276,38.83160898,23,135,1177.35018859,prediction
day,27/12/2022,277,36.1240132,23,45,1177.35692372,prediction
day,27/12/2022,278,33.54485568,23,15,1177.47240482,prediction
day,27/12/2022,279,36.74882829,23,195,1177.52690799,prediction
day,27/12/2022,280,35.90200432,23,345,1177.59668494,prediction
day,27/12/2022,281,37.86904408,23,315,1177.69223154,prediction
day,27/12/2022,282,39.61746039,23,255,1177.76947909,prediction
day,27/12/2022,283,39.96717581,23,285,1177.77099231,prediction
day,27/12/2022,284,38.19848671,24,105,1229.62646731,prediction
day,27/12/2022,285,35.36417511,24,75,1229.63061299,prediction
day,27/12/2022,286,38.73876772,24,135,1229.6694143,prediction
day,27/12/2022,287,40.92011165,24,225,1229.6762407,prediction
day,27/12/2022,288,35.89235113,24,45,1229.67680296,prediction
day,27/12/2022,291,36.01025995,24,345,1229.93735902,prediction
day,27/12/2022,292,38.02355609,24,315,1230.0425277,prediction
day,27/12/2022,293,40.15326295,24,255,1230.12637227,prediction
day,27/12/2022,294,39.42904732,24,285,1230.12815714,prediction
day,27/12/2022,295,37.65306734,25,105,1281.94101005,prediction
day,27/12/2022,296,35.25813999,25,75,1281.94545509,prediction
day,27/12/2022,297,39.02939839,25,135,1281.98801862,prediction
day,27/12/2022,298,36.15749527,25,45,1281.99601257,prediction
day,27/12/2022,299,39.83627847,25,225,1282.0107427,prediction
day,27/12/2022,303,37.98423451,25,315,1282.39359165,prediction
day,27/12/2022,304,40.3631851,25,255,1282.48427264,prediction
day,27/12/2022,305,40.25386364,25,285,1282.48626986,prediction
day,27/12/2022,306,38.36622695,26,105,1335.94636579,prediction
day,27/12/2022,307,34.20132571,26,75,1335.94686661,prediction
day,27/12/2022,308,38.94122187,26,135,1336.053695,prediction
day,27/12/2022,309,35.71136333,26,45,1336.0622659,prediction
day,27/12/2022,310,39.35824434,26,225,1336.09378827,prediction
day,27/12/2022,314,38.52935644,26,315,1336.49391968,prediction
day,27/12/2022,315,40.16081367,26,255,1336.53171427,prediction
day,27/12/2022,316,40.79712768,26,285,1336.53812588,prediction
day,27/12/2022,317,38.31904834,27,105,1386.70041475,prediction
day,27/12/2022,318,34.19219887,27,75,1386.70513346,prediction
day,27/12/2022,319,38.94487116,27,135,1386.76048224,prediction
day,27/12/2022,320,35.60879918,27,45,1386.76970677,prediction
day,27/12/2022,321,38.66641745,27,225,1386.81886773,prediction
day,27/12/2022,325,38.55415372,27,315,1387.23503065,prediction
day,27/12/2022,326,41.08556638,27,255,1387.33562104,prediction
day,27/12/2022,327,40.26017057,27,285,1387.33847392,prediction
day,27/12/2022,328,38.21944387,28,105,1439.01773273,prediction
day,27/12/2022,329,33.68079899,28,75,1439.02265301,prediction
day,27/12/2022,330,38.88033326,28,135,1439.08243693,prediction
day,27/12/2022,331,34.81922756,28,45,1439.09234714,prediction
day,27/12/2022,332,38.23350148,28,225,1439.16057605,prediction
day,27/12/2022,336,38.40641536,28,315,1439.59346859,prediction
day,27/12/2022,337,40.22235699,28,255,1439.70166378,prediction
day,27/12/2022,338,41.12921284,28,285,1439.70478145,prediction
day,27/12/2022,339,38.65773693,29,105,1491.33427335,prediction
day,27/12/2022,340,33.8112508,29,75,1491.33954379,prediction
day,27/12/2022,341,39.13152709,29,135,1491.40380652,prediction
day,27/12/2022,342,34.2672978,29,45,1491.41441585,prediction
day,27/12/2022,343,38.61660864,29,225,1491.5029301,prediction
day,27/12/2022,347,37.87327758,29,315,1491.95272129,prediction
day,27/12/2022,348,41.10923623,29,255,1492.06879036,prediction
day,27/12/2022,349,39.85080238,29,285,1492.07222963,prediction
day,27/12/2022,351,31.25812746,30,75,1543.65559389,prediction
day,27/12/2022,352,38.81451158,30,135,1543.72456742,prediction
day,27/12/2022,353,34.10734993,30,45,1543.73587725,prediction
day,27/12/2022,354,38.99785498,30,225,1543.84595568,prediction
day,27/12/2022,358,37.75907172,30,315,1544.3126586,prediction
day,27/12/2022,360,41.60864699,30,255,1544.43689287,prediction
day,7/01/2023,361,34.813255,0,15,0.9,base
day,7/01/2023,1,36.18229209,1,165,26.1588683337,base
day,7/01/2023,2,35.74646152,2,165,78.5320887888,base
day,7/01/2023,3,35.67253422,3,165,130.916650141,base
day,7/01/2023,4,35.72737299,4,165,183.310421724,base
day,7/01/2023,5,35.7364914,5,165,235.675126489,base
day,7/01/2023,6,35.04529522,6,165,288.059716914,base
day,7/01/2023,7,36.13000415,7,165,340.40027276,base
day,7/01/2023,8,36.87245702,8,165,392.825928488,base
day,7/01/2023,9,32.93984945,9,165,445.20954897,base
day,7/01/2023,10,34.8881052,10,165,497.534870608,base
day,7/01/2023,11,35.76611602,11,165,547.152727294,base
day,7/01/2023,12,30.84155176,12,165,601.752722326,base
day,7/01/2023,13,26.43361093,13,165,654.077375696,base
day,7/01/2023,14,26.06511257,14,165,707.437718627,base
day,7/01/2023,15,24.85156644,15,165,758.879133405,base
day,7/01/2023,16,24.55893992,16,165,811.213544416,base
day,7/01/2023,17,37.74136552,17,285,864.783493136,base
day,7/01/2023,18,24.29111136,18,165,916.008171598,base
day,7/01/2023,19,24.5243559,19,165,968.348947967,base
day,7/01/2023,20,25.26510703,20,165,1020.68951414,base
day,7/01/2023,21,27.79730054,21,165,1074.54249828,base
day,7/01/2023,22,33.39746429,22,165,1125.51728983,base
day,7/01/2023,23,34.97090503,23,165,1177.86387697,base
day,7/01/2023,24,35.01951081,24,165,1230.21017942,base
day,7/01/2023,31,35.49747556,1,225,26.1421622904,base
day,7/01/2023,32,35.58801263,1,195,26.1484865544,base
day,7/01/2023,33,35.37728206,1,75,26.148976916,base
day,7/01/2023,34,35.54348646,1,105,26.1489802967,base
day,7/01/2023,35,35.79357036,1,45,26.1492919353,base
day,7/01/2023,36,36.18106632,1,255,26.1493125373,base
day,7/01/2023,37,35.44913085,1,135,26.149317842,base
day,7/01/2023,38,36.23624336,1,285,26.149320641,base
day,7/01/2023,39,36.13172469,1,315,26.1495677872,base
day,7/01/2023,40,36.62423634,1,15,26.1499340473,base
day,7/01/2023,41,36.57443957,1,345,26.1500688971,base
day,7/01/2023,42,35.95138867,2,225,78.4865939041,base
day,7/01/2023,43,36.02925414,2,195,78.5016954405,base
day,7/01/2023,44,35.41033812,2,105,78.5047576509,base
day,7/01/2023,45,36.14737615,2,45,78.5051404983,base
day,7/01/2023,46,36.70763416,2,15,78.50635058,base
day,7/01/2023,47,36.37301468,2,315,78.506588238,base
day,7/01/2023,48,36.31665169,2,255,78.5069401867,base
day,7/01/2023,49,37.19686574,2,345,78.5070511329,base
day,7/01/2023,50,35.74233625,2,135,78.5072596515,base
day,7/01/2023,51,35.21442136,2,75,78.507621266,base
day,7/01/2023,52,36.62981662,2,285,78.5097908779,base
day,7/01/2023,53,33.84109445,3,225,130.83419649,base
day,7/01/2023,54,34.93083293,3,195,130.865764168,base
day,7/01/2023,55,35.43899162,3,135,130.866816893,base
day,7/01/2023,56,34.6440533,3,75,130.868089502,base
day,7/01/2023,57,35.13351629,3,45,130.869096061,base
day,7/01/2023,58,34.55248163,3,105,130.870643632,base
day,7/01/2023,59,35.39937422,3,15,130.871230267,base
day,7/01/2023,60,36.55581869,3,345,130.872835727,base
day,7/01/2023,61,36.82513348,3,315,130.873391001,base
day,7/01/2023,62,36.10941021,3,285,130.87356057,base
day,7/01/2023,63,36.13541645,3,255,130.87662654,base
day,7/01/2023,64,36.21696835,4,225,183.202760398,base
day,7/01/2023,65,35.77964565,4,195,183.241181439,base
day,7/01/2023,66,34.98360616,4,105,183.242955556,base
day,7/01/2023,67,35.69590712,4,75,183.244421032,base
day,7/01/2023,68,35.40489433,4,135,183.246181946,base
day,7/01/2023,69,35.71444707,4,15,183.246919315,base
day,7/01/2023,70,34.96934683,4,45,183.248158249,base
day,7/01/2023,71,35.9308276,4,345,183.24991072,base
day,7/01/2023,72,37.0005964,4,255,183.253658741,base
day,7/01/2023,73,36.74489547,4,285,183.255763257,base
day,7/01/2023,74,36.5486244,4,315,183.256425919,base
day,7/01/2023,75,36.18041208,5,225,235.5378245,base
day,7/01/2023,76,35.37313095,5,195,235.586306566,base
day,7/01/2023,77,35.84335944,5,75,235.586681799,base
day,7/01/2023,78,35.36415895,5,105,235.588284549,base
day,7/01/2023,79,35.60255563,5,45,235.589826951,base
day,7/01/2023,80,35.43927281,5,135,235.591466007,base
day,7/01/2023,81,35.64124024,5,15,235.597026849,base
day,7/01/2023,82,36.23555907,5,345,235.601945306,base
day,7/01/2023,83,36.3686163,5,315,235.603359681,base
day,7/01/2023,84,37.10800445,5,285,235.605230044,base
day,7/01/2023,85,36.8184927,5,255,235.606875989,base
day,7/01/2023,86,35.71619959,6,225,287.893716757,base
day,7/01/2023,87,36.09204326,6,105,287.952342449,base
day,7/01/2023,88,36.44079647,6,195,287.953574821,base
day,7/01/2023,89,34.98359183,6,75,287.954487322,base
day,7/01/2023,90,35.04862951,6,135,287.954804033,base
day,7/01/2023,91,35.23708391,6,45,287.957554831,base
day,7/01/2023,92,34.57870153,6,15,287.960622974,base
day,7/01/2023,93,35.94431905,6,345,287.968116355,base
day,7/01/2023,94,36.47829433,6,315,287.977630168,base
day,7/01/2023,95,35.00217369,6,255,287.979473221,base
day,7/01/2023,96,34.44202809,6,285,287.981779618,base
day,7/01/2023,97,36.93337477,7,225,340.206774681,base
day,7/01/2023,98,34.93618407,7,105,340.2706357,base
day,7/01/2023,99,34.08757856,7,75,340.271549334,base
day,7/01/2023,100,34.37052293,7,135,340.275296586,base
day,7/01/2023,101,36.58436594,7,195,340.276063867,base
day,7/01/2023,102,35.0712821,7,45,340.276678648,base
day,7/01/2023,103,34.68614587,7,15,340.284751843,base
day,7/01/2023,104,35.87968746,7,345,340.295141519,base
day,7/01/2023,105,35.23503713,7,315,340.304761915,base
day,7/01/2023,106,36.97485704,7,255,340.308783293,base
day,7/01/2023,107,34.30636477,7,285,340.309803081,base
day,7/01/2023,108,37.41618196,8,225,392.609087709,base
day,7/01/2023,109,34.98368968,8,75,392.674128151,base
day,7/01/2023,110,34.21724274,8,105,392.677146954,base
day,7/01/2023,111,35.27935366,8,45,392.681811001,base
day,7/01/2023,112,34.87069465,8,135,392.683283752,base
day,7/01/2023,113,36.40548886,8,195,392.683423375,base
day,7/01/2023,114,34.79589785,8,15,392.695837136,base
day,7/01/2023,115,35.52481886,8,345,392.709712269,base
day,7/01/2023,116,35.00005592,8,315,392.718288014,base
day,7/01/2023,117,36.38614632,8,285,392.725912691,base
day,7/01/2023,118,37.04508713,8,255,392.727876477,base
day,7/01/2023,119,37.88705354,9,225,444.967545613,base
day,7/01/2023,120,34.98159021,9,105,445.034567252,base
day,7/01/2023,121,34.97101305,9,75,445.040277329,base
day,7/01/2023,122,35.28083573,9,45,445.044364492,base
day,7/01/2023,123,34.93416705,9,135,445.047630348,base
day,7/01/2023,124,36.70751519,9,195,445.05299325,base
day,7/01/2023,125,34.60822311,9,15,445.06189049,base
day,7/01/2023,126,34.47039572,9,345,445.079436204,base
day,7/01/2023,127,34.74949052,9,315,445.092654475,base
day,7/01/2023,128,37.06423476,9,255,445.100751387,base
day,7/01/2023,129,36.29973952,9,285,445.105153265,base
day,7/01/2023,130,37.51578745,10,225,497.266228693,base
day,7/01/2023,131,34.67289381,10,105,497.337391364,base
day,7/01/2023,132,35.00142954,10,75,497.338930083,base
day,7/01/2023,133,34.79094216,10,135,497.348469066,base
day,7/01/2023,134,34.62928534,10,45,497.348890797,base
day,7/01/2023,135,36.05815185,10,195,497.360915159,base
day,7/01/2023,136,35.53626906,10,15,497.368061999,base
day,7/01/2023,137,34.05817229,10,345,497.390112246,base
day,7/01/2023,138,34.67975834,10,315,497.40865149,base
day,7/01/2023,139,36.74669598,10,255,497.419046738,base
day,7/01/2023,140,36.81710978,10,285,497.420665061,base
day,7/01/2023,141,37.67708982,11,225,546.903162294,base
day,7/01/2023,142,36.30664759,11,195,546.956662613,base
day,7/01/2023,143,36.02147301,11,15,546.961835945,base
day,7/01/2023,144,33.61666254,11,135,546.989476845,base
day,7/01/2023,145,33.38950802,11,345,546.992209207,base
day,7/01/2023,146,35.03394325,11,45,546.992632234,base
day,7/01/2023,147,35.09879365,11,75,547.000708722,base
day,7/01/2023,148,34.84732751,11,105,547.00681307,base
day,7/01/2023,149,34.44451066,11,315,547.068358919,base
day,7/01/2023,150,36.89523719,11,285,547.10048277,base
day,7/01/2023,151,37.42535054,11,255,547.10469891,base
day,7/01/2023,152,37.7439241,12,225,601.445836677,base
day,7/01/2023,153,33.81503686,12,105,601.521158094,base
day,7/01/2023,154,34.47013179,12,75,601.521631113,base
day,7/01/2023,155,32.78378361,12,135,601.531126669,base
day,7/01/2023,156,34.54591964,12,45,601.532445915,base
day,7/01/2023,157,35.22079596,12,195,601.546952442,base
day,7/01/2023,158,35.56352419,12,15,601.549994255,base
day,7/01/2023,159,33.37125037,12,345,601.582898436,base
day,7/01/2023,160,34.3911519,12,315,601.620474081,base
day,7/01/2023,161,37.05508365,12,255,601.640315573,base
day,7/01/2023,162,37.47561275,12,285,601.64126025,base
day,7/01/2023,163,38.1708892,13,225,653.749348408,base
day,7/01/2023,164,33.54382612,13,105,653.821981781,base
day,7/01/2023,165,34.20326018,13,75,653.822554947,base
day,7/01/2023,166,34.00817709,13,135,653.834129524,base
day,7/01/2023,167,34.69236801,13,45,653.835724378,base
day,7/01/2023,168,35.59802627,13,195,653.857004574,base
day,7/01/2023,169,34.41740535,13,15,653.857246533,base
day,7/01/2023,170,32.40884736,13,345,653.896039442,base
day,7/01/2023,171,33.83344687,13,315,653.939654538,base
day,7/01/2023,172,36.77479916,13,255,653.962746366,base
day,7/01/2023,173,37.78646941,13,285,653.963824959,base
day,7/01/2023,174,38.9753295,14,225,706.908204273,base
day,7/01/2023,175,34.09079045,14,75,706.911391158,base
day,7/01/2023,176,33.9294563,14,135,706.99344984,base
day,7/01/2023,177,38.09385365,14,285,707.077105223,base
day,7/01/2023,178,32.96761815,14,105,707.099592883,base
day,7/01/2023,179,34.63989697,14,45,707.144348088,base
day,7/01/2023,180,34.50132684,14,15,707.152439805,base
day,7/01/2023,181,33.030662,14,345,707.200965457,base
day,7/01/2023,182,33.18954543,14,195,707.223320408,base
day,7/01/2023,183,33.78566301,14,315,707.256506323,base
day,7/01/2023,184,38.02558014,14,255,707.267285282,base
day,7/01/2023,185,38.67891157,15,225,758.484798074,base
day,7/01/2023,186,34.01447292,15,75,758.538606215,base
day,7/01/2023,187,33.84161646,15,135,758.56495277,base
day,7/01/2023,188,32.97865538,15,105,758.56574345,base
day,7/01/2023,189,34.2613509,15,45,758.58921792,base
day,7/01/2023,190,34.30584299,15,15,758.617319606,base
day,7/01/2023,191,26.4154662,15,195,758.634128682,base
day,7/01/2023,192,33.43966349,15,345,758.669844378,base
day,7/01/2023,193,34.4834045,15,315,758.727653744,base
day,7/01/2023,194,38.12348494,15,285,758.728805537,base
day,7/01/2023,195,36.49572515,15,255,758.755698383,base
day,7/01/2023,196,36.43631202,16,225,810.798966762,base
day,7/01/2023,197,34.44802867,16,75,810.845114994,base
day,7/01/2023,198,32.63624776,16,105,810.874048291,base
day,7/01/2023,199,33.84541994,16,135,810.874751296,base
day,7/01/2023,200,34.91161202,16,45,810.90091175,base
day,7/01/2023,201,33.41634569,16,15,810.933963379,base
day,7/01/2023,202,25.00794947,16,195,810.955736004,base
day,7/01/2023,203,33.67505546,16,345,810.993894777,base
day,7/01/2023,204,34.98323511,16,315,811.059153639,base
day,7/01/2023,205,37.677979,16,285,811.062448387,base
day,7/01/2023,206,36.6644113,16,255,811.091073808,base
day,7/01/2023,207,33.79320841,17,105,864.082555014,base
day,7/01/2023,208,34.94635351,17,45,864.159798579,base
day,7/01/2023,209,22.37324834,17,195,864.320131185,base
day,7/01/2023,210,36.70169556,17,255,864.328430686,base
day,7/01/2023,211,35.44020757,17,315,864.340763528,base
day,7/01/2023,212,35.8941448,17,225,864.434341191,base
day,7/01/2023,213,33.77823991,17,15,864.438434635,base
day,7/01/2023,214,34.17775193,17,135,864.502557439,base
day,7/01/2023,215,33.14087683,17,345,864.503329694,base
day,7/01/2023,216,34.62537388,17,75,864.537255183,base
day,7/01/2023,217,24.71127288,17,165,864.593146426,base
day,7/01/2023,218,35.94926975,18,225,915.58915721,base
day,7/01/2023,219,33.91265909,18,105,915.597310755,base
day,7/01/2023,220,33.35923408,18,75,915.623591996,base
day,7/01/2023,221,34.77951912,18,45,915.637247911,base
day,7/01/2023,222,34.27562812,18,135,915.652165759,base
day,7/01/2023,223,33.94510669,18,15,915.710469659,base
day,7/01/2023,224,21.71320398,18,195,915.725934618,base
day,7/01/2023,225,32.47536693,18,345,915.786279166,base
day,7/01/2023,226,35.99158056,18,315,915.83925752,base
day,7/01/2023,227,37.32308007,18,255,915.873920636,base
day,7/01/2023,228,36.96432518,18,285,915.900561915,base
day,7/01/2023,229,34.01467296,19,105,967.909398761,base
day,7/01/2023,230,38.08348297,19,225,967.914389442,base
day,7/01/2023,231,32.10807674,19,75,967.937262268,base
day,7/01/2023,232,33.67985422,19,45,967.953625279,base
day,7/01/2023,233,34.04705701,19,135,967.96920464,base
day,7/01/2023,234,33.93859353,19,15,968.034633446,base
day,7/01/2023,235,21.52582515,19,195,968.055546242,base
day,7/01/2023,236,32.8020123,19,345,968.119276911,base
day,7/01/2023,237,35.67173625,19,315,968.179492611,base
day,7/01/2023,238,38.48791458,19,255,968.218473936,base
day,7/01/2023,239,37.06453774,19,285,968.246820865,base
day,7/01/2023,240,34.04121344,20,105,1020.22073198,base
day,7/01/2023,241,37.96896884,20,225,1020.24029023,base
day,7/01/2023,242,32.77215157,20,75,1020.25015995,base
day,7/01/2023,243,33.63905174,20,45,1020.26945164,base
day,7/01/2023,244,34.17903905,20,135,1020.28562,base
day,7/01/2023,245,33.1851707,20,15,1020.3586323,base
day,7/01/2023,246,21.57359514,20,195,1020.38537183,base
day,7/01/2023,247,33.15571219,20,345,1020.45253703,base
day,7/01/2023,248,35.84489587,20,315,1020.52043405,base
day,7/01/2023,249,37.73814124,20,255,1020.56405306,base
day,7/01/2023,250,36.58709323,20,285,1020.59402321,base
day,7/01/2023,251,37.23588992,21,225,1073.74745918,base
day,7/01/2023,252,34.14760768,21,135,1073.76805203,base
day,7/01/2023,253,33.07811836,21,75,1073.84509471,base
day,7/01/2023,254,33.0909653,21,45,1073.99224514,base
day,7/01/2023,255,32.93639042,21,15,1074.08747563,base
day,7/01/2023,256,34.08342452,21,105,1074.11172432,base
day,7/01/2023,257,33.34856602,21,345,1074.18632633,base
day,7/01/2023,258,22.01067342,21,195,1074.19059563,base
day,7/01/2023,259,37.15001048,21,285,1074.20728628,base
day,7/01/2023,260,35.74724955,21,315,1074.27874941,base
day,7/01/2023,261,37.3696643,21,255,1074.50378336,base
day,7/01/2023,262,34.15741774,22,105,1124.99505457,base
day,7/01/2023,263,32.4916388,22,75,1124.99866854,base
day,7/01/2023,264,37.38027945,22,225,1125.00912546,base
day,7/01/2023,265,34.29603262,22,135,1125.03033604,base
day,7/01/2023,266,33.47913601,22,45,1125.0365688,base
day,7/01/2023,267,32.29614307,22,15,1125.14278858,base
day,7/01/2023,268,26.18100579,22,195,1125.18958872,base
day,7/01/2023,269,33.81700374,22,345,1125.25634889,base
day,7/01/2023,270,35.56371119,22,315,1125.34266539,base
day,7/01/2023,271,37.66584842,22,255,1125.41362315,base
day,7/01/2023,272,37.73644622,22,285,1125.41494883,base
day,7/01/2023,273,34.13813505,23,105,1177.31112423,base
day,7/01/2023,274,31.79799141,23,75,1177.3150084,base
day,7/01/2023,275,38.28894236,23,225,1177.34236285,base
day,7/01/2023,276,34.64189802,23,135,1177.35018859,base
day,7/01/2023,277,33.32056466,23,45,1177.35692372,base
day,7/01/2023,278,32.13855707,23,15,1177.47240482,base
day,7/01/2023,279,33.3204017,23,195,1177.52690799,base
day,7/01/2023,280,34.71021206,23,345,1177.59668494,base
day,7/01/2023,281,36.25687311,23,315,1177.69223154,base
day,7/01/2023,282,37.76945701,23,255,1177.76947909,base
day,7/01/2023,283,38.27165276,23,285,1177.77099231,base
day,7/01/2023,284,34.07208473,24,105,1229.62646731,base
day,7/01/2023,285,31.67408262,24,75,1229.63061299,base
day,7/01/2023,286,34.58289564,24,135,1229.6694143,base
day,7/01/2023,287,38.24882318,24,225,1229.6762407,base
day,7/01/2023,288,33.23571148,24,45,1229.67680296,base
day,7/01/2023,291,34.47509734,24,345,1229.93735902,base
day,7/01/2023,292,36.43181039,24,315,1230.0425277,base
day,7/01/2023,293,38.45146977,24,255,1230.12637227,base
day,7/01/2023,294,37.39416334,24,285,1230.12815714,base
day,7/01/2023,295,33.26632473,25,105,1281.94101005,base
day,7/01/2023,296,31.7755114,25,75,1281.94545509,base
day,7/01/2023,297,34.74631308,25,135,1281.98801862,base
day,7/01/2023,298,33.63690386,25,45,1281.99601257,base
day,7/01/2023,299,37.03735901,25,225,1282.0107427,base
day,7/01/2023,303,36.33956926,25,315,1282.39359165,base
day,7/01/2023,304,38.63910515,25,255,1282.48427264,base
day,7/01/2023,305,38.14419083,25,285,1282.48626986,base
day,7/01/2023,306,34.19241505,26,105,1335.94636579,base
day,7/01/2023,307,31.0074465,26,75,1335.94686661,base
day,7/01/2023,308,34.58205992,26,135,1336.053695,base
day,7/01/2023,309,33.19810304,26,45,1336.0622659,base
day,7/01/2023,310,36.6380786,26,225,1336.09378827,base
day,7/01/2023,314,37.01092755,26,315,1336.49391968,base
day,7/01/2023,315,38.15831559,26,255,1336.53171427,base
day,7/01/2023,316,38.80994965,26,285,1336.53812588,base
day,7/01/2023,317,34.64153606,27,105,1386.70041475,base
day,7/01/2023,318,31.08559473,27,75,1386.70513346,base
day,7/01/2023,319,34.86353871,27,135,1386.76048224,base
day,7/01/2023,320,33.4321798,27,45,1386.76970677,base
day,7/01/2023,321,35.9299673,27,225,1386.81886773,base
day,7/01/2023,325,37.05584558,27,315,1387.23503065,base
day,7/01/2023,326,38.48270329,27,255,1387.33562104,base
day,7/01/2023,327,38.16047455,27,285,1387.33847392,base
day,7/01/2023,328,35.04318517,28,105,1439.01773273,base
day,7/01/2023,329,30.75646572,28,75,1439.02265301,base
day,7/01/2023,330,35.17622967,28,135,1439.08243693,base
day,7/01/2023,331,32.84204262,28,45,1439.09234714,base
day,7/01/2023,332,35.7052386,28,225,1439.16057605,base
day,7/01/2023,336,36.47197086,28,315,1439.59346859,base
day,7/01/2023,337,36.82407611,28,255,1439.70166378,base
day,7/01/2023,338,38.94122837,28,285,1439.70478145,base
day,7/01/2023,339,35.32266035,29,105,1491.33427335,base
day,7/01/2023,340,31.40983603,29,75,1491.33954379,base
day,7/01/2023,341,35.63213756,29,135,1491.40380652,base
day,7/01/2023,342,32.82719687,29,45,1491.41441585,base
day,7/01/2023,343,36.47899317,29,225,1491.5029301,base
day,7/01/2023,347,35.63919058,29,315,1491.95272129,base
day,7/01/2023,348,38.23691972,29,255,1492.06879036,base
day,7/01/2023,349,37.34375161,29,285,1492.07222963,base
day,7/01/2023,351,28.963023,30,75,1543.65559389,base
day,7/01/2023,352,35.31089269,30,135,1543.72456742,base
day,7/01/2023,353,33.15801135,30,45,1543.73587725,base
day,7/01/2023,354,37.02631338,30,225,1543.84595568,base
day,7/01/2023,358,35.69337975,30,315,1544.3126586,base
day,7/01/2023,360,39.30245872,30,255,1544.43689287,base
day,27/01/2023,361,31.547726,0,15,0.9,prediction
day,27/01/2023,1,32.90652206,1,165,26.1588683337,prediction
day,27/01/2023,2,32.51899585,2,165,78.5320887888,prediction
day,27/01/2023,3,32.6985442,3,165,130.916650141,prediction
day,27/01/2023,4,32.67958139,4,165,183.310421724,prediction
day,27/01/2023,5,32.74481904,5,165,235.675126489,prediction
day,27/01/2023,6,32.22997027,6,165,288.059716914,prediction
day,27/01/2023,7,33.23949047,7,165,340.40027276,prediction
day,27/01/2023,8,33.99808365,8,165,392.825928488,prediction
day,27/01/2023,9,30.67414006,9,165,445.20954897,prediction
day,27/01/2023,10,31.566086,10,165,497.534870608,prediction
day,27/01/2023,11,32.24327388,11,165,547.152727294,prediction
day,27/01/2023,12,27.99104416,12,165,601.752722326,prediction
day,27/01/2023,13,24.57502525,13,165,654.077375696,prediction
day,27/01/2023,14,24.51388767,14,165,707.437718627,prediction
day,27/01/2023,15,23.82976924,15,165,758.879133405,prediction
day,27/01/2023,16,23.48631815,16,165,811.213544416,prediction
day,27/01/2023,17,35.352535,17,285,864.783493136,prediction
day,27/01/2023,18,23.06802787,18,165,916.008171598,prediction
day,27/01/2023,19,23.25699023,19,165,968.348947967,prediction
day,27/01/2023,20,23.83130871,20,165,1020.68951414,prediction
day,27/01/2023,21,25.52361252,21,165,1074.54249828,prediction
day,27/01/2023,22,28.33130066,22,165,1125.51728983,prediction
day,27/01/2023,23,29.10609434,23,165,1177.86387697,prediction
day,27/01/2023,24,29.52141873,24,165,1230.21017942,prediction
day,27/01/2023,31,32.20223251,1,225,26.1421622904,prediction
day,27/01/2023,32,32.32022506,1,195,26.1484865544,prediction
day,27/01/2023,33,32.26895755,1,75,26.148976916,prediction
day,27/01/2023,34,32.40526943,1,105,26.1489802967,prediction
day,27/01/2023,35,32.6093929,1,45,26.1492919353,prediction
day,27/01/2023,36,32.89187429,1,255,26.1493125373,prediction
day,27/01/2023,37,32.27031637,1,135,26.149317842,prediction
day,27/01/2023,38,32.96224419,1,285,26.149320641,prediction
day,27/01/2023,39,32.88456442,1,315,26.1495677872,prediction
day,27/01/2023,40,33.40144586,1,15,26.1499340473,prediction
day,27/01/2023,41,33.31390209,1,345,26.1500688971,prediction
day,27/01/2023,42,32.82635298,2,225,78.4865939041,prediction
day,27/01/2023,43,32.86603894,2,195,78.5016954405,prediction
day,27/01/2023,44,32.55283872,2,105,78.5047576509,prediction
day,27/01/2023,45,33.43567792,2,45,78.5051404983,prediction
day,27/01/2023,46,33.88980506,2,15,78.50635058,prediction
day,27/01/2023,47,33.39535708,2,315,78.506588238,prediction
day,27/01/2023,48,33.07621733,2,255,78.5069401867,prediction
day,27/01/2023,49,34.31816808,2,345,78.5070511329,prediction
day,27/01/2023,50,32.68453602,2,135,78.5072596515,prediction
day,27/01/2023,51,32.40044664,2,75,78.507621266,prediction
day,27/01/2023,52,33.44237467,2,285,78.5097908779,prediction
day,27/01/2023,53,31.14330482,3,225,130.83419649,prediction
day,27/01/2023,54,32.26933925,3,195,130.865764168,prediction
day,27/01/2023,55,32.4315208,3,135,130.866816893,prediction
day,27/01/2023,56,32.18559178,3,75,130.868089502,prediction
day,27/01/2023,57,32.83710209,3,45,130.869096061,prediction
day,27/01/2023,58,31.95384463,3,105,130.870643632,prediction
day,27/01/2023,59,32.99009837,3,15,130.871230267,prediction
day,27/01/2023,60,34.01200951,3,345,130.872835727,prediction
day,27/01/2023,61,34.10751253,3,315,130.873391001,prediction
day,27/01/2023,62,33.06565477,3,285,130.87356057,prediction
day,27/01/2023,63,32.89660665,3,255,130.87662654,prediction
day,27/01/2023,64,33.31764449,4,225,183.202760398,prediction
day,27/01/2023,65,32.99490495,4,195,183.241181439,prediction
day,27/01/2023,66,32.22307836,4,105,183.242955556,prediction
day,27/01/2023,67,33.08195335,4,75,183.244421032,prediction
day,27/01/2023,68,32.33649927,4,135,183.246181946,prediction
day,27/01/2023,69,33.34870134,4,15,183.246919315,prediction
day,27/01/2023,70,32.69652473,4,45,183.248158249,prediction
day,27/01/2023,71,33.48521796,4,345,183.24991072,prediction
day,27/01/2023,72,33.74331463,4,255,183.253658741,prediction
day,27/01/2023,73,33.78925181,4,285,183.255763257,prediction
day,27/01/2023,74,33.85899935,4,315,183.256425919,prediction
day,27/01/2023,75,33.38205827,5,225,235.5378245,prediction
day,27/01/2023,76,32.68521635,5,195,235.586306566,prediction
day,27/01/2023,77,33.14425022,5,75,235.586681799,prediction
day,27/01/2023,78,32.45045551,5,105,235.588284549,prediction
day,27/01/2023,79,33.21804259,5,45,235.589826951,prediction
day,27/01/2023,80,32.38823556,5,135,235.591466007,prediction
day,27/01/2023,81,33.45251301,5,15,235.597026849,prediction
day,27/01/2023,82,33.92522919,5,345,235.601945306,prediction
day,27/01/2023,83,33.80741991,5,315,235.603359681,prediction
day,27/01/2023,84,34.40580097,5,285,235.605230044,prediction
day,27/01/2023,85,33.98546241,5,255,235.606875989,prediction
day,27/01/2023,86,33.10861712,6,225,287.893716757,prediction
day,27/01/2023,87,33.1754081,6,105,287.952342449,prediction
day,27/01/2023,88,33.6449733,6,195,287.953574821,prediction
day,27/01/2023,89,32.73868127,6,75,287.954487322,prediction
day,27/01/2023,90,32.05229487,6,135,287.954804033,prediction
day,27/01/2023,91,33.29449043,6,45,287.957554831,prediction
day,27/01/2023,92,32.9637599,6,15,287.960622974,prediction
day,27/01/2023,93,33.91063681,6,345,287.968116355,prediction
day,27/01/2023,94,34.36149258,6,315,287.977630168,prediction
day,27/01/2023,95,32.792568,6,255,287.979473221,prediction
day,27/01/2023,96,32.57767737,6,285,287.981779618,prediction
day,27/01/2023,97,34.07672416,7,225,340.206774681,prediction
day,27/01/2023,98,32.42681883,7,105,340.2706357,prediction
day,27/01/2023,99,32.28335214,7,75,340.271549334,prediction
day,27/01/2023,100,31.36602988,7,135,340.275296586,prediction
day,27/01/2023,101,33.94495211,7,195,340.276063867,prediction
day,27/01/2023,102,33.5219344,7,45,340.276678648,prediction
day,27/01/2023,103,33.4391209,7,15,340.284751843,prediction
day,27/01/2023,104,34.08620565,7,345,340.295141519,prediction
day,27/01/2023,105,33.73444237,7,315,340.304761915,prediction
day,27/01/2023,106,34.47419515,7,255,340.308783293,prediction
day,27/01/2023,107,32.37760277,7,285,340.309803081,prediction
day,27/01/2023,108,34.37697988,8,225,392.609087709,prediction
day,27/01/2023,109,33.08734085,8,75,392.674128151,prediction
day,27/01/2023,110,31.83877119,8,105,392.677146954,prediction
day,27/01/2023,111,33.85178202,8,45,392.681811001,prediction
day,27/01/2023,112,31.68334156,8,135,392.683283752,prediction
day,27/01/2023,113,33.73944505,8,195,392.683423375,prediction
day,27/01/2023,114,33.63984381,8,15,392.695837136,prediction
day,27/01/2023,115,33.86512623,8,345,392.709712269,prediction
day,27/01/2023,116,33.8050631,8,315,392.718288014,prediction
day,27/01/2023,117,33.89081109,8,285,392.725912691,prediction
day,27/01/2023,118,34.45271287,8,255,392.727876477,prediction
day,27/01/2023,119,34.75385984,9,225,444.967545613,prediction
day,27/01/2023,120,32.37383499,9,105,445.034567252,prediction
day,27/01/2023,121,33.12442491,9,75,445.040277329,prediction
day,27/01/2023,122,34.13164709,9,45,445.044364492,prediction
day,27/01/2023,123,31.50187794,9,135,445.047630348,prediction
day,27/01/2023,124,33.96441884,9,195,445.05299325,prediction
day,27/01/2023,125,33.49857061,9,15,445.06189049,prediction
day,27/01/2023,126,32.99567243,9,345,445.079436204,prediction
day,27/01/2023,127,33.70303798,9,315,445.092654475,prediction
day,27/01/2023,128,34.46605132,9,255,445.100751387,prediction
day,27/01/2023,129,33.85957994,9,285,445.105153265,prediction
day,27/01/2023,130,34.41407015,10,225,497.266228693,prediction
day,27/01/2023,131,31.78359615,10,105,497.337391364,prediction
day,27/01/2023,132,32.99487657,10,75,497.338930083,prediction
day,27/01/2023,133,31.32223616,10,135,497.348469066,prediction
day,27/01/2023,134,33.68452556,10,45,497.348890797,prediction
day,27/01/2023,135,33.31610227,10,195,497.360915159,prediction
day,27/01/2023,136,34.26830353,10,15,497.368061999,prediction
day,27/01/2023,137,32.61499919,10,345,497.390112246,prediction
day,27/01/2023,138,33.73533956,10,315,497.40865149,prediction
day,27/01/2023,139,34.16381301,10,255,497.419046738,prediction
day,27/01/2023,140,34.46869305,10,285,497.420665061,prediction
day,27/01/2023,141,34.58320542,11,225,546.903162294,prediction
day,27/01/2023,142,33.52541881,11,195,546.956662613,prediction
day,27/01/2023,143,34.7787321,11,15,546.961835945,prediction
day,27/01/2023,144,30.43105368,11,135,546.989476845,prediction
day,27/01/2023,145,31.73258655,11,345,546.992209207,prediction
day,27/01/2023,146,34.19784849,11,45,546.992632234,prediction
day,27/01/2023,147,32.96390692,11,75,547.000708722,prediction
day,27/01/2023,148,31.87306777,11,105,547.00681307,prediction
day,27/01/2023,149,33.41950965,11,315,547.068358919,prediction
day,27/01/2023,150,34.53317933,11,285,547.10048277,prediction
day,27/01/2023,151,34.73235791,11,255,547.10469891,prediction
day,27/01/2023,152,34.78855247,12,225,601.445836677,prediction
day,27/01/2023,153,30.90699268,12,105,601.521158094,prediction
day,27/01/2023,154,32.42713134,12,75,601.521631113,prediction
day,27/01/2023,155,29.64745751,12,135,601.531126669,prediction
day,27/01/2023,156,33.7991207,12,45,601.532445915,prediction
day,27/01/2023,157,32.22277564,12,195,601.546952442,prediction
day,27/01/2023,158,34.99055691,12,15,601.549994255,prediction
day,27/01/2023,159,31.92374058,12,345,601.582898436,prediction
day,27/01/2023,160,33.27593058,12,315,601.620474081,prediction
day,27/01/2023,161,34.44712771,12,255,601.640315573,prediction
day,27/01/2023,162,35.01285596,12,285,601.64126025,prediction
day,27/01/2023,163,34.92866791,13,225,653.749348408,prediction
day,27/01/2023,164,30.56735388,13,105,653.821981781,prediction
day,27/01/2023,165,32.11143665,13,75,653.822554947,prediction
day,27/01/2023,166,30.35706377,13,135,653.834129524,prediction
day,27/01/2023,167,33.82873052,13,45,653.835724378,prediction
day,27/01/2023,168,31.66703977,13,195,653.857004574,prediction
day,27/01/2023,169,34.28975773,13,15,653.857246533,prediction
day,27/01/2023,170,31.62118676,13,345,653.896039442,prediction
day,27/01/2023,171,32.56999331,13,315,653.939654538,prediction
day,27/01/2023,172,34.14201592,13,255,653.962746366,prediction
day,27/01/2023,173,35.17568534,13,285,653.963824959,prediction
day,27/01/2023,174,35.40596213,14,225,706.908204273,prediction
day,27/01/2023,175,32.03746745,14,75,706.911391158,prediction
day,27/01/2023,176,30.03299142,14,135,706.99344984,prediction
day,27/01/2023,177,35.22881001,14,285,707.077105223,prediction
day,27/01/2023,178,30.02855275,14,105,707.099592883,prediction
day,27/01/2023,179,33.66132435,14,45,707.144348088,prediction
day,27/01/2023,180,33.68247969,14,15,707.152439805,prediction
day,27/01/2023,181,32.33284061,14,345,707.200965457,prediction
day,27/01/2023,182,29.76863027,14,195,707.223320408,prediction
day,27/01/2023,183,32.37381491,14,315,707.256506323,prediction
day,27/01/2023,184,35.11304474,14,255,707.267285282,prediction
day,27/01/2023,185,35.14163027,15,225,758.484798074,prediction
day,27/01/2023,186,31.70372742,15,75,758.538606215,prediction
day,27/01/2023,187,29.8972225,15,135,758.56495277,prediction
day,27/01/2023,188,30.008905,15,105,758.56574345,prediction
day,27/01/2023,189,33.02434717,15,45,758.58921792,prediction
day,27/01/2023,190,33.29676888,15,15,758.617319606,prediction
day,27/01/2023,191,25.21742336,15,195,758.634128682,prediction
day,27/01/2023,192,32.59580494,15,345,758.669844378,prediction
day,27/01/2023,193,32.90051494,15,315,758.727653744,prediction
day,27/01/2023,194,35.20958085,15,285,758.728805537,prediction
day,27/01/2023,195,33.84959045,15,255,758.755698383,prediction
day,27/01/2023,196,33.28504014,16,225,810.798966762,prediction
day,27/01/2023,197,31.60801393,16,75,810.845114994,prediction
day,27/01/2023,198,29.434596,16,105,810.874048291,prediction
day,27/01/2023,199,29.78866916,16,135,810.874751296,prediction
day,27/01/2023,200,33.1771483,16,45,810.90091175,prediction
day,27/01/2023,201,32.79733506,16,15,810.933963379,prediction
day,27/01/2023,202,24.15186236,16,195,810.955736004,prediction
day,27/01/2023,203,32.93216006,16,345,810.993894777,prediction
day,27/01/2023,204,33.3025454,16,315,811.059153639,prediction
day,27/01/2023,205,34.95394913,16,285,811.062448387,prediction
day,27/01/2023,206,34.21081862,16,255,811.091073808,prediction
day,27/01/2023,207,30.27518467,17,105,864.082555014,prediction
day,27/01/2023,208,32.96009091,17,45,864.159798579,prediction
day,27/01/2023,209,22.47942991,17,195,864.320131185,prediction
day,27/01/2023,210,34.31156748,17,255,864.328430686,prediction
day,27/01/2023,211,33.59626205,17,315,864.340763528,prediction
day,27/01/2023,212,33.0442644,17,225,864.434341191,prediction
day,27/01/2023,213,33.20565068,17,15,864.438434635,prediction
day,27/01/2023,214,29.96174819,17,135,864.502557439,prediction
day,27/01/2023,215,32.42511814,17,345,864.503329694,prediction
day,27/01/2023,216,31.49154049,17,75,864.537255183,prediction
day,27/01/2023,217,23.341245,17,165,864.593146426,prediction
day,27/01/2023,218,32.97553699,18,225,915.58915721,prediction
day,27/01/2023,219,30.14244426,18,105,915.597310755,prediction
day,27/01/2023,220,30.37314389,18,75,915.623591996,prediction
day,27/01/2023,221,32.79384986,18,45,915.637247911,prediction
day,27/01/2023,222,29.98361702,18,135,915.652165759,prediction
day,27/01/2023,223,33.26743156,18,15,915.710469659,prediction
day,27/01/2023,224,22.05989639,18,195,915.725934618,prediction
day,27/01/2023,225,31.95978872,18,345,915.786279166,prediction
day,27/01/2023,226,33.96445941,18,315,915.83925752,prediction
day,27/01/2023,227,34.74646797,18,255,915.873920636,prediction
day,27/01/2023,228,34.98818082,18,285,915.900561915,prediction
day,27/01/2023,229,30.07566653,19,105,967.909398761,prediction
day,27/01/2023,230,34.539683,19,225,967.914389442,prediction
day,27/01/2023,231,29.06131842,19,75,967.937262268,prediction
day,27/01/2023,232,31.95227625,19,45,967.953625279,prediction
day,27/01/2023,233,29.88761107,19,135,967.96920464,prediction
day,27/01/2023,234,33.18315342,19,15,968.034633446,prediction
day,27/01/2023,235,22.04160332,19,195,968.055546242,prediction
day,27/01/2023,236,32.27847735,19,345,968.119276911,prediction
day,27/01/2023,237,33.63404544,19,315,968.179492611,prediction
day,27/01/2023,238,35.55223756,19,255,968.218473936,prediction
day,27/01/2023,239,35.20424074,19,285,968.246820865,prediction
day,27/01/2023,240,30.04032741,20,105,1020.22073198,prediction
day,27/01/2023,241,34.36685079,20,225,1020.24029023,prediction
day,27/01/2023,242,29.00085342,20,75,1020.25015995,prediction
day,27/01/2023,243,31.83550614,20,45,1020.26945164,prediction
day,27/01/2023,244,30.1324464,20,135,1020.28562,prediction
day,27/01/2023,245,32.39343953,20,15,1020.3586323,prediction
day,27/01/2023,246,22.23428119,20,195,1020.38537183,prediction
day,27/01/2023,247,32.49759793,20,345,1020.45253703,prediction
day,27/01/2023,248,33.81350438,20,315,1020.52043405,prediction
day,27/01/2023,249,34.95546523,20,255,1020.56405306,prediction
day,27/01/2023,250,34.82312985,20,285,1020.59402321,prediction
day,27/01/2023,251,33.70722248,21,225,1073.74745918,prediction
day,27/01/2023,252,30.22940979,21,135,1073.76805203,prediction
day,27/01/2023,253,28.8601262,21,75,1073.84509471,prediction
day,27/01/2023,254,31.24505203,21,45,1073.99224514,prediction
day,27/01/2023,255,31.95133462,21,15,1074.08747563,prediction
day,27/01/2023,256,30.15723801,21,105,1074.11172432,prediction
day,27/01/2023,257,32.4852553,21,345,1074.18632633,prediction
day,27/01/2023,258,23.00809737,21,195,1074.19059563,prediction
day,27/01/2023,259,35.32990395,21,285,1074.20728628,prediction
day,27/01/2023,260,33.71461227,21,315,1074.27874941,prediction
day,27/01/2023,261,34.83366285,21,255,1074.50378336,prediction
day,27/01/2023,262,30.26660763,22,105,1124.99505457,prediction
day,27/01/2023,263,28.57971029,22,75,1124.99866854,prediction
day,27/01/2023,264,33.86839537,22,225,1125.00912546,prediction
day,27/01/2023,265,30.53269846,22,135,1125.03033604,prediction
day,27/01/2023,266,31.58051926,22,45,1125.0365688,prediction
day,27/01/2023,267,31.82856954,22,15,1125.14278858,prediction
day,27/01/2023,268,26.97900398,22,195,1125.18958872,prediction
day,27/01/2023,269,32.71393587,22,345,1125.25634889,prediction
day,27/01/2023,270,33.55438379,22,315,1125.34266539,prediction
day,27/01/2023,271,35.14136731,22,255,1125.41362315,prediction
day,27/01/2023,272,35.90034442,22,285,1125.41494883,prediction
day,27/01/2023,273,30.22226908,23,105,1177.31112423,prediction
day,27/01/2023,274,28.12475701,23,75,1177.3150084,prediction
day,27/01/2023,275,34.36324599,23,225,1177.34236285,prediction
day,27/01/2023,276,30.94673059,23,135,1177.35018859,prediction
day,27/01/2023,277,31.63088514,23,45,1177.35692372,prediction
day,27/01/2023,278,31.61744342,23,15,1177.47240482,prediction
day,27/01/2023,279,32.74314118,23,195,1177.52690799,prediction
day,27/01/2023,280,33.60309349,23,345,1177.59668494,prediction
day,27/01/2023,281,34.12970338,23,315,1177.69223154,prediction
day,27/01/2023,282,35.15432419,23,255,1177.76947909,prediction
day,27/01/2023,283,36.49392983,23,285,1177.77099231,prediction
day,27/01/2023,284,29.96958897,24,105,1229.62646731,prediction
day,27/01/2023,285,27.94017952,24,75,1229.63061299,prediction
day,27/01/2023,286,31.04631933,24,135,1229.6694143,prediction
day,27/01/2023,287,34.18812976,24,225,1229.6762407,prediction
day,27/01/2023,288,31.3686278,24,45,1229.67680296,prediction
day,27/01/2023,291,33.70018364,24,345,1229.93735902,prediction
day,27/01/2023,292,34.15592353,24,315,1230.0425277,prediction
day,27/01/2023,293,35.62901852,24,255,1230.12637227,prediction
day,27/01/2023,294,35.89907941,24,285,1230.12815714,prediction
day,27/01/2023,295,29.33463697,25,105,1281.94101005,prediction
day,27/01/2023,296,28.21209917,25,75,1281.94545509,prediction
day,27/01/2023,297,31.49258393,25,135,1281.98801862,prediction
day,27/01/2023,298,31.46260484,25,45,1281.99601257,prediction
day,27/01/2023,299,33.10141507,25,225,1282.0107427,prediction
day,27/01/2023,303,33.92517159,25,315,1282.39359165,prediction
day,27/01/2023,304,35.77645426,25,255,1282.48427264,prediction
day,27/01/2023,305,36.53853196,25,285,1282.48626986,prediction
day,27/01/2023,306,30.40367357,26,105,1335.94636579,prediction
day,27/01/2023,307,28.1127945,26,75,1335.94686661,prediction
day,27/01/2023,308,31.43678774,26,135,1336.053695,prediction
day,27/01/2023,309,31.00282229,26,45,1336.0622659,prediction
day,27/01/2023,310,32.81069426,26,225,1336.09378827,prediction
day,27/01/2023,314,34.5249097,26,315,1336.49391968,prediction
day,27/01/2023,315,35.48615193,26,255,1336.53171427,prediction
day,27/01/2023,316,37.12766027,26,285,1336.53812588,prediction
day,27/01/2023,317,30.79582523,27,105,1386.70041475,prediction
day,27/01/2023,318,28.45264739,27,75,1386.70513346,prediction
day,27/01/2023,319,31.6095746,27,135,1386.76048224,prediction
day,27/01/2023,320,31.30229371,27,45,1386.76970677,prediction
day,27/01/2023,321,32.46249797,27,225,1386.81886773,prediction
day,27/01/2023,325,34.80094084,27,315,1387.23503065,prediction
day,27/01/2023,326,36.20174212,27,255,1387.33562104,prediction
day,27/01/2023,327,36.30974958,27,285,1387.33847392,prediction
day,27/01/2023,328,31.08118649,28,105,1439.01773273,prediction
day,27/01/2023,329,28.38945513,28,75,1439.02265301,prediction
day,27/01/2023,330,31.84624394,28,135,1439.08243693,prediction
day,27/01/2023,331,31.23508677,28,45,1439.09234714,prediction
day,27/01/2023,332,32.37711571,28,225,1439.16057605,prediction
day,27/01/2023,336,34.78319814,28,315,1439.59346859,prediction
day,27/01/2023,337,34.90076107,28,255,1439.70166378,prediction
day,27/01/2023,338,36.77951541,28,285,1439.70478145,prediction
day,27/01/2023,339,31.52028938,29,105,1491.33427335,prediction
day,27/01/2023,340,29.472783,29,75,1491.33954379,prediction
day,27/01/2023,341,32.18618913,29,135,1491.40380652,prediction
day,27/01/2023,342,31.37532543,29,45,1491.41441585,prediction
day,27/01/2023,343,33.09379896,29,225,1491.5029301,prediction
day,27/01/2023,347,34.30462495,29,315,1491.95272129,prediction
day,27/01/2023,348,35.58290632,29,255,1492.06879036,prediction
day,27/01/2023,349,35.23882808,29,285,1492.07222963,prediction
day,27/01/2023,351,27.53363383,30,75,1543.65559389,prediction
day,27/01/2023,352,31.88469295,30,135,1543.72456742,prediction
day,27/01/2023,353,31.51214484,30,45,1543.73587725,prediction
day,27/01/2023,354,33.55913656,30,225,1543.84595568,prediction
day,27/01/2023,358,34.54255127,30,315,1544.3126586,prediction
day,27/01/2023,360,35.95474437,30,255,1544.43689287,prediction
day,3/12/2022,361,37.17907,0,45,0.9,prediction
day,27/12/2022,361,38.394221,0,45,0.9,prediction
day,7/01/2023,361,34.813255,0,45,0.9,base
day,27/01/2023,361,31.547726,0,45,0.9,prediction
day,3/12/2022,361,37.17907,0,75,0.9,prediction
day,27/12/2022,361,38.394221,0,75,0.9,prediction
day,7/01/2023,361,34.813255,0,75,0.9,base
day,27/01/2023,361,31.547726,0,75,0.9,prediction
day,3/12/2022,361,37.17907,0,105,0.9,prediction
day,27/12/2022,361,38.394221,0,105,0.9,prediction
day,7/01/2023,361,34.813255,0,105,0.9,base
day,27/01/2023,361,31.547726,0,105,0.9,prediction
day,3/12/2022,361,37.17907,0,135,0.9,prediction
day,27/12/2022,361,38.394221,0,135,0.9,prediction
day,7/01/2023,361,34.813255,0,135,0.9,base
day,27/01/2023,361,31.547726,0,135,0.9,prediction
day,3/12/2022,361,37.17907,0,165,0.9,prediction
day,27/12/2022,361,38.394221,0,165,0.9,prediction
day,7/01/2023,361,34.813255,0,165,0.9,base
day,27/01/2023,361,31.547726,0,165,0.9,prediction
day,3/12/2022,361,37.17907,0,195,0.9,prediction
day,27/12/2022,361,38.394221,0,195,0.9,prediction
day,7/01/2023,361,34.813255,0,195,0.9,base
day,27/01/2023,361,31.547726,0,195,0.9,prediction
day,3/12/2022,361,37.17907,0,225,0.9,prediction
day,27/12/2022,361,38.394221,0,225,0.9,prediction
day,7/01/2023,361,34.813255,0,225,0.9,base
day,27/01/2023,361,31.547726,0,225,0.9,prediction
day,3/12/2022,361,37.17907,0,255,0.9,prediction
day,27/12/2022,361,38.394221,0,255,0.9,prediction
day,7/01/2023,361,34.813255,0,255,0.9,base
day,27/01/2023,361,31.547726,0,255,0.9,prediction
day,3/12/2022,361,37.17907,0,285,0.9,prediction
day,27/12/2022,361,38.394221,0,285,0.9,prediction
day,7/01/2023,361,34.813255,0,285,0.9,base
day,27/01/2023,361,31.547726,0,285,0.9,prediction
day,3/12/2022,361,37.17907,0,315,0.9,prediction
day,27/12/2022,361,38.394221,0,315,0.9,prediction
day,7/01/2023,361,34.813255,0,315,0.9,base
day,27/01/2023,361,31.547726,0,315,0.9,prediction
day,3/12/2022,361,37.17907,0,345,0.9,prediction
day,27/12/2022,361,38.394221,0,345,0.9,prediction
day,7/01/2023,361,34.813255,0,345,0.9,base
day,27/01/2023,361,31.547726,0,345,0.9,prediction
night,3/12/2022,361,21.332981,0,15,0.9,prediction
night,3/12/2022,1,21.0442,1,165,26.1588683337,prediction
night,3/12/2022,2,20.904,2,165,78.5320887888,prediction
night,3/12/2022,3,21.0293,3,165,130.916650141,prediction
night,3/12/2022,4,20.9247,4,165,183.310421724,prediction
night,3/12/2022,5,21.6047,5,165,235.675126489,prediction
night,3/12/2022,6,21.2385,6,165,288.059716914,prediction
night,3/12/2022,7,21.9844,7,165,340.40027276,prediction
night,3/12/2022,8,23.3742,8,165,392.825928488,prediction
night,3/12/2022,9,23.322,9,165,445.20954897,prediction
night,3/12/2022,10,22.2861,10,165,497.534870608,prediction
night,3/12/2022,11,21.81,11,165,547.152727294,prediction
night,3/12/2022,12,21.994,12,165,601.752722326,prediction
night,3/12/2022,13,22.0676,13,165,654.077375696,prediction
night,3/12/2022,14,21.7637,14,165,707.437718627,prediction
night,3/12/2022,15,21.3971,15,165,758.879133405,prediction
night,3/12/2022,16,21.04,16,165,811.213544416,prediction
night,3/12/2022,17,19.4377,17,285,864.783493136,prediction
night,3/12/2022,18,20.8008,18,165,916.008171598,prediction
night,3/12/2022,19,20.7824,19,165,968.348947967,prediction
night,3/12/2022,20,20.8169,20,165,1020.68951414,prediction
night,3/12/2022,21,20.8494,21,165,1074.54249828,prediction
night,3/12/2022,22,21.3062,22,165,1125.51728983,prediction
night,3/12/2022,23,21.393,23,165,1177.86387697,prediction
night,3/12/2022,24,21.0571,24,165,1230.21017942,prediction
night,3/12/2022,31,20.7494,1,225,26.1421622904,prediction
night,3/12/2022,32,21.162,1,195,26.1484865544,prediction
night,3/12/2022,33,21.8941,1,75,26.148976916,prediction
night,3/12/2022,34,21.4194,1,105,26.1489802967,prediction
night,3/12/2022,35,21.3868,1,45,26.1492919353,prediction
night,3/12/2022,36,20.6969,1,255,26.1493125373,prediction
night,3/12/2022,37,21.1843,1,135,26.149317842,prediction
night,3/12/2022,38,20.7045,1,285,26.149320641,prediction
night,3/12/2022,39,20.8853,1,315,26.1495677872,prediction
night,3/12/2022,40,21.7924,1,15,26.1499340473,prediction
night,3/12/2022,41,21.4739,1,345,26.1500688971,prediction
night,3/12/2022,42,21.2225,2,225,78.4865939041,prediction
night,3/12/2022,43,20.97,2,195,78.5016954405,prediction
night,3/12/2022,44,21.2511,2,105,78.5047576509,prediction
night,3/12/2022,45,21.0582,2,45,78.5051404983,prediction
night,3/12/2022,46,20.7229,2,15,78.50635058,prediction
night,3/12/2022,47,21.0607,2,315,78.506588238,prediction
night,3/12/2022,48,20.867,2,255,78.5069401867,prediction
night,3/12/2022,49,21.6626,2,345,78.5070511329,prediction
night,3/12/2022,50,21.4449,2,135,78.5072596515,prediction
night,3/12/2022,51,21.5302,2,75,78.507621266,prediction
night,3/12/2022,52,20.6077,2,285,78.5097908779,prediction
night,3/12/2022,53,20.6564,3,225,130.83419649,prediction
night,3/12/2022,54,21.4493,3,195,130.865764168,prediction
night,3/12/2022,55,21.2574,3,135,130.866816893,prediction
night,3/12/2022,56,21.8371,3,75,130.868089502,prediction
night,3/12/2022,57,21.3711,3,45,130.869096061,prediction
night,3/12/2022,58,21.634,3,105,130.870643632,prediction
night,3/12/2022,59,20.6832,3,15,130.871230267,prediction
night,3/12/2022,60,21.1157,3,345,130.872835727,prediction
night,3/12/2022,61,20.4939,3,315,130.873391001,prediction
night,3/12/2022,62,20.941,3,285,130.87356057,prediction
night,3/12/2022,63,21.3089,3,255,130.87662654,prediction
night,3/12/2022,64,21.1463,4,225,183.202760398,prediction
night,3/12/2022,65,21.1385,4,195,183.241181439,prediction
night,3/12/2022,66,21.5445,4,105,183.242955556,prediction
night,3/12/2022,67,21.6191,4,75,183.244421032,prediction
night,3/12/2022,68,21.2753,4,135,183.246181946,prediction
night,3/12/2022,69,21.0766,4,15,183.246919315,prediction
night,3/12/2022,70,21.1544,4,45,183.248158249,prediction
night,3/12/2022,71,21.1538,4,345,183.24991072,prediction
night,3/12/2022,72,21.4695,4,255,183.253658741,prediction
night,3/12/2022,73,21.3363,4,285,183.255763257,prediction
night,3/12/2022,74,20.4528,4,315,183.256425919,prediction
night,3/12/2022,75,20.7437,5,225,235.5378245,prediction
night,3/12/2022,76,21.0281,5,195,235.586306566,prediction
night,3/12/2022,77,20.9512,5,75,235.586681799,prediction
night,3/12/2022,78,21.1037,5,105,235.588284549,prediction
night,3/12/2022,79,21.3687,5,45,235.589826951,prediction
night,3/12/2022,80,21.5606,5,135,235.591466007,prediction
night,3/12/2022,81,21.1715,5,15,235.597026849,prediction
night,3/12/2022,82,21.1506,5,345,235.601945306,prediction
night,3/12/2022,83,19.5948,5,315,235.603359681,prediction
night,3/12/2022,84,21.1155,5,285,235.605230044,prediction
night,3/12/2022,85,20.6772,5,255,235.606875989,prediction
night,3/12/2022,86,20.727,6,225,287.893716757,prediction
night,3/12/2022,87,20.9341,6,105,287.952342449,prediction
night,3/12/2022,88,20.871,6,195,287.953574821,prediction
night,3/12/2022,89,21.3965,6,75,287.954487322,prediction
night,3/12/2022,90,21.2461,6,135,287.954804033,prediction
night,3/12/2022,91,21.7717,6,45,287.957554831,prediction
night,3/12/2022,92,20.8002,6,15,287.960622974,prediction
night,3/12/2022,93,20.9147,6,345,287.968116355,prediction
night,3/12/2022,94,19.5404,6,315,287.977630168,prediction
night,3/12/2022,95,20.2728,6,255,287.979473221,prediction
night,3/12/2022,96,19.2882,6,285,287.981779618,prediction
night,3/12/2022,97,20.6207,7,225,340.206774681,prediction
night,3/12/2022,98,21.1734,7,105,340.2706357,prediction
night,3/12/2022,99,21.4488,7,75,340.271549334,prediction
night,3/12/2022,100,21.1733,7,135,340.275296586,prediction
night,3/12/2022,101,20.929,7,195,340.276063867,prediction
night,3/12/2022,102,21.3529,7,45,340.276678648,prediction
night,3/12/2022,103,20.8942,7,15,340.284751843,prediction
night,3/12/2022,104,20.5951,7,345,340.295141519,prediction
night,3/12/2022,105,19.7113,7,315,340.304761915,prediction
night,3/12/2022,106,20.6998,7,255,340.308783293,prediction
night,3/12/2022,107,19.8255,7,285,340.309803081,prediction
night,3/12/2022,108,20.8225,8,225,392.609087709,prediction
night,3/12/2022,109,21.191,8,75,392.674128151,prediction
night,3/12/2022,110,21.1989,8,105,392.677146954,prediction
night,3/12/2022,111,20.7306,8,45,392.681811001,prediction
night,3/12/2022,112,21.8703,8,135,392.683283752,prediction
night,3/12/2022,113,20.4955,8,195,392.683423375,prediction
night,3/12/2022,114,20.1418,8,15,392.695837136,prediction
night,3/12/2022,115,20.5247,8,345,392.709712269,prediction
night,3/12/2022,116,19.255,8,315,392.718288014,prediction
night,3/12/2022,117,20.2449,8,285,392.725912691,prediction
night,3/12/2022,118,20.7785,8,255,392.727876477,prediction
night,3/12/2022,119,20.5311,9,225,444.967545613,prediction
night,3/12/2022,120,21.4678,9,105,445.034567252,prediction
night,3/12/2022,121,21.1321,9,75,445.040277329,prediction
night,3/12/2022,122,20.7655,9,45,445.044364492,prediction
night,3/12/2022,123,22.0176,9,135,445.047630348,prediction
night,3/12/2022,124,20.819,9,195,445.05299325,prediction
night,3/12/2022,125,19.7765,9,15,445.06189049,prediction
night,3/12/2022,126,19.3381,9,345,445.079436204,prediction
night,3/12/2022,127,19.3814,9,315,445.092654475,prediction
night,3/12/2022,128,20.7143,9,255,445.100751387,prediction
night,3/12/2022,129,20.3115,9,285,445.105153265,prediction
night,3/12/2022,130,20.5421,10,225,497.266228693,prediction
night,3/12/2022,131,21.4656,10,105,497.337391364,prediction
night,3/12/2022,132,21.2949,10,75,497.338930083,prediction
night,3/12/2022,133,22.2425,10,135,497.348469066,prediction
night,3/12/2022,134,20.2666,10,45,497.348890797,prediction
night,3/12/2022,135,20.7486,10,195,497.360915159,prediction
night,3/12/2022,136,20.2498,10,15,497.368061999,prediction
night,3/12/2022,137,19.7515,10,345,497.390112246,prediction
night,3/12/2022,138,19.1376,10,315,497.40865149,prediction
night,3/12/2022,139,20.5589,10,255,497.419046738,prediction
night,3/12/2022,140,20.6905,10,285,497.420665061,prediction
night,3/12/2022,141,20.1001,11,225,546.903162294,prediction
night,3/12/2022,142,20.5759,11,195,546.956662613,prediction
night,3/12/2022,143,19.7484,11,15,546.961835945,prediction
night,3/12/2022,144,21.9476,11,135,546.989476845,prediction
night,3/12/2022,145,19.3689,11,345,546.992209207,prediction
night,3/12/2022,146,19.8221,11,45,546.992632234,prediction
night,3/12/2022,147,21.3603,11,75,547.000708722,prediction
night,3/12/2022,148,21.2729,11,105,547.00681307,prediction
night,3/12/2022,149,18.5084,11,315,547.068358919,prediction
night,3/12/2022,150,20.5298,11,285,547.10048277,prediction
night,3/12/2022,151,20.7791,11,255,547.10469891,prediction
night,3/12/2022,152,20.314,12,225,601.445836677,prediction
night,3/12/2022,153,21.097,12,105,601.521158094,prediction
night,3/12/2022,154,20.9135,12,75,601.521631113,prediction
night,3/12/2022,155,21.5185,12,135,601.531126669,prediction
night,3/12/2022,156,19.9681,12,45,601.532445915,prediction
night,3/12/2022,157,20.1103,12,195,601.546952442,prediction
night,3/12/2022,158,19.7397,12,15,601.549994255,prediction
night,3/12/2022,159,19.2049,12,345,601.582898436,prediction
night,3/12/2022,160,18.4518,12,315,601.620474081,prediction
night,3/12/2022,161,19.947,12,255,601.640315573,prediction
night,3/12/2022,162,20.752,12,285,601.64126025,prediction
night,3/12/2022,163,19.9095,13,225,653.749348408,prediction
night,3/12/2022,164,21.6496,13,105,653.821981781,prediction
night,3/12/2022,165,20.9009,13,75,653.822554947,prediction
night,3/12/2022,166,21.4038,13,135,653.834129524,prediction
night,3/12/2022,167,20.1247,13,45,653.835724378,prediction
night,3/12/2022,168,19.8616,13,195,653.857004574,prediction
night,3/12/2022,169,19.3456,13,15,653.857246533,prediction
night,3/12/2022,170,18.8285,13,345,653.896039442,prediction
night,3/12/2022,171,18.3473,13,315,653.939654538,prediction
night,3/12/2022,172,19.912,13,255,653.962746366,prediction
night,3/12/2022,173,20.662,13,285,653.963824959,prediction
night,3/12/2022,174,19.3261,14,225,706.908204273,prediction
night,3/12/2022,175,20.8555,14,75,706.911391158,prediction
night,3/12/2022,176,21.6186,14,135,706.99344984,prediction
night,3/12/2022,177,20.589,14,285,707.077105223,prediction
night,3/12/2022,178,21.8807,14,105,707.099592883,prediction
night,3/12/2022,179,20.1629,14,45,707.144348088,prediction
night,3/12/2022,180,18.9939,14,15,707.152439805,prediction
night,3/12/2022,181,18.1008,14,345,707.200965457,prediction
night,3/12/2022,182,19.5596,14,195,707.223320408,prediction
night,3/12/2022,183,17.9537,14,315,707.256506323,prediction
night,3/12/2022,184,19.668,14,255,707.267285282,prediction
night,3/12/2022,185,19.5178,15,225,758.484798074,prediction
night,3/12/2022,186,21.3699,15,75,758.538606215,prediction
night,3/12/2022,187,21.3672,15,135,758.56495277,prediction
night,3/12/2022,188,21.954,15,105,758.56574345,prediction
night,3/12/2022,189,19.5812,15,45,758.58921792,prediction
night,3/12/2022,190,18.8422,15,15,758.617319606,prediction
night,3/12/2022,191,21.082,15,195,758.634128682,prediction
night,3/12/2022,192,17.8869,15,345,758.669844378,prediction
night,3/12/2022,193,17.9348,15,315,758.727653744,prediction
night,3/12/2022,194,20.5498,15,285,758.728805537,prediction
night,3/12/2022,195,18.8273,15,255,758.755698383,prediction
night,3/12/2022,196,18.4303,16,225,810.798966762,prediction
night,3/12/2022,197,21.5709,16,75,810.845114994,prediction
night,3/12/2022,198,21.7054,16,105,810.874048291,prediction
night,3/12/2022,199,21.5533,16,135,810.874751296,prediction
night,3/12/2022,200,19.7212,16,45,810.90091175,prediction
night,3/12/2022,201,18.8733,16,15,810.933963379,prediction
night,3/12/2022,202,21.2606,16,195,810.955736004,prediction
night,3/12/2022,203,18.3295,16,345,810.993894777,prediction
night,3/12/2022,204,17.7874,16,315,811.059153639,prediction
night,3/12/2022,205,19.8477,16,285,811.062448387,prediction
night,3/12/2022,206,18.1025,16,255,811.091073808,prediction
night,3/12/2022,207,21.9257,17,105,864.082555014,prediction
night,3/12/2022,208,20.3338,17,45,864.159798579,prediction
night,3/12/2022,209,21.4489,17,195,864.320131185,prediction
night,3/12/2022,210,18.0793,17,255,864.328430686,prediction
night,3/12/2022,211,18.0377,17,315,864.340763528,prediction
night,3/12/2022,212,18.0759,17,225,864.434341191,prediction
night,3/12/2022,213,19.2317,17,15,864.438434635,prediction
night,3/12/2022,214,21.4628,17,135,864.502557439,prediction
night,3/12/2022,215,17.9694,17,345,864.503329694,prediction
night,3/12/2022,216,21.4201,17,75,864.537255183,prediction
night,3/12/2022,217,20.8036,17,165,864.593146426,prediction
night,3/12/2022,218,18.6539,18,225,915.58915721,prediction
night,3/12/2022,219,21.7391,18,105,915.597310755,prediction
night,3/12/2022,220,20.9104,18,75,915.623591996,prediction
night,3/12/2022,221,20.2589,18,45,915.637247911,prediction
night,3/12/2022,222,21.6649,18,135,915.652165759,prediction
night,3/12/2022,223,19.3251,18,15,915.710469659,prediction
night,3/12/2022,224,21.1256,18,195,915.725934618,prediction
night,3/12/2022,225,17.6248,18,345,915.786279166,prediction
night,3/12/2022,226,18.1011,18,315,915.83925752,prediction
night,3/12/2022,227,18.4657,18,255,915.873920636,prediction
night,3/12/2022,228,18.9287,18,285,915.900561915,prediction
night,3/12/2022,229,21.4947,19,105,967.909398761,prediction
night,3/12/2022,230,20.2511,19,225,967.914389442,prediction
night,3/12/2022,231,20.4642,19,75,967.937262268,prediction
night,3/12/2022,232,19.6641,19,45,967.953625279,prediction
night,3/12/2022,233,21.6948,19,135,967.96920464,prediction
night,3/12/2022,234,19.2856,19,15,968.034633446,prediction
night,3/12/2022,235,21.0518,19,195,968.055546242,prediction
night,3/12/2022,236,17.3765,19,345,968.119276911,prediction
night,3/12/2022,237,18.4042,19,315,968.179492611,prediction
night,3/12/2022,238,18.2998,19,255,968.218473936,prediction
night,3/12/2022,239,18.3352,19,285,968.246820865,prediction
night,3/12/2022,240,21.4047,20,105,1020.22073198,prediction
night,3/12/2022,241,20.4707,20,225,1020.24029023,prediction
night,3/12/2022,242,20.4014,20,75,1020.25015995,prediction
night,3/12/2022,243,18.9678,20,45,1020.26945164,prediction
night,3/12/2022,244,21.7913,20,135,1020.28562,prediction
night,3/12/2022,245,18.2438,20,15,1020.3586323,prediction
night,3/12/2022,246,20.8901,20,195,1020.38537183,prediction
night,3/12/2022,247,17.4798,20,345,1020.45253703,prediction
night,3/12/2022,248,18.2353,20,315,1020.52043405,prediction
night,3/12/2022,249,17.8233,20,255,1020.56405306,prediction
night,3/12/2022,250,18.365,20,285,1020.59402321,prediction
night,3/12/2022,251,20.4019,21,225,1073.74745918,prediction
night,3/12/2022,252,21.7707,21,135,1073.76805203,prediction
night,3/12/2022,253,20.4823,21,75,1073.84509471,prediction
night,3/12/2022,254,18.8931,21,45,1073.99224514,prediction
night,3/12/2022,255,17.4049,21,15,1074.08747563,prediction
night,3/12/2022,256,21.4629,21,105,1074.11172432,prediction
night,3/12/2022,257,17.1938,21,345,1074.18632633,prediction
night,3/12/2022,258,20.7136,21,195,1074.19059563,prediction
night,3/12/2022,259,18.2727,21,285,1074.20728628,prediction
night,3/12/2022,260,17.9567,21,315,1074.27874941,prediction
night,3/12/2022,261,18.1189,21,255,1074.50378336,prediction
night,3/12/2022,262,21.163,22,105,1124.99505457,prediction
night,3/12/2022,263,20.2913,22,75,1124.99866854,prediction
night,3/12/2022,264,20.269,22,225,1125.00912546,prediction
night,3/12/2022,265,21.8159,22,135,1125.03033604,prediction
night,3/12/2022,266,19.22,22,45,1125.0365688,prediction
night,3/12/2022,267,17.2524,22,15,1125.14278858,prediction
night,3/12/2022,268,19.9722,22,195,1125.18958872,prediction
night,3/12/2022,269,16.9439,22,345,1125.25634889,prediction
night,3/12/2022,270,17.8502,22,315,1125.34266539,prediction
night,3/12/2022,271,18.3054,22,255,1125.41362315,prediction
night,3/12/2022,272,17.7594,22,285,1125.41494883,prediction
night,3/12/2022,273,21.1231,23,105,1177.31112423,prediction
night,3/12/2022,274,20.0671,23,75,1177.3150084,prediction
night,3/12/2022,275,20.0768,23,225,1177.34236285,prediction
night,3/12/2022,276,21.9286,23,135,1177.35018859,prediction
night,3/12/2022,277,19.1513,23,45,1177.35692372,prediction
night,3/12/2022,278,16.988,23,15,1177.47240482,prediction
night,3/12/2022,279,18.7862,23,195,1177.52690799,prediction
night,3/12/2022,280,16.8551,23,345,1177.59668494,prediction
night,3/12/2022,281,18.5616,23,315,1177.69223154,prediction
night,3/12/2022,282,18.106,23,255,1177.76947909,prediction
night,3/12/2022,283,17.5695,23,285,1177.77099231,prediction
night,3/12/2022,284,21.1918,24,105,1229.62646731,prediction
night,3/12/2022,285,19.9746,24,75,1229.63061299,prediction
night,3/12/2022,286,21.8771,24,135,1229.6694143,prediction
night,3/12/2022,287,19.8969,24,225,1229.6762407,prediction
night,3/12/2022,288,18.6936,24,45,1229.67680296,prediction
night,3/12/2022,291,16.1694,24,345,1229.93735902,prediction
night,3/12/2022,292,18.2885,24,315,1230.0425277,prediction
night,3/12/2022,293,18.1543,24,255,1230.12637227,prediction
night,3/12/2022,294,17.1454,24,285,1230.12815714,prediction
night,3/12/2022,295,20.835,25,105,1281.94101005,prediction
night,3/12/2022,296,19.5055,25,75,1281.94545509,prediction
night,3/12/2022,297,21.8643,25,135,1281.98801862,prediction
night,3/12/2022,298,19.2687,25,45,1281.99601257,prediction
night,3/12/2022,299,19.263,25,225,1282.0107427,prediction
night,3/12/2022,303,18.1688,25,315,1282.39359165,prediction
night,3/12/2022,304,17.8294,25,255,1282.48427264,prediction
night,3/12/2022,305,17.0495,25,285,1282.48626986,prediction
night,3/12/2022,306,20.8724,26,105,1335.94636579,prediction
night,3/12/2022,307,19.1272,26,75,1335.94686661,prediction
night,3/12/2022,308,21.6321,26,135,1336.053695,prediction
night,3/12/2022,309,19.1219,26,45,1336.0622659,prediction
night,3/12/2022,310,18.3122,26,225,1336.09378827,prediction
night,3/12/2022,314,18.223,26,315,1336.49391968,prediction
night,3/12/2022,315,17.566,26,255,1336.53171427,prediction
night,3/12/2022,316,17.3873,26,285,1336.53812588,prediction
night,3/12/2022,317,20.8582,27,105,1386.70041475,prediction
night,3/12/2022,318,18.8263,27,75,1386.70513346,prediction
night,3/12/2022,319,21.3869,27,135,1386.76048224,prediction
night,3/12/2022,320,18.9903,27,45,1386.76970677,prediction
night,3/12/2022,321,18.8079,27,225,1386.81886773,prediction
night,3/12/2022,325,17.9825,27,315,1387.23503065,prediction
night,3/12/2022,326,17.4662,27,255,1387.33562104,prediction
night,3/12/2022,327,17.4001,27,285,1387.33847392,prediction
night,3/12/2022,328,20.9768,28,105,1439.01773273,prediction
night,3/12/2022,329,18.8979,28,75,1439.02265301,prediction
night,3/12/2022,330,21.8683,28,135,1439.08243693,prediction
night,3/12/2022,331,18.5573,28,45,1439.09234714,prediction
night,3/12/2022,332,18.8459,28,225,1439.16057605,prediction
night,3/12/2022,336,17.2077,28,315,1439.59346859,prediction
night,3/12/2022,337,17.1328,28,255,1439.70166378,prediction
night,3/12/2022,338,17.508,28,285,1439.70478145,prediction
night,3/12/2022,339,21.541,29,105,1491.33427335,prediction
night,3/12/2022,340,18.1487,29,75,1491.33954379,prediction
night,3/12/2022,341,21.5183,29,135,1491.40380652,prediction
night,3/12/2022,342,18.4304,29,45,1491.41441585,prediction
night,3/12/2022,343,18.9966,29,225,1491.5029301,prediction
night,3/12/2022,347,16.9039,29,315,1491.95272129,prediction
night,3/12/2022,348,18.3075,29,255,1492.06879036,prediction
night,3/12/2022,349,17.5283,29,285,1492.07222963,prediction
night,3/12/2022,351,19.4165,30,75,1543.65559389,prediction
night,3/12/2022,352,21.4467,30,135,1543.72456742,prediction
night,3/12/2022,353,18.3633,30,45,1543.73587725,prediction
night,3/12/2022,354,18.9836,30,225,1543.84595568,prediction
night,3/12/2022,358,16.8718,30,315,1544.3126586,prediction
night,3/12/2022,360,18.5984,30,255,1544.43689287,prediction
night,25/12/2022,361,20.23,0,15,0.9,base
night,25/12/2022,1,19.76786259,1,165,26.1588683337,base
night,25/12/2022,2,19.55914043,2,165,78.5320887888,base
night,25/12/2022,3,19.61060941,3,165,130.916650141,base
night,25/12/2022,4,19.52152726,4,165,183.310421724,base
night,25/12/2022,5,20.36921575,5,165,235.675126489,base
night,25/12/2022,6,20.06314582,6,165,288.059716914,base
night,25/12/2022,7,21.06043721,7,165,340.40027276,base
night,25/12/2022,8,22.62108632,8,165,392.825928488,base
night,25/12/2022,9,22.58188178,9,165,445.20954897,base
night,25/12/2022,10,21.40798318,10,165,497.534870608,base
night,25/12/2022,11,21.05806893,11,165,547.152727294,base
night,25/12/2022,12,21.91367997,12,165,601.752722326,base
night,25/12/2022,13,22.2524197,13,165,654.077375696,base
night,25/12/2022,14,22.0108903,14,165,707.437718627,base
night,25/12/2022,15,21.68206022,15,165,758.879133405,base
night,25/12/2022,16,21.29970304,16,165,811.213544416,base
night,25/12/2022,17,18.47506533,17,285,864.783493136,base
night,25/12/2022,18,20.99125724,18,165,916.008171598,base
night,25/12/2022,19,20.93888018,19,165,968.348947967,base
night,25/12/2022,20,20.90977331,20,165,1020.68951414,base
night,25/12/2022,21,20.6993454,21,165,1074.54249828,base
night,25/12/2022,22,20.70141833,22,165,1125.51728983,base
night,25/12/2022,23,20.7076526,23,165,1177.86387697,base
night,25/12/2022,24,20.40636652,24,165,1230.21017942,base
night,25/12/2022,31,19.40963054,1,225,26.1421622904,base
night,25/12/2022,32,19.86608707,1,195,26.1484865544,base
night,25/12/2022,33,20.683221,1,75,26.148976916,base
night,25/12/2022,34,20.19040097,1,105,26.1489802967,base
night,25/12/2022,35,20.19264999,1,45,26.1492919353,base
night,25/12/2022,36,19.4260788,1,255,26.1493125373,base
night,25/12/2022,37,19.92359032,1,135,26.149317842,base
night,25/12/2022,38,19.62373023,1,285,26.149320641,base
night,25/12/2022,39,19.84736489,1,315,26.1495677872,base
night,25/12/2022,40,20.67235849,1,15,26.1499340473,base
night,25/12/2022,41,20.43286242,1,345,26.1500688971,base
night,25/12/2022,42,19.92716754,2,225,78.4865939041,base
night,25/12/2022,43,19.6485054,2,195,78.5016954405,base
night,25/12/2022,44,20.06688175,2,105,78.5047576509,base
night,25/12/2022,45,19.8534642,2,45,78.5051404983,base
night,25/12/2022,46,19.5302557,2,15,78.50635058,base
night,25/12/2022,47,20.21766079,2,315,78.506588238,base
night,25/12/2022,48,19.57037598,2,255,78.5069401867,base
night,25/12/2022,49,20.80926514,2,345,78.5070511329,base
night,25/12/2022,50,20.19618093,2,135,78.5072596515,base
night,25/12/2022,51,20.31976073,2,75,78.507621266,base
night,25/12/2022,52,19.52875652,2,285,78.5097908779,base
night,25/12/2022,53,19.36371786,3,225,130.83419649,base
night,25/12/2022,54,20.18846276,3,195,130.865764168,base
night,25/12/2022,55,19.95318858,3,135,130.866816893,base
night,25/12/2022,56,20.6108357,3,75,130.868089502,base
night,25/12/2022,57,20.15288567,3,45,130.869096061,base
night,25/12/2022,58,20.48309416,3,105,130.870643632,base
night,25/12/2022,59,19.62324176,3,15,130.871230267,base
night,25/12/2022,60,20.2270631,3,345,130.872835727,base
night,25/12/2022,61,19.61515785,3,315,130.873391001,base
night,25/12/2022,62,19.86272688,3,285,130.87356057,base
night,25/12/2022,63,20.07128929,3,255,130.87662654,base
night,25/12/2022,64,19.88520516,4,225,183.202760398,base
night,25/12/2022,65,19.8992252,4,195,183.241181439,base
night,25/12/2022,66,20.31377968,4,105,183.242955556,base
night,25/12/2022,67,20.29995184,4,75,183.244421032,base
night,25/12/2022,68,19.95726001,4,135,183.246181946,base
night,25/12/2022,69,19.91462929,4,15,183.246919315,base
night,25/12/2022,70,19.88467293,4,45,183.248158249,base
night,25/12/2022,71,20.13702742,4,345,183.24991072,base
night,25/12/2022,72,20.25005868,4,255,183.253658741,base
night,25/12/2022,73,20.11430703,4,285,183.255763257,base
night,25/12/2022,74,19.4321923,4,315,183.256425919,base
night,25/12/2022,75,19.39522608,5,225,235.5378245,base
night,25/12/2022,76,19.75858925,5,195,235.586306566,base
night,25/12/2022,77,19.509756,5,75,235.586681799,base
night,25/12/2022,78,19.79654562,5,105,235.588284549,base
night,25/12/2022,79,20.01590681,5,45,235.589826951,base
night,25/12/2022,80,20.34528754,5,135,235.591466007,base
night,25/12/2022,81,19.96632808,5,15,235.597026849,base
night,25/12/2022,82,19.97297054,5,345,235.601945306,base
night,25/12/2022,83,18.56395166,5,315,235.603359681,base
night,25/12/2022,84,19.95956247,5,285,235.605230044,base
night,25/12/2022,85,19.4363397,5,255,235.606875989,base
night,25/12/2022,86,19.37149482,6,225,287.893716757,base
night,25/12/2022,87,19.71060912,6,105,287.952342449,base
night,25/12/2022,88,19.61570149,6,195,287.953574821,base
night,25/12/2022,89,20.0763881,6,75,287.954487322,base
night,25/12/2022,90,20.11961646,6,135,287.954804033,base
night,25/12/2022,91,20.44949851,6,45,287.957554831,base
night,25/12/2022,92,19.61208309,6,15,287.960622974,base
night,25/12/2022,93,19.76283884,6,345,287.968116355,base
night,25/12/2022,94,18.50459142,6,315,287.977630168,base
night,25/12/2022,95,19.05625114,6,255,287.979473221,base
night,25/12/2022,96,18.42551712,6,285,287.981779618,base
night,25/12/2022,97,19.24758277,7,225,340.206774681,base
night,25/12/2022,98,20.14167711,7,105,340.2706357,base
night,25/12/2022,99,20.29897133,7,75,340.271549334,base
night,25/12/2022,100,20.15473256,7,135,340.275296586,base
night,25/12/2022,101,19.73818987,7,195,340.276063867,base
night,25/12/2022,102,20.13736534,7,45,340.276678648,base
night,25/12/2022,103,19.80971771,7,15,340.284751843,base
night,25/12/2022,104,19.641989,7,345,340.295141519,base
night,25/12/2022,105,18.79257789,7,315,340.304761915,base
night,25/12/2022,106,19.57552285,7,255,340.308783293,base
night,25/12/2022,107,19.20614453,7,285,340.309803081,base
night,25/12/2022,108,19.41849597,8,225,392.609087709,base
night,25/12/2022,109,20.07274233,8,75,392.674128151,base
night,25/12/2022,110,20.30965255,8,105,392.677146954,base
night,25/12/2022,111,19.67249958,8,45,392.681811001,base
night,25/12/2022,112,20.98803097,8,135,392.683283752,base
night,25/12/2022,113,19.22561834,8,195,392.683423375,base
night,25/12/2022,114,19.04874558,8,15,392.695837136,base
night,25/12/2022,115,19.83025375,8,345,392.709712269,base
night,25/12/2022,116,18.58138837,8,315,392.718288014,base
night,25/12/2022,117,19.6204219,8,285,392.725912691,base
night,25/12/2022,118,19.60516149,8,255,392.727876477,base
night,25/12/2022,119,19.16633753,9,225,444.967545613,base
night,25/12/2022,120,20.67387054,9,105,445.034567252,base
night,25/12/2022,121,20.18916206,9,75,445.040277329,base
night,25/12/2022,122,19.84373024,9,45,445.044364492,base
night,25/12/2022,123,21.12423811,9,135,445.047630348,base
night,25/12/2022,124,19.7542249,9,195,445.05299325,base
night,25/12/2022,125,18.6502903,9,15,445.06189049,base
night,25/12/2022,126,18.61040626,9,345,445.079436204,base
night,25/12/2022,127,18.93886823,9,315,445.092654475,base
night,25/12/2022,128,19.46898503,9,255,445.100751387,base
night,25/12/2022,129,19.64664366,9,285,445.105153265,base
night,25/12/2022,130,19.24835442,10,225,497.266228693,base
night,25/12/2022,131,20.77886503,10,105,497.337391364,base
night,25/12/2022,132,20.51389599,10,75,497.338930083,base
night,25/12/2022,133,21.40931643,10,135,497.348469066,base
night,25/12/2022,134,19.43916824,10,45,497.348890797,base
night,25/12/2022,135,20.06528185,10,195,497.360915159,base
night,25/12/2022,136,19.16623036,10,15,497.368061999,base
night,25/12/2022,137,18.93922945,10,345,497.390112246,base
night,25/12/2022,138,18.76412637,10,315,497.40865149,base
night,25/12/2022,139,19.25578799,10,255,497.419046738,base
night,25/12/2022,140,19.97638321,10,285,497.420665061,base
night,25/12/2022,141,18.77257756,11,225,546.903162294,base
night,25/12/2022,142,20.09485714,11,195,546.956662613,base
night,25/12/2022,143,18.88890511,11,15,546.961835945,base
night,25/12/2022,144,21.27740104,11,135,546.989476845,base
night,25/12/2022,145,18.46159273,11,345,546.992209207,base
night,25/12/2022,146,19.13869682,11,45,546.992632234,base
night,25/12/2022,147,20.69917487,11,75,547.000708722,base
night,25/12/2022,148,20.67828693,11,105,547.00681307,base
night,25/12/2022,149,18.04489841,11,315,547.068358919,base
night,25/12/2022,150,19.7202672,11,285,547.10048277,base
night,25/12/2022,151,19.46243496,11,255,547.10469891,base
night,25/12/2022,152,19.16365446,12,225,601.445836677,base
night,25/12/2022,153,20.55637399,12,105,601.521158094,base
night,25/12/2022,154,20.32811109,12,75,601.521631113,base
night,25/12/2022,155,20.959925,12,135,601.531126669,base
night,25/12/2022,156,19.46451311,12,45,601.532445915,base
night,25/12/2022,157,19.67880806,12,195,601.546952442,base
night,25/12/2022,158,19.17837726,12,15,601.549994255,base
night,25/12/2022,159,18.50920584,12,345,601.582898436,base
night,25/12/2022,160,17.970233,12,315,601.620474081,base
night,25/12/2022,161,18.61918919,12,255,601.640315573,base
night,25/12/2022,162,19.85811687,12,285,601.64126025,base
night,25/12/2022,163,18.91440518,13,225,653.749348408,base
night,25/12/2022,164,21.1406623,13,105,653.821981781,base
night,25/12/2022,165,20.42128243,13,75,653.822554947,base
night,25/12/2022,166,20.87630693,13,135,653.834129524,base
night,25/12/2022,167,19.80276505,13,45,653.835724378,base
night,25/12/2022,168,19.52124969,13,195,653.857004574,base
night,25/12/2022,169,18.89944015,13,15,653.857246533,base
night,25/12/2022,170,18.31449124,13,345,653.896039442,base
night,25/12/2022,171,17.89447561,13,315,653.939654538,base
night,25/12/2022,172,18.77230354,13,255,653.962746366,base
night,25/12/2022,173,19.68411958,13,285,653.963824959,base
night,25/12/2022,174,18.37768159,14,225,706.908204273,base
night,25/12/2022,175,20.39555358,14,75,706.911391158,base
night,25/12/2022,176,21.18387556,14,135,706.99344984,base
night,25/12/2022,177,19.5962794,14,285,707.077105223,base
night,25/12/2022,178,21.32156575,14,105,707.099592883,base
night,25/12/2022,179,19.91028439,14,45,707.144348088,base
night,25/12/2022,180,18.55644136,14,15,707.152439805,base
night,25/12/2022,181,17.56602798,14,345,707.200965457,base
night,25/12/2022,182,19.48819027,14,195,707.223320408,base
night,25/12/2022,183,17.65363534,14,315,707.256506323,base
night,25/12/2022,184,18.69035063,14,255,707.267285282,base
night,25/12/2022,185,18.71232377,15,225,758.484798074,base
night,25/12/2022,186,20.96744525,15,75,758.538606215,base
night,25/12/2022,187,20.88045909,15,135,758.56495277,base
night,25/12/2022,188,21.41616849,15,105,758.56574345,base
night,25/12/2022,189,19.14834711,15,45,758.58921792,base
night,25/12/2022,190,18.37977925,15,15,758.617319606,base
night,25/12/2022,191,21.39074437,15,195,758.634128682,base
night,25/12/2022,192,17.18155061,15,345,758.669844378,base
night,25/12/2022,193,17.72368901,15,315,758.727653744,base
night,25/12/2022,194,19.55810944,15,285,758.728805537,base
night,25/12/2022,195,17.84915157,15,255,758.755698383,base
night,25/12/2022,196,17.60261528,16,225,810.798966762,base
night,25/12/2022,197,21.13345866,16,75,810.845114994,base
night,25/12/2022,198,21.1532689,16,105,810.874048291,base
night,25/12/2022,199,20.96574163,16,135,810.874751296,base
night,25/12/2022,200,19.31341756,16,45,810.90091175,base
night,25/12/2022,201,18.34872328,16,15,810.933963379,base
night,25/12/2022,202,21.59592025,16,195,810.955736004,base
night,25/12/2022,203,17.56159212,16,345,810.993894777,base
night,25/12/2022,204,17.55513245,16,315,811.059153639,base
night,25/12/2022,205,18.85114518,16,285,811.062448387,base
night,25/12/2022,206,17.12560806,16,255,811.091073808,base
night,25/12/2022,207,21.222758,17,105,864.082555014,base
night,25/12/2022,208,19.8733297,17,45,864.159798579,base
night,25/12/2022,209,21.76982493,17,195,864.320131185,base
night,25/12/2022,210,17.14570844,17,255,864.328430686,base
night,25/12/2022,211,17.68057991,17,315,864.340763528,base
night,25/12/2022,212,17.22386272,17,225,864.434341191,base
night,25/12/2022,213,18.70791659,17,15,864.438434635,base
night,25/12/2022,214,20.79633185,17,135,864.502557439,base
night,25/12/2022,215,17.08704207,17,345,864.503329694,base
night,25/12/2022,216,21.01099097,17,75,864.537255183,base
night,25/12/2022,217,21.00345958,17,165,864.593146426,base
night,25/12/2022,218,17.88446327,18,225,915.58915721,base
night,25/12/2022,219,21.1028174,18,105,915.597310755,base
night,25/12/2022,220,20.68207266,18,75,915.623591996,base
night,25/12/2022,221,19.74403166,18,45,915.637247911,base
night,25/12/2022,222,20.94695998,18,135,915.652165759,base
night,25/12/2022,223,18.79393294,18,15,915.710469659,base
night,25/12/2022,224,21.42969546,18,195,915.725934618,base
night,25/12/2022,225,16.7356181,18,345,915.786279166,base
night,25/12/2022,226,17.67571431,18,315,915.83925752,base
night,25/12/2022,227,17.56740963,18,255,915.873920636,base
night,25/12/2022,228,18.06887903,18,285,915.900561915,base
night,25/12/2022,229,21.11994019,19,105,967.909398761,base
night,25/12/2022,230,19.44551528,19,225,967.914389442,base
night,25/12/2022,231,20.41761007,19,75,967.937262268,base
night,25/12/2022,232,19.15865944,19,45,967.953625279,base
night,25/12/2022,233,20.93368482,19,135,967.96920464,base
night,25/12/2022,234,18.64137396,19,15,968.034633446,base
night,25/12/2022,235,21.3324911,19,195,968.055546242,base
night,25/12/2022,236,16.53797189,19,345,968.119276911,base
night,25/12/2022,237,17.98573212,19,315,968.179492611,base
night,25/12/2022,238,17.44947753,19,255,968.218473936,base
night,25/12/2022,239,17.62471249,19,285,968.246820865,base
night,25/12/2022,240,21.1702742,20,105,1020.22073198,base
night,25/12/2022,241,19.61942493,20,225,1020.24029023,base
night,25/12/2022,242,20.42293357,20,75,1020.25015995,base
night,25/12/2022,243,18.51718331,20,45,1020.26945164,base
night,25/12/2022,244,20.99289606,20,135,1020.28562,base
night,25/12/2022,245,17.38772102,20,15,1020.3586323,base
night,25/12/2022,246,21.16493991,20,195,1020.38537183,base
night,25/12/2022,247,16.77989426,20,345,1020.45253703,base
night,25/12/2022,248,17.75002528,20,315,1020.52043405,base
night,25/12/2022,249,16.96214231,20,255,1020.56405306,base
night,25/12/2022,250,17.82854092,20,285,1020.59402321,base
night,25/12/2022,251,19.58078293,21,225,1073.74745918,base
night,25/12/2022,252,20.89775882,21,135,1073.76805203,base
night,25/12/2022,253,20.56937704,21,75,1073.84509471,base
night,25/12/2022,254,18.46989631,21,45,1073.99224514,base
night,25/12/2022,255,16.47193485,21,15,1074.08747563,base
night,25/12/2022,256,21.28236933,21,105,1074.11172432,base
night,25/12/2022,257,16.50466464,21,345,1074.18632633,base
night,25/12/2022,258,20.91520124,21,195,1074.19059563,base
night,25/12/2022,259,17.84346131,21,285,1074.20728628,base
night,25/12/2022,260,17.42835024,21,315,1074.27874941,base
night,25/12/2022,261,17.34848604,21,255,1074.50378336,base
night,25/12/2022,262,20.97513926,22,105,1124.99505457,base
night,25/12/2022,263,20.38160291,22,75,1124.99866854,base
night,25/12/2022,264,19.48004073,22,225,1125.00912546,base
night,25/12/2022,265,20.87723597,22,135,1125.03033604,base
night,25/12/2022,266,18.80304081,22,45,1125.0365688,base
night,25/12/2022,267,16.39686246,22,15,1125.14278858,base
night,25/12/2022,268,19.8460627,22,195,1125.18958872,base
night,25/12/2022,269,16.23645889,22,345,1125.25634889,base
night,25/12/2022,270,17.34469038,22,315,1125.34266539,base
night,25/12/2022,271,17.64797567,22,255,1125.41362315,base
night,25/12/2022,272,17.27953066,22,285,1125.41494883,base
night,25/12/2022,273,20.94392677,23,105,1177.31112423,base
night,25/12/2022,274,20.17547868,23,75,1177.3150084,base
night,25/12/2022,275,19.22640438,23,225,1177.34236285,base
night,25/12/2022,276,20.92592662,23,135,1177.35018859,base
night,25/12/2022,277,18.61127362,23,45,1177.35692372,base
night,25/12/2022,278,16.13445062,23,15,1177.47240482,base
night,25/12/2022,279,18.16596213,23,195,1177.52690799,base
night,25/12/2022,280,16.04428169,23,345,1177.59668494,base
night,25/12/2022,281,18.06094427,23,315,1177.69223154,base
night,25/12/2022,282,17.49353779,23,255,1177.76947909,base
night,25/12/2022,283,17.04246764,23,285,1177.77099231,base
night,25/12/2022,284,21.09091905,24,105,1229.62646731,base
night,25/12/2022,285,20.0485669,24,75,1229.63061299,base
night,25/12/2022,286,20.80056855,24,135,1229.6694143,base
night,25/12/2022,287,19.02444708,24,225,1229.6762407,base
night,25/12/2022,288,18.0015066,24,45,1229.67680296,base
night,25/12/2022,291,15.38637196,24,345,1229.93735902,base
night,25/12/2022,292,17.70794726,24,315,1230.0425277,base
night,25/12/2022,293,17.58265815,24,255,1230.12637227,base
night,25/12/2022,294,16.58345312,24,285,1230.12815714,base
night,25/12/2022,295,20.82663086,25,105,1281.94101005,base
night,25/12/2022,296,19.48518092,25,75,1281.94545509,base
night,25/12/2022,297,20.72128053,25,135,1281.98801862,base
night,25/12/2022,298,18.45175415,25,45,1281.99601257,base
night,25/12/2022,299,18.51854604,25,225,1282.0107427,base
night,25/12/2022,303,17.56076617,25,315,1282.39359165,base
night,25/12/2022,304,17.2881527,25,255,1282.48427264,base
night,25/12/2022,305,16.55740401,25,285,1282.48626986,base
night,25/12/2022,306,20.83439437,26,105,1335.94636579,base
night,25/12/2022,307,18.89079432,26,75,1335.94686661,base
night,25/12/2022,308,20.51555487,26,135,1336.053695,base
night,25/12/2022,309,18.29116866,26,45,1336.0622659,base
night,25/12/2022,310,17.71511311,26,225,1336.09378827,base
night,25/12/2022,314,17.60783252,26,315,1336.49391968,base
night,25/12/2022,315,17.06527231,26,255,1336.53171427,base
night,25/12/2022,316,16.94644627,26,285,1336.53812588,base
night,25/12/2022,317,20.81494394,27,105,1386.70041475,base
night,25/12/2022,318,18.52484342,27,75,1386.70513346,base
night,25/12/2022,319,20.37594554,27,135,1386.76048224,base
night,25/12/2022,320,18.33504846,27,45,1386.76970677,base
night,25/12/2022,321,18.32898308,27,225,1386.81886773,base
night,25/12/2022,325,17.30340721,27,315,1387.23503065,base
night,25/12/2022,326,16.93619264,27,255,1387.33562104,base
night,25/12/2022,327,17.07838493,27,285,1387.33847392,base
night,25/12/2022,328,20.91485876,28,105,1439.01773273,base
night,25/12/2022,329,18.71665061,28,75,1439.02265301,base
night,25/12/2022,330,21.04919226,28,135,1439.08243693,base
night,25/12/2022,331,18.13962613,28,45,1439.09234714,base
night,25/12/2022,332,18.34237553,28,225,1439.16057605,base
night,25/12/2022,336,16.39048286,28,315,1439.59346859,base
night,25/12/2022,337,16.6746377,28,255,1439.70166378,base
night,25/12/2022,338,17.18434274,28,285,1439.70478145,base
night,25/12/2022,339,21.25909701,29,105,1491.33427335,base
night,25/12/2022,340,17.90731948,29,75,1491.33954379,base
night,25/12/2022,341,20.83582914,29,135,1491.40380652,base
night,25/12/2022,342,18.132692,29,45,1491.41441585,base
night,25/12/2022,343,18.44675623,29,225,1491.5029301,base
night,25/12/2022,347,15.92495956,29,315,1491.95272129,base
night,25/12/2022,348,17.94400681,29,255,1492.06879036,base
night,25/12/2022,349,17.20455516,29,285,1492.07222963,base
night,25/12/2022,351,19.17001343,30,75,1543.65559389,base
night,25/12/2022,352,20.86356556,30,135,1543.72456742,base
night,25/12/2022,353,18.21000578,30,45,1543.73587725,base
night,25/12/2022,354,18.41193543,30,225,1543.84595568,base
night,25/12/2022,358,15.87446107,30,315,1544.3126586,base
night,25/12/2022,360,18.19000244,30,255,1544.43689287,base
night,27/12/2022,361,27.741959,0,15,0.9,prediction
night,27/12/2022,1,27.50168064,1,165,26.1588683337,prediction
night,27/12/2022,2,27.42227329,2,165,78.5320887888,prediction
night,27/12/2022,3,27.55415812,3,165,130.916650141,prediction
night,27/12/2022,4,27.46592506,4,165,183.310421724,prediction
night,27/12/2022,5,28.13398109,5,165,235.675126489,prediction
night,27/12/2022,6,27.72401252,6,165,288.059716914,prediction
night,27/12/2022,7,28.35040769,7,165,340.40027276,prediction
night,27/12/2022,8,29.5043004,8,165,392.825928488,prediction
night,27/12/2022,9,29.38516845,9,165,445.20954897,prediction
night,27/12/2022,10,28.50733242,10,165,497.534870608,prediction
night,27/12/2022,11,27.78153241,11,165,547.152727294,prediction
night,27/12/2022,12,27.02909256,12,165,601.752722326,prediction
night,27/12/2022,13,26.71491867,13,165,654.077375696,prediction
night,27/12/2022,14,26.36582413,14,165,707.437718627,prediction
night,27/12/2022,15,25.85886361,15,165,758.879133405,prediction
night,27/12/2022,16,25.53316625,16,165,811.213544416,prediction
night,27/12/2022,17,25.95256264,17,285,864.783493136,prediction
night,27/12/2022,18,25.39720347,18,165,916.008171598,prediction
night,27/12/2022,19,25.45694315,19,165,968.348947967,prediction
night,27/12/2022,20,25.67143047,20,165,1020.68951414,prediction
night,27/12/2022,21,26.44925457,21,165,1074.54249828,prediction
night,27/12/2022,22,28.00108514,22,165,1125.51728983,prediction
night,27/12/2022,23,28.03466677,23,165,1177.86387697,prediction
night,27/12/2022,24,27.52244443,24,165,1230.21017942,prediction
night,27/12/2022,31,27.17731922,1,225,26.1421622904,prediction
night,27/12/2022,32,27.60197405,1,195,26.1484865544,prediction
night,27/12/2022,33,28.36187411,1,75,26.148976916,prediction
night,27/12/2022,34,27.89171089,1,105,26.1489802967,prediction
night,27/12/2022,35,27.83150512,1,45,26.1492919353,prediction
night,27/12/2022,36,27.09076439,1,255,26.1493125373,prediction
night,27/12/2022,37,27.64908715,1,135,26.149317842,prediction
night,27/12/2022,38,27.11021381,1,285,26.149320641,prediction
night,27/12/2022,39,27.30819171,1,315,26.1495677872,prediction
night,27/12/2022,40,28.21714941,1,15,26.1499340473,prediction
night,27/12/2022,41,27.89308002,1,345,26.1500688971,prediction
night,27/12/2022,42,27.79835524,2,225,78.4865939041,prediction
night,27/12/2022,43,27.53469991,2,195,78.5016954405,prediction
night,27/12/2022,44,27.79799969,2,105,78.5047576509,prediction
night,27/12/2022,45,27.52693022,2,45,78.5051404983,prediction
night,27/12/2022,46,27.18831077,2,15,78.50635058,prediction
night,27/12/2022,47,27.55413526,2,315,78.506588238,prediction
night,27/12/2022,48,27.34356567,2,255,78.5069401867,prediction
night,27/12/2022,49,28.10228117,2,345,78.5070511329,prediction
night,27/12/2022,50,27.99490927,2,135,78.5072596515,prediction
night,27/12/2022,51,28.03010122,2,75,78.507621266,prediction
night,27/12/2022,52,27.07311457,2,285,78.5097908779,prediction
night,27/12/2022,53,27.36220566,3,225,130.83419649,prediction
night,27/12/2022,54,28.15961492,3,195,130.865764168,prediction
night,27/12/2022,55,27.78422021,3,135,130.866816893,prediction
night,27/12/2022,56,28.20311737,3,75,130.868089502,prediction
night,27/12/2022,57,27.76062253,3,45,130.869096061,prediction
night,27/12/2022,58,28.14184635,3,105,130.870643632,prediction
night,27/12/2022,59,27.10413658,3,15,130.871230267,prediction
night,27/12/2022,60,27.46054202,3,345,130.872835727,prediction
night,27/12/2022,61,26.98949568,3,315,130.873391001,prediction
night,27/12/2022,62,27.49337945,3,285,130.87356057,prediction
night,27/12/2022,63,27.88676684,3,255,130.87662654,prediction
night,27/12/2022,64,27.79969529,4,225,183.202760398,prediction
night,27/12/2022,65,27.8508566,4,195,183.241181439,prediction
night,27/12/2022,66,27.84709351,4,105,183.242955556,prediction
night,27/12/2022,67,27.64751834,4,75,183.244421032,prediction
night,27/12/2022,68,27.75561749,4,135,183.246181946,prediction
night,27/12/2022,69,27.24043398,4,15,183.246919315,prediction
night,27/12/2022,70,27.24372868,4,45,183.248158249,prediction
night,27/12/2022,71,27.31075157,4,345,183.24991072,prediction
night,27/12/2022,72,28.04127643,4,255,183.253658741,prediction
night,27/12/2022,73,27.86550214,4,285,183.255763257,prediction
night,27/12/2022,74,26.87613058,4,315,183.256425919,prediction
night,27/12/2022,75,27.31652851,5,225,235.5378245,prediction
night,27/12/2022,76,27.68139728,5,195,235.586306566,prediction
night,27/12/2022,77,26.56144561,5,75,235.586681799,prediction
night,27/12/2022,78,27.14990273,5,105,235.588284549,prediction
night,27/12/2022,79,27.05608955,5,45,235.589826951,prediction
night,27/12/2022,80,28.022957,5,135,235.591466007,prediction
night,27/12/2022,81,26.97058099,5,15,235.597026849,prediction
night,27/12/2022,82,27.15925646,5,345,235.601945306,prediction
night,27/12/2022,83,26.13596842,5,315,235.603359681,prediction
night,27/12/2022,84,27.68473384,5,285,235.605230044,prediction
night,27/12/2022,85,27.14577719,5,255,235.606875989,prediction
night,27/12/2022,86,27.29105623,6,225,287.893716757,prediction
night,27/12/2022,87,26.84953629,6,105,287.952342449,prediction
night,27/12/2022,88,27.54552958,6,195,287.953574821,prediction
night,27/12/2022,89,26.89605939,6,75,287.954487322,prediction
night,27/12/2022,90,27.61520107,6,135,287.954804033,prediction
night,27/12/2022,91,27.15476425,6,45,287.957554831,prediction
night,27/12/2022,92,26.45738545,6,15,287.960622974,prediction
night,27/12/2022,93,26.92058552,6,345,287.968116355,prediction
night,27/12/2022,94,26.09246567,6,315,287.977630168,prediction
night,27/12/2022,95,26.55514937,6,255,287.979473221,prediction
night,27/12/2022,96,25.8588658,6,285,287.981779618,prediction
night,27/12/2022,97,27.15015987,7,225,340.206774681,prediction
night,27/12/2022,98,27.08068064,7,105,340.2706357,prediction
night,27/12/2022,99,27.00715414,7,75,340.271549334,prediction
night,27/12/2022,100,27.41437511,7,135,340.275296586,prediction
night,27/12/2022,101,27.70264795,7,195,340.276063867,prediction
night,27/12/2022,102,26.55568898,7,45,340.276678648,prediction
night,27/12/2022,103,26.56700625,7,15,340.284751843,prediction
night,27/12/2022,104,26.73002039,7,345,340.295141519,prediction
night,27/12/2022,105,26.28179092,7,315,340.304761915,prediction
night,27/12/2022,106,26.7560827,7,255,340.308783293,prediction
night,27/12/2022,107,26.10461311,7,285,340.309803081,prediction
night,27/12/2022,108,27.34970642,8,225,392.609087709,prediction
night,27/12/2022,109,26.7698625,8,75,392.674128151,prediction
night,27/12/2022,110,27.11164966,8,105,392.677146954,prediction
night,27/12/2022,111,25.83604204,8,45,392.681811001,prediction
night,27/12/2022,112,27.92092533,8,135,392.683283752,prediction
night,27/12/2022,113,27.47431511,8,195,392.683423375,prediction
night,27/12/2022,114,25.92021055,8,15,392.695837136,prediction
night,27/12/2022,115,26.83622344,8,345,392.709712269,prediction
night,27/12/2022,116,25.81134444,8,315,392.718288014,prediction
night,27/12/2022,117,26.2751416,8,285,392.725912691,prediction
night,27/12/2022,118,26.71353247,8,255,392.727876477,prediction
night,27/12/2022,119,27.18297125,9,225,444.967545613,prediction
night,27/12/2022,120,27.3786289,9,105,445.034567252,prediction
night,27/12/2022,121,26.72604567,9,75,445.040277329,prediction
night,27/12/2022,122,25.81400531,9,45,445.044364492,prediction
night,27/12/2022,123,27.88406867,9,135,445.047630348,prediction
night,27/12/2022,124,27.99769303,9,195,445.05299325,prediction
night,27/12/2022,125,25.54209614,9,15,445.06189049,prediction
night,27/12/2022,126,25.85243732,9,345,445.079436204,prediction
night,27/12/2022,127,25.83140907,9,315,445.092654475,prediction
night,27/12/2022,128,26.61751017,9,255,445.100751387,prediction
night,27/12/2022,129,26.18108151,9,285,445.105153265,prediction
night,27/12/2022,130,27.34921134,10,225,497.266228693,prediction
night,27/12/2022,131,27.40054262,10,105,497.337391364,prediction
night,27/12/2022,132,26.95849485,10,75,497.338930083,prediction
night,27/12/2022,133,28.0102051,10,135,497.348469066,prediction
night,27/12/2022,134,25.29174382,10,45,497.348890797,prediction
night,27/12/2022,135,28.02640003,10,195,497.360915159,prediction
night,27/12/2022,136,25.82047253,10,15,497.368061999,prediction
night,27/12/2022,137,26.21544479,10,345,497.390112246,prediction
night,27/12/2022,138,25.4761123,10,315,497.40865149,prediction
night,27/12/2022,139,26.45425424,10,255,497.419046738,prediction
night,27/12/2022,140,26.43794255,10,285,497.420665061,prediction
night,27/12/2022,141,27.04020782,11,225,546.903162294,prediction
night,27/12/2022,142,27.72991519,11,195,546.956662613,prediction
night,27/12/2022,143,25.17513513,11,15,546.961835945,prediction
night,27/12/2022,144,27.74487486,11,135,546.989476845,prediction
night,27/12/2022,145,25.68133654,11,345,546.992209207,prediction
night,27/12/2022,146,24.98638461,11,45,546.992632234,prediction
night,27/12/2022,147,27.15814182,11,75,547.000708722,prediction
night,27/12/2022,148,27.17916618,11,105,547.00681307,prediction
night,27/12/2022,149,24.749708,11,315,547.068358919,prediction
night,27/12/2022,150,26.16251724,11,285,547.10048277,prediction
night,27/12/2022,151,26.71737918,11,255,547.10469891,prediction
night,27/12/2022,152,27.5196351,12,225,601.445836677,prediction
night,27/12/2022,153,26.91702481,12,105,601.521158094,prediction
night,27/12/2022,154,26.85253798,12,75,601.521631113,prediction
night,27/12/2022,155,27.35764389,12,135,601.531126669,prediction
night,27/12/2022,156,25.4208179,12,45,601.532445915,prediction
night,27/12/2022,157,27.21249523,12,195,601.546952442,prediction
night,27/12/2022,158,25.10735043,12,15,601.549994255,prediction
night,27/12/2022,159,25.43478287,12,345,601.582898436,prediction
night,27/12/2022,160,24.71501932,12,315,601.620474081,prediction
night,27/12/2022,161,26.10149302,12,255,601.640315573,prediction
night,27/12/2022,162,26.28626005,12,285,601.64126025,prediction
night,27/12/2022,163,27.32453064,13,225,653.749348408,prediction
night,27/12/2022,164,27.29362781,13,105,653.821981781,prediction
night,27/12/2022,165,26.88718601,13,75,653.822554947,prediction
night,27/12/2022,166,27.29484093,13,135,653.834129524,prediction
night,27/12/2022,167,25.8055478,13,45,653.835724378,prediction
night,27/12/2022,168,26.99201847,13,195,653.857004574,prediction
night,27/12/2022,169,24.63548668,13,15,653.857246533,prediction
night,27/12/2022,170,25.095394,13,345,653.896039442,prediction
night,27/12/2022,171,24.78603098,13,315,653.939654538,prediction
night,27/12/2022,172,26.29977585,13,255,653.962746366,prediction
night,27/12/2022,173,26.18176946,13,285,653.963824959,prediction
night,27/12/2022,174,26.79912405,14,225,706.908204273,prediction
night,27/12/2022,175,26.76465209,14,75,706.911391158,prediction
night,27/12/2022,176,27.58047252,14,135,706.99344984,prediction
night,27/12/2022,177,26.21061314,14,285,707.077105223,prediction
night,27/12/2022,178,27.36632869,14,105,707.099592883,prediction
night,27/12/2022,179,25.89242655,14,45,707.144348088,prediction
night,27/12/2022,180,24.21478175,14,15,707.152439805,prediction
night,27/12/2022,181,24.53983391,14,345,707.200965457,prediction
night,27/12/2022,182,25.94723488,14,195,707.223320408,prediction
night,27/12/2022,183,24.58181485,14,315,707.256506323,prediction
night,27/12/2022,184,26.32782599,14,255,707.267285282,prediction
night,27/12/2022,185,26.93130368,15,225,758.484798074,prediction
night,27/12/2022,186,27.19306997,15,75,758.538606215,prediction
night,27/12/2022,187,27.44013864,15,135,758.56495277,prediction
night,27/12/2022,188,27.41405764,15,105,758.56574345,prediction
night,27/12/2022,189,25.40756427,15,45,758.58921792,prediction
night,27/12/2022,190,24.13999294,15,15,758.617319606,prediction
night,27/12/2022,191,25.87751011,15,195,758.634128682,prediction
night,27/12/2022,192,24.38874971,15,345,758.669844378,prediction
night,27/12/2022,193,24.58866023,15,315,758.727653744,prediction
night,27/12/2022,194,26.34514428,15,285,758.728805537,prediction
night,27/12/2022,195,25.76469427,15,255,758.755698383,prediction
night,27/12/2022,196,25.82625672,16,225,810.798966762,prediction
night,27/12/2022,197,27.3614782,16,75,810.845114994,prediction
night,27/12/2022,198,27.24327385,16,105,810.874048291,prediction
night,27/12/2022,199,27.74498405,16,135,810.874751296,prediction
night,27/12/2022,200,25.81541654,16,45,810.90091175,prediction
night,27/12/2022,201,24.3854984,16,15,810.933963379,prediction
night,27/12/2022,202,25.49903624,16,195,810.955736004,prediction
night,27/12/2022,203,24.71032474,16,345,810.993894777,prediction
night,27/12/2022,204,24.32178659,16,315,811.059153639,prediction
night,27/12/2022,205,25.98121571,16,285,811.062448387,prediction
night,27/12/2022,206,25.30552467,16,255,811.091073808,prediction
night,27/12/2022,207,27.57527579,17,105,864.082555014,prediction
night,27/12/2022,208,26.59798927,17,45,864.159798579,prediction
night,27/12/2022,209,25.2185883,17,195,864.320131185,prediction
night,27/12/2022,210,25.52944929,17,255,864.328430686,prediction
night,27/12/2022,211,24.40270406,17,315,864.340763528,prediction
night,27/12/2022,212,25.5088129,17,225,864.434341191,prediction
night,27/12/2022,213,24.83874805,17,15,864.438434635,prediction
night,27/12/2022,214,27.74087035,17,135,864.502557439,prediction
night,27/12/2022,215,24.23929113,17,345,864.503329694,prediction
night,27/12/2022,216,27.30523006,17,75,864.537255183,prediction
night,27/12/2022,217,25.40811665,17,165,864.593146426,prediction
night,27/12/2022,218,26.15255799,18,225,915.58915721,prediction
night,27/12/2022,219,27.57509926,18,105,915.597310755,prediction
night,27/12/2022,220,26.93855455,18,75,915.623591996,prediction
night,27/12/2022,221,26.52480639,18,45,915.637247911,prediction
night,27/12/2022,222,27.90307958,18,135,915.652165759,prediction
night,27/12/2022,223,24.90617365,18,15,915.710469659,prediction
night,27/12/2022,224,24.83398051,18,195,915.725934618,prediction
night,27/12/2022,225,23.82058795,18,345,915.786279166,prediction
night,27/12/2022,226,24.42421793,18,315,915.83925752,prediction
night,27/12/2022,227,26.12696934,18,255,915.873920636,prediction
night,27/12/2022,228,25.83727211,18,285,915.900561915,prediction
night,27/12/2022,229,27.43803464,19,105,967.909398761,prediction
night,27/12/2022,230,27.84019742,19,225,967.914389442,prediction
night,27/12/2022,231,26.50170725,19,75,967.937262268,prediction
night,27/12/2022,232,25.91037417,19,45,967.953625279,prediction
night,27/12/2022,233,27.86590991,19,135,967.96920464,prediction
night,27/12/2022,234,24.85610533,19,15,968.034633446,prediction
night,27/12/2022,235,24.7632484,19,195,968.055546242,prediction
night,27/12/2022,236,23.6300958,19,345,968.119276911,prediction
night,27/12/2022,237,24.81115672,19,315,968.179492611,prediction
night,27/12/2022,238,26.22450434,19,255,968.218473936,prediction
night,27/12/2022,239,25.75883661,19,285,968.246820865,prediction
night,27/12/2022,240,27.37987699,20,105,1020.22073198,prediction
night,27/12/2022,241,27.90185792,20,225,1020.24029023,prediction
night,27/12/2022,242,26.3137706,20,75,1020.25015995,prediction
night,27/12/2022,243,25.11264241,20,45,1020.26945164,prediction
night,27/12/2022,244,27.91357768,20,135,1020.28562,prediction
night,27/12/2022,245,23.79743323,20,15,1020.3586323,prediction
night,27/12/2022,246,24.59090195,20,195,1020.38537183,prediction
night,27/12/2022,247,23.91168713,20,345,1020.45253703,prediction
night,27/12/2022,248,24.82161564,20,315,1020.52043405,prediction
night,27/12/2022,249,25.87141144,20,255,1020.56405306,prediction
night,27/12/2022,250,26.28009068,20,285,1020.59402321,prediction
night,27/12/2022,251,27.59237523,21,225,1073.74745918,prediction
night,27/12/2022,252,27.84701599,21,135,1073.76805203,prediction
night,27/12/2022,253,26.31220869,21,75,1073.84509471,prediction
night,27/12/2022,254,24.96000432,21,45,1073.99224514,prediction
night,27/12/2022,255,23.08571677,21,15,1074.08747563,prediction
night,27/12/2022,256,27.40386067,21,105,1074.11172432,prediction
night,27/12/2022,257,23.55934758,21,345,1074.18632633,prediction
night,27/12/2022,258,24.36202636,21,195,1074.19059563,prediction
night,27/12/2022,259,26.39076907,21,285,1074.20728628,prediction
night,27/12/2022,260,24.81509026,21,315,1074.27874941,prediction
night,27/12/2022,261,25.95014864,21,255,1074.50378336,prediction
night,27/12/2022,262,27.04721734,22,105,1124.99505457,prediction
night,27/12/2022,263,26.08746396,22,75,1124.99866854,prediction
night,27/12/2022,264,27.37002611,22,225,1125.00912546,prediction
night,27/12/2022,265,27.82714333,22,135,1125.03033604,prediction
night,27/12/2022,266,25.28729458,22,45,1125.0365688,prediction
night,27/12/2022,267,22.99622689,22,15,1125.14278858,prediction
night,27/12/2022,268,24.66739232,22,195,1125.18958872,prediction
night,27/12/2022,269,23.12215755,22,345,1125.25634889,prediction
night,27/12/2022,270,24.93387832,22,315,1125.34266539,prediction
night,27/12/2022,271,25.74415221,22,255,1125.41362315,prediction
night,27/12/2022,272,25.75982656,22,285,1125.41494883,prediction
night,27/12/2022,273,26.91504976,23,105,1177.31112423,prediction
night,27/12/2022,274,25.97024644,23,75,1177.3150084,prediction
night,27/12/2022,275,27.31941367,23,225,1177.34236285,prediction
night,27/12/2022,276,27.92317536,23,135,1177.35018859,prediction
night,27/12/2022,277,25.20152426,23,45,1177.35692372,prediction
night,27/12/2022,278,22.3152868,23,15,1177.47240482,prediction
night,27/12/2022,279,24.95817779,23,195,1177.52690799,prediction
night,27/12/2022,280,22.7750459,23,345,1177.59668494,prediction
night,27/12/2022,281,25.84519047,23,315,1177.69223154,prediction
night,27/12/2022,282,25.33545323,23,255,1177.76947909,prediction
night,27/12/2022,283,25.23683072,23,285,1177.77099231,prediction
night,27/12/2022,284,26.93889053,24,105,1229.62646731,prediction
night,27/12/2022,285,26.05480637,24,75,1229.63061299,prediction
night,27/12/2022,286,27.91247708,24,135,1229.6694143,prediction
night,27/12/2022,287,27.33566346,24,225,1229.6762407,prediction
night,27/12/2022,288,24.8239249,24,45,1229.67680296,prediction
night,27/12/2022,291,21.96108636,24,345,1229.93735902,prediction
night,27/12/2022,292,25.83131081,24,315,1230.0425277,prediction
night,27/12/2022,293,25.41258147,24,255,1230.12637227,prediction
night,27/12/2022,294,24.52595081,24,285,1230.12815714,prediction
night,27/12/2022,295,26.66840737,25,105,1281.94101005,prediction
night,27/12/2022,296,25.73090494,25,75,1281.94545509,prediction
night,27/12/2022,297,27.95314753,25,135,1281.98801862,prediction
night,27/12/2022,298,25.3992811,25,45,1281.99601257,prediction
night,27/12/2022,299,26.88154767,25,225,1282.0107427,prediction
night,27/12/2022,303,26.0387933,25,315,1282.39359165,prediction
night,27/12/2022,304,25.30441258,25,255,1282.48427264,prediction
night,27/12/2022,305,24.50624346,25,285,1282.48626986,prediction
night,27/12/2022,306,26.91305355,26,105,1335.94636579,prediction
night,27/12/2022,307,25.35251242,26,75,1335.94686661,prediction
night,27/12/2022,308,27.80237923,26,135,1336.053695,prediction
night,27/12/2022,309,25.37244149,26,45,1336.0622659,prediction
night,27/12/2022,310,26.16087096,26,225,1336.09378827,prediction
night,27/12/2022,314,26.23772379,26,315,1336.49391968,prediction
night,27/12/2022,315,25.43825203,26,255,1336.53171427,prediction
night,27/12/2022,316,25.5135784,26,285,1336.53812588,prediction
night,27/12/2022,317,27.19683647,27,105,1386.70041475,prediction
night,27/12/2022,318,25.15971529,27,75,1386.70513346,prediction
night,27/12/2022,319,27.66096724,27,135,1386.76048224,prediction
night,27/12/2022,320,25.5873085,27,45,1386.76970677,prediction
night,27/12/2022,321,26.54584088,27,225,1386.81886773,prediction
night,27/12/2022,325,26.06354478,27,315,1387.23503065,prediction
night,27/12/2022,326,25.47302314,27,255,1387.33562104,prediction
night,27/12/2022,327,25.88350898,27,285,1387.33847392,prediction
night,27/12/2022,328,27.4561542,28,105,1439.01773273,prediction
night,27/12/2022,329,25.56448793,28,75,1439.02265301,prediction
night,27/12/2022,330,28.16749357,28,135,1439.08243693,prediction
night,27/12/2022,331,25.53021387,28,45,1439.09234714,prediction
night,27/12/2022,332,26.44529102,28,225,1439.16057605,prediction
night,27/12/2022,336,25.40679712,28,315,1439.59346859,prediction
night,27/12/2022,337,25.03432673,28,255,1439.70166378,prediction
night,27/12/2022,338,26.0370599,28,285,1439.70478145,prediction
night,27/12/2022,339,28.08269001,29,105,1491.33427335,prediction
night,27/12/2022,340,25.11732236,29,75,1491.33954379,prediction
night,27/12/2022,341,27.69382937,29,135,1491.40380652,prediction
night,27/12/2022,342,25.72376779,29,45,1491.41441585,prediction
night,27/12/2022,343,26.47299969,29,225,1491.5029301,prediction
night,27/12/2022,347,25.40221272,29,315,1491.95272129,prediction
night,27/12/2022,348,25.93956911,29,255,1492.06879036,prediction
night,27/12/2022,349,26.14336864,29,285,1492.07222963,prediction
night,27/12/2022,351,26.62980772,30,75,1543.65559389,prediction
night,27/12/2022,352,27.41427267,30,135,1543.72456742,prediction
night,27/12/2022,353,25.93751942,30,45,1543.73587725,prediction
night,27/12/2022,354,26.30531649,30,225,1543.84595568,prediction
night,27/12/2022,358,25.70759278,30,315,1544.3126586,prediction
night,27/12/2022,360,26.07250331,30,255,1544.43689287,prediction
night,7/01/2023,361,18.899761,0,15,0.9,prediction
night,7/01/2023,1,18.64250815,1,165,26.1588683337,prediction
night,7/01/2023,2,18.54224039,2,165,78.5320887888,prediction
night,7/01/2023,3,18.67572044,3,165,130.916650141,prediction
night,7/01/2023,4,18.60162276,4,165,183.310421724,prediction
night,7/01/2023,5,19.34442962,5,165,235.675126489,prediction
night,7/01/2023,6,19.03732975,6,165,288.059716914,prediction
night,7/01/2023,7,19.70606951,7,165,340.40027276,prediction
night,7/01/2023,8,21.09472117,8,165,392.825928488,prediction
night,7/01/2023,9,21.12019645,9,165,445.20954897,prediction
night,7/01/2023,10,20.30497482,10,165,497.534870608,prediction
night,7/01/2023,11,20.111886,11,165,547.152727294,prediction
night,7/01/2023,12,20.87416487,12,165,601.752722326,prediction
night,7/01/2023,13,21.20182643,13,165,654.077375696,prediction
night,7/01/2023,14,21.16575347,14,165,707.437718627,prediction
night,7/01/2023,15,21.03072796,15,165,758.879133405,prediction
night,7/01/2023,16,20.71594046,16,165,811.213544416,prediction
night,7/01/2023,17,16.96743402,17,285,864.783493136,prediction
night,7/01/2023,18,20.3875529,18,165,916.008171598,prediction
night,7/01/2023,19,20.2755851,19,165,968.348947967,prediction
night,7/01/2023,20,20.15095173,20,165,1020.68951414,prediction
night,7/01/2023,21,19.4708909,21,165,1074.54249828,prediction
night,7/01/2023,22,18.38807618,22,165,1125.51728983,prediction
night,7/01/2023,23,17.73305178,23,165,1177.86387697,prediction
night,7/01/2023,24,17.30009113,24,165,1230.21017942,prediction
night,7/01/2023,31,18.35717025,1,225,26.1421622904,prediction
night,7/01/2023,32,18.76525613,1,195,26.1484865544,prediction
night,7/01/2023,33,19.46443377,1,75,26.148976916,prediction
night,7/01/2023,34,19.01096235,1,105,26.1489802967,prediction
night,7/01/2023,35,18.94061528,1,45,26.1492919353,prediction
night,7/01/2023,36,18.27399511,1,255,26.1493125373,prediction
night,7/01/2023,37,18.78138864,1,135,26.149317842,prediction
night,7/01/2023,38,18.27257671,1,285,26.149320641,prediction
night,7/01/2023,39,18.46396469,1,315,26.1495677872,prediction
night,7/01/2023,40,19.34781466,1,15,26.1499340473,prediction
night,7/01/2023,41,19.04260996,1,345,26.1500688971,prediction
night,7/01/2023,42,18.93343475,2,225,78.4865939041,prediction
night,7/01/2023,43,18.6564176,2,195,78.5016954405,prediction
night,7/01/2023,44,18.9005689,2,105,78.5047576509,prediction
night,7/01/2023,45,18.51700792,2,45,78.5051404983,prediction
night,7/01/2023,46,18.17806867,2,15,78.50635058,prediction
night,7/01/2023,47,18.67336072,2,315,78.506588238,prediction
night,7/01/2023,48,18.51099139,2,255,78.5069401867,prediction
night,7/01/2023,49,19.22842112,2,345,78.5070511329,prediction
night,7/01/2023,50,19.09648696,2,135,78.5072596515,prediction
night,7/01/2023,51,19.1030308,2,75,78.507621266,prediction
night,7/01/2023,52,18.22003153,2,285,78.5097908779,prediction
night,7/01/2023,53,18.46186567,3,225,130.83419649,prediction
night,7/01/2023,54,19.21467495,3,195,130.865764168,prediction
night,7/01/2023,55,18.93824403,3,135,130.866816893,prediction
night,7/01/2023,56,19.3532431,3,75,130.868089502,prediction
night,7/01/2023,57,18.71957992,3,45,130.869096061,prediction
night,7/01/2023,58,19.31525371,3,105,130.870643632,prediction
night,7/01/2023,59,18.10127134,3,15,130.871230267,prediction
night,7/01/2023,60,18.65574182,3,345,130.872835727,prediction
night,7/01/2023,61,18.13397442,3,315,130.873391001,prediction
night,7/01/2023,62,18.61257636,3,285,130.87356057,prediction
night,7/01/2023,63,19.03665442,3,255,130.87662654,prediction
night,7/01/2023,64,18.96695088,4,225,183.202760398,prediction
night,7/01/2023,65,18.95131944,4,195,183.241181439,prediction
night,7/01/2023,66,19.17995377,4,105,183.242955556,prediction
night,7/01/2023,67,19.01229294,4,75,183.244421032,prediction
night,7/01/2023,68,18.97325046,4,135,183.246181946,prediction
night,7/01/2023,69,18.50818713,4,15,183.246919315,prediction
night,7/01/2023,70,18.44690493,4,45,183.248158249,prediction
night,7/01/2023,71,18.63514432,4,345,183.24991072,prediction
night,7/01/2023,72,19.2315828,4,255,183.253658741,prediction
night,7/01/2023,73,19.01516775,4,285,183.255763257,prediction
night,7/01/2023,74,18.10922229,4,315,183.256425919,prediction
night,7/01/2023,75,18.59709549,5,225,235.5378245,prediction
night,7/01/2023,76,18.87056308,5,195,235.586306566,prediction
night,7/01/2023,77,18.15639265,5,75,235.586681799,prediction
night,7/01/2023,78,18.58444233,5,105,235.588284549,prediction
night,7/01/2023,79,18.63203421,5,45,235.589826951,prediction
night,7/01/2023,80,19.28067278,5,135,235.591466007,prediction
night,7/01/2023,81,18.60501006,5,15,235.597026849,prediction
night,7/01/2023,82,18.56861888,5,345,235.601945306,prediction
night,7/01/2023,83,17.41831229,5,315,235.603359681,prediction
night,7/01/2023,84,19.01478308,5,285,235.605230044,prediction
night,7/01/2023,85,18.61027275,5,255,235.606875989,prediction
night,7/01/2023,86,18.63153468,6,225,287.893716757,prediction
night,7/01/2023,87,18.29367984,6,105,287.952342449,prediction
night,7/01/2023,88,18.74660268,6,195,287.953574821,prediction
night,7/01/2023,89,18.51239424,6,75,287.954487322,prediction
night,7/01/2023,90,18.92154256,6,135,287.954804033,prediction
night,7/01/2023,91,19.0234538,6,45,287.957554831,prediction
night,7/01/2023,92,18.21358025,6,15,287.960622974,prediction
night,7/01/2023,93,18.30450211,6,345,287.968116355,prediction
night,7/01/2023,94,17.4280669,6,315,287.977630168,prediction
night,7/01/2023,95,18.46471784,6,255,287.979473221,prediction
night,7/01/2023,96,17.62936622,6,285,287.981779618,prediction
night,7/01/2023,97,18.53814965,7,225,340.206774681,prediction
night,7/01/2023,98,18.47266567,7,105,340.2706357,prediction
night,7/01/2023,99,18.51052943,7,75,340.271549334,prediction
night,7/01/2023,100,18.8192485,7,135,340.275296586,prediction
night,7/01/2023,101,18.82621805,7,195,340.276063867,prediction
night,7/01/2023,102,18.63446171,7,45,340.276678648,prediction
night,7/01/2023,103,18.27662592,7,15,340.284751843,prediction
night,7/01/2023,104,17.9796505,7,345,340.295141519,prediction
night,7/01/2023,105,17.61421643,7,315,340.304761915,prediction
night,7/01/2023,106,18.87267684,7,255,340.308783293,prediction
night,7/01/2023,107,18.14878389,7,285,340.309803081,prediction
night,7/01/2023,108,18.69948965,8,225,392.609087709,prediction
night,7/01/2023,109,18.17862061,8,75,392.674128151,prediction
night,7/01/2023,110,18.47590263,8,105,392.677146954,prediction
night,7/01/2023,111,17.97265042,8,45,392.681811001,prediction
night,7/01/2023,112,19.52687845,8,135,392.683283752,prediction
night,7/01/2023,113,18.56354649,8,195,392.683423375,prediction
night,7/01/2023,114,17.64022319,8,15,392.695837136,prediction
night,7/01/2023,115,18.03048453,8,345,392.709712269,prediction
night,7/01/2023,116,17.20516131,8,315,392.718288014,prediction
night,7/01/2023,117,18.31803115,8,285,392.725912691,prediction
night,7/01/2023,118,18.72671376,8,255,392.727876477,prediction
night,7/01/2023,119,18.33718368,9,225,444.967545613,prediction
night,7/01/2023,120,18.73257771,9,105,445.034567252,prediction
night,7/01/2023,121,18.06588772,9,75,445.040277329,prediction
night,7/01/2023,122,17.94802804,9,45,445.044364492,prediction
night,7/01/2023,123,19.64934868,9,135,445.047630348,prediction
night,7/01/2023,124,19.00920883,9,195,445.05299325,prediction
night,7/01/2023,125,17.19952911,9,15,445.06189049,prediction
night,7/01/2023,126,17.1777691,9,345,445.079436204,prediction
night,7/01/2023,127,17.30544299,9,315,445.092654475,prediction
night,7/01/2023,128,18.46995206,9,255,445.100751387,prediction
night,7/01/2023,129,18.20056898,9,285,445.105153265,prediction
night,7/01/2023,130,18.31208397,10,225,497.266228693,prediction
night,7/01/2023,131,18.76123717,10,105,497.337391364,prediction
night,7/01/2023,132,18.27161825,10,75,497.338930083,prediction
night,7/01/2023,133,19.8864317,10,135,497.348469066,prediction
night,7/01/2023,134,17.52207007,10,45,497.348890797,prediction
night,7/01/2023,135,19.09274257,10,195,497.360915159,prediction
night,7/01/2023,136,17.43992717,10,15,497.368061999,prediction
night,7/01/2023,137,17.54930096,10,345,497.390112246,prediction
night,7/01/2023,138,17.07501882,10,315,497.40865149,prediction
night,7/01/2023,139,18.21329387,10,255,497.419046738,prediction
night,7/01/2023,140,18.52093361,10,285,497.420665061,prediction
night,7/01/2023,141,17.95748675,11,225,546.903162294,prediction
night,7/01/2023,142,19.13418883,11,195,546.956662613,prediction
night,7/01/2023,143,17.03678378,11,15,546.961835945,prediction
night,7/01/2023,144,19.63644645,11,135,546.989476845,prediction
night,7/01/2023,145,17.11649916,11,345,546.992209207,prediction
night,7/01/2023,146,17.15300214,11,45,546.992632234,prediction
night,7/01/2023,147,18.42592429,11,75,547.000708722,prediction
night,7/01/2023,148,18.51234152,11,105,547.00681307,prediction
night,7/01/2023,149,16.42177992,11,315,547.068358919,prediction
night,7/01/2023,150,18.38502162,11,285,547.10048277,prediction
night,7/01/2023,151,18.3972243,11,255,547.10469891,prediction
night,7/01/2023,152,18.22931566,12,225,601.445836677,prediction
night,7/01/2023,153,18.22017332,12,105,601.521158094,prediction
night,7/01/2023,154,18.09575502,12,75,601.521631113,prediction
night,7/01/2023,155,19.09917249,12,135,601.531126669,prediction
night,7/01/2023,156,17.31980753,12,45,601.532445915,prediction
night,7/01/2023,157,18.73688342,12,195,601.546952442,prediction
night,7/01/2023,158,17.16723916,12,15,601.549994255,prediction
night,7/01/2023,159,16.905299,12,345,601.582898436,prediction
night,7/01/2023,160,16.24899716,12,315,601.620474081,prediction
night,7/01/2023,161,17.53634517,12,255,601.640315573,prediction
night,7/01/2023,162,18.60716766,12,285,601.64126025,prediction
night,7/01/2023,163,17.78853798,13,225,653.749348408,prediction
night,7/01/2023,164,18.66157603,13,105,653.821981781,prediction
night,7/01/2023,165,18.14759078,13,75,653.822554947,prediction
night,7/01/2023,166,18.79603341,13,135,653.834129524,prediction
night,7/01/2023,167,17.55158009,13,45,653.835724378,prediction
night,7/01/2023,168,18.48737482,13,195,653.857004574,prediction
night,7/01/2023,169,16.73773587,13,15,653.857246533,prediction
night,7/01/2023,170,16.56133696,13,345,653.896039442,prediction
night,7/01/2023,171,16.10923187,13,315,653.939654538,prediction
night,7/01/2023,172,17.49188745,13,255,653.962746366,prediction
night,7/01/2023,173,18.47055963,13,285,653.963824959,prediction
night,7/01/2023,174,17.25530062,14,225,706.908204273,prediction
night,7/01/2023,175,18.00654011,14,75,706.911391158,prediction
night,7/01/2023,176,18.83754654,14,135,706.99344984,prediction
night,7/01/2023,177,18.31457969,14,285,707.077105223,prediction
night,7/01/2023,178,18.84970378,14,105,707.099592883,prediction
night,7/01/2023,179,17.57816517,14,45,707.144348088,prediction
night,7/01/2023,180,16.18874305,14,15,707.152439805,prediction
night,7/01/2023,181,15.80377047,14,345,707.200965457,prediction
night,7/01/2023,182,18.70648623,14,195,707.223320408,prediction
night,7/01/2023,183,15.72659005,14,315,707.256506323,prediction
night,7/01/2023,184,17.40356636,14,255,707.267285282,prediction
night,7/01/2023,185,17.51424575,15,225,758.484798074,prediction
night,7/01/2023,186,18.43455201,15,75,758.538606215,prediction
night,7/01/2023,187,18.43778376,15,135,758.56495277,prediction
night,7/01/2023,188,18.91788567,15,105,758.56574345,prediction
night,7/01/2023,189,16.83093388,15,45,758.58921792,prediction
night,7/01/2023,190,16.04939249,15,15,758.617319606,prediction
night,7/01/2023,191,20.79797271,15,195,758.634128682,prediction
night,7/01/2023,192,15.43249368,15,345,758.669844378,prediction
night,7/01/2023,193,15.64646905,15,315,758.727653744,prediction
night,7/01/2023,194,18.17729158,15,285,758.728805537,prediction
night,7/01/2023,195,16.74690657,15,255,758.755698383,prediction
night,7/01/2023,196,16.61475456,16,225,810.798966762,prediction
night,7/01/2023,197,18.68615827,16,75,810.845114994,prediction
night,7/01/2023,198,18.62909534,16,105,810.874048291,prediction
night,7/01/2023,199,18.46595334,16,135,810.874751296,prediction
night,7/01/2023,200,16.81198035,16,45,810.90091175,prediction
night,7/01/2023,201,16.028737,16,15,810.933963379,prediction
night,7/01/2023,202,21.17265326,16,195,810.955736004,prediction
night,7/01/2023,203,15.67540326,16,345,810.993894777,prediction
night,7/01/2023,204,15.39719247,16,315,811.059153639,prediction
night,7/01/2023,205,17.40732269,16,285,811.062448387,prediction
night,7/01/2023,206,15.96219965,16,255,811.091073808,prediction
night,7/01/2023,207,18.77706037,17,105,864.082555014,prediction
night,7/01/2023,208,17.42957442,17,45,864.159798579,prediction
night,7/01/2023,209,21.56897844,17,195,864.320131185,prediction
night,7/01/2023,210,15.7220145,17,255,864.328430686,prediction
night,7/01/2023,211,15.43252425,17,315,864.340763528,prediction
night,7/01/2023,212,16.514557,17,225,864.434341191,prediction
night,7/01/2023,213,16.18237847,17,15,864.438434635,prediction
night,7/01/2023,214,18.25540235,17,135,864.502557439,prediction
night,7/01/2023,215,15.28961,17,345,864.503329694,prediction
night,7/01/2023,216,18.75696855,17,75,864.537255183,prediction
night,7/01/2023,217,20.40707252,17,165,864.593146426,prediction
night,7/01/2023,218,17.10913879,18,225,915.58915721,prediction
night,7/01/2023,219,18.6131803,18,105,915.597310755,prediction
night,7/01/2023,220,18.40688991,18,75,915.623591996,prediction
night,7/01/2023,221,17.36538274,18,45,915.637247911,prediction
night,7/01/2023,222,18.3386718,18,135,915.652165759,prediction
night,7/01/2023,223,16.09927822,18,15,915.710469659,prediction
night,7/01/2023,224,21.27610698,18,195,915.725934618,prediction
night,7/01/2023,225,14.99888542,18,345,915.786279166,prediction
night,7/01/2023,226,15.31382536,18,315,915.83925752,prediction
night,7/01/2023,227,15.96891733,18,255,915.873920636,prediction
night,7/01/2023,228,16.41474605,18,285,915.900561915,prediction
night,7/01/2023,229,18.35798649,19,105,967.909398761,prediction
night,7/01/2023,230,18.37871074,19,225,967.914389442,prediction
night,7/01/2023,231,17.89436819,19,75,967.937262268,prediction
night,7/01/2023,232,16.86350592,19,45,967.953625279,prediction
night,7/01/2023,233,18.25169279,19,135,967.96920464,prediction
night,7/01/2023,234,15.95182048,19,15,968.034633446,prediction
night,7/01/2023,235,21.20673375,19,195,968.055546242,prediction
night,7/01/2023,236,14.73626737,19,345,968.119276911,prediction
night,7/01/2023,237,15.55648758,19,315,968.179492611,prediction
night,7/01/2023,238,15.64797302,19,255,968.218473936,prediction
night,7/01/2023,239,15.6952732,19,285,968.246820865,prediction
night,7/01/2023,240,18.28775985,20,105,1020.22073198,prediction
night,7/01/2023,241,18.32925339,20,225,1020.24029023,prediction
night,7/01/2023,242,17.71985097,20,75,1020.25015995,prediction
night,7/01/2023,243,16.16895596,20,45,1020.26945164,prediction
night,7/01/2023,244,18.25018031,20,135,1020.28562,prediction
night,7/01/2023,245,14.88221805,20,15,1020.3586323,prediction
night,7/01/2023,246,21.04001566,20,195,1020.38537183,prediction
night,7/01/2023,247,14.75631088,20,345,1020.45253703,prediction
night,7/01/2023,248,15.39295139,20,315,1020.52043405,prediction
night,7/01/2023,249,15.05967948,20,255,1020.56405306,prediction
night,7/01/2023,250,15.56673078,20,285,1020.59402321,prediction
night,7/01/2023,251,18.0438048,21,225,1073.74745918,prediction
night,7/01/2023,252,18.13756108,21,135,1073.76805203,prediction
night,7/01/2023,253,17.76780596,21,75,1073.84509471,prediction
night,7/01/2023,254,15.90379574,21,45,1073.99224514,prediction
night,7/01/2023,255,14.01033822,21,15,1074.08747563,prediction
night,7/01/2023,256,18.36879774,21,105,1074.11172432,prediction
night,7/01/2023,257,14.55319896,21,345,1074.18632633,prediction
night,7/01/2023,258,20.8589315,21,195,1074.19059563,prediction
night,7/01/2023,259,15.32318888,21,285,1074.20728628,prediction
night,7/01/2023,260,15.20076718,21,315,1074.27874941,prediction
night,7/01/2023,261,15.26934795,21,255,1074.50378336,prediction
night,7/01/2023,262,18.05970264,22,105,1124.99505457,prediction
night,7/01/2023,263,17.43923442,22,75,1124.99866854,prediction
night,7/01/2023,264,17.87131329,22,225,1125.00912546,prediction
night,7/01/2023,265,18.07885097,22,135,1125.03033604,prediction
night,7/01/2023,266,15.98304227,22,45,1125.0365688,prediction
night,7/01/2023,267,13.79809871,22,15,1125.14278858,prediction
night,7/01/2023,268,19.44407725,22,195,1125.18958872,prediction
night,7/01/2023,269,14.31334763,22,345,1125.25634889,prediction
night,7/01/2023,270,15.15445212,22,315,1125.34266539,prediction
night,7/01/2023,271,15.39925314,22,255,1125.41362315,prediction
night,7/01/2023,272,14.73193268,22,285,1125.41494883,prediction
night,7/01/2023,273,17.93134672,23,105,1177.31112423,prediction
night,7/01/2023,274,17.06267712,23,75,1177.3150084,prediction
night,7/01/2023,275,17.77830976,23,225,1177.34236285,prediction
night,7/01/2023,276,18.07819611,23,135,1177.35018859,prediction
night,7/01/2023,277,15.75454179,23,45,1177.35692372,prediction
night,7/01/2023,278,13.37229685,23,15,1177.47240482,prediction
night,7/01/2023,279,17.531746,23,195,1177.52690799,prediction
night,7/01/2023,280,14.23103114,23,345,1177.59668494,prediction
night,7/01/2023,281,15.87983142,23,315,1177.69223154,prediction
night,7/01/2023,282,15.15433366,23,255,1177.76947909,prediction
night,7/01/2023,283,14.50519488,23,285,1177.77099231,prediction
night,7/01/2023,284,17.92188803,24,105,1229.62646731,prediction
night,7/01/2023,285,16.97245495,24,75,1229.63061299,prediction
night,7/01/2023,286,17.9106319,24,135,1229.6694143,prediction
night,7/01/2023,287,17.67640762,24,225,1229.6762407,prediction
night,7/01/2023,288,15.22005916,24,45,1229.67680296,prediction
night,7/01/2023,291,13.4719566,24,345,1229.93735902,prediction
night,7/01/2023,292,15.62883471,24,315,1230.0425277,prediction
night,7/01/2023,293,15.19151949,24,255,1230.12637227,prediction
night,7/01/2023,294,14.09903064,24,285,1230.12815714,prediction
night,7/01/2023,295,17.55215892,25,105,1281.94101005,prediction
night,7/01/2023,296,16.61053947,25,75,1281.94545509,prediction
night,7/01/2023,297,17.76320543,25,135,1281.98801862,prediction
night,7/01/2023,298,15.79333372,25,45,1281.99601257,prediction
night,7/01/2023,299,17.13250228,25,225,1282.0107427,prediction
night,7/01/2023,303,15.55083277,25,315,1282.39359165,prediction
night,7/01/2023,304,14.90003882,25,255,1282.48427264,prediction
night,7/01/2023,305,14.10425427,25,285,1282.48626986,prediction
night,7/01/2023,306,17.45460946,26,105,1335.94636579,prediction
night,7/01/2023,307,16.11870628,26,75,1335.94686661,prediction
night,7/01/2023,308,17.41718151,26,135,1336.053695,prediction
night,7/01/2023,309,15.50839401,26,45,1336.0622659,prediction
night,7/01/2023,310,16.28649823,26,225,1336.09378827,prediction
night,7/01/2023,314,15.62678955,26,315,1336.49391968,prediction
night,7/01/2023,315,14.98125105,26,255,1336.53171427,prediction
night,7/01/2023,316,14.56428771,26,285,1336.53812588,prediction
night,7/01/2023,317,17.33281908,27,105,1386.70041475,prediction
night,7/01/2023,318,15.47705982,27,75,1386.70513346,prediction
night,7/01/2023,319,17.09267487,27,135,1386.76048224,prediction
night,7/01/2023,320,15.23419341,27,45,1386.76970677,prediction
night,7/01/2023,321,16.79663425,27,225,1386.81886773,prediction
night,7/01/2023,325,15.45674829,27,315,1387.23503065,prediction
night,7/01/2023,326,15.36938551,27,255,1387.33562104,prediction
night,7/01/2023,327,14.61203194,27,285,1387.33847392,prediction
night,7/01/2023,328,17.38719781,28,105,1439.01773273,prediction
night,7/01/2023,329,15.40962818,28,75,1439.02265301,prediction
night,7/01/2023,330,17.59129272,28,135,1439.08243693,prediction
night,7/01/2023,331,14.76862316,28,45,1439.09234714,prediction
night,7/01/2023,332,16.85274547,28,225,1439.16057605,prediction
night,7/01/2023,336,14.83032393,28,315,1439.59346859,prediction
night,7/01/2023,337,15.49063457,28,255,1439.70166378,prediction
night,7/01/2023,338,14.80544382,28,285,1439.70478145,prediction
night,7/01/2023,339,17.91181827,29,105,1491.33427335,prediction
night,7/01/2023,340,14.72800207,29,75,1491.33954379,prediction
night,7/01/2023,341,17.33685545,29,135,1491.40380652,prediction
night,7/01/2023,342,14.70983369,29,45,1491.41441585,prediction
night,7/01/2023,343,17.02374469,29,225,1491.5029301,prediction
night,7/01/2023,347,14.62218541,29,315,1491.95272129,prediction
night,7/01/2023,348,16.90433578,29,255,1492.06879036,prediction
night,7/01/2023,349,14.87002296,29,285,1492.07222963,prediction
night,7/01/2023,351,15.82305142,30,75,1543.65559389,prediction
night,7/01/2023,352,17.23903593,30,135,1543.72456742,prediction
night,7/01/2023,353,14.69329735,30,45,1543.73587725,prediction
night,7/01/2023,354,16.89211746,30,225,1543.84595568,prediction
night,7/01/2023,358,14.71257848,30,315,1544.3126586,prediction
night,7/01/2023,360,17.03324932,30,255,1544.43689287,prediction
night,27/01/2023,361,20.108492,0,15,0.9,prediction
night,27/01/2023,1,19.83012657,1,165,26.1588683337,prediction
night,27/01/2023,2,19.7324866,2,165,78.5320887888,prediction
night,27/01/2023,3,19.93236773,3,165,130.916650141,prediction
night,27/01/2023,4,19.82896879,4,165,183.310421724,prediction
night,27/01/2023,5,20.52265979,5,165,235.675126489,prediction
night,27/01/2023,6,20.29315525,6,165,288.059716914,prediction
night,27/01/2023,7,21.29895971,7,165,340.40027276,prediction
night,27/01/2023,8,23.02164214,8,165,392.825928488,prediction
night,27/01/2023,9,23.1760389,9,165,445.20954897,prediction
night,27/01/2023,10,22.3117112,10,165,497.534870608,prediction
night,27/01/2023,11,21.80313676,11,165,547.152727294,prediction
night,27/01/2023,12,22.44177422,12,165,601.752722326,prediction
night,27/01/2023,13,22.8086866,13,165,654.077375696,prediction
night,27/01/2023,14,22.69850611,14,165,707.437718627,prediction
night,27/01/2023,15,22.56724779,15,165,758.879133405,prediction
night,27/01/2023,16,22.29057791,16,165,811.213544416,prediction
night,27/01/2023,17,17.71707539,17,285,864.783493136,prediction
night,27/01/2023,18,21.97392311,18,165,916.008171598,prediction
night,27/01/2023,19,21.91688062,19,165,968.348947967,prediction
night,27/01/2023,20,21.80516128,20,165,1020.68951414,prediction
night,27/01/2023,21,21.14872527,21,165,1074.54249828,prediction
night,27/01/2023,22,20.07440625,22,165,1125.51728983,prediction
night,27/01/2023,23,19.66313201,23,165,1177.86387697,prediction
night,27/01/2023,24,19.32305082,24,165,1230.21017942,prediction
night,27/01/2023,31,19.53865521,1,225,26.1421622904,prediction
night,27/01/2023,32,19.94795686,1,195,26.1484865544,prediction
night,27/01/2023,33,20.6525869,1,75,26.148976916,prediction
night,27/01/2023,34,20.20238419,1,105,26.1489802967,prediction
night,27/01/2023,35,20.1348666,1,45,26.1492919353,prediction
night,27/01/2023,36,19.50571775,1,255,26.1493125373,prediction
night,27/01/2023,37,19.97247384,1,135,26.149317842,prediction
night,27/01/2023,38,19.55056515,1,285,26.149320641,prediction
night,27/01/2023,39,19.73244926,1,315,26.1495677872,prediction
night,27/01/2023,40,20.55006411,1,15,26.1499340473,prediction
night,27/01/2023,41,20.27480652,1,345,26.1500688971,prediction
night,27/01/2023,42,20.07996634,2,225,78.4865939041,prediction
night,27/01/2023,43,19.82400186,2,195,78.5016954405,prediction
night,27/01/2023,44,20.10304162,2,105,78.5047576509,prediction
night,27/01/2023,45,19.70629061,2,45,78.5051404983,prediction
night,27/01/2023,46,19.33796027,2,15,78.50635058,prediction
night,27/01/2023,47,19.99149379,2,315,78.506588238,prediction
night,27/01/2023,48,19.71834423,2,255,78.5069401867,prediction
night,27/01/2023,49,20.45302112,2,345,78.5070511329,prediction
night,27/01/2023,50,20.2918621,2,135,78.5072596515,prediction
night,27/01/2023,51,20.3021554,2,75,78.507621266,prediction
night,27/01/2023,52,19.52988388,2,285,78.5097908779,prediction
night,27/01/2023,53,19.56359294,3,225,130.83419649,prediction
night,27/01/2023,54,20.44045162,3,195,130.865764168,prediction
night,27/01/2023,55,20.17547316,3,135,130.866816893,prediction
night,27/01/2023,56,20.5836303,3,75,130.868089502,prediction
night,27/01/2023,57,19.94830317,3,45,130.869096061,prediction
night,27/01/2023,58,20.53349334,3,105,130.870643632,prediction
night,27/01/2023,59,19.18752806,3,15,130.871230267,prediction
night,27/01/2023,60,19.75103913,3,345,130.872835727,prediction
night,27/01/2023,61,19.42970789,3,315,130.873391001,prediction
night,27/01/2023,62,19.91865754,3,285,130.87356057,prediction
night,27/01/2023,63,20.16643632,3,255,130.87662654,prediction
night,27/01/2023,64,20.03630673,4,225,183.202760398,prediction
night,27/01/2023,65,20.17463596,4,195,183.241181439,prediction
night,27/01/2023,66,20.4078716,4,105,183.242955556,prediction
night,27/01/2023,67,20.29168304,4,75,183.244421032,prediction
night,27/01/2023,68,20.21696009,4,135,183.246181946,prediction
night,27/01/2023,69,19.45397577,4,15,183.246919315,prediction
night,27/01/2023,70,19.69441645,4,45,183.248158249,prediction
night,27/01/2023,71,19.52718951,4,345,183.24991072,prediction
night,27/01/2023,72,20.28599694,4,255,183.253658741,prediction
night,27/01/2023,73,20.24125994,4,285,183.255763257,prediction
night,27/01/2023,74,19.23947102,4,315,183.256425919,prediction
night,27/01/2023,75,19.66503283,5,225,235.5378245,prediction
night,27/01/2023,76,20.12295116,5,195,235.586306566,prediction
night,27/01/2023,77,19.52867105,5,75,235.586681799,prediction
night,27/01/2023,78,19.88996976,5,105,235.588284549,prediction
night,27/01/2023,79,19.79750725,5,45,235.589826951,prediction
night,27/01/2023,80,20.54772871,5,135,235.591466007,prediction
night,27/01/2023,81,19.34665167,5,15,235.597026849,prediction
night,27/01/2023,82,19.22553006,5,345,235.601945306,prediction
night,27/01/2023,83,18.22963498,5,315,235.603359681,prediction
night,27/01/2023,84,19.98443065,5,285,235.605230044,prediction
night,27/01/2023,85,19.49145717,5,255,235.606875989,prediction
night,27/01/2023,86,19.68892325,6,225,287.893716757,prediction
night,27/01/2023,87,19.73479828,6,105,287.952342449,prediction
night,27/01/2023,88,20.11240475,6,195,287.953574821,prediction
night,27/01/2023,89,19.94598661,6,75,287.954487322,prediction
night,27/01/2023,90,20.23634486,6,135,287.954804033,prediction
night,27/01/2023,91,20.05482702,6,45,287.957554831,prediction
night,27/01/2023,92,18.76071793,6,15,287.960622974,prediction
night,27/01/2023,93,18.80353489,6,345,287.968116355,prediction
night,27/01/2023,94,17.99377669,6,315,287.977630168,prediction
night,27/01/2023,95,19.11254298,6,255,287.979473221,prediction
night,27/01/2023,96,18.18031312,6,285,287.981779618,prediction
night,27/01/2023,97,19.54818028,7,225,340.206774681,prediction
night,27/01/2023,98,20.03445715,7,105,340.2706357,prediction
night,27/01/2023,99,19.98658476,7,75,340.271549334,prediction
night,27/01/2023,100,20.16765848,7,135,340.275296586,prediction
night,27/01/2023,101,20.31073637,7,195,340.276063867,prediction
night,27/01/2023,102,19.58824171,7,45,340.276678648,prediction
night,27/01/2023,103,18.74674958,7,15,340.284751843,prediction
night,27/01/2023,104,18.48923708,7,345,340.295141519,prediction
night,27/01/2023,105,18.08442065,7,315,340.304761915,prediction
night,27/01/2023,106,19.50892416,7,255,340.308783293,prediction
night,27/01/2023,107,18.59570877,7,285,340.309803081,prediction
night,27/01/2023,108,19.72054557,8,225,392.609087709,prediction
night,27/01/2023,109,19.73301888,8,75,392.674128151,prediction
night,27/01/2023,110,20.11680091,8,105,392.677146954,prediction
night,27/01/2023,111,18.99160115,8,45,392.681811001,prediction
night,27/01/2023,112,20.92226116,8,135,392.683283752,prediction
night,27/01/2023,113,19.94828197,8,195,392.683423375,prediction
night,27/01/2023,114,18.01621711,8,15,392.695837136,prediction
night,27/01/2023,115,18.41751682,8,345,392.709712269,prediction
night,27/01/2023,116,17.60997564,8,315,392.718288014,prediction
night,27/01/2023,117,18.88016559,8,285,392.725912691,prediction
night,27/01/2023,118,19.5198543,8,255,392.727876477,prediction
night,27/01/2023,119,19.4759095,9,225,444.967545613,prediction
night,27/01/2023,120,20.43431896,9,105,445.034567252,prediction
night,27/01/2023,121,19.75371175,9,75,445.040277329,prediction
night,27/01/2023,122,19.0312237,9,45,445.044364492,prediction
night,27/01/2023,123,21.0886741,9,135,445.047630348,prediction
night,27/01/2023,124,20.50287069,9,195,445.05299325,prediction
night,27/01/2023,125,17.68700787,9,15,445.06189049,prediction
night,27/01/2023,126,16.96385516,9,345,445.079436204,prediction
night,27/01/2023,127,17.69989268,9,315,445.092654475,prediction
night,27/01/2023,128,19.41278536,9,255,445.100751387,prediction
night,27/01/2023,129,18.85961884,9,285,445.105153265,prediction
night,27/01/2023,130,19.58242683,10,225,497.266228693,prediction
night,27/01/2023,131,20.53174346,10,105,497.337391364,prediction
night,27/01/2023,132,20.013418,10,75,497.338930083,prediction
night,27/01/2023,133,21.44111746,10,135,497.348469066,prediction
night,27/01/2023,134,18.55642706,10,45,497.348890797,prediction
night,27/01/2023,135,20.72913765,10,195,497.360915159,prediction
night,27/01/2023,136,18.27397399,10,15,497.368061999,prediction
night,27/01/2023,137,17.45533162,10,345,497.390112246,prediction
night,27/01/2023,138,17.36760405,10,315,497.40865149,prediction
night,27/01/2023,139,19.15974755,10,255,497.419046738,prediction
night,27/01/2023,140,19.15865856,10,285,497.420665061,prediction
night,27/01/2023,141,19.20365788,11,225,546.903162294,prediction
night,27/01/2023,142,20.61875879,11,195,546.956662613,prediction
night,27/01/2023,143,18.06498762,11,15,546.961835945,prediction
night,27/01/2023,144,21.32668437,11,135,546.989476845,prediction
night,27/01/2023,145,17.24265345,11,345,546.992209207,prediction
night,27/01/2023,146,18.26544551,11,45,546.992632234,prediction
night,27/01/2023,147,20.18740448,11,75,547.000708722,prediction
night,27/01/2023,148,20.41085573,11,105,547.00681307,prediction
night,27/01/2023,149,16.52593128,11,315,547.068358919,prediction
night,27/01/2023,150,18.92485423,11,285,547.10048277,prediction
night,27/01/2023,151,19.36243528,11,255,547.10469891,prediction
night,27/01/2023,152,19.45604615,12,225,601.445836677,prediction
night,27/01/2023,153,20.25145588,12,105,601.521158094,prediction
night,27/01/2023,154,19.86607427,12,75,601.521631113,prediction
night,27/01/2023,155,20.87123034,12,135,601.531126669,prediction
night,27/01/2023,156,18.5405447,12,45,601.532445915,prediction
night,27/01/2023,157,20.153506,12,195,601.546952442,prediction
night,27/01/2023,158,18.22373762,12,15,601.549994255,prediction
night,27/01/2023,159,17.22985817,12,345,601.582898436,prediction
night,27/01/2023,160,16.324478,12,315,601.620474081,prediction
night,27/01/2023,161,18.61371168,12,255,601.640315573,prediction
night,27/01/2023,162,19.05301796,12,285,601.64126025,prediction
night,27/01/2023,163,19.16088257,13,225,653.749348408,prediction
night,27/01/2023,164,20.7633111,13,105,653.821981781,prediction
night,27/01/2023,165,20.01540623,13,75,653.822554947,prediction
night,27/01/2023,166,20.58735679,13,135,653.834129524,prediction
night,27/01/2023,167,18.78427204,13,45,653.835724378,prediction
night,27/01/2023,168,19.89999039,13,195,653.857004574,prediction
night,27/01/2023,169,17.81551619,13,15,653.857246533,prediction
night,27/01/2023,170,16.73252405,13,345,653.896039442,prediction
night,27/01/2023,171,16.03535034,13,315,653.939654538,prediction
night,27/01/2023,172,18.69080792,13,255,653.962746366,prediction
night,27/01/2023,173,18.9033206,13,285,653.963824959,prediction
night,27/01/2023,174,18.71423195,14,225,706.908204273,prediction
night,27/01/2023,175,20.08038371,14,75,706.911391158,prediction
night,27/01/2023,176,20.67380143,14,135,706.99344984,prediction
night,27/01/2023,177,18.81391025,14,285,707.077105223,prediction
night,27/01/2023,178,20.96023453,14,105,707.099592883,prediction
night,27/01/2023,179,18.82219433,14,45,707.144348088,prediction
night,27/01/2023,180,17.1419765,14,15,707.152439805,prediction
night,27/01/2023,181,15.51475833,14,345,707.200965457,prediction
night,27/01/2023,182,19.90658648,14,195,707.223320408,prediction
night,27/01/2023,183,15.41541319,14,315,707.256506323,prediction
night,27/01/2023,184,18.52785533,14,255,707.267285282,prediction
night,27/01/2023,185,18.99411323,15,225,758.484798074,prediction
night,27/01/2023,186,20.63244066,15,75,758.538606215,prediction
night,27/01/2023,187,20.31874804,15,135,758.56495277,prediction
night,27/01/2023,188,21.06028831,15,105,758.56574345,prediction
night,27/01/2023,189,18.20973601,15,45,758.58921792,prediction
night,27/01/2023,190,16.65850304,15,15,758.617319606,prediction
night,27/01/2023,191,22.08169156,15,195,758.634128682,prediction
night,27/01/2023,192,14.87274111,15,345,758.669844378,prediction
night,27/01/2023,193,15.18868703,15,315,758.727653744,prediction
night,27/01/2023,194,18.80971935,15,285,758.728805537,prediction
night,27/01/2023,195,17.67113247,15,255,758.755698383,prediction
night,27/01/2023,196,17.97693581,16,225,810.798966762,prediction
night,27/01/2023,197,20.83934466,16,75,810.845114994,prediction
night,27/01/2023,198,20.82312566,16,105,810.874048291,prediction
night,27/01/2023,199,20.38098503,16,135,810.874751296,prediction
night,27/01/2023,200,18.35258253,16,45,810.90091175,prediction
night,27/01/2023,201,16.66586618,16,15,810.933963379,prediction
night,27/01/2023,202,22.55817483,16,195,810.955736004,prediction
night,27/01/2023,203,15.4983635,16,345,810.993894777,prediction
night,27/01/2023,204,14.90177664,16,315,811.059153639,prediction
night,27/01/2023,205,18.15228373,16,285,811.062448387,prediction
night,27/01/2023,206,16.86440841,16,255,811.091073808,prediction
night,27/01/2023,207,20.99232897,17,105,864.082555014,prediction
night,27/01/2023,208,18.90662121,17,45,864.159798579,prediction
night,27/01/2023,209,23.0371972,17,195,864.320131185,prediction
night,27/01/2023,210,16.75154437,17,255,864.328430686,prediction
night,27/01/2023,211,15.01289447,17,315,864.340763528,prediction
night,27/01/2023,212,17.56763004,17,225,864.434341191,prediction
night,27/01/2023,213,17.05606916,17,15,864.438434635,prediction
night,27/01/2023,214,20.21033262,17,135,864.502557439,prediction
night,27/01/2023,215,15.19974997,17,345,864.503329694,prediction
night,27/01/2023,216,20.70939327,17,75,864.537255183,prediction
night,27/01/2023,217,21.9668213,17,165,864.593146426,prediction
night,27/01/2023,218,17.95011661,18,225,915.58915721,prediction
night,27/01/2023,219,20.80815926,18,105,915.597310755,prediction
night,27/01/2023,220,20.27196831,18,75,915.623591996,prediction
night,27/01/2023,221,18.67290843,18,45,915.637247911,prediction
night,27/01/2023,222,20.35432993,18,135,915.652165759,prediction
night,27/01/2023,223,17.02838323,18,15,915.710469659,prediction
night,27/01/2023,224,22.74852833,18,195,915.725934618,prediction
night,27/01/2023,225,14.66026899,18,345,915.786279166,prediction
night,27/01/2023,226,15.01572879,18,315,915.83925752,prediction
night,27/01/2023,227,16.97902128,18,255,915.873920636,prediction
night,27/01/2023,228,17.01997311,18,285,915.900561915,prediction
night,27/01/2023,229,20.5606185,19,105,967.909398761,prediction
night,27/01/2023,230,19.54875601,19,225,967.914389442,prediction
night,27/01/2023,231,19.81952911,19,75,967.937262268,prediction
night,27/01/2023,232,17.82219649,19,45,967.953625279,prediction
night,27/01/2023,233,20.33596788,19,135,967.96920464,prediction
night,27/01/2023,234,16.67764189,19,15,968.034633446,prediction
night,27/01/2023,235,22.64322902,19,195,968.055546242,prediction
night,27/01/2023,236,14.27028338,19,345,968.119276911,prediction
night,27/01/2023,237,15.35392706,19,315,968.179492611,prediction
night,27/01/2023,238,16.72874762,19,255,968.218473936,prediction
night,27/01/2023,239,16.15439134,19,285,968.246820865,prediction
night,27/01/2023,240,20.51654183,20,105,1020.22073198,prediction
night,27/01/2023,241,19.79442792,20,225,1020.24029023,prediction
night,27/01/2023,242,19.64172281,20,75,1020.25015995,prediction
night,27/01/2023,243,16.93249825,20,45,1020.26945164,prediction
night,27/01/2023,244,20.39373742,20,135,1020.28562,prediction
night,27/01/2023,245,15.1263047,20,15,1020.3586323,prediction
night,27/01/2023,246,22.45738261,20,195,1020.38537183,prediction
night,27/01/2023,247,14.5159075,20,345,1020.45253703,prediction
night,27/01/2023,248,15.19252937,20,315,1020.52043405,prediction
night,27/01/2023,249,16.17729276,20,255,1020.56405306,prediction
night,27/01/2023,250,15.98387939,20,285,1020.59402321,prediction
night,27/01/2023,251,19.66598081,21,225,1073.74745918,prediction
night,27/01/2023,252,20.33775073,21,135,1073.76805203,prediction
night,27/01/2023,253,19.55022538,21,75,1073.84509471,prediction
night,27/01/2023,254,16.74605173,21,45,1073.99224514,prediction
night,27/01/2023,255,13.81750298,21,15,1074.08747563,prediction
night,27/01/2023,256,20.59930309,21,105,1074.11172432,prediction
night,27/01/2023,257,14.02423008,21,345,1074.18632633,prediction
night,27/01/2023,258,22.13781795,21,195,1074.19059563,prediction
night,27/01/2023,259,15.77764326,21,285,1074.20728628,prediction
night,27/01/2023,260,14.92058626,21,315,1074.27874941,prediction
night,27/01/2023,261,16.44138582,21,255,1074.50378336,prediction
night,27/01/2023,262,20.30359446,22,105,1124.99505457,prediction
night,27/01/2023,263,19.14166869,22,75,1124.99866854,prediction
night,27/01/2023,264,19.56157192,22,225,1125.00912546,prediction
night,27/01/2023,265,20.33091247,22,135,1125.03033604,prediction
night,27/01/2023,266,16.96676078,22,45,1125.0365688,prediction
night,27/01/2023,267,13.44204045,22,15,1125.14278858,prediction
night,27/01/2023,268,20.15616036,22,195,1125.18958872,prediction
night,27/01/2023,269,13.89301904,22,345,1125.25634889,prediction
night,27/01/2023,270,14.8984596,22,315,1125.34266539,prediction
night,27/01/2023,271,16.62916873,22,255,1125.41362315,prediction
night,27/01/2023,272,15.14197978,22,285,1125.41494883,prediction
night,27/01/2023,273,20.21051832,23,105,1177.31112423,prediction
night,27/01/2023,274,18.81436986,23,75,1177.3150084,prediction
night,27/01/2023,275,19.43606531,23,225,1177.34236285,prediction
night,27/01/2023,276,20.38943159,23,135,1177.35018859,prediction
night,27/01/2023,277,16.67864672,23,45,1177.35692372,prediction
night,27/01/2023,278,13.03918837,23,15,1177.47240482,prediction
night,27/01/2023,279,17.84749806,23,195,1177.52690799,prediction
night,27/01/2023,280,13.90129171,23,345,1177.59668494,prediction
night,27/01/2023,281,15.79193934,23,315,1177.69223154,prediction
night,27/01/2023,282,16.45427216,23,255,1177.76947909,prediction
night,27/01/2023,283,14.87732555,23,285,1177.77099231,prediction
night,27/01/2023,284,20.19669391,24,105,1229.62646731,prediction
night,27/01/2023,285,18.66749062,24,75,1229.63061299,prediction
night,27/01/2023,286,20.31360159,24,135,1229.6694143,prediction
night,27/01/2023,287,19.2341608,24,225,1229.6762407,prediction
night,27/01/2023,288,16.24587919,24,45,1229.67680296,prediction
night,27/01/2023,291,13.28880275,24,345,1229.93735902,prediction
night,27/01/2023,292,15.67819505,24,315,1230.0425277,prediction
night,27/01/2023,293,16.54036645,24,255,1230.12637227,prediction
night,27/01/2023,294,14.32829316,24,285,1230.12815714,prediction
night,27/01/2023,295,19.78997721,25,105,1281.94101005,prediction
night,27/01/2023,296,18.08032571,25,75,1281.94545509,prediction
night,27/01/2023,297,20.32818787,25,135,1281.98801862,prediction
night,27/01/2023,298,16.91528016,25,45,1281.99601257,prediction
night,27/01/2023,299,18.49806274,25,225,1282.0107427,prediction
night,27/01/2023,303,15.70491049,25,315,1282.39359165,prediction
night,27/01/2023,304,16.24857328,25,255,1282.48427264,prediction
night,27/01/2023,305,14.17212238,25,285,1282.48626986,prediction
night,27/01/2023,306,19.88235378,26,105,1335.94636579,prediction
night,27/01/2023,307,17.27781067,26,75,1335.94686661,prediction
night,27/01/2023,308,20.17418295,26,135,1336.053695,prediction
night,27/01/2023,309,16.8386988,26,45,1336.0622659,prediction
night,27/01/2023,310,17.4127956,26,225,1336.09378827,prediction
night,27/01/2023,314,15.9137556,26,315,1336.49391968,prediction
night,27/01/2023,315,16.37030686,26,255,1336.53171427,prediction
night,27/01/2023,316,14.7294785,26,285,1336.53812588,prediction
night,27/01/2023,317,19.97439907,27,105,1386.70041475,prediction
night,27/01/2023,318,16.68027748,27,75,1386.70513346,prediction
night,27/01/2023,319,20.02082351,27,135,1386.76048224,prediction
night,27/01/2023,320,16.88449154,27,45,1386.76970677,prediction
night,27/01/2023,321,17.92577627,27,225,1386.81886773,prediction
night,27/01/2023,325,15.82313192,27,315,1387.23503065,prediction
night,27/01/2023,326,16.51901698,27,255,1387.33562104,prediction
night,27/01/2023,327,15.14872372,27,285,1387.33847392,prediction
night,27/01/2023,328,20.08434306,28,105,1439.01773273,prediction
night,27/01/2023,329,16.51600557,28,75,1439.02265301,prediction
night,27/01/2023,330,20.62539788,28,135,1439.08243693,prediction
night,27/01/2023,331,16.45591579,28,45,1439.09234714,prediction
night,27/01/2023,332,17.97717082,28,225,1439.16057605,prediction
night,27/01/2023,336,15.20325996,28,315,1439.59346859,prediction
night,27/01/2023,337,16.25474307,28,255,1439.70166378,prediction
night,27/01/2023,338,15.51318508,28,285,1439.70478145,prediction
night,27/01/2023,339,20.4769367,29,105,1491.33427335,prediction
night,27/01/2023,340,15.57800532,29,75,1491.33954379,prediction
night,27/01/2023,341,20.33452217,29,135,1491.40380652,prediction
night,27/01/2023,342,15.91765085,29,45,1491.41441585,prediction
night,27/01/2023,343,18.15045412,29,225,1491.5029301,prediction
night,27/01/2023,347,14.94672688,29,315,1491.95272129,prediction
night,27/01/2023,348,17.3208454,29,255,1492.06879036,prediction
night,27/01/2023,349,15.62665236,29,285,1492.07222963,prediction
night,27/01/2023,351,16.63469285,30,75,1543.65559389,prediction
night,27/01/2023,352,20.32230653,30,135,1543.72456742,prediction
night,27/01/2023,353,15.44652478,30,45,1543.73587725,prediction
night,27/01/2023,354,18.10652129,30,225,1543.84595568,prediction
night,27/01/2023,358,14.84109309,30,315,1544.3126586,prediction
night,27/01/2023,360,17.74872411,30,255,1544.43689287,prediction
night,3/12/2022,361,21.332981,0,45,0.9,prediction
night,25/12/2022,361,20.23,0,45,0.9,base
night,27/12/2022,361,27.741959,0,45,0.9,prediction
night,7/01/2023,361,18.899761,0,45,0.9,prediction
night,27/01/2023,361,20.108492,0,45,0.9,prediction
night,3/12/2022,361,21.332981,0,75,0.9,prediction
night,25/12/2022,361,20.23,0,75,0.9,base
night,27/12/2022,361,27.741959,0,75,0.9,prediction
night,7/01/2023,361,18.899761,0,75,0.9,prediction
night,27/01/2023,361,20.108492,0,75,0.9,prediction
night,3/12/2022,361,21.332981,0,105,0.9,prediction
night,25/12/2022,361,20.23,0,105,0.9,base
night,27/12/2022,361,27.741959,0,105,0.9,prediction
night,7/01/2023,361,18.899761,0,105,0.9,prediction
night,27/01/2023,361,20.108492,0,105,0.9,prediction
night,3/12/2022,361,21.332981,0,135,0.9,prediction
night,25/12/2022,361,20.23,0,135,0.9,base
night,27/12/2022,361,27.741959,0,135,0.9,prediction
night,7/01/2023,361,18.899761,0,135,0.9,prediction
night,27/01/2023,361,20.108492,0,135,0.9,prediction
night,3/12/2022,361,21.332981,0,165,0.9,prediction
night,25/12/2022,361,20.23,0,165,0.9,base
night,27/12/2022,361,27.741959,0,165,0.9,prediction
night,7/01/2023,361,18.899761,0,165,0.9,prediction
night,27/01/2023,361,20.108492,0,165,0.9,prediction
night,3/12/2022,361,21.332981,0,195,0.9,prediction
night,25/12/2022,361,20.23,0,195,0.9,base
night,27/12/2022,361,27.741959,0,195,0.9,prediction
night,7/01/2023,361,18.899761,0,195,0.9,prediction
night,27/01/2023,361,20.108492,0,195,0.9,prediction
night,3/12/2022,361,21.332981,0,225,0.9,prediction
night,25/12/2022,361,20.23,0,225,0.9,base
night,27/12/2022,361,27.741959,0,225,0.9,prediction
night,7/01/2023,361,18.899761,0,225,0.9,prediction
night,27/01/2023,361,20.108492,0,225,0.9,prediction
night,3/12/2022,361,21.332981,0,255,0.9,prediction
night,25/12/2022,361,20.23,0,255,0.9,base
night,27/12/2022,361,27.741959,0,255,0.9,prediction
night,7/01/2023,361,18.899761,0,255,0.9,prediction
night,27/01/2023,361,20.108492,0,255,0.9,prediction
night,3/12/2022,361,21.332981,0,285,0.9,prediction
night,25/12/2022,361,20.23,0,285,0.9,base
night,27/12/2022,361,27.741959,0,285,0.9,prediction
night,7/01/2023,361,18.899761,0,285,0.9,prediction
night,27/01/2023,361,20.108492,0,285,0.9,prediction
night,3/12/2022,361,21.332981,0,315,0.9,prediction
night,25/12/2022,361,20.23,0,315,0.9,base
night,27/12/2022,361,27.741959,0,315,0.9,prediction
night,7/01/2023,361,18.899761,0,315,0.9,prediction
night,27/01/2023,361,20.108492,0,315,0.9,prediction
night,3/12/2022,361,21.332981,0,345,0.9,prediction
night,25/12/2022,361,20.23,0,345,0.9,base
night,27/12/2022,361,27.741959,0,345,0.9,prediction
night,7/01/2023,361,18.899761,0,345,0.9,prediction
night,27/01/2023,361,20.108492,0,345,0.9,prediction
