temporal,use,date,id,mean_lst,distance,direction,area,buffer_number
day,prediction,3/12/2022,1,37.48082327,0,15,5026.381231,0
day,prediction,3/12/2022,2,38.22331394,5,45,235.4594715,1
day,prediction,3/12/2022,3,37.37758553,6,45,287.9311057,2
day,prediction,3/12/2022,4,37.74793494,7,45,340.2460017,3
day,prediction,3/12/2022,5,37.80629734,8,45,392.6466286,4
day,prediction,3/12/2022,6,37.49932626,9,45,445.005825,5
day,prediction,3/12/2022,7,37.49720597,10,45,497.3064088,6
day,prediction,3/12/2022,8,36.49334027,11,75,546.9535538,7
day,prediction,3/12/2022,9,37.24443877,12,45,601.4833346,8
day,prediction,3/12/2022,10,36.72188379,13,45,653.7833582,9
day,prediction,3/12/2022,12,35.51653479,15,45,758.530335,11
day,prediction,3/12/2022,13,35.83587425,16,45,810.8392654,12
day,prediction,3/12/2022,14,36.05892179,17,75,864.4694557,13
day,prediction,3/12/2022,15,36.2688882,18,45,915.5706951,14
day,prediction,3/12/2022,16,35.66031966,19,45,967.8848698,15
day,prediction,3/12/2022,17,34.57118808,20,45,1020.198666,16
day,prediction,3/12/2022,19,34.32354242,22,45,1124.962547,18
day,prediction,3/12/2022,20,33.87246169,23,45,1177.281459,19
day,prediction,3/12/2022,21,32.91000137,24,45,1229.599913,20
day,prediction,3/12/2022,22,32.20700247,25,45,1281.917963,21
day,prediction,3/12/2022,23,32.15591856,26,45,1335.98319,22
day,prediction,3/12/2022,24,31.96025911,27,45,1386.689827,23
day,prediction,3/12/2022,25,32.80630962,28,45,1439.011821,24
day,prediction,3/12/2022,26,32.18574992,29,45,1491.333444,25
day,prediction,3/12/2022,27,32.41765451,30,45,1543.65457,26
day,prediction,3/12/2022,28,31.45749516,31,45,1595.975334,27
day,prediction,3/12/2022,29,30.68209857,32,45,1650.668683,28
day,prediction,3/12/2022,30,30.52158978,33,45,1700.766288,29
day,prediction,3/12/2022,31,30.8308678,34,45,1753.090484,30
day,prediction,3/12/2022,32,31.31086279,35,45,1805.414293,31
day,prediction,3/12/2022,33,38.54466987,5,345,235.4989571,1
day,prediction,3/12/2022,34,38.83916983,6,345,287.9667189,2
day,prediction,3/12/2022,35,38.80646216,7,345,340.2921238,3
day,prediction,3/12/2022,36,38.4835534,8,345,392.704955,4
day,prediction,3/12/2022,37,38.47396857,9,345,445.072997,5
day,prediction,3/12/2022,38,38.46846242,10,345,497.3817904,6
day,prediction,3/12/2022,39,38.11340946,11,345,546.9804406,7
day,prediction,3/12/2022,40,37.9731769,12,345,601.57042,8
day,prediction,3/12/2022,41,37.92775729,13,345,653.8815557,9
day,prediction,3/12/2022,42,36.96937964,15,345,758.6508901,11
day,prediction,3/12/2022,43,36.95435269,16,345,810.9727028,12
day,prediction,3/12/2022,44,36.49995794,17,345,864.481231,13
day,prediction,3/12/2022,45,36.15483387,18,345,915.760657,14
day,prediction,3/12/2022,46,35.73486939,19,345,968.0912875,15
day,prediction,3/12/2022,47,35.16872116,20,345,1020.422168,16
day,prediction,3/12/2022,48,33.80693259,22,345,1125.221187,18
day,prediction,3/12/2022,49,34.39265956,23,345,1177.559006,19
day,prediction,3/12/2022,50,34.22624399,24,345,1229.897069,20
day,prediction,3/12/2022,51,34.58369105,25,345,1282.235252,21
day,prediction,3/12/2022,52,33.98237362,26,345,1336.263599,22
day,prediction,3/12/2022,53,33.36990066,27,345,1387.04481,23
day,prediction,3/12/2022,54,33.01315921,28,345,1439.388689,24
day,prediction,3/12/2022,55,32.37963249,29,345,1491.732693,25
day,prediction,3/12/2022,56,32.26582125,30,345,1544.076956,26
day,prediction,3/12/2022,57,32.64714671,31,345,1596.421401,27
day,prediction,3/12/2022,58,33.24021417,32,345,1650.893112,28
day,prediction,3/12/2022,59,33.23844485,33,345,1701.245962,29
day,prediction,3/12/2022,62,37.32541938,14,345,707.182907,10
day,prediction,3/12/2022,63,33.82690274,21,345,1074.155771,17
day,prediction,3/12/2022,64,38.96389617,5,15,235.4750977,1
day,prediction,3/12/2022,65,39.21016657,6,15,287.9424856,2
day,prediction,3/12/2022,66,38.50406256,7,15,340.2635217,3
day,prediction,3/12/2022,67,38.16354206,8,15,392.6716186,4
day,prediction,3/12/2022,68,38.19049905,9,15,445.0346099,5
day,prediction,3/12/2022,69,37.87298576,10,15,497.3379346,6
day,prediction,3/12/2022,70,37.54862791,11,15,546.9305831,7
day,prediction,3/12/2022,71,37.42081388,12,15,601.514606,8
day,prediction,3/12/2022,72,37.22675055,13,15,653.8192399,9
day,prediction,3/12/2022,73,36.67101356,15,15,758.5744377,11
day,prediction,3/12/2022,74,36.40998558,16,15,810.8886675,12
day,prediction,3/12/2022,75,36.50063933,17,15,864.3893784,13
day,prediction,3/12/2022,76,35.95335758,18,15,915.6604237,14
day,prediction,3/12/2022,77,35.48140114,19,15,967.9823693,15
day,prediction,3/12/2022,78,35.11489258,20,15,1020.304262,16
day,prediction,3/12/2022,79,34.29110337,22,15,1125.084181,18
day,prediction,3/12/2022,80,34.08024376,23,15,1177.411947,19
day,prediction,3/12/2022,81,33.82594234,24,15,1229.739481,20
day,prediction,3/12/2022,82,32.83869309,25,15,1282.066939,21
day,prediction,3/12/2022,83,32.85062961,26,15,1336.084049,22
day,prediction,3/12/2022,84,32.90893116,27,15,1386.853765,23
day,prediction,3/12/2022,85,32.22542763,28,15,1439.185738,24
day,prediction,3/12/2022,86,31.47367629,29,15,1491.517554,25
day,prediction,3/12/2022,87,30.53938168,30,15,1543.849213,26
day,prediction,3/12/2022,88,30.87744251,31,15,1596.180727,27
day,prediction,3/12/2022,89,27.8748776,32,15,1650.63869,28
day,prediction,3/12/2022,93,36.87583945,14,15,707.1133009,10
day,prediction,3/12/2022,94,34.78123523,21,15,1074.02866,17
day,prediction,3/12/2022,95,37.02949402,5,75,235.4568681,1
day,prediction,3/12/2022,96,35.55062339,6,75,287.9295088,2
day,prediction,3/12/2022,97,36.35922244,7,75,340.2415978,3
day,prediction,3/12/2022,98,36.98023591,8,75,392.6397562,4
day,prediction,3/12/2022,99,36.24726224,9,75,445.0006902,5
day,prediction,3/12/2022,100,36.11551149,10,75,497.2952672,6
day,prediction,3/12/2022,101,37.3281714,11,45,546.9483442,7
day,prediction,3/12/2022,102,36.26449067,12,75,601.4700773,8
day,prediction,3/12/2022,103,36.58227757,13,75,653.767337,9
day,prediction,3/12/2022,104,36.78340184,15,75,758.4767316,11
day,prediction,3/12/2022,105,36.74671889,16,75,810.7802439,12
day,prediction,3/12/2022,106,36.03441851,17,45,864.0959822,13
day,prediction,3/12/2022,107,36.05458043,18,75,915.5533657,14
day,prediction,3/12/2022,108,35.85027231,19,75,967.8647205,15
day,prediction,3/12/2022,109,35.47023892,20,75,1020.175485,16
day,prediction,3/12/2022,110,32.01578482,22,75,1124.91948,18
day,prediction,3/12/2022,111,31.68981674,23,75,1177.234301,19
day,prediction,3/12/2022,112,32.69211345,24,75,1229.548615,20
day,prediction,3/12/2022,124,37.18109527,14,75,706.852744,10
day,prediction,3/12/2022,125,35.87837225,14,45,707.0846946,10
day,prediction,3/12/2022,126,34.59744646,21,75,1073.759162,17
day,prediction,3/12/2022,127,34.41229614,21,45,1073.923519,17
day,prediction,3/12/2022,128,37.98256443,5,315,235.50285,1
day,prediction,3/12/2022,129,38.35941847,5,285,235.5242003,1
day,prediction,3/12/2022,130,37.98987184,6,315,287.9761241,2
day,prediction,3/12/2022,131,38.52793517,6,285,287.9988236,2
day,prediction,3/12/2022,132,37.9395701,7,315,340.3035613,3
day,prediction,3/12/2022,133,38.74050325,7,285,340.3278225,3
day,prediction,3/12/2022,134,38.43443003,8,315,392.7176319,4
day,prediction,3/12/2022,135,38.46560366,8,285,392.7442944,4
day,prediction,3/12/2022,136,37.84996939,9,315,445.0914261,5
day,prediction,3/12/2022,137,39.09604064,9,285,445.1247503,5
day,prediction,3/12/2022,138,38.0000949,10,315,497.4074355,6
day,prediction,3/12/2022,139,38.49866383,10,285,497.440253,6
day,prediction,3/12/2022,140,38.31733912,11,315,547.0653071,7
day,prediction,3/12/2022,141,38.02419147,11,285,547.1195756,7
day,prediction,3/12/2022,142,38.07171169,12,315,601.618029,8
day,prediction,3/12/2022,143,38.05085389,12,285,601.6605713,8
day,prediction,3/12/2022,144,37.66973303,13,315,653.9364539,9
day,prediction,3/12/2022,145,37.9137811,13,285,653.982701,9
day,prediction,3/12/2022,146,36.73151115,15,315,758.7230603,11
day,prediction,3/12/2022,147,37.14021462,15,285,758.7459264,11
day,prediction,3/12/2022,148,36.90621839,16,315,811.0533048,12
day,prediction,3/12/2022,149,37.2330794,16,285,811.0783004,12
day,prediction,3/12/2022,150,36.67298019,17,315,864.3327177,13
day,prediction,3/12/2022,151,36.77386876,17,285,864.7984279,13
day,prediction,3/12/2022,152,36.31692332,18,315,915.8302908,14
day,prediction,3/12/2022,153,37.16816993,18,285,915.9132825,14
day,prediction,3/12/2022,154,36.4133581,19,315,968.1687416,15
day,prediction,3/12/2022,155,36.01557075,19,285,968.257489,15
day,prediction,3/12/2022,156,36.10125963,20,315,1020.50771,16
day,prediction,3/12/2022,157,35.92490837,20,285,1020.602464,16
day,prediction,3/12/2022,158,35.49218601,22,315,1125.325064,18
day,prediction,3/12/2022,159,36.23507185,22,285,1125.418946,18
day,prediction,3/12/2022,160,34.92626692,23,315,1177.672105,19
day,prediction,3/12/2022,161,35.81659467,23,285,1177.771991,19
day,prediction,3/12/2022,162,34.68316197,24,315,1230.019704,20
day,prediction,3/12/2022,163,35.65731225,24,285,1230.125828,20
day,prediction,3/12/2022,164,34.42758209,25,315,1282.367881,21
day,prediction,3/12/2022,165,34.86580789,25,285,1282.480408,21
day,prediction,3/12/2022,166,34.14807147,26,315,1336.465127,22
day,prediction,3/12/2022,167,34.69708983,26,285,1336.52642,22
day,prediction,3/12/2022,168,34.03828376,27,315,1387.202942,23
day,prediction,3/12/2022,169,34.85983042,27,285,1387.324556,23
day,prediction,3/12/2022,170,33.82940888,28,315,1439.558039,24
day,prediction,3/12/2022,171,35.30206604,28,285,1439.686577,24
day,prediction,3/12/2022,172,34.20021808,29,315,1491.913631,25
day,prediction,3/12/2022,173,35.07847059,29,285,1492.049339,25
day,prediction,3/12/2022,174,34.25364143,30,315,1544.269818,26
day,prediction,3/12/2022,175,35.2067372,30,285,1544.412941,26
day,prediction,3/12/2022,176,34.16490909,31,315,1596.626584,27
day,prediction,3/12/2022,177,35.51901381,31,285,1596.777335,27
day,prediction,3/12/2022,178,35.39417763,32,285,1651.270574,28
day,prediction,3/12/2022,179,34.13076585,32,315,1651.357841,28
day,prediction,3/12/2022,180,34.64651056,33,315,1701.492586,29
day,prediction,3/12/2022,181,36.85557855,33,285,1701.643671,29
day,prediction,3/12/2022,182,34.57328334,34,315,1753.855747,30
day,prediction,3/12/2022,183,34.95768413,34,285,1754.014674,30
day,prediction,3/12/2022,184,34.7123791,35,315,1806.219454,31
day,prediction,3/12/2022,186,37.52291812,14,285,707.0949879,10
day,prediction,3/12/2022,187,36.97906425,14,315,707.2566949,10
day,prediction,3/12/2022,188,36.41544673,21,285,1074.222209,17
day,prediction,3/12/2022,189,36.17177355,21,315,1074.259881,17
day,prediction,3/12/2022,255,36.88447462,14,255,707.2822212,10
day,prediction,3/12/2022,256,38.2634668,21,255,1074.502344,17
day,prediction,3/12/2022,259,35.58499509,5,255,235.522083,1
day,prediction,3/12/2022,261,36.26948932,6,255,287.9946529,2
day,prediction,3/12/2022,263,37.22139857,7,255,340.3248921,3
day,prediction,3/12/2022,265,37.45374918,8,255,392.744816,4
day,prediction,3/12/2022,267,38.0694333,9,255,445.1176749,5
day,prediction,3/12/2022,269,37.76054731,10,255,497.4367004,6
day,prediction,3/12/2022,271,36.60520228,11,255,547.1228311,7
day,prediction,3/12/2022,273,36.05481765,12,255,601.6579141,8
day,prediction,3/12/2022,275,37.24115931,13,255,653.9799261,9
day,prediction,3/12/2022,277,37.21511677,15,255,758.7710354,11
day,prediction,3/12/2022,279,36.6972747,16,255,811.1051834,12
day,prediction,3/12/2022,281,36.26673101,17,255,864.341161,13
day,prediction,3/12/2022,283,35.66315653,18,255,915.8848451,14
day,prediction,3/12/2022,285,36.15326179,19,255,968.2274701,15
day,prediction,3/12/2022,287,36.54619053,20,255,1020.570848,16
day,prediction,3/12/2022,289,38.35361302,22,255,1125.414599,18
day,prediction,3/12/2022,291,37.59792282,23,255,1177.767456,19
day,prediction,3/12/2022,293,37.0403841,24,255,1230.121053,20
day,prediction,3/12/2022,295,36.35981489,25,255,1282.475394,21
day,prediction,3/12/2022,297,35.93433401,26,255,1336.521162,22
day,prediction,3/12/2022,299,35.63052948,27,255,1387.319066,23
day,prediction,3/12/2022,301,34.67066436,28,255,1439.680741,24
day,prediction,3/12/2022,303,34.83860485,29,255,1492.043271,25
day,prediction,3/12/2022,305,35.90493517,30,255,1544.40656,26
day,prediction,3/12/2022,307,35.9686507,31,255,1596.770659,27
day,prediction,3/12/2022,309,36.1856954,32,255,1651.263641,28
day,prediction,27/12/2022,1,38.08561278,0,15,5026.381231,0
day,prediction,27/12/2022,2,38.84279901,5,45,235.4594715,1
day,prediction,27/12/2022,3,38.3979797,6,45,287.9311057,2
day,prediction,27/12/2022,4,38.9578616,7,45,340.2460017,3
day,prediction,27/12/2022,5,39.06259011,8,45,392.6466286,4
day,prediction,27/12/2022,6,38.90648883,9,45,445.005825,5
day,prediction,27/12/2022,7,39.03062759,10,45,497.3064088,6
day,prediction,27/12/2022,8,38.16290244,11,75,546.9535538,7
day,prediction,27/12/2022,9,39.07930954,12,45,601.4833346,8
day,prediction,27/12/2022,10,38.64729522,13,45,653.7833582,9
day,prediction,27/12/2022,12,37.86035129,15,45,758.530335,11
day,prediction,27/12/2022,13,38.18457043,16,45,810.8392654,12
day,prediction,27/12/2022,14,38.08327957,17,75,864.4694557,13
day,prediction,27/12/2022,15,38.6354387,18,45,915.5706951,14
day,prediction,27/12/2022,16,38.21671099,19,45,967.8848698,15
day,prediction,27/12/2022,17,37.28362727,20,45,1020.198666,16
day,prediction,27/12/2022,19,37.03534095,22,45,1124.962547,18
day,prediction,27/12/2022,20,36.69925669,23,45,1177.281459,19
day,prediction,27/12/2022,21,35.82845283,24,45,1229.599913,20
day,prediction,27/12/2022,22,35.22271517,25,45,1281.917963,21
day,prediction,27/12/2022,23,35.22602917,26,45,1335.98319,22
day,prediction,27/12/2022,24,35.14575043,27,45,1386.689827,23
day,prediction,27/12/2022,25,36.02088929,28,45,1439.011821,24
day,prediction,27/12/2022,26,35.37454802,29,45,1491.333444,25
day,prediction,27/12/2022,27,35.59795527,30,45,1543.65457,26
day,prediction,27/12/2022,28,34.72151776,31,45,1595.975334,27
day,prediction,27/12/2022,29,34.38943035,32,45,1650.668683,28
day,prediction,27/12/2022,30,34.36197838,33,45,1700.766288,29
day,prediction,27/12/2022,31,34.41898103,34,45,1753.090484,30
day,prediction,27/12/2022,32,34.57538879,35,45,1805.414293,31
day,prediction,27/12/2022,33,39.84591591,5,345,235.4989571,1
day,prediction,27/12/2022,34,39.75174494,6,345,287.9667189,2
day,prediction,27/12/2022,35,39.32058131,7,345,340.2921238,3
day,prediction,27/12/2022,36,39.08143057,8,345,392.704955,4
day,prediction,27/12/2022,37,39.23558062,9,345,445.072997,5
day,prediction,27/12/2022,38,39.4720996,10,345,497.3817904,6
day,prediction,27/12/2022,39,39.52187868,11,345,546.9804406,7
day,prediction,27/12/2022,40,39.34190652,12,345,601.57042,8
day,prediction,27/12/2022,41,39.05310209,13,345,653.8815557,9
day,prediction,27/12/2022,42,38.57502849,15,345,758.6508901,11
day,prediction,27/12/2022,43,38.55665611,16,345,810.9727028,12
day,prediction,27/12/2022,44,38.01271764,17,345,864.481231,13
day,prediction,27/12/2022,45,37.64150456,18,345,915.760657,14
day,prediction,27/12/2022,46,37.28792582,19,345,968.0912875,15
day,prediction,27/12/2022,47,36.70643214,20,345,1020.422168,16
day,prediction,27/12/2022,48,35.30820644,22,345,1125.221187,18
day,prediction,27/12/2022,49,35.83341144,23,345,1177.559006,19
day,prediction,27/12/2022,50,35.6535058,24,345,1229.897069,20
day,prediction,27/12/2022,51,35.9749959,25,345,1282.235252,21
day,prediction,27/12/2022,52,35.38373725,26,345,1336.263599,22
day,prediction,27/12/2022,53,34.8979061,27,345,1387.04481,23
day,prediction,27/12/2022,54,34.8078464,28,345,1439.388689,24
day,prediction,27/12/2022,55,34.30755553,29,345,1491.732693,25
day,prediction,27/12/2022,56,34.58587018,30,345,1544.076956,26
day,prediction,27/12/2022,57,35.10784174,31,345,1596.421401,27
day,prediction,27/12/2022,58,35.845022,32,345,1650.893112,28
day,prediction,27/12/2022,59,35.96412236,33,345,1701.245962,29
day,prediction,27/12/2022,62,38.68263921,14,345,707.182907,10
day,prediction,27/12/2022,63,35.50891729,21,345,1074.155771,17
day,prediction,27/12/2022,64,39.9029711,5,15,235.4750977,1
day,prediction,27/12/2022,65,39.84953657,6,15,287.9424856,2
day,prediction,27/12/2022,66,39.28398428,7,15,340.2635217,3
day,prediction,27/12/2022,67,39.07450338,8,15,392.6716186,4
day,prediction,27/12/2022,68,39.42752998,9,15,445.0346099,5
day,prediction,27/12/2022,69,39.32664907,10,15,497.3379346,6
day,prediction,27/12/2022,70,39.07049906,11,15,546.9305831,7
day,prediction,27/12/2022,71,38.99821765,12,15,601.514606,8
day,prediction,27/12/2022,72,38.97683804,13,15,653.8192399,9
day,prediction,27/12/2022,73,39.15695714,15,15,758.5744377,11
day,prediction,27/12/2022,74,39.24099952,16,15,810.8886675,12
day,prediction,27/12/2022,75,39.18836546,17,15,864.3893784,13
day,prediction,27/12/2022,76,38.78398649,18,15,915.6604237,14
day,prediction,27/12/2022,77,38.43424633,19,15,967.9823693,15
day,prediction,27/12/2022,78,38.00431555,20,15,1020.304262,16
day,prediction,27/12/2022,79,36.92833318,22,15,1125.084181,18
day,prediction,27/12/2022,80,36.93992892,23,15,1177.411947,19
day,prediction,27/12/2022,81,36.89367969,24,15,1229.739481,20
day,prediction,27/12/2022,82,36.17445387,25,15,1282.066939,21
day,prediction,27/12/2022,83,36.09771436,26,15,1336.084049,22
day,prediction,27/12/2022,84,36.16738037,27,15,1386.853765,23
day,prediction,27/12/2022,85,35.46033408,28,15,1439.185738,24
day,prediction,27/12/2022,86,34.54170286,29,15,1491.517554,25
day,prediction,27/12/2022,87,33.65182678,30,15,1543.849213,26
day,prediction,27/12/2022,88,34.38856725,31,15,1596.180727,27
day,prediction,27/12/2022,89,32.18830283,32,15,1650.63869,28
day,prediction,27/12/2022,93,38.86023188,14,15,707.1133009,10
day,prediction,27/12/2022,94,37.44851075,21,15,1074.02866,17
day,prediction,27/12/2022,95,37.87023811,5,75,235.4568681,1
day,prediction,27/12/2022,96,36.93441598,6,75,287.9295088,2
day,prediction,27/12/2022,97,37.80351038,7,75,340.2415978,3
day,prediction,27/12/2022,98,38.44590886,8,75,392.6397562,4
day,prediction,27/12/2022,99,37.72475094,9,75,445.0006902,5
day,prediction,27/12/2022,100,37.74537534,10,75,497.2952672,6
day,prediction,27/12/2022,101,39.07300033,11,45,546.9483442,7
day,prediction,27/12/2022,102,37.82410656,12,75,601.4700773,8
day,prediction,27/12/2022,103,38.1002198,13,75,653.767337,9
day,prediction,27/12/2022,104,38.7409627,15,75,758.4767316,11
day,prediction,27/12/2022,105,38.76393927,16,75,810.7802439,12
day,prediction,27/12/2022,106,38.43336289,17,45,864.0959822,13
day,prediction,27/12/2022,107,38.01845664,18,75,915.5533657,14
day,prediction,27/12/2022,108,37.67641779,19,75,967.8647205,15
day,prediction,27/12/2022,109,37.40241138,20,75,1020.175485,16
day,prediction,27/12/2022,110,34.79453651,22,75,1124.91948,18
day,prediction,27/12/2022,111,34.23651016,23,75,1177.234301,19
day,prediction,27/12/2022,112,34.87153396,24,75,1229.548615,20
day,prediction,27/12/2022,124,38.86692608,14,75,706.852744,10
day,prediction,27/12/2022,125,38.04329834,14,45,707.0846946,10
day,prediction,27/12/2022,126,36.93362257,21,75,1073.759162,17
day,prediction,27/12/2022,127,37.14918796,21,45,1073.923519,17
day,prediction,27/12/2022,128,39.13040153,5,315,235.50285,1
day,prediction,27/12/2022,129,40.20084205,5,285,235.5242003,1
day,prediction,27/12/2022,130,39.03948899,6,315,287.9761241,2
day,prediction,27/12/2022,131,40.19429814,6,285,287.9988236,2
day,prediction,27/12/2022,132,38.97914431,7,315,340.3035613,3
day,prediction,27/12/2022,133,40.33277254,7,285,340.3278225,3
day,prediction,27/12/2022,134,39.49767976,8,315,392.7176319,4
day,prediction,27/12/2022,135,40.15773762,8,285,392.7442944,4
day,prediction,27/12/2022,136,38.93571973,9,315,445.0914261,5
day,prediction,27/12/2022,137,40.87699968,9,285,445.1247503,5
day,prediction,27/12/2022,138,39.08744358,10,315,497.4074355,6
day,prediction,27/12/2022,139,40.28061416,10,285,497.440253,6
day,prediction,27/12/2022,140,39.48720397,11,315,547.0653071,7
day,prediction,27/12/2022,141,39.84924921,11,285,547.1195756,7
day,prediction,27/12/2022,142,39.35011597,12,315,601.618029,8
day,prediction,27/12/2022,143,39.9473496,12,285,601.6605713,8
day,prediction,27/12/2022,144,39.12535633,13,315,653.9364539,9
day,prediction,27/12/2022,145,39.95767694,13,285,653.982701,9
day,prediction,27/12/2022,146,38.32456375,15,315,758.7230603,11
day,prediction,27/12/2022,147,39.53277269,15,285,758.7459264,11
day,prediction,27/12/2022,148,38.49610714,16,315,811.0533048,12
day,prediction,27/12/2022,149,39.73116059,16,285,811.0783004,12
day,prediction,27/12/2022,150,38.35338634,17,315,864.3327177,13
day,prediction,27/12/2022,151,39.35553972,17,285,864.7984279,13
day,prediction,27/12/2022,152,38.12411352,18,315,915.8302908,14
day,prediction,27/12/2022,153,39.75106833,18,285,915.9132825,14
day,prediction,27/12/2022,154,38.26545296,19,315,968.1687416,15
day,prediction,27/12/2022,155,38.64209452,19,285,968.257489,15
day,prediction,27/12/2022,156,38.01924104,20,315,1020.50771,16
day,prediction,27/12/2022,157,38.7574503,20,285,1020.602464,16
day,prediction,27/12/2022,158,37.52261738,22,315,1125.325064,18
day,prediction,27/12/2022,159,39.28482905,22,285,1125.418946,18
day,prediction,27/12/2022,160,37.13225111,23,315,1177.672105,19
day,prediction,27/12/2022,161,39.19293959,23,285,1177.771991,19
day,prediction,27/12/2022,162,37.05062099,24,315,1230.019704,20
day,prediction,27/12/2022,163,39.40993174,24,285,1230.125828,20
day,prediction,27/12/2022,164,37.07706061,25,315,1282.367881,21
day,prediction,27/12/2022,165,39.11912633,25,285,1282.480408,21
day,prediction,27/12/2022,166,37.02199578,26,315,1336.465127,22
day,prediction,27/12/2022,167,39.05298647,26,285,1336.52642,22
day,prediction,27/12/2022,168,37.03573695,27,315,1387.202942,23
day,prediction,27/12/2022,169,39.23016841,27,285,1387.324556,23
day,prediction,27/12/2022,170,37.14683856,28,315,1439.558039,24
day,prediction,27/12/2022,171,39.75766724,28,285,1439.686577,24
day,prediction,27/12/2022,172,37.75217194,29,315,1491.913631,25
day,prediction,27/12/2022,173,39.69407604,29,285,1492.049339,25
day,prediction,27/12/2022,174,38.12462415,30,315,1544.269818,26
day,prediction,27/12/2022,175,40.00573379,30,285,1544.412941,26
day,prediction,27/12/2022,176,38.22875378,31,315,1596.626584,27
day,prediction,27/12/2022,177,40.44132499,31,285,1596.777335,27
day,prediction,27/12/2022,178,40.06631635,32,285,1651.270574,28
day,prediction,27/12/2022,179,38.23504365,32,315,1651.357841,28
day,prediction,27/12/2022,180,38.72789372,33,315,1701.492586,29
day,prediction,27/12/2022,181,41.26789557,33,285,1701.643671,29
day,prediction,27/12/2022,182,38.78491707,34,315,1753.855747,30
day,prediction,27/12/2022,183,39.53724391,34,285,1754.014674,30
day,prediction,27/12/2022,184,39.08834388,35,315,1806.219454,31
day,prediction,27/12/2022,186,39.81804674,14,285,707.0949879,10
day,prediction,27/12/2022,187,38.65648278,14,315,707.2566949,10
day,prediction,27/12/2022,188,39.25211695,21,285,1074.222209,17
day,prediction,27/12/2022,189,38.1068086,21,315,1074.259881,17
day,prediction,27/12/2022,255,39.28693712,14,255,707.2822212,10
day,prediction,27/12/2022,256,41.53937112,21,255,1074.502344,17
day,prediction,27/12/2022,259,38.25089038,5,255,235.522083,1
day,prediction,27/12/2022,261,38.60409755,6,255,287.9946529,2
day,prediction,27/12/2022,263,39.36685535,7,255,340.3248921,3
day,prediction,27/12/2022,265,39.41516056,8,255,392.744816,4
day,prediction,27/12/2022,267,40.15812294,9,255,445.1176749,5
day,prediction,27/12/2022,269,40.26683849,10,255,497.4367004,6
day,prediction,27/12/2022,271,39.84244938,11,255,547.1228311,7
day,prediction,27/12/2022,273,39.49796625,12,255,601.6579141,8
day,prediction,27/12/2022,275,39.90950074,13,255,653.9799261,9
day,prediction,27/12/2022,277,39.95098185,15,255,758.7710354,11
day,prediction,27/12/2022,279,39.61647317,16,255,811.1051834,12
day,prediction,27/12/2022,281,39.53134558,17,255,864.341161,13
day,prediction,27/12/2022,283,39.46507604,18,255,915.8848451,14
day,prediction,27/12/2022,285,40.12349015,19,255,968.2274701,15
day,prediction,27/12/2022,287,40.20311,20,255,1020.570848,16
day,prediction,27/12/2022,289,41.50040317,22,255,1125.414599,18
day,prediction,27/12/2022,291,40.94071971,23,255,1177.767456,19
day,prediction,27/12/2022,293,40.49925361,24,255,1230.121053,20
day,prediction,27/12/2022,295,39.89839293,25,255,1282.475394,21
day,prediction,27/12/2022,297,39.76338357,26,255,1336.521162,22
day,prediction,27/12/2022,299,39.87829183,27,255,1387.319066,23
day,prediction,27/12/2022,301,39.20281962,28,255,1439.680741,24
day,prediction,27/12/2022,303,39.28380835,29,255,1492.043271,25
day,prediction,27/12/2022,305,39.99460728,30,255,1544.40656,26
day,prediction,27/12/2022,307,38.97703024,31,255,1596.770659,27
day,prediction,27/12/2022,309,38.92685836,32,255,1651.263641,28
day,base,7/01/2023,1,34.51964369,0,15,5026.381231,0
day,base,7/01/2023,2,34.86643931,5,45,235.4594715,1
day,base,7/01/2023,3,33.96233517,6,45,287.9311057,2
day,base,7/01/2023,4,34.63770648,7,45,340.2460017,3
day,base,7/01/2023,5,34.78695278,8,45,392.6466286,4
day,base,7/01/2023,6,34.60336907,9,45,445.005825,5
day,base,7/01/2023,7,34.70443972,10,45,497.3064088,6
day,base,7/01/2023,8,33.24233915,11,75,546.9535538,7
day,base,7/01/2023,9,34.49329118,12,45,601.4833346,8
day,base,7/01/2023,10,34.22243795,13,45,653.7833582,9
day,base,7/01/2023,12,33.11814625,15,45,758.530335,11
day,base,7/01/2023,13,33.76962062,16,45,810.8392654,12
day,base,7/01/2023,14,33.6184266,17,75,864.4694557,13
day,base,7/01/2023,15,34.33377686,18,45,915.5706951,14
day,base,7/01/2023,16,33.72888963,19,45,967.8848698,15
day,base,7/01/2023,17,32.68869489,20,45,1020.198666,16
day,base,7/01/2023,19,33.22658721,22,45,1124.962547,18
day,base,7/01/2023,20,33.11508955,23,45,1177.281459,19
day,base,7/01/2023,21,32.26352001,24,45,1229.599913,20
day,base,7/01/2023,22,31.88766962,25,45,1281.917963,21
day,base,7/01/2023,23,32.2241967,26,45,1335.98319,22
day,base,7/01/2023,24,32.35272889,27,45,1386.689827,23
day,base,7/01/2023,25,33.40213932,28,45,1439.011821,24
day,base,7/01/2023,26,32.72245086,29,45,1491.333444,25
day,base,7/01/2023,27,33.53200646,30,45,1543.65457,26
day,base,7/01/2023,28,33.00770697,31,45,1595.975334,27
day,base,7/01/2023,29,32.93913216,32,45,1650.668683,28
day,base,7/01/2023,30,33.64951905,33,45,1700.766288,29
day,base,7/01/2023,31,34.07256432,34,45,1753.090484,30
day,base,7/01/2023,32,34.37025118,35,45,1805.414293,31
day,base,7/01/2023,33,35.31243938,5,345,235.4989571,1
day,base,7/01/2023,34,35.57560582,6,345,287.9667189,2
day,base,7/01/2023,35,35.35645058,7,345,340.2921238,3
day,base,7/01/2023,36,35.10042276,8,345,392.704955,4
day,base,7/01/2023,37,35.34750913,9,345,445.072997,5
day,base,7/01/2023,38,35.7996675,10,345,497.3817904,6
day,base,7/01/2023,39,35.8805107,11,345,546.9804406,7
day,base,7/01/2023,40,35.70441534,12,345,601.57042,8
day,base,7/01/2023,41,35.75589143,13,345,653.8815557,9
day,base,7/01/2023,42,35.15018864,15,345,758.6508901,11
day,base,7/01/2023,43,35.47561726,16,345,810.9727028,12
day,base,7/01/2023,44,35.15524853,17,345,864.481231,13
day,base,7/01/2023,45,35.0217766,18,345,915.760657,14
day,base,7/01/2023,46,34.81886384,19,345,968.0912875,15
day,base,7/01/2023,47,34.30375985,20,345,1020.422168,16
day,base,7/01/2023,48,33.38670636,22,345,1125.221187,18
day,base,7/01/2023,49,34.03277868,23,345,1177.559006,19
day,base,7/01/2023,50,33.85634104,24,345,1229.897069,20
day,base,7/01/2023,51,34.14782192,25,345,1282.235252,21
day,base,7/01/2023,52,33.63126654,26,345,1336.263599,22
day,base,7/01/2023,53,33.14761386,27,345,1387.04481,23
day,base,7/01/2023,54,33.13911595,28,345,1439.388689,24
day,base,7/01/2023,55,32.95689473,29,345,1491.732693,25
day,base,7/01/2023,56,33.40776577,30,345,1544.076956,26
day,base,7/01/2023,57,33.90933719,31,345,1596.421401,27
day,base,7/01/2023,58,34.58861787,32,345,1650.893112,28
day,base,7/01/2023,59,34.44238516,33,345,1701.245962,29
day,base,7/01/2023,62,35.26431496,14,345,707.182907,10
day,base,7/01/2023,63,33.24137742,21,345,1074.155771,17
day,base,7/01/2023,64,35.5895173,5,15,235.4750977,1
day,base,7/01/2023,65,35.73235633,6,15,287.9424856,2
day,base,7/01/2023,66,35.12913801,7,15,340.2635217,3
day,base,7/01/2023,67,34.77010414,8,15,392.6716186,4
day,base,7/01/2023,68,34.96765385,9,15,445.0346099,5
day,base,7/01/2023,69,34.78823834,10,15,497.3379346,6
day,base,7/01/2023,70,34.72540032,11,15,546.9305831,7
day,base,7/01/2023,71,34.96237982,12,15,601.514606,8
day,base,7/01/2023,72,35.1154099,13,15,653.8192399,9
day,base,7/01/2023,73,35.21021983,15,15,758.5744377,11
day,base,7/01/2023,74,35.18731521,16,15,810.8886675,12
day,base,7/01/2023,75,35.4261452,17,15,864.3893784,13
day,base,7/01/2023,76,35.03964658,18,15,915.6604237,14
day,base,7/01/2023,77,34.77023492,19,15,967.9823693,15
day,base,7/01/2023,78,34.41257747,20,15,1020.304262,16
day,base,7/01/2023,79,33.90933621,22,15,1125.084181,18
day,base,7/01/2023,80,33.89228921,23,15,1177.411947,19
day,base,7/01/2023,81,33.7861785,24,15,1229.739481,20
day,base,7/01/2023,82,32.92043273,25,15,1282.066939,21
day,base,7/01/2023,83,33.32762649,26,15,1336.084049,22
day,base,7/01/2023,84,33.78830286,27,15,1386.853765,23
day,base,7/01/2023,85,33.35476402,28,15,1439.185738,24
day,base,7/01/2023,86,32.35940775,29,15,1491.517554,25
day,base,7/01/2023,87,31.26039932,30,15,1543.849213,26
day,base,7/01/2023,88,31.800349,31,15,1596.180727,27
day,base,7/01/2023,89,28.77154587,32,15,1650.63869,28
day,base,7/01/2023,93,35.08026346,14,15,707.1133009,10
day,base,7/01/2023,94,34.25061496,21,15,1074.02866,17
day,base,7/01/2023,95,33.5415587,5,75,235.4568681,1
day,base,7/01/2023,96,31.81749454,6,75,287.9295088,2
day,base,7/01/2023,97,33.07778875,7,75,340.2415978,3
day,base,7/01/2023,98,33.85305144,8,75,392.6397562,4
day,base,7/01/2023,99,32.79561113,9,75,445.0006902,5
day,base,7/01/2023,100,32.68554116,10,75,497.2952672,6
day,base,7/01/2023,101,34.52327665,11,45,546.9483442,7
day,base,7/01/2023,102,33.0730551,12,75,601.4700773,8
day,base,7/01/2023,103,33.62211151,13,75,653.767337,9
day,base,7/01/2023,104,34.26336818,15,75,758.4767316,11
day,base,7/01/2023,105,34.35022966,16,75,810.7802439,12
day,base,7/01/2023,106,34.13266445,17,45,864.0959822,13
day,base,7/01/2023,107,33.71537563,18,75,915.5533657,14
day,base,7/01/2023,108,33.60688351,19,75,967.8647205,15
day,base,7/01/2023,109,33.25626958,20,75,1020.175485,16
day,base,7/01/2023,110,30.21829928,22,75,1124.91948,18
day,base,7/01/2023,111,29.58427665,23,75,1177.234301,19
day,base,7/01/2023,112,30.40387778,24,75,1229.548615,20
day,base,7/01/2023,124,34.49783745,14,75,706.852744,10
day,base,7/01/2023,125,33.39758573,14,45,707.0846946,10
day,base,7/01/2023,126,32.54071353,21,75,1073.759162,17
day,base,7/01/2023,127,32.91550336,21,45,1073.923519,17
day,base,7/01/2023,128,35.2095245,5,315,235.50285,1
day,base,7/01/2023,129,35.87568794,5,285,235.5242003,1
day,base,7/01/2023,130,35.21138685,6,315,287.9761241,2
day,base,7/01/2023,131,36.12897061,6,285,287.9988236,2
day,base,7/01/2023,132,35.31496139,7,315,340.3035613,3
day,base,7/01/2023,133,36.68875892,7,285,340.3278225,3
day,base,7/01/2023,134,36.12384764,8,315,392.7176319,4
day,base,7/01/2023,135,36.7986415,8,285,392.7442944,4
day,base,7/01/2023,136,35.62333065,9,315,445.0914261,5
day,base,7/01/2023,137,37.83006365,9,285,445.1247503,5
day,base,7/01/2023,138,35.93300835,10,315,497.4074355,6
day,base,7/01/2023,139,37.34214325,10,285,497.440253,6
day,base,7/01/2023,140,36.5712558,11,315,547.0653071,7
day,base,7/01/2023,141,36.94661834,11,285,547.1195756,7
day,base,7/01/2023,142,36.41078108,12,315,601.618029,8
day,base,7/01/2023,143,37.16355484,12,285,601.6605713,8
day,base,7/01/2023,144,36.20826846,13,315,653.9364539,9
day,base,7/01/2023,145,37.24647996,13,285,653.982701,9
day,base,7/01/2023,146,35.6072524,15,315,758.7230603,11
day,base,7/01/2023,147,36.80283543,15,285,758.7459264,11
day,base,7/01/2023,148,35.92373385,16,315,811.0533048,12
day,base,7/01/2023,149,37.15469729,16,285,811.0783004,12
day,base,7/01/2023,150,35.83250466,17,315,864.3327177,13
day,base,7/01/2023,151,36.89506402,17,285,864.7984279,13
day,base,7/01/2023,152,35.68293983,18,315,915.8302908,14
day,base,7/01/2023,153,37.56849956,18,285,915.9132825,14
day,base,7/01/2023,154,35.93210685,19,315,968.1687416,15
day,base,7/01/2023,155,36.50610835,19,285,968.257489,15
day,base,7/01/2023,156,35.82441576,20,315,1020.50771,16
day,base,7/01/2023,157,36.85992226,20,285,1020.602464,16
day,base,7/01/2023,158,35.62433407,22,315,1125.325064,18
day,base,7/01/2023,159,37.84199055,22,285,1125.418946,18
day,base,7/01/2023,160,35.43466117,23,315,1177.672105,19
day,base,7/01/2023,161,37.59158607,23,285,1177.771991,19
day,base,7/01/2023,162,35.70088003,24,315,1230.019704,20
day,base,7/01/2023,163,37.71971904,24,285,1230.125828,20
day,base,7/01/2023,164,35.93032152,25,315,1282.367881,21
day,base,7/01/2023,165,37.34031845,25,285,1282.480408,21
day,base,7/01/2023,166,35.88356206,26,315,1336.465127,22
day,base,7/01/2023,167,37.28798722,26,285,1336.52642,22
day,base,7/01/2023,168,35.89090366,27,315,1387.202942,23
day,base,7/01/2023,169,37.51738333,27,285,1387.324556,23
day,base,7/01/2023,170,35.94344138,28,315,1439.558039,24
day,base,7/01/2023,171,37.94625049,28,285,1439.686577,24
day,base,7/01/2023,172,36.39856432,29,315,1491.913631,25
day,base,7/01/2023,173,37.70481958,29,285,1492.049339,25
day,base,7/01/2023,174,36.64973201,30,315,1544.269818,26
day,base,7/01/2023,175,37.94805427,30,285,1544.412941,26
day,base,7/01/2023,176,36.59198838,31,315,1596.626584,27
day,base,7/01/2023,177,38.4240041,31,285,1596.777335,27
day,base,7/01/2023,178,38.20163703,32,285,1651.270574,28
day,base,7/01/2023,179,36.45424692,32,315,1651.357841,28
day,base,7/01/2023,180,36.97425232,33,315,1701.492586,29
day,base,7/01/2023,181,39.67513901,33,285,1701.643671,29
day,base,7/01/2023,182,37.0032002,34,315,1753.855747,30
day,base,7/01/2023,183,37.58848549,34,285,1754.014674,30
day,base,7/01/2023,184,37.42191336,35,315,1806.219454,31
day,base,7/01/2023,186,37.10231868,14,285,707.0949879,10
day,base,7/01/2023,187,35.79075286,14,315,707.2566949,10
day,base,7/01/2023,188,37.76483825,21,285,1074.222209,17
day,base,7/01/2023,189,36.1091951,21,315,1074.259881,17
day,base,7/01/2023,255,37.37937323,14,255,707.2822212,10
day,base,7/01/2023,256,39.222078,21,255,1074.502344,17
day,base,7/01/2023,259,33.65384409,5,255,235.522083,1
day,base,7/01/2023,261,34.48457358,6,255,287.9946529,2
day,base,7/01/2023,263,35.96772035,7,255,340.3248921,3
day,base,7/01/2023,265,36.39244893,8,255,392.744816,4
day,base,7/01/2023,267,37.3315524,9,255,445.1176749,5
day,base,7/01/2023,269,37.42025701,10,255,497.4367004,6
day,base,7/01/2023,271,36.35166679,11,255,547.1228311,7
day,base,7/01/2023,273,35.98764656,12,255,601.6579141,8
day,base,7/01/2023,275,37.6924453,13,255,653.9799261,9
day,base,7/01/2023,277,37.66014223,15,255,758.7710354,11
day,base,7/01/2023,279,37.08678437,16,255,811.1051834,12
day,base,7/01/2023,281,36.95177538,17,255,864.341161,13
day,base,7/01/2023,283,36.39013105,18,255,915.8848451,14
day,base,7/01/2023,285,36.93476437,19,255,968.2274701,15
day,base,7/01/2023,287,37.26854182,20,255,1020.570848,16
day,base,7/01/2023,289,39.46088465,22,255,1125.414599,18
day,base,7/01/2023,291,38.74444443,23,255,1177.767456,19
day,base,7/01/2023,293,38.1358202,24,255,1230.121053,20
day,base,7/01/2023,295,37.5405536,25,255,1282.475394,21
day,base,7/01/2023,297,37.62245363,26,255,1336.521162,22
day,base,7/01/2023,299,37.86695926,27,255,1387.319066,23
day,base,7/01/2023,301,36.95966431,28,255,1439.680741,24
day,base,7/01/2023,303,36.71210252,29,255,1492.043271,25
day,base,7/01/2023,305,37.45442739,30,255,1544.40656,26
day,base,7/01/2023,307,36.87356496,31,255,1596.770659,27
day,base,7/01/2023,309,36.92824622,32,255,1651.263641,28
day,prediction,27/01/2023,1,31.05991889,0,15,5026.381231,0
day,prediction,27/01/2023,2,31.80224964,5,45,235.4594715,1
day,prediction,27/01/2023,3,31.33365991,6,45,287.9311057,2
day,prediction,27/01/2023,4,31.71561768,7,45,340.2460017,3
day,prediction,27/01/2023,5,31.68581493,8,45,392.6466286,4
day,prediction,27/01/2023,6,31.64786868,9,45,445.005825,5
day,prediction,27/01/2023,7,31.8626305,10,45,497.3064088,6
day,prediction,27/01/2023,8,29.9185089,11,75,546.9535538,7
day,prediction,27/01/2023,9,31.93736805,12,45,601.4833346,8
day,prediction,27/01/2023,10,31.52739563,13,45,653.7833582,9
day,prediction,27/01/2023,12,30.49444978,15,45,758.530335,11
day,prediction,27/01/2023,13,30.93829704,16,45,810.8392654,12
day,prediction,27/01/2023,14,29.82150795,17,75,864.4694557,13
day,prediction,27/01/2023,15,31.20069833,18,45,915.5706951,14
day,prediction,27/01/2023,16,30.49683488,19,45,967.8848698,15
day,prediction,27/01/2023,17,29.40955793,20,45,1020.198666,16
day,prediction,27/01/2023,19,29.35315137,22,45,1124.962547,18
day,prediction,27/01/2023,20,29.34682781,23,45,1177.281459,19
day,prediction,27/01/2023,21,28.91275898,24,45,1229.599913,20
day,prediction,27/01/2023,22,28.84898462,25,45,1281.917963,21
day,prediction,27/01/2023,23,29.33321175,26,45,1335.98319,22
day,prediction,27/01/2023,24,29.49889601,27,45,1386.689827,23
day,prediction,27/01/2023,25,30.53558131,28,45,1439.011821,24
day,prediction,27/01/2023,26,30.34596285,29,45,1491.333444,25
day,prediction,27/01/2023,27,31.39345088,30,45,1543.65457,26
day,prediction,27/01/2023,28,31.30164384,31,45,1595.975334,27
day,prediction,27/01/2023,29,31.61641685,32,45,1650.668683,28
day,prediction,27/01/2023,30,31.7458751,33,45,1700.766288,29
day,prediction,27/01/2023,31,31.91451231,34,45,1753.090484,30
day,prediction,27/01/2023,32,32.31171643,35,45,1805.414293,31
day,prediction,27/01/2023,33,32.29126096,5,345,235.4989571,1
day,prediction,27/01/2023,34,32.45273582,6,345,287.9667189,2
day,prediction,27/01/2023,35,32.42724849,7,345,340.2921238,3
day,prediction,27/01/2023,36,32.27180572,8,345,392.704955,4
day,prediction,27/01/2023,37,32.5030681,9,345,445.072997,5
day,prediction,27/01/2023,38,33.11607409,10,345,497.3817904,6
day,prediction,27/01/2023,39,33.34903802,11,345,546.9804406,7
day,prediction,27/01/2023,40,33.33144417,12,345,601.57042,8
day,prediction,27/01/2023,41,33.52306446,13,345,653.8815557,9
day,prediction,27/01/2023,42,33.60242415,15,345,758.6508901,11
day,prediction,27/01/2023,43,33.98810597,16,345,810.9727028,12
day,prediction,27/01/2023,44,33.7709873,17,345,864.481231,13
day,prediction,27/01/2023,45,33.65415157,18,345,915.760657,14
day,prediction,27/01/2023,46,33.43074646,19,345,968.0912875,15
day,prediction,27/01/2023,47,33.1195224,20,345,1020.422168,16
day,prediction,27/01/2023,48,32.54420708,22,345,1125.221187,18
day,prediction,27/01/2023,49,33.07529312,23,345,1177.559006,19
day,prediction,27/01/2023,50,32.99516748,24,345,1229.897069,20
day,prediction,27/01/2023,51,33.39880069,25,345,1282.235252,21
day,prediction,27/01/2023,52,32.9158707,26,345,1336.263599,22
day,prediction,27/01/2023,53,32.54850421,27,345,1387.04481,23
day,prediction,27/01/2023,54,32.56575765,28,345,1439.388689,24
day,prediction,27/01/2023,55,32.27810146,29,345,1491.732693,25
day,prediction,27/01/2023,56,32.45839004,30,345,1544.076956,26
day,prediction,27/01/2023,57,32.76600156,31,345,1596.421401,27
day,prediction,27/01/2023,58,33.49356646,32,345,1650.893112,28
day,prediction,27/01/2023,59,33.59870698,33,345,1701.245962,29
day,prediction,27/01/2023,62,33.45239811,14,345,707.182907,10
day,prediction,27/01/2023,63,32.41352788,21,345,1074.155771,17
day,prediction,27/01/2023,64,32.50092286,5,15,235.4750977,1
day,prediction,27/01/2023,65,32.87416372,6,15,287.9424856,2
day,prediction,27/01/2023,66,32.49358148,7,15,340.2635217,3
day,prediction,27/01/2023,67,32.20563378,8,15,392.6716186,4
day,prediction,27/01/2023,68,32.58487901,9,15,445.0346099,5
day,prediction,27/01/2023,69,32.6682903,10,15,497.3379346,6
day,prediction,27/01/2023,70,32.85425949,11,15,546.9305831,7
day,prediction,27/01/2023,71,33.13443422,12,15,601.514606,8
day,prediction,27/01/2023,72,33.3368178,13,15,653.8192399,9
day,prediction,27/01/2023,73,33.97736483,15,15,758.5744377,11
day,prediction,27/01/2023,74,34.15377396,16,15,810.8886675,12
day,prediction,27/01/2023,75,34.4030771,17,15,864.3893784,13
day,prediction,27/01/2023,76,34.07734117,18,15,915.6604237,14
day,prediction,27/01/2023,77,33.82835454,19,15,967.9823693,15
day,prediction,27/01/2023,78,33.53303766,20,15,1020.304262,16
day,prediction,27/01/2023,79,32.37113965,22,15,1125.084181,18
day,prediction,27/01/2023,80,32.41432233,23,15,1177.411947,19
day,prediction,27/01/2023,81,32.47534056,24,15,1229.739481,20
day,prediction,27/01/2023,82,31.93178556,25,15,1282.066939,21
day,prediction,27/01/2023,83,32.04197011,26,15,1336.084049,22
day,prediction,27/01/2023,84,32.49310087,27,15,1386.853765,23
day,prediction,27/01/2023,85,32.28221292,28,15,1439.185738,24
day,prediction,27/01/2023,86,31.31447203,29,15,1491.517554,25
day,prediction,27/01/2023,87,29.96552718,30,15,1543.849213,26
day,prediction,27/01/2023,88,30.31283352,31,15,1596.180727,27
day,prediction,27/01/2023,89,28.06357389,32,15,1650.63869,28
day,prediction,27/01/2023,93,33.45032355,14,15,707.1133009,10
day,prediction,27/01/2023,94,32.84391036,21,15,1074.02866,17
day,prediction,27/01/2023,95,30.71732774,5,75,235.4568681,1
day,prediction,27/01/2023,96,29.62425588,6,75,287.9295088,2
day,prediction,27/01/2023,97,30.05914836,7,75,340.2415978,3
day,prediction,27/01/2023,98,30.42696223,8,75,392.6397562,4
day,prediction,27/01/2023,99,29.71159816,9,75,445.0006902,5
day,prediction,27/01/2023,100,29.66467483,10,75,497.2952672,6
day,prediction,27/01/2023,101,31.88361107,11,45,546.9483442,7
day,prediction,27/01/2023,102,29.80117667,12,75,601.4700773,8
day,prediction,27/01/2023,103,30.12601904,13,75,653.767337,9
day,prediction,27/01/2023,104,30.21507527,15,75,758.4767316,11
day,prediction,27/01/2023,105,30.37234605,16,75,810.7802439,12
day,prediction,27/01/2023,106,31.1795855,17,45,864.0959822,13
day,prediction,27/01/2023,107,29.82765515,18,75,915.5533657,14
day,prediction,27/01/2023,108,29.55294603,19,75,967.8647205,15
day,prediction,27/01/2023,109,29.05585788,20,75,1020.175485,16
day,prediction,27/01/2023,110,26.33004595,22,75,1124.91948,18
day,prediction,27/01/2023,111,26.03101402,23,75,1177.234301,19
day,prediction,27/01/2023,112,26.82599487,24,75,1229.548615,20
day,prediction,27/01/2023,124,30.620526,14,75,706.852744,10
day,prediction,27/01/2023,125,30.77998648,14,45,707.0846946,10
day,prediction,27/01/2023,126,28.37755584,21,75,1073.759162,17
day,prediction,27/01/2023,127,29.30880228,21,45,1073.923519,17
day,prediction,27/01/2023,128,32.36484001,5,315,235.50285,1
day,prediction,27/01/2023,129,33.51222591,5,285,235.5242003,1
day,prediction,27/01/2023,130,32.46387495,6,315,287.9761241,2
day,prediction,27/01/2023,131,33.58726353,6,285,287.9988236,2
day,prediction,27/01/2023,132,32.55703146,7,315,340.3035613,3
day,prediction,27/01/2023,133,33.92422885,7,285,340.3278225,3
day,prediction,27/01/2023,134,33.20837111,8,315,392.7176319,4
day,prediction,27/01/2023,135,33.86096723,8,285,392.7442944,4
day,prediction,27/01/2023,136,32.69503073,9,315,445.0914261,5
day,prediction,27/01/2023,137,34.67578448,9,285,445.1247503,5
day,prediction,27/01/2023,138,32.9132232,10,315,497.4074355,6
day,prediction,27/01/2023,139,34.26372982,10,285,497.440253,6
day,prediction,27/01/2023,140,33.47039022,11,315,547.0653071,7
day,prediction,27/01/2023,141,34.00669617,11,285,547.1195756,7
day,prediction,27/01/2023,142,33.66076917,12,315,601.618029,8
day,prediction,27/01/2023,143,34.30135439,12,285,601.6605713,8
day,prediction,27/01/2023,144,33.77154327,13,315,653.9364539,9
day,prediction,27/01/2023,145,34.45773347,13,285,653.982701,9
day,prediction,27/01/2023,146,33.41626667,15,315,758.7230603,11
day,prediction,27/01/2023,147,34.19113983,15,285,758.7459264,11
day,prediction,27/01/2023,148,33.85844611,16,315,811.0533048,12
day,prediction,27/01/2023,149,34.45304623,16,285,811.0783004,12
day,prediction,27/01/2023,150,33.99456993,17,315,864.3327177,13
day,prediction,27/01/2023,151,34.18434046,17,285,864.7984279,13
day,prediction,27/01/2023,152,33.99194687,18,315,915.8302908,14
day,prediction,27/01/2023,153,34.85247623,18,285,915.9132825,14
day,prediction,27/01/2023,154,34.26674907,19,315,968.1687416,15
day,prediction,27/01/2023,155,33.9905412,19,285,968.257489,15
day,prediction,27/01/2023,156,34.13633595,20,315,1020.50771,16
day,prediction,27/01/2023,157,34.26568538,20,285,1020.602464,16
day,prediction,27/01/2023,158,33.73561712,22,315,1125.325064,18
day,prediction,27/01/2023,159,34.93549536,22,285,1125.418946,18
day,prediction,27/01/2023,160,33.46863088,23,315,1177.672105,19
day,prediction,27/01/2023,161,34.89496775,23,285,1177.771991,19
day,prediction,27/01/2023,162,33.7024727,24,315,1230.019704,20
day,prediction,27/01/2023,163,35.2166007,24,285,1230.125828,20
day,prediction,27/01/2023,164,33.96366991,25,315,1282.367881,21
day,prediction,27/01/2023,165,35.05731776,25,285,1282.480408,21
day,prediction,27/01/2023,166,33.96190955,26,315,1336.465127,22
day,prediction,27/01/2023,167,35.06080958,26,285,1336.52642,22
day,prediction,27/01/2023,168,33.98978272,27,315,1387.202942,23
day,prediction,27/01/2023,169,35.26348384,27,285,1387.324556,23
day,prediction,27/01/2023,170,34.04328614,28,315,1439.558039,24
day,prediction,27/01/2023,171,35.72223328,28,285,1439.686577,24
day,prediction,27/01/2023,172,34.49758475,29,315,1491.913631,25
day,prediction,27/01/2023,173,35.5994971,29,285,1492.049339,25
day,prediction,27/01/2023,174,34.73816284,30,315,1544.269818,26
day,prediction,27/01/2023,175,35.8694505,30,285,1544.412941,26
day,prediction,27/01/2023,176,34.70744097,31,315,1596.626584,27
day,prediction,27/01/2023,177,36.52141324,31,285,1596.777335,27
day,prediction,27/01/2023,178,36.60083878,32,285,1651.270574,28
day,prediction,27/01/2023,179,34.59343981,32,315,1651.357841,28
day,prediction,27/01/2023,180,34.95307724,33,315,1701.492586,29
day,prediction,27/01/2023,181,37.94513758,33,285,1701.643671,29
day,prediction,27/01/2023,182,34.7944834,34,315,1753.855747,30
day,prediction,27/01/2023,183,36.07270167,34,285,1754.014674,30
day,prediction,27/01/2023,184,35.0677415,35,315,1806.219454,31
day,prediction,27/01/2023,186,34.3985947,14,285,707.0949879,10
day,prediction,27/01/2023,187,33.55770019,14,315,707.2566949,10
day,prediction,27/01/2023,188,34.89101778,21,285,1074.222209,17
day,prediction,27/01/2023,189,34.28079827,21,315,1074.259881,17
day,prediction,27/01/2023,255,33.80956599,14,255,707.2822212,10
day,prediction,27/01/2023,256,35.25455699,21,255,1074.502344,17
day,prediction,27/01/2023,259,31.89012458,5,255,235.522083,1
day,prediction,27/01/2023,261,32.54675824,6,255,287.9946529,2
day,prediction,27/01/2023,263,33.4175041,7,255,340.3248921,3
day,prediction,27/01/2023,265,33.17105054,8,255,392.744816,4
day,prediction,27/01/2023,267,33.54307605,9,255,445.1176749,5
day,prediction,27/01/2023,269,33.66400311,10,255,497.4367004,6
day,prediction,27/01/2023,271,33.02341834,11,255,547.1228311,7
day,prediction,27/01/2023,273,32.80916677,12,255,601.6579141,8
day,prediction,27/01/2023,275,34.02031539,13,255,653.9799261,9
day,prediction,27/01/2023,277,34.15297084,15,255,758.7710354,11
day,prediction,27/01/2023,279,33.78691749,16,255,811.1051834,12
day,prediction,27/01/2023,281,33.77948156,17,255,864.341161,13
day,prediction,27/01/2023,283,33.35512049,18,255,915.8848451,14
day,prediction,27/01/2023,285,33.79018094,19,255,968.2274701,15
day,prediction,27/01/2023,287,33.88400756,20,255,1020.570848,16
day,prediction,27/01/2023,289,35.2074981,22,255,1125.414599,18
day,prediction,27/01/2023,291,34.66764111,23,255,1177.767456,19
day,prediction,27/01/2023,293,34.28072013,24,255,1230.121053,20
day,prediction,27/01/2023,295,33.8300267,25,255,1282.475394,21
day,prediction,27/01/2023,297,33.86021475,26,255,1336.521162,22
day,prediction,27/01/2023,299,34.14856395,27,255,1387.319066,23
day,prediction,27/01/2023,301,33.80419887,28,255,1439.680741,24
day,prediction,27/01/2023,303,34.03003905,29,255,1492.043271,25
day,prediction,27/01/2023,305,34.7019134,30,255,1544.40656,26
day,prediction,27/01/2023,307,33.497988,31,255,1596.770659,27
day,prediction,27/01/2023,309,33.89269006,32,255,1651.263641,28
night,prediction,3/12/2022,1,22.4196817287,0,15,5026.381231,0
night,prediction,3/12/2022,2,21.3993440881,5,45,235.4594715,1
night,prediction,3/12/2022,3,21.2775979132,6,45,287.9311057,2
night,prediction,3/12/2022,4,21.2741745611,7,45,340.2460017,3
night,prediction,3/12/2022,5,21.9027607444,8,45,392.6466286,4
night,prediction,3/12/2022,6,21.9057818149,9,45,445.005825,5
night,prediction,3/12/2022,7,21.2395436472,10,45,497.3064088,6
night,prediction,3/12/2022,8,22.0339870419,11,75,546.9535538,7
night,prediction,3/12/2022,9,21.9779168016,12,45,601.4833346,8
night,prediction,3/12/2022,10,21.1544819336,13,45,653.7833582,9
night,prediction,3/12/2022,12,21.4292458515,15,45,758.530335,11
night,prediction,3/12/2022,13,21.4860858283,16,45,810.8392654,12
night,prediction,3/12/2022,14,21.5642430403,17,75,864.4694557,13
night,prediction,3/12/2022,15,21.2751129796,18,45,915.5706951,14
night,prediction,3/12/2022,16,21.0637814836,19,45,967.8848698,15
night,prediction,3/12/2022,17,20.827068946,20,45,1020.198666,16
night,prediction,3/12/2022,19,20.5844919643,22,45,1124.962547,18
night,prediction,3/12/2022,20,20.2127277087,23,45,1177.281459,19
night,prediction,3/12/2022,21,20.0101635477,24,45,1229.599913,20
night,prediction,3/12/2022,22,19.7143882892,25,45,1281.917963,21
night,prediction,3/12/2022,23,19.3927118104,26,45,1335.98319,22
night,prediction,3/12/2022,24,19.1494389911,27,45,1386.689827,23
night,prediction,3/12/2022,25,19.5451540589,28,45,1439.011821,24
night,prediction,3/12/2022,26,19.0172112551,29,45,1491.333444,25
night,prediction,3/12/2022,27,19.010722132,30,45,1543.65457,26
night,prediction,3/12/2022,28,18.7029761369,31,45,1595.975334,27
night,prediction,3/12/2022,29,18.5783456477,32,45,1650.668683,28
night,prediction,3/12/2022,30,18.5395632886,33,45,1700.766288,29
night,prediction,3/12/2022,31,18.4039012705,34,45,1753.090484,30
night,prediction,3/12/2022,32,17.9950412301,35,45,1805.414293,31
night,prediction,3/12/2022,33,21.5238234733,5,345,235.4989571,1
night,prediction,3/12/2022,34,21.4069631814,6,345,287.9667189,2
night,prediction,3/12/2022,35,21.5286990987,7,345,340.2921238,3
night,prediction,3/12/2022,36,21.5713057464,8,345,392.704955,4
night,prediction,3/12/2022,37,21.6608771756,9,345,445.072997,5
night,prediction,3/12/2022,38,21.6519996144,10,345,497.3817904,6
night,prediction,3/12/2022,39,21.3395763756,11,345,546.9804406,7
night,prediction,3/12/2022,40,21.2781125498,12,345,601.57042,8
night,prediction,3/12/2022,41,21.3858105494,13,345,653.8815557,9
night,prediction,3/12/2022,42,20.6741556387,15,345,758.6508901,11
night,prediction,3/12/2022,43,20.5579986941,16,345,810.9727028,12
night,prediction,3/12/2022,44,20.3516953251,17,345,864.481231,13
night,prediction,3/12/2022,45,19.7791980431,18,345,915.760657,14
night,prediction,3/12/2022,46,20.1648279024,19,345,968.0912875,15
night,prediction,3/12/2022,47,19.8620647706,20,345,1020.422168,16
night,prediction,3/12/2022,48,19.2335638232,22,345,1125.221187,18
night,prediction,3/12/2022,49,18.6258279279,23,345,1177.559006,19
night,prediction,3/12/2022,50,18.713196662,24,345,1229.897069,20
night,prediction,3/12/2022,51,19.161158211,25,345,1282.235252,21
night,prediction,3/12/2022,52,18.7453986027,26,345,1336.263599,22
night,prediction,3/12/2022,53,18.371799237,27,345,1387.04481,23
night,prediction,3/12/2022,54,18.0778853572,28,345,1439.388689,24
night,prediction,3/12/2022,55,17.5807651441,29,345,1491.732693,25
night,prediction,3/12/2022,56,17.457001524,30,345,1544.076956,26
night,prediction,3/12/2022,57,17.2136599471,31,345,1596.421401,27
night,prediction,3/12/2022,58,17.1933417414,32,345,1650.893112,28
night,prediction,3/12/2022,59,17.4999108531,33,345,1701.245962,29
night,prediction,3/12/2022,62,21.1860674304,14,345,707.182907,10
night,prediction,3/12/2022,63,19.6648437099,21,345,1074.155771,17
night,prediction,3/12/2022,64,21.0064290563,5,15,235.4750977,1
night,prediction,3/12/2022,65,20.8134684887,6,15,287.9424856,2
night,prediction,3/12/2022,66,21.15751466,7,15,340.2635217,3
night,prediction,3/12/2022,67,21.5139695811,8,15,392.6716186,4
night,prediction,3/12/2022,68,21.9320933269,9,15,445.0346099,5
night,prediction,3/12/2022,69,21.5777667623,10,15,497.3379346,6
night,prediction,3/12/2022,70,21.3589049921,11,15,546.9305831,7
night,prediction,3/12/2022,71,21.4474923905,12,15,601.514606,8
night,prediction,3/12/2022,72,21.4192782778,13,15,653.8192399,9
night,prediction,3/12/2022,73,20.7656734612,15,15,758.5744377,11
night,prediction,3/12/2022,74,20.4270240996,16,15,810.8886675,12
night,prediction,3/12/2022,75,20.3717565908,17,15,864.3893784,13
night,prediction,3/12/2022,76,20.0688008572,18,15,915.6604237,14
night,prediction,3/12/2022,77,19.6744452497,19,15,967.9823693,15
night,prediction,3/12/2022,78,19.4650253132,20,15,1020.304262,16
night,prediction,3/12/2022,79,19.4625841012,22,15,1125.084181,18
night,prediction,3/12/2022,80,19.5019794795,23,15,1177.411947,19
night,prediction,3/12/2022,81,19.3336678847,24,15,1229.739481,20
night,prediction,3/12/2022,82,18.6342676395,25,15,1282.066939,21
night,prediction,3/12/2022,83,18.9192686046,26,15,1336.084049,22
night,prediction,3/12/2022,84,18.9663427483,27,15,1386.853765,23
night,prediction,3/12/2022,85,18.2069335507,28,15,1439.185738,24
night,prediction,3/12/2022,86,18.2656532877,29,15,1491.517554,25
night,prediction,3/12/2022,87,18.4004611574,30,15,1543.849213,26
night,prediction,3/12/2022,88,18.6290867742,31,15,1596.180727,27
night,prediction,3/12/2022,89,19.3939881684,32,15,1650.63869,28
night,prediction,3/12/2022,93,21.3606498869,14,15,707.1133009,10
night,prediction,3/12/2022,94,19.6322521286,21,15,1074.02866,17
night,prediction,3/12/2022,95,21.1764104811,5,75,235.4568681,1
night,prediction,3/12/2022,96,21.4116171321,6,75,287.9295088,2
night,prediction,3/12/2022,97,21.6179339879,7,75,340.2415978,3
night,prediction,3/12/2022,98,21.9885977536,8,75,392.6397562,4
night,prediction,3/12/2022,99,22.1700758159,9,75,445.0006902,5
night,prediction,3/12/2022,100,21.8939280599,10,75,497.2952672,6
night,prediction,3/12/2022,101,21.5908248593,11,45,546.9483442,7
night,prediction,3/12/2022,102,22.139922316,12,75,601.4700773,8
night,prediction,3/12/2022,103,22.3799298543,13,75,653.767337,9
night,prediction,3/12/2022,104,22.0211501106,15,75,758.4767316,11
night,prediction,3/12/2022,105,21.7086040151,16,75,810.7802439,12
night,prediction,3/12/2022,106,21.7103972416,17,45,864.0959822,13
night,prediction,3/12/2022,107,21.3359111278,18,75,915.5533657,14
night,prediction,3/12/2022,108,21.1690075774,19,75,967.8647205,15
night,prediction,3/12/2022,109,20.9792832047,20,75,1020.175485,16
night,prediction,3/12/2022,110,19.988379208,22,75,1124.91948,18
night,prediction,3/12/2022,111,19.6021952768,23,75,1177.234301,19
night,prediction,3/12/2022,112,19.9016183924,24,75,1229.548615,20
night,prediction,3/12/2022,124,22.4426549549,14,75,706.852744,10
night,prediction,3/12/2022,125,21.7002452495,14,45,707.0846946,10
night,prediction,3/12/2022,126,20.8590281219,21,75,1073.759162,17
night,prediction,3/12/2022,127,20.6100810234,21,45,1073.923519,17
night,prediction,3/12/2022,128,21.719702208,5,315,235.50285,1
night,prediction,3/12/2022,129,21.4072669676,5,285,235.5242003,1
night,prediction,3/12/2022,130,21.5186994699,6,315,287.9761241,2
night,prediction,3/12/2022,131,20.7316163704,6,285,287.9988236,2
night,prediction,3/12/2022,132,21.1403465133,7,315,340.3035613,3
night,prediction,3/12/2022,133,20.910407054,7,285,340.3278225,3
night,prediction,3/12/2022,134,21.2729041097,8,315,392.7176319,4
night,prediction,3/12/2022,135,20.926328485,8,285,392.7442944,4
night,prediction,3/12/2022,136,21.1151078067,9,315,445.0914261,5
night,prediction,3/12/2022,137,20.8113469112,9,285,445.1247503,5
night,prediction,3/12/2022,138,21.0545836758,10,315,497.4074355,6
night,prediction,3/12/2022,139,20.8200110279,10,285,497.440253,6
night,prediction,3/12/2022,140,21.1591042071,11,315,547.0653071,7
night,prediction,3/12/2022,141,20.6491201464,11,285,547.1195756,7
night,prediction,3/12/2022,142,20.9121677087,12,315,601.618029,8
night,prediction,3/12/2022,143,20.4575861674,12,285,601.6605713,8
night,prediction,3/12/2022,144,20.7592767931,13,315,653.9364539,9
night,prediction,3/12/2022,145,20.705567517,13,285,653.982701,9
night,prediction,3/12/2022,146,19.8345742232,15,315,758.7230603,11
night,prediction,3/12/2022,147,20.152380574,15,285,758.7459264,11
night,prediction,3/12/2022,148,20.1658886784,16,315,811.0533048,12
night,prediction,3/12/2022,149,19.5499363257,16,285,811.0783004,12
night,prediction,3/12/2022,150,19.981907641,17,315,864.3327177,13
night,prediction,3/12/2022,151,19.8057010042,17,285,864.7984279,13
night,prediction,3/12/2022,152,20.027747899,18,315,915.8302908,14
night,prediction,3/12/2022,153,19.6966796189,18,285,915.9132825,14
night,prediction,3/12/2022,154,19.9731734444,19,315,968.1687416,15
night,prediction,3/12/2022,155,18.7473544858,19,285,968.257489,15
night,prediction,3/12/2022,156,19.6178083268,20,315,1020.50771,16
night,prediction,3/12/2022,157,19.509171674,20,285,1020.602464,16
night,prediction,3/12/2022,158,19.3546239973,22,315,1125.325064,18
night,prediction,3/12/2022,159,18.7584234057,22,285,1125.418946,18
night,prediction,3/12/2022,160,18.9336023023,23,315,1177.672105,19
night,prediction,3/12/2022,161,18.4725746818,23,285,1177.771991,19
night,prediction,3/12/2022,162,18.7035305115,24,315,1230.019704,20
night,prediction,3/12/2022,163,18.5327975943,24,285,1230.125828,20
night,prediction,3/12/2022,164,18.3584509947,25,315,1282.367881,21
night,prediction,3/12/2022,165,18.1605590872,25,285,1282.480408,21
night,prediction,3/12/2022,166,18.2415527881,26,315,1336.465127,22
night,prediction,3/12/2022,167,18.288862766,26,285,1336.52642,22
night,prediction,3/12/2022,168,18.1909670712,27,315,1387.202942,23
night,prediction,3/12/2022,169,18.32712016,27,285,1387.324556,23
night,prediction,3/12/2022,170,18.4781067976,28,315,1439.558039,24
night,prediction,3/12/2022,171,17.937879155,28,285,1439.686577,24
night,prediction,3/12/2022,172,18.317276872,29,315,1491.913631,25
night,prediction,3/12/2022,173,17.2244231944,29,285,1492.049339,25
night,prediction,3/12/2022,174,18.0251051159,30,315,1544.269818,26
night,prediction,3/12/2022,175,17.0887830206,30,285,1544.412941,26
night,prediction,3/12/2022,176,18.1314177421,31,315,1596.626584,27
night,prediction,3/12/2022,177,17.4353160457,31,285,1596.777335,27
night,prediction,3/12/2022,178,16.9398739655,32,285,1651.270574,28
night,prediction,3/12/2022,179,18.1179079912,32,315,1651.357841,28
night,prediction,3/12/2022,180,18.1392899139,33,315,1701.492586,29
night,prediction,3/12/2022,181,17.3615211518,33,285,1701.643671,29
night,prediction,3/12/2022,182,18.116629367,34,315,1753.855747,30
night,prediction,3/12/2022,183,17.2147532125,34,285,1754.014674,30
night,prediction,3/12/2022,184,18.2656014606,35,315,1806.219454,31
night,prediction,3/12/2022,186,20.5014230922,14,285,707.0949879,10
night,prediction,3/12/2022,187,19.7998596629,14,315,707.2566949,10
night,prediction,3/12/2022,188,19.6685324371,21,285,1074.222209,17
night,prediction,3/12/2022,189,19.5824200819,21,315,1074.259881,17
night,prediction,3/12/2022,255,19.9643758464,14,255,707.2822212,10
night,prediction,3/12/2022,256,20.3542686774,21,255,1074.502344,17
night,prediction,3/12/2022,259,21.7154725498,5,255,235.522083,1
night,prediction,3/12/2022,261,20.9418505082,6,255,287.9946529,2
night,prediction,3/12/2022,263,20.5930288951,7,255,340.3248921,3
night,prediction,3/12/2022,265,20.3521084232,8,255,392.744816,4
night,prediction,3/12/2022,267,20.3161985094,9,255,445.1176749,5
night,prediction,3/12/2022,269,20.6817446677,10,255,497.4367004,6
night,prediction,3/12/2022,271,20.1092880862,11,255,547.1228311,7
night,prediction,3/12/2022,273,20.1629243773,12,255,601.6579141,8
night,prediction,3/12/2022,275,19.971916558,13,255,653.9799261,9
night,prediction,3/12/2022,277,19.4431694209,15,255,758.7710354,11
night,prediction,3/12/2022,279,19.1527622974,16,255,811.1051834,12
night,prediction,3/12/2022,281,19.1027074306,17,255,864.341161,13
night,prediction,3/12/2022,283,19.1109506611,18,255,915.8848451,14
night,prediction,3/12/2022,285,19.4892158581,19,255,968.2274701,15
night,prediction,3/12/2022,287,20.1416104711,20,255,1020.570848,16
night,prediction,3/12/2022,289,20.159646222,22,255,1125.414599,18
night,prediction,3/12/2022,291,19.8445166416,23,255,1177.767456,19
night,prediction,3/12/2022,293,19.4106614541,24,255,1230.121053,20
night,prediction,3/12/2022,295,19.0688246452,25,255,1282.475394,21
night,prediction,3/12/2022,297,19.3388688839,26,255,1336.521162,22
night,prediction,3/12/2022,299,19.2216679401,27,255,1387.319066,23
night,prediction,3/12/2022,301,18.6777887602,28,255,1439.680741,24
night,prediction,3/12/2022,303,18.0034478252,29,255,1492.043271,25
night,prediction,3/12/2022,305,18.4727185159,30,255,1544.40656,26
night,prediction,3/12/2022,307,19.0487138703,31,255,1596.770659,27
night,prediction,3/12/2022,309,19.381492795,32,255,1651.263641,28
night,base,25/12/2022,1,21.3922227574,0,15,5026.381231,0
night,base,25/12/2022,2,20.8663967655,5,45,235.4594715,1
night,base,25/12/2022,3,20.7158182258,6,45,287.9311057,2
night,base,25/12/2022,4,20.5113895207,7,45,340.2460017,3
night,base,25/12/2022,5,20.9825592231,8,45,392.6466286,4
night,base,25/12/2022,6,20.883076718,9,45,445.005825,5
night,base,25/12/2022,7,20.31549989,10,45,497.3064088,6
night,base,25/12/2022,8,21.1446400815,11,75,546.9535538,7
night,base,25/12/2022,9,21.3490102838,12,45,601.4833346,8
night,base,25/12/2022,10,20.5965830485,13,45,653.7833582,9
night,base,25/12/2022,12,20.8595285342,15,45,758.530335,11
night,base,25/12/2022,13,20.8301758809,16,45,810.8392654,12
night,base,25/12/2022,14,21.2650946124,17,75,864.4694557,13
night,base,25/12/2022,15,20.7084847825,18,45,915.5706951,14
night,base,25/12/2022,16,20.7786055291,19,45,967.8848698,15
night,base,25/12/2022,17,20.7075863681,20,45,1020.198666,16
night,base,25/12/2022,19,20.5427402741,22,45,1124.962547,18
night,base,25/12/2022,20,20.2324623279,23,45,1177.281459,19
night,base,25/12/2022,21,19.9190676377,24,45,1229.599913,20
night,base,25/12/2022,22,19.4687727492,25,45,1281.917963,21
night,base,25/12/2022,23,18.8931500547,26,45,1335.98319,22
night,base,25/12/2022,24,18.5457211956,27,45,1386.689827,23
night,base,25/12/2022,25,18.8770947175,28,45,1439.011821,24
night,base,25/12/2022,26,18.5141843513,29,45,1491.333444,25
night,base,25/12/2022,27,18.5153136395,30,45,1543.65457,26
night,base,25/12/2022,28,18.2618927764,31,45,1595.975334,27
night,base,25/12/2022,29,18.1827657064,32,45,1650.668683,28
night,base,25/12/2022,30,18.2293748254,33,45,1700.766288,29
night,base,25/12/2022,31,18.0558073747,34,45,1753.090484,30
night,base,25/12/2022,32,17.5896151674,35,45,1805.414293,31
night,base,25/12/2022,33,20.1848703277,5,345,235.4989571,1
night,base,25/12/2022,34,19.9817906132,6,345,287.9667189,2
night,base,25/12/2022,35,20.0764419974,7,345,340.2921238,3
night,base,25/12/2022,36,20.1926097655,8,345,392.704955,4
night,base,25/12/2022,37,20.2419012431,9,345,445.072997,5
night,base,25/12/2022,38,20.1790025666,10,345,497.3817904,6
night,base,25/12/2022,39,20.0281949578,11,345,546.9804406,7
night,base,25/12/2022,40,19.9613182858,12,345,601.57042,8
night,base,25/12/2022,41,20.0414282519,13,345,653.8815557,9
night,base,25/12/2022,42,19.4251679572,15,345,758.6508901,11
night,base,25/12/2022,43,19.4234643267,16,345,810.9727028,12
night,base,25/12/2022,44,19.3296997347,17,345,864.481231,13
night,base,25/12/2022,45,18.754435145,18,345,915.760657,14
night,base,25/12/2022,46,19.1044782626,19,345,968.0912875,15
night,base,25/12/2022,47,18.8441692206,20,345,1020.422168,16
night,base,25/12/2022,48,18.5563973457,22,345,1125.221187,18
night,base,25/12/2022,49,17.845143365,23,345,1177.559006,19
night,base,25/12/2022,50,17.8887527356,24,345,1229.897069,20
night,base,25/12/2022,51,18.2627132688,25,345,1282.235252,21
night,base,25/12/2022,52,17.772967719,26,345,1336.263599,22
night,base,25/12/2022,53,17.3725484789,27,345,1387.04481,23
night,base,25/12/2022,54,17.0964822283,28,345,1439.388689,24
night,base,25/12/2022,55,16.6805949086,29,345,1491.732693,25
night,base,25/12/2022,56,16.6052582035,30,345,1544.076956,26
night,base,25/12/2022,57,16.3445748639,31,345,1596.421401,27
night,base,25/12/2022,58,16.2327105455,32,345,1650.893112,28
night,base,25/12/2022,59,16.5268249512,33,345,1701.245962,29
night,base,25/12/2022,62,19.8526409853,14,345,707.182907,10
night,base,25/12/2022,63,18.8947939744,21,345,1074.155771,17
night,base,25/12/2022,64,19.9800895691,5,15,235.4750977,1
night,base,25/12/2022,65,19.7056858815,6,15,287.9424856,2
night,base,25/12/2022,66,19.952769108,7,15,340.2635217,3
night,base,25/12/2022,67,20.1957804489,8,15,392.6716186,4
night,base,25/12/2022,68,20.5816980718,9,15,445.0346099,5
night,base,25/12/2022,69,20.1715032869,10,15,497.3379346,6
night,base,25/12/2022,70,20.1291833103,11,15,546.9305831,7
night,base,25/12/2022,71,20.2365797266,12,15,601.514606,8
night,base,25/12/2022,72,20.2763302979,13,15,653.8192399,9
night,base,25/12/2022,73,19.8287098378,15,15,758.5744377,11
night,base,25/12/2022,74,19.4905147818,16,15,810.8886675,12
night,base,25/12/2022,75,19.699119822,17,15,864.3893784,13
night,base,25/12/2022,76,19.6561511329,18,15,915.6604237,14
night,base,25/12/2022,77,19.3964933736,19,15,967.9823693,15
night,base,25/12/2022,78,18.9992188083,20,15,1020.304262,16
night,base,25/12/2022,79,18.8259062334,22,15,1125.084181,18
night,base,25/12/2022,80,18.7863942452,23,15,1177.411947,19
night,base,25/12/2022,81,18.6269719349,24,15,1229.739481,20
night,base,25/12/2022,82,17.8634719147,25,15,1282.066939,21
night,base,25/12/2022,83,18.0939352612,26,15,1336.084049,22
night,base,25/12/2022,84,18.1091286099,27,15,1386.853765,23
night,base,25/12/2022,85,17.2434182561,28,15,1439.185738,24
night,base,25/12/2022,86,17.1402909928,29,15,1491.517554,25
night,base,25/12/2022,87,17.1808961983,30,15,1543.849213,26
night,base,25/12/2022,88,17.4678567934,31,15,1596.180727,27
night,base,25/12/2022,89,18.7233401063,32,15,1650.63869,28
night,base,25/12/2022,93,20.3464464943,14,15,707.1133009,10
night,base,25/12/2022,94,19.0442722427,21,15,1074.02866,17
night,base,25/12/2022,95,20.6875165251,5,75,235.4568681,1
night,base,25/12/2022,96,20.9675743939,6,75,287.9295088,2
night,base,25/12/2022,97,20.9927146978,7,75,340.2415978,3
night,base,25/12/2022,98,21.2124431857,8,75,392.6397562,4
night,base,25/12/2022,99,21.3442820849,9,75,445.0006902,5
night,base,25/12/2022,100,21.0862622491,10,75,497.2952672,6
night,base,25/12/2022,101,20.8352617341,11,45,546.9483442,7
night,base,25/12/2022,102,21.1096964286,12,75,601.4700773,8
night,base,25/12/2022,103,21.2865657878,13,75,653.767337,9
night,base,25/12/2022,104,21.3622676827,15,75,758.4767316,11
night,base,25/12/2022,105,21.2754079767,16,75,810.7802439,12
night,base,25/12/2022,106,21.0424762403,17,45,864.0959822,13
night,base,25/12/2022,107,21.1452716494,18,75,915.5533657,14
night,base,25/12/2022,108,21.0122634023,19,75,967.8647205,15
night,base,25/12/2022,109,20.8578848372,20,75,1020.175485,16
night,base,25/12/2022,110,20.100593286,22,75,1124.91948,18
night,base,25/12/2022,111,19.682938185,23,75,1177.234301,19
night,base,25/12/2022,112,20.0294110333,24,75,1229.548615,20
night,base,25/12/2022,124,21.4627398956,14,75,706.852744,10
night,base,25/12/2022,125,21.1732892898,14,45,707.0846946,10
night,base,25/12/2022,126,20.8680416957,21,75,1073.759162,17
night,base,25/12/2022,127,20.4536903197,21,45,1073.923519,17
night,base,25/12/2022,128,20.3375058492,5,315,235.50285,1
night,base,25/12/2022,129,20.4235364337,5,285,235.5242003,1
night,base,25/12/2022,130,20.0592719184,6,315,287.9761241,2
night,base,25/12/2022,131,19.450344544,6,285,287.9988236,2
night,base,25/12/2022,132,19.7217976124,7,315,340.3035613,3
night,base,25/12/2022,133,19.4439799721,7,285,340.3278225,3
night,base,25/12/2022,134,19.8280462071,8,315,392.7176319,4
night,base,25/12/2022,135,19.4196311951,8,285,392.7442944,4
night,base,25/12/2022,136,19.6912369948,9,315,445.0914261,5
night,base,25/12/2022,137,19.3105569468,9,285,445.1247503,5
night,base,25/12/2022,138,19.6453223247,10,315,497.4074355,6
night,base,25/12/2022,139,19.3431032922,10,285,497.440253,6
night,base,25/12/2022,140,19.8245399502,11,315,547.0653071,7
night,base,25/12/2022,141,19.1802300681,11,285,547.1195756,7
night,base,25/12/2022,142,19.5927978267,12,315,601.618029,8
night,base,25/12/2022,143,18.9132607493,12,285,601.6605713,8
night,base,25/12/2022,144,19.5364981789,13,315,653.9364539,9
night,base,25/12/2022,145,19.2244373938,13,285,653.982701,9
night,base,25/12/2022,146,18.9409617737,15,315,758.7230603,11
night,base,25/12/2022,147,18.8086700341,15,285,758.7459264,11
night,base,25/12/2022,148,19.305093921,16,315,811.0533048,12
night,base,25/12/2022,149,18.2876751849,16,285,811.0783004,12
night,base,25/12/2022,150,19.1336493606,17,315,864.3327177,13
night,base,25/12/2022,151,18.650972593,17,285,864.7984279,13
night,base,25/12/2022,152,19.2715229295,18,315,915.8302908,14
night,base,25/12/2022,153,18.528105663,18,285,915.9132825,14
night,base,25/12/2022,154,19.2423195271,19,315,968.1687416,15
night,base,25/12/2022,155,17.7007434312,19,285,968.257489,15
night,base,25/12/2022,156,18.8377615574,20,315,1020.50771,16
night,base,25/12/2022,157,18.3031436488,20,285,1020.602464,16
night,base,25/12/2022,158,18.651757746,22,315,1125.325064,18
night,base,25/12/2022,159,17.6481691357,22,285,1125.418946,18
night,base,25/12/2022,160,18.318801267,23,315,1177.672105,19
night,base,25/12/2022,161,17.4564312236,23,285,1177.771991,19
night,base,25/12/2022,162,18.1515843865,24,315,1230.019704,20
night,base,25/12/2022,163,17.5183728526,24,285,1230.125828,20
night,base,25/12/2022,164,17.7974460396,25,315,1282.367881,21
night,base,25/12/2022,165,17.3023901775,25,285,1282.480408,21
night,base,25/12/2022,166,17.6166067137,26,315,1336.465127,22
night,base,25/12/2022,167,17.5131862835,26,285,1336.52642,22
night,base,25/12/2022,168,17.5388825541,27,315,1387.202942,23
night,base,25/12/2022,169,17.6447083493,27,285,1387.324556,23
night,base,25/12/2022,170,17.851923234,28,315,1439.558039,24
night,base,25/12/2022,171,17.2963612059,28,285,1439.686577,24
night,base,25/12/2022,172,17.6987031061,29,315,1491.913631,25
night,base,25/12/2022,173,16.5442684462,29,285,1492.049339,25
night,base,25/12/2022,174,17.3791969951,30,315,1544.269818,26
night,base,25/12/2022,175,16.4170288462,30,285,1544.412941,26
night,base,25/12/2022,176,17.4308728665,31,315,1596.626584,27
night,base,25/12/2022,177,16.9504557852,31,285,1596.777335,27
night,base,25/12/2022,178,16.4112859266,32,285,1651.270574,28
night,base,25/12/2022,179,17.4020216351,32,315,1651.357841,28
night,base,25/12/2022,180,17.4119423888,33,315,1701.492586,29
night,base,25/12/2022,181,16.7877414767,33,285,1701.643671,29
night,base,25/12/2022,182,17.4393886969,34,315,1753.855747,30
night,base,25/12/2022,183,16.6822627898,34,285,1754.014674,30
night,base,25/12/2022,184,17.5522946891,35,315,1806.219454,31
night,base,25/12/2022,186,19.0613033875,14,285,707.0949879,10
night,base,25/12/2022,187,18.8179729878,14,315,707.2566949,10
night,base,25/12/2022,188,18.4597853072,21,285,1074.222209,17
night,base,25/12/2022,189,18.8239082813,21,315,1074.259881,17
night,base,25/12/2022,255,19.1376597685,14,255,707.2822212,10
night,base,25/12/2022,256,19.3448194088,21,255,1074.502344,17
night,base,25/12/2022,259,21.1168937762,5,255,235.522083,1
night,base,25/12/2022,261,20.4168104978,6,255,287.9946529,2
night,base,25/12/2022,263,19.8176581341,7,255,340.3248921,3
night,base,25/12/2022,265,19.4296358462,8,255,392.744816,4
night,base,25/12/2022,267,19.3869751787,9,255,445.1176749,5
night,base,25/12/2022,269,19.8391973732,10,255,497.4367004,6
night,base,25/12/2022,271,19.294880976,11,255,547.1228311,7
night,base,25/12/2022,273,19.3698765452,12,255,601.6579141,8
night,base,25/12/2022,275,19.1793821635,13,255,653.9799261,9
night,base,25/12/2022,277,18.555858276,15,255,758.7710354,11
night,base,25/12/2022,279,18.2211766749,16,255,811.1051834,12
night,base,25/12/2022,281,18.2082420952,17,255,864.341161,13
night,base,25/12/2022,283,18.150006169,18,255,915.8848451,14
night,base,25/12/2022,285,18.465967034,19,255,968.2274701,15
night,base,25/12/2022,287,19.1307260529,20,255,1020.570848,16
night,base,25/12/2022,289,19.181668918,22,255,1125.414599,18
night,base,25/12/2022,291,18.9700555742,23,255,1177.767456,19
night,base,25/12/2022,293,18.6160014049,24,255,1230.121053,20
night,base,25/12/2022,295,18.3237851299,25,255,1282.475394,21
night,base,25/12/2022,297,18.6437233749,26,255,1336.521162,22
night,base,25/12/2022,299,18.5603823246,27,255,1387.319066,23
night,base,25/12/2022,301,18.0119776416,28,255,1439.680741,24
night,base,25/12/2022,303,17.4067801744,29,255,1492.043271,25
night,base,25/12/2022,305,17.9026040441,30,255,1544.40656,26
night,base,25/12/2022,307,18.4578709205,31,255,1596.770659,27
night,base,25/12/2022,309,18.8188253087,32,255,1651.263641,28
night,prediction,27/12/2022,1,28.4783371672,0,15,5026.381231,0
night,prediction,27/12/2022,2,27.5973998026,5,45,235.4594715,1
night,prediction,27/12/2022,3,27.4297318516,6,45,287.9311057,2
night,prediction,27/12/2022,4,27.3153098104,7,45,340.2460017,3
night,prediction,27/12/2022,5,27.7615289249,8,45,392.6466286,4
night,prediction,27/12/2022,6,27.6792576648,9,45,445.005825,5
night,prediction,27/12/2022,7,27.0121317343,10,45,497.3064088,6
night,prediction,27/12/2022,8,27.5639148842,11,75,546.9535538,7
night,prediction,27/12/2022,9,27.7500497063,12,45,601.4833346,8
night,prediction,27/12/2022,10,26.8784336915,13,45,653.7833582,9
night,prediction,27/12/2022,12,27.2023680487,15,45,758.530335,11
night,prediction,27/12/2022,13,27.2943718813,16,45,810.8392654,12
night,prediction,27/12/2022,14,27.381654204,17,75,864.4694557,13
night,prediction,27/12/2022,15,27.2023987946,18,45,915.5706951,14
night,prediction,27/12/2022,16,27.0247971009,19,45,967.8848698,15
night,prediction,27/12/2022,17,26.8323975287,20,45,1020.198666,16
night,prediction,27/12/2022,19,26.8395781386,22,45,1124.962547,18
night,prediction,27/12/2022,20,26.6273646772,23,45,1177.281459,19
night,prediction,27/12/2022,21,26.4165715496,24,45,1229.599913,20
night,prediction,27/12/2022,22,26.1384943376,25,45,1281.917963,21
night,prediction,27/12/2022,23,25.839987284,26,45,1335.98319,22
night,prediction,27/12/2022,24,25.7091289708,27,45,1386.689827,23
night,prediction,27/12/2022,25,26.277941888,28,45,1439.011821,24
night,prediction,27/12/2022,26,25.9858148341,29,45,1491.333444,25
night,prediction,27/12/2022,27,26.0744058393,30,45,1543.65457,26
night,prediction,27/12/2022,28,25.9120850662,31,45,1595.975334,27
night,prediction,27/12/2022,29,25.7711133395,32,45,1650.668683,28
night,prediction,27/12/2022,30,25.9241693707,33,45,1700.766288,29
night,prediction,27/12/2022,31,25.6459387007,34,45,1753.090484,30
night,prediction,27/12/2022,32,24.8076013303,35,45,1805.414293,31
night,prediction,27/12/2022,33,28.0116716755,5,345,235.4989571,1
night,prediction,27/12/2022,34,27.8624134642,6,345,287.9667189,2
night,prediction,27/12/2022,35,27.9008931825,7,345,340.2921238,3
night,prediction,27/12/2022,36,27.9824909812,8,345,392.704955,4
night,prediction,27/12/2022,37,27.9336595629,9,345,445.072997,5
night,prediction,27/12/2022,38,27.8325942163,10,345,497.3817904,6
night,prediction,27/12/2022,39,27.5700430661,11,345,546.9804406,7
night,prediction,27/12/2022,40,27.3268363956,12,345,601.57042,8
night,prediction,27/12/2022,41,27.1881831592,13,345,653.8815557,9
night,prediction,27/12/2022,42,26.4353637819,15,345,758.6508901,11
night,prediction,27/12/2022,43,26.5809976409,16,345,810.9727028,12
night,prediction,27/12/2022,44,26.4178059388,17,345,864.481231,13
night,prediction,27/12/2022,45,25.9367646859,18,345,915.760657,14
night,prediction,27/12/2022,46,26.2268681721,19,345,968.0912875,15
night,prediction,27/12/2022,47,25.8722140624,20,345,1020.422168,16
night,prediction,27/12/2022,48,25.2712954854,22,345,1125.221187,18
night,prediction,27/12/2022,49,24.855375201,23,345,1177.559006,19
night,prediction,27/12/2022,50,24.9604100633,24,345,1229.897069,20
night,prediction,27/12/2022,51,25.2768241967,25,345,1282.235252,21
night,prediction,27/12/2022,52,24.8074556026,26,345,1336.263599,22
night,prediction,27/12/2022,53,24.4040802714,27,345,1387.04481,23
night,prediction,27/12/2022,54,24.1691494174,28,345,1439.388689,24
night,prediction,27/12/2022,55,23.9725544415,29,345,1491.732693,25
night,prediction,27/12/2022,56,23.7830718529,30,345,1544.076956,26
night,prediction,27/12/2022,57,23.4175043877,31,345,1596.421401,27
night,prediction,27/12/2022,58,23.007006578,32,345,1650.893112,28
night,prediction,27/12/2022,59,23.419981653,33,345,1701.245962,29
night,prediction,27/12/2022,62,26.8587274181,14,345,707.182907,10
night,prediction,27/12/2022,63,25.5637009102,21,345,1074.155771,17
night,prediction,27/12/2022,64,27.2771118482,5,15,235.4750977,1
night,prediction,27/12/2022,65,26.9991008668,6,15,287.9424856,2
night,prediction,27/12/2022,66,27.1532036184,7,15,340.2635217,3
night,prediction,27/12/2022,67,27.322864511,8,15,392.6716186,4
night,prediction,27/12/2022,68,27.5439201837,9,15,445.0346099,5
night,prediction,27/12/2022,69,27.1248020999,10,15,497.3379346,6
night,prediction,27/12/2022,70,26.8954861083,11,15,546.9305831,7
night,prediction,27/12/2022,71,26.9526167891,12,15,601.514606,8
night,prediction,27/12/2022,72,26.8923354323,13,15,653.8192399,9
night,prediction,27/12/2022,73,26.0289615883,15,15,758.5744377,11
night,prediction,27/12/2022,74,25.6970110962,16,15,810.8886675,12
night,prediction,27/12/2022,75,25.8374873624,17,15,864.3893784,13
night,prediction,27/12/2022,76,25.7155540108,18,15,915.6604237,14
night,prediction,27/12/2022,77,25.3176280275,19,15,967.9823693,15
night,prediction,27/12/2022,78,25.0639387709,20,15,1020.304262,16
night,prediction,27/12/2022,79,25.3427502717,22,15,1125.084181,18
night,prediction,27/12/2022,80,25.3757373957,23,15,1177.411947,19
night,prediction,27/12/2022,81,25.1953193802,24,15,1229.739481,20
night,prediction,27/12/2022,82,24.2989309997,25,15,1282.066939,21
night,prediction,27/12/2022,83,24.4527243298,26,15,1336.084049,22
night,prediction,27/12/2022,84,24.4759839742,27,15,1386.853765,23
night,prediction,27/12/2022,85,23.6386838313,28,15,1439.185738,24
night,prediction,27/12/2022,86,23.212285252,29,15,1491.517554,25
night,prediction,27/12/2022,87,23.3219026641,30,15,1543.849213,26
night,prediction,27/12/2022,88,23.8889202441,31,15,1596.180727,27
night,prediction,27/12/2022,89,24.833228019,32,15,1650.63869,28
night,prediction,27/12/2022,93,26.750862642,14,15,707.1133009,10
night,prediction,27/12/2022,94,25.3870971311,21,15,1074.02866,17
night,prediction,27/12/2022,95,27.103129193,5,75,235.4568681,1
night,prediction,27/12/2022,96,27.3671748965,6,75,287.9295088,2
night,prediction,27/12/2022,97,27.4668923744,7,75,340.2415978,3
night,prediction,27/12/2022,98,27.6720358104,8,75,392.6397562,4
night,prediction,27/12/2022,99,27.7696192831,9,75,445.0006902,5
night,prediction,27/12/2022,100,27.4261362367,10,75,497.2952672,6
night,prediction,27/12/2022,101,27.386526219,11,45,546.9483442,7
night,prediction,27/12/2022,102,27.7073135609,12,75,601.4700773,8
night,prediction,27/12/2022,103,28.0849638506,13,75,653.767337,9
night,prediction,27/12/2022,104,27.8508829153,15,75,758.4767316,11
night,prediction,27/12/2022,105,27.5337104394,16,75,810.7802439,12
night,prediction,27/12/2022,106,27.5555730632,17,45,864.0959822,13
night,prediction,27/12/2022,107,27.0581870619,18,75,915.5533657,14
night,prediction,27/12/2022,108,26.7976726192,19,75,967.8647205,15
night,prediction,27/12/2022,109,26.7059289379,20,75,1020.175485,16
night,prediction,27/12/2022,110,26.5791440745,22,75,1124.91948,18
night,prediction,27/12/2022,111,26.3759961471,23,75,1177.234301,19
night,prediction,27/12/2022,112,26.5065781205,24,75,1229.548615,20
night,prediction,27/12/2022,124,28.215999862,14,75,706.852744,10
night,prediction,27/12/2022,125,27.476008239,14,45,707.0846946,10
night,prediction,27/12/2022,126,27.0581101553,21,75,1073.759162,17
night,prediction,27/12/2022,127,26.6540039539,21,45,1073.923519,17
night,prediction,27/12/2022,128,28.2332156579,5,315,235.50285,1
night,prediction,27/12/2022,129,27.9920141168,5,285,235.5242003,1
night,prediction,27/12/2022,130,28.0472370506,6,315,287.9761241,2
night,prediction,27/12/2022,131,27.5835062211,6,285,287.9988236,2
night,prediction,27/12/2022,132,27.7657921714,7,315,340.3035613,3
night,prediction,27/12/2022,133,27.8646410719,7,285,340.3278225,3
night,prediction,27/12/2022,134,27.9771634213,8,315,392.7176319,4
night,prediction,27/12/2022,135,27.8349211431,8,285,392.7442944,4
night,prediction,27/12/2022,136,27.7660708165,9,315,445.0914261,5
night,prediction,27/12/2022,137,27.6628406848,9,285,445.1247503,5
night,prediction,27/12/2022,138,27.5831076656,10,315,497.4074355,6
night,prediction,27/12/2022,139,27.555698929,10,285,497.440253,6
night,prediction,27/12/2022,140,27.5783568762,11,315,547.0653071,7
night,prediction,27/12/2022,141,27.2425775741,11,285,547.1195756,7
night,prediction,27/12/2022,142,27.3187824125,12,315,601.618029,8
night,prediction,27/12/2022,143,26.8492243482,12,285,601.6605713,8
night,prediction,27/12/2022,144,27.2010342192,13,315,653.9364539,9
night,prediction,27/12/2022,145,26.9308471194,13,285,653.982701,9
night,prediction,27/12/2022,146,26.2032769336,15,315,758.7230603,11
night,prediction,27/12/2022,147,26.4694766447,15,285,758.7459264,11
night,prediction,27/12/2022,148,26.4369569918,16,315,811.0533048,12
night,prediction,27/12/2022,149,26.0049140119,16,285,811.0783004,12
night,prediction,27/12/2022,150,26.1479302243,17,315,864.3327177,13
night,prediction,27/12/2022,151,26.3808388387,17,285,864.7984279,13
night,prediction,27/12/2022,152,26.0235453437,18,315,915.8302908,14
night,prediction,27/12/2022,153,26.2604248416,18,285,915.9132825,14
night,prediction,27/12/2022,154,25.8724904051,19,315,968.1687416,15
night,prediction,27/12/2022,155,25.4721146929,19,285,968.257489,15
night,prediction,27/12/2022,156,25.4971895935,20,315,1020.50771,16
night,prediction,27/12/2022,157,26.3124279694,20,285,1020.602464,16
night,prediction,27/12/2022,158,25.4820074094,22,315,1125.325064,18
night,prediction,27/12/2022,159,26.1133939073,22,285,1125.418946,18
night,prediction,27/12/2022,160,25.3328865454,23,315,1177.672105,19
night,prediction,27/12/2022,161,26.1167018223,23,285,1177.771991,19
night,prediction,27/12/2022,162,25.2209184083,24,315,1230.019704,20
night,prediction,27/12/2022,163,26.3454347447,24,285,1230.125828,20
night,prediction,27/12/2022,164,24.9364422704,25,315,1282.367881,21
night,prediction,27/12/2022,165,25.9675641998,25,285,1282.480408,21
night,prediction,27/12/2022,166,24.9315923958,26,315,1336.465127,22
night,prediction,27/12/2022,167,25.9378817919,26,285,1336.52642,22
night,prediction,27/12/2022,168,25.1219509273,27,315,1387.202942,23
night,prediction,27/12/2022,169,25.831891787,27,285,1387.324556,23
night,prediction,27/12/2022,170,25.6382221252,28,315,1439.558039,24
night,prediction,27/12/2022,171,25.41602335,28,285,1439.686577,24
night,prediction,27/12/2022,172,25.6958794207,29,315,1491.913631,25
night,prediction,27/12/2022,173,24.7676412294,29,285,1492.049339,25
night,prediction,27/12/2022,174,25.4613266639,30,315,1544.269818,26
night,prediction,27/12/2022,175,24.4858309775,30,285,1544.412941,26
night,prediction,27/12/2022,176,25.5097152827,31,315,1596.626584,27
night,prediction,27/12/2022,177,24.6103219052,31,285,1596.777335,27
night,prediction,27/12/2022,178,24.4712718813,32,285,1651.270574,28
night,prediction,27/12/2022,179,25.6030593327,32,315,1651.357841,28
night,prediction,27/12/2022,180,25.8263826853,33,315,1701.492586,29
night,prediction,27/12/2022,181,25.3917165725,33,285,1701.643671,29
night,prediction,27/12/2022,182,26.123803004,34,315,1753.855747,30
night,prediction,27/12/2022,183,25.5280096608,34,285,1754.014674,30
night,prediction,27/12/2022,184,26.3340354461,35,315,1806.219454,31
night,prediction,27/12/2022,186,26.7462464257,14,285,707.0949879,10
night,prediction,27/12/2022,187,26.274902998,14,315,707.2566949,10
night,prediction,27/12/2022,188,26.7707582194,21,285,1074.222209,17
night,prediction,27/12/2022,189,25.5554641147,21,315,1074.259881,17
night,prediction,27/12/2022,255,27.4194841721,14,255,707.2822212,10
night,prediction,27/12/2022,256,27.8537470427,21,255,1074.502344,17
night,prediction,27/12/2022,259,28.6707417124,5,255,235.522083,1
night,prediction,27/12/2022,261,27.923562181,6,255,287.9946529,2
night,prediction,27/12/2022,263,27.9968349097,7,255,340.3248921,3
night,prediction,27/12/2022,265,27.8399650338,8,255,392.744816,4
night,prediction,27/12/2022,267,28.0406490638,9,255,445.1176749,5
night,prediction,27/12/2022,269,28.4017366883,10,255,497.4367004,6
night,prediction,27/12/2022,271,27.9411437273,11,255,547.1228311,7
night,prediction,27/12/2022,273,27.6520182385,12,255,601.6579141,8
night,prediction,27/12/2022,275,27.5400130609,13,255,653.9799261,9
night,prediction,27/12/2022,277,26.8868327861,15,255,758.7710354,11
night,prediction,27/12/2022,279,26.5522509899,16,255,811.1051834,12
night,prediction,27/12/2022,281,26.5798268099,17,255,864.341161,13
night,prediction,27/12/2022,283,26.669936987,18,255,915.8848451,14
night,prediction,27/12/2022,285,27.0856862085,19,255,968.2274701,15
night,prediction,27/12/2022,287,27.6425182866,20,255,1020.570848,16
night,prediction,27/12/2022,289,27.5450131197,22,255,1125.414599,18
night,prediction,27/12/2022,291,27.3264156313,23,255,1177.767456,19
night,prediction,27/12/2022,293,27.0058219291,24,255,1230.121053,20
night,prediction,27/12/2022,295,26.7113409805,25,255,1282.475394,21
night,prediction,27/12/2022,297,26.9782732858,26,255,1336.521162,22
night,prediction,27/12/2022,299,26.8701089751,27,255,1387.319066,23
night,prediction,27/12/2022,301,26.395268641,28,255,1439.680741,24
night,prediction,27/12/2022,303,25.8434425407,29,255,1492.043271,25
night,prediction,27/12/2022,305,26.1252972683,30,255,1544.40656,26
night,prediction,27/12/2022,307,26.4081170162,31,255,1596.770659,27
night,prediction,27/12/2022,309,27.252166748,32,255,1651.263641,28
night,prediction,7/01/2023,1,20.1324511474,0,15,5026.381231,0
night,prediction,7/01/2023,2,19.1107107139,5,45,235.4594715,1
night,prediction,7/01/2023,3,18.9196033739,6,45,287.9311057,2
night,prediction,7/01/2023,4,18.687556778,7,45,340.2460017,3
night,prediction,7/01/2023,5,19.0318316249,8,45,392.6466286,4
night,prediction,7/01/2023,6,18.8689508961,9,45,445.005825,5
night,prediction,7/01/2023,7,18.2157719606,10,45,497.3064088,6
night,prediction,7/01/2023,8,18.8279308053,11,75,546.9535538,7
night,prediction,7/01/2023,9,19.1626319745,12,45,601.4833346,8
night,prediction,7/01/2023,10,18.3519045884,13,45,653.7833582,9
night,prediction,7/01/2023,12,18.5884233476,15,45,758.530335,11
night,prediction,7/01/2023,13,18.6677050749,16,45,810.8392654,12
night,prediction,7/01/2023,14,18.5753620657,17,75,864.4694557,13
night,prediction,7/01/2023,15,18.5483333192,18,45,915.5706951,14
night,prediction,7/01/2023,16,18.4752380601,19,45,967.8848698,15
night,prediction,7/01/2023,17,18.2802593206,20,45,1020.198666,16
night,prediction,7/01/2023,19,17.8526713533,22,45,1124.962547,18
night,prediction,7/01/2023,20,17.4478080227,23,45,1177.281459,19
night,prediction,7/01/2023,21,17.12038783,24,45,1229.599913,20
night,prediction,7/01/2023,22,16.6802070113,25,45,1281.917963,21
night,prediction,7/01/2023,23,16.224904566,26,45,1335.98319,22
night,prediction,7/01/2023,24,15.7885272263,27,45,1386.689827,23
night,prediction,7/01/2023,25,15.9406441505,28,45,1439.011821,24
night,prediction,7/01/2023,26,15.5111779571,29,45,1491.333444,25
night,prediction,7/01/2023,27,15.3398731412,30,45,1543.65457,26
night,prediction,7/01/2023,28,14.9318097117,31,45,1595.975334,27
night,prediction,7/01/2023,29,14.8476860505,32,45,1650.668683,28
night,prediction,7/01/2023,30,14.8867022497,33,45,1700.766288,29
night,prediction,7/01/2023,31,14.6639882749,34,45,1753.090484,30
night,prediction,7/01/2023,32,14.3992680755,35,45,1805.414293,31
night,prediction,7/01/2023,33,19.2132602365,5,345,235.4989571,1
night,prediction,7/01/2023,34,19.1076927795,6,345,287.9667189,2
night,prediction,7/01/2023,35,19.2193213541,7,345,340.2921238,3
night,prediction,7/01/2023,36,19.2133815703,8,345,392.704955,4
night,prediction,7/01/2023,37,19.1687966939,9,345,445.072997,5
night,prediction,7/01/2023,38,19.0513173145,10,345,497.3817904,6
night,prediction,7/01/2023,39,18.6864784514,11,345,546.9804406,7
night,prediction,7/01/2023,40,18.687803528,12,345,601.57042,8
night,prediction,7/01/2023,41,18.8220791545,13,345,653.8815557,9
night,prediction,7/01/2023,42,18.0679526526,15,345,758.6508901,11
night,prediction,7/01/2023,43,18.0263520294,16,345,810.9727028,12
night,prediction,7/01/2023,44,17.8564507167,17,345,864.481231,13
night,prediction,7/01/2023,45,17.3549601936,18,345,915.760657,14
night,prediction,7/01/2023,46,17.7319986359,19,345,968.0912875,15
night,prediction,7/01/2023,47,17.3721226532,20,345,1020.422168,16
night,prediction,7/01/2023,48,16.6554901539,22,345,1125.221187,18
night,prediction,7/01/2023,49,16.0530529777,23,345,1177.559006,19
night,prediction,7/01/2023,50,16.0525685426,24,345,1229.897069,20
night,prediction,7/01/2023,51,16.3718786593,25,345,1282.235252,21
night,prediction,7/01/2023,52,15.9009127615,26,345,1336.263599,22
night,prediction,7/01/2023,53,15.5232098028,27,345,1387.04481,23
night,prediction,7/01/2023,54,15.241204503,28,345,1439.388689,24
night,prediction,7/01/2023,55,14.9194973736,29,345,1491.732693,25
night,prediction,7/01/2023,56,14.7976712049,30,345,1544.076956,26
night,prediction,7/01/2023,57,14.5685033685,31,345,1596.421401,27
night,prediction,7/01/2023,58,14.5034230487,32,345,1650.893112,28
night,prediction,7/01/2023,59,14.8159400116,33,345,1701.245962,29
night,prediction,7/01/2023,62,18.5544567273,14,345,707.182907,10
night,prediction,7/01/2023,63,17.1837308156,21,345,1074.155771,17
night,prediction,7/01/2023,64,18.5887485862,5,15,235.4750977,1
night,prediction,7/01/2023,65,18.4352894186,6,15,287.9424856,2
night,prediction,7/01/2023,66,18.6412985383,7,15,340.2635217,3
night,prediction,7/01/2023,67,18.6719231844,8,15,392.6716186,4
night,prediction,7/01/2023,68,18.9041878564,9,15,445.0346099,5
night,prediction,7/01/2023,69,18.5689145939,10,15,497.3379346,6
night,prediction,7/01/2023,70,18.4459127365,11,15,546.9305831,7
night,prediction,7/01/2023,71,18.5096376198,12,15,601.514606,8
night,prediction,7/01/2023,72,18.4598218845,13,15,653.8192399,9
night,prediction,7/01/2023,73,17.962802013,15,15,758.5744377,11
night,prediction,7/01/2023,74,17.6596552157,16,15,810.8886675,12
night,prediction,7/01/2023,75,17.6750020518,17,15,864.3893784,13
night,prediction,7/01/2023,76,17.5073650739,18,15,915.6604237,14
night,prediction,7/01/2023,77,17.1386678605,19,15,967.9823693,15
night,prediction,7/01/2023,78,16.8750609915,20,15,1020.304262,16
night,prediction,7/01/2023,79,16.638621001,22,15,1125.084181,18
night,prediction,7/01/2023,80,16.5409254167,23,15,1177.411947,19
night,prediction,7/01/2023,81,16.4446102011,24,15,1229.739481,20
night,prediction,7/01/2023,82,15.7230342407,25,15,1282.066939,21
night,prediction,7/01/2023,83,15.7027970315,26,15,1336.084049,22
night,prediction,7/01/2023,84,15.4642434236,27,15,1386.853765,23
night,prediction,7/01/2023,85,14.7231105512,28,15,1439.185738,24
night,prediction,7/01/2023,86,14.8194129836,29,15,1491.517554,25
night,prediction,7/01/2023,87,15.0833954653,30,15,1543.849213,26
night,prediction,7/01/2023,88,14.9635250056,31,15,1596.180727,27
night,prediction,7/01/2023,89,15.4843677193,32,15,1650.63869,28
night,prediction,7/01/2023,93,18.383709508,14,15,707.1133009,10
night,prediction,7/01/2023,94,16.983477915,21,15,1074.02866,17
night,prediction,7/01/2023,95,18.9113963471,5,75,235.4568681,1
night,prediction,7/01/2023,96,18.9662600739,6,75,287.9295088,2
night,prediction,7/01/2023,97,18.8811536825,7,75,340.2415978,3
night,prediction,7/01/2023,98,19.0745222391,8,75,392.6397562,4
night,prediction,7/01/2023,99,19.1305542624,9,75,445.0006902,5
night,prediction,7/01/2023,100,18.765399884,10,75,497.2952672,6
night,prediction,7/01/2023,101,18.6784735376,11,45,546.9483442,7
night,prediction,7/01/2023,102,18.9209801988,12,75,601.4700773,8
night,prediction,7/01/2023,103,19.124499995,13,75,653.767337,9
night,prediction,7/01/2023,104,18.8888286583,15,75,758.4767316,11
night,prediction,7/01/2023,105,18.726868237,16,75,810.7802439,12
night,prediction,7/01/2023,106,18.8994360051,17,45,864.0959822,13
night,prediction,7/01/2023,107,18.2367366375,18,75,915.5533657,14
night,prediction,7/01/2023,108,18.0542780475,19,75,967.8647205,15
night,prediction,7/01/2023,109,17.9299356887,20,75,1020.175485,16
night,prediction,7/01/2023,110,17.0262894066,22,75,1124.91948,18
night,prediction,7/01/2023,111,16.626988822,23,75,1177.234301,19
night,prediction,7/01/2023,112,16.9488996506,24,75,1229.548615,20
night,prediction,7/01/2023,124,19.1826455898,14,75,706.852744,10
night,prediction,7/01/2023,125,18.8197702579,14,45,707.0846946,10
night,prediction,7/01/2023,126,17.8383854528,21,75,1073.759162,17
night,prediction,7/01/2023,127,17.9519605141,21,45,1073.923519,17
night,prediction,7/01/2023,128,19.4736394684,5,315,235.50285,1
night,prediction,7/01/2023,129,19.2119824407,5,285,235.5242003,1
night,prediction,7/01/2023,130,19.2937759888,6,315,287.9761241,2
night,prediction,7/01/2023,131,18.707386601,6,285,287.9988236,2
night,prediction,7/01/2023,132,18.8954815368,7,315,340.3035613,3
night,prediction,7/01/2023,133,18.9223182082,7,285,340.3278225,3
night,prediction,7/01/2023,134,19.0699015989,8,315,392.7176319,4
night,prediction,7/01/2023,135,18.8866663051,8,285,392.7442944,4
night,prediction,7/01/2023,136,18.882888075,9,315,445.0914261,5
night,prediction,7/01/2023,137,18.7576364186,9,285,445.1247503,5
night,prediction,7/01/2023,138,18.8166292402,10,315,497.4074355,6
night,prediction,7/01/2023,139,18.7096318916,10,285,497.440253,6
night,prediction,7/01/2023,140,18.9225278037,11,315,547.0653071,7
night,prediction,7/01/2023,141,18.4793492977,11,285,547.1195756,7
night,prediction,7/01/2023,142,18.7748131063,12,315,601.618029,8
night,prediction,7/01/2023,143,18.2903013113,12,285,601.6605713,8
night,prediction,7/01/2023,144,18.8505623132,13,315,653.9364539,9
night,prediction,7/01/2023,145,18.5076187592,13,285,653.982701,9
night,prediction,7/01/2023,146,18.0181257768,15,315,758.7230603,11
night,prediction,7/01/2023,147,17.8588269527,15,285,758.7459264,11
night,prediction,7/01/2023,148,18.2517975717,16,315,811.0533048,12
night,prediction,7/01/2023,149,17.2819641114,16,285,811.0783004,12
night,prediction,7/01/2023,150,18.0032304132,17,315,864.3327177,13
night,prediction,7/01/2023,151,17.5285022485,17,285,864.7984279,13
night,prediction,7/01/2023,152,17.9971305596,18,315,915.8302908,14
night,prediction,7/01/2023,153,17.4797678136,18,285,915.9132825,14
night,prediction,7/01/2023,154,17.9300997628,19,315,968.1687416,15
night,prediction,7/01/2023,155,16.6450538501,19,285,968.257489,15
night,prediction,7/01/2023,156,17.495778822,20,315,1020.50771,16
night,prediction,7/01/2023,157,17.3087835468,20,285,1020.602464,16
night,prediction,7/01/2023,158,17.1372362889,22,315,1125.325064,18
night,prediction,7/01/2023,159,16.2713238287,22,285,1125.418946,18
night,prediction,7/01/2023,160,16.6021365195,23,315,1177.672105,19
night,prediction,7/01/2023,161,15.8646045955,23,285,1177.771991,19
night,prediction,7/01/2023,162,16.3310914942,24,315,1230.019704,20
night,prediction,7/01/2023,163,15.7861453286,24,285,1230.125828,20
night,prediction,7/01/2023,164,15.8819202141,25,315,1282.367881,21
night,prediction,7/01/2023,165,15.3050223382,25,285,1282.480408,21
night,prediction,7/01/2023,166,15.5769006324,26,315,1336.465127,22
night,prediction,7/01/2023,167,15.2592003809,26,285,1336.52642,22
night,prediction,7/01/2023,168,15.3747982382,27,315,1387.202942,23
night,prediction,7/01/2023,169,15.174445943,27,285,1387.324556,23
night,prediction,7/01/2023,170,15.6087912217,28,315,1439.558039,24
night,prediction,7/01/2023,171,14.7205734588,28,285,1439.686577,24
night,prediction,7/01/2023,172,15.4586593861,29,315,1491.913631,25
night,prediction,7/01/2023,173,14.0220268987,29,285,1492.049339,25
night,prediction,7/01/2023,174,15.2299589144,30,315,1544.269818,26
night,prediction,7/01/2023,175,13.95298225,30,285,1544.412941,26
night,prediction,7/01/2023,176,15.3711896146,31,315,1596.626584,27
night,prediction,7/01/2023,177,14.427346343,31,285,1596.777335,27
night,prediction,7/01/2023,178,14.0560921977,32,285,1651.270574,28
night,prediction,7/01/2023,179,15.3978878869,32,315,1651.357841,28
night,prediction,7/01/2023,180,15.4629434247,33,315,1701.492586,29
night,prediction,7/01/2023,181,14.4742558964,33,285,1701.643671,29
night,prediction,7/01/2023,182,15.4801883497,34,315,1753.855747,30
night,prediction,7/01/2023,183,14.4231249286,34,285,1754.014674,30
night,prediction,7/01/2023,184,15.5987157319,35,315,1806.219454,31
night,prediction,7/01/2023,186,18.2570855468,14,285,707.0949879,10
night,prediction,7/01/2023,187,17.9979457136,14,315,707.2566949,10
night,prediction,7/01/2023,188,17.294527815,21,285,1074.222209,17
night,prediction,7/01/2023,189,17.4134555004,21,315,1074.259881,17
night,prediction,7/01/2023,255,18.097786015,14,255,707.2822212,10
night,prediction,7/01/2023,256,17.9858926097,21,255,1074.502344,17
night,prediction,7/01/2023,259,20.1481763073,5,255,235.522083,1
night,prediction,7/01/2023,261,19.4513889949,6,255,287.9946529,2
night,prediction,7/01/2023,263,18.9125281044,7,255,340.3248921,3
night,prediction,7/01/2023,265,18.7083811819,8,255,392.744816,4
night,prediction,7/01/2023,267,18.5530307863,9,255,445.1176749,5
night,prediction,7/01/2023,269,18.7902621668,10,255,497.4367004,6
night,prediction,7/01/2023,271,18.2831833013,11,255,547.1228311,7
night,prediction,7/01/2023,273,18.4125925475,12,255,601.6579141,8
night,prediction,7/01/2023,275,18.0815645368,13,255,653.9799261,9
night,prediction,7/01/2023,277,17.6186435485,15,255,758.7710354,11
night,prediction,7/01/2023,279,17.4684985163,16,255,811.1051834,12
night,prediction,7/01/2023,281,17.4206755738,17,255,864.341161,13
night,prediction,7/01/2023,283,17.4205601599,18,255,915.8848451,14
night,prediction,7/01/2023,285,17.6293472168,19,255,968.2274701,15
night,prediction,7/01/2023,287,17.9874768598,20,255,1020.570848,16
night,prediction,7/01/2023,289,17.8208717128,22,255,1125.414599,18
night,prediction,7/01/2023,291,17.5687642131,23,255,1177.767456,19
night,prediction,7/01/2023,293,17.1859832643,24,255,1230.121053,20
night,prediction,7/01/2023,295,16.9399096012,25,255,1282.475394,21
night,prediction,7/01/2023,297,17.2629904073,26,255,1336.521162,22
night,prediction,7/01/2023,299,17.0968995356,27,255,1387.319066,23
night,prediction,7/01/2023,301,16.590840077,28,255,1439.680741,24
night,prediction,7/01/2023,303,16.0463324239,29,255,1492.043271,25
night,prediction,7/01/2023,305,16.5886803048,30,255,1544.40656,26
night,prediction,7/01/2023,307,16.8687370059,31,255,1596.770659,27
night,prediction,7/01/2023,309,17.0391423984,32,255,1651.263641,28
night,prediction,27/01/2023,1,21.8036117288,0,15,5026.381231,0
night,prediction,27/01/2023,2,20.7203210023,5,45,235.4594715,1
night,prediction,27/01/2023,3,20.5193657476,6,45,287.9311057,2
night,prediction,27/01/2023,4,20.4417396238,7,45,340.2460017,3
night,prediction,27/01/2023,5,20.9568397147,8,45,392.6466286,4
night,prediction,27/01/2023,6,20.898568442,9,45,445.005825,5
night,prediction,27/01/2023,7,20.264579364,10,45,497.3064088,6
night,prediction,27/01/2023,8,21.0220290356,11,75,546.9535538,7
night,prediction,27/01/2023,9,21.1278453874,12,45,601.4833346,8
night,prediction,27/01/2023,10,20.3897981343,13,45,653.7833582,9
night,prediction,27/01/2023,12,20.6315947478,15,45,758.530335,11
night,prediction,27/01/2023,13,20.6804699099,16,45,810.8392654,12
night,prediction,27/01/2023,14,20.7565165543,17,75,864.4694557,13
night,prediction,27/01/2023,15,20.5288809984,18,45,915.5706951,14
night,prediction,27/01/2023,16,20.3322630397,19,45,967.8848698,15
night,prediction,27/01/2023,17,20.0445538336,20,45,1020.198666,16
night,prediction,27/01/2023,19,19.4981016283,22,45,1124.962547,18
night,prediction,27/01/2023,20,18.961486008,23,45,1177.281459,19
night,prediction,27/01/2023,21,18.5596393245,24,45,1229.599913,20
night,prediction,27/01/2023,22,18.060665744,25,45,1281.917963,21
night,prediction,27/01/2023,23,17.4519205347,26,45,1335.98319,22
night,prediction,27/01/2023,24,17.1706034953,27,45,1386.689827,23
night,prediction,27/01/2023,25,17.4667205709,28,45,1439.011821,24
night,prediction,27/01/2023,26,16.831687978,29,45,1491.333444,25
night,prediction,27/01/2023,27,16.578371969,30,45,1543.65457,26
night,prediction,27/01/2023,28,16.2007980605,31,45,1595.975334,27
night,prediction,27/01/2023,29,16.0063041983,32,45,1650.668683,28
night,prediction,27/01/2023,30,15.6361684509,33,45,1700.766288,29
night,prediction,27/01/2023,31,15.228784424,34,45,1753.090484,30
night,prediction,27/01/2023,32,14.8863078847,35,45,1805.414293,31
night,prediction,27/01/2023,33,20.4751148781,5,345,235.4989571,1
night,prediction,27/01/2023,34,20.332971772,6,345,287.9667189,2
night,prediction,27/01/2023,35,20.3835054703,7,345,340.2921238,3
night,prediction,27/01/2023,36,20.4381803052,8,345,392.704955,4
night,prediction,27/01/2023,37,20.4082847503,9,345,445.072997,5
night,prediction,27/01/2023,38,20.2594510664,10,345,497.3817904,6
night,prediction,27/01/2023,39,19.9258179019,11,345,546.9804406,7
night,prediction,27/01/2023,40,19.7061971682,12,345,601.57042,8
night,prediction,27/01/2023,41,19.6038579156,13,345,653.8815557,9
night,prediction,27/01/2023,42,18.4955107441,15,345,758.6508901,11
night,prediction,27/01/2023,43,18.4631618898,16,345,810.9727028,12
night,prediction,27/01/2023,44,18.2131126641,17,345,864.481231,13
night,prediction,27/01/2023,45,17.5608687741,18,345,915.760657,14
night,prediction,27/01/2023,46,18.053406619,19,345,968.0912875,15
night,prediction,27/01/2023,47,17.7643015596,20,345,1020.422168,16
night,prediction,27/01/2023,48,16.9271240735,22,345,1125.221187,18
night,prediction,27/01/2023,49,15.8893274685,23,345,1177.559006,19
night,prediction,27/01/2023,50,15.8572158212,24,345,1229.897069,20
night,prediction,27/01/2023,51,16.4317963132,25,345,1282.235252,21
night,prediction,27/01/2023,52,15.9285755091,26,345,1336.263599,22
night,prediction,27/01/2023,53,15.3839602308,27,345,1387.04481,23
night,prediction,27/01/2023,54,14.9741583652,28,345,1439.388689,24
night,prediction,27/01/2023,55,14.4066876082,29,345,1491.732693,25
night,prediction,27/01/2023,56,14.2557684022,30,345,1544.076956,26
night,prediction,27/01/2023,57,14.1751367354,31,345,1596.421401,27
night,prediction,27/01/2023,58,14.1622959835,32,345,1650.893112,28
night,prediction,27/01/2023,59,14.5096761097,33,345,1701.245962,29
night,prediction,27/01/2023,62,19.1199629991,14,345,707.182907,10
night,prediction,27/01/2023,63,17.6158587508,21,345,1074.155771,17
night,prediction,27/01/2023,64,20.1209869703,5,15,235.4750977,1
night,prediction,27/01/2023,65,19.8825324312,6,15,287.9424856,2
night,prediction,27/01/2023,66,20.0607897971,7,15,340.2635217,3
night,prediction,27/01/2023,67,20.2427224207,8,15,392.6716186,4
night,prediction,27/01/2023,68,20.5011064131,9,15,445.0346099,5
night,prediction,27/01/2023,69,20.1358496567,10,15,497.3379346,6
night,prediction,27/01/2023,70,19.9467017322,11,15,546.9305831,7
night,prediction,27/01/2023,71,19.9562140548,12,15,601.514606,8
night,prediction,27/01/2023,72,19.8942998691,13,15,653.8192399,9
night,prediction,27/01/2023,73,19.202297406,15,15,758.5744377,11
night,prediction,27/01/2023,74,18.7324246777,16,15,810.8886675,12
night,prediction,27/01/2023,75,18.9003318688,17,15,864.3893784,13
night,prediction,27/01/2023,76,18.7680455921,18,15,915.6604237,14
night,prediction,27/01/2023,77,18.3869375186,19,15,967.9823693,15
night,prediction,27/01/2023,78,18.0091656332,20,15,1020.304262,16
night,prediction,27/01/2023,79,17.5875275381,22,15,1125.084181,18
night,prediction,27/01/2023,80,17.3583755905,23,15,1177.411947,19
night,prediction,27/01/2023,81,17.00772134,24,15,1229.739481,20
night,prediction,27/01/2023,82,15.9750776163,25,15,1282.066939,21
night,prediction,27/01/2023,83,16.1238663104,26,15,1336.084049,22
night,prediction,27/01/2023,84,15.8809430844,27,15,1386.853765,23
night,prediction,27/01/2023,85,14.8407953984,28,15,1439.185738,24
night,prediction,27/01/2023,86,15.0309076645,29,15,1491.517554,25
night,prediction,27/01/2023,87,15.4863158477,30,15,1543.849213,26
night,prediction,27/01/2023,88,16.2152509256,31,15,1596.180727,27
night,prediction,27/01/2023,89,18.0499846346,32,15,1650.63869,28
night,prediction,27/01/2023,93,19.8078751736,14,15,707.1133009,10
night,prediction,27/01/2023,94,17.9644537233,21,15,1074.02866,17
night,prediction,27/01/2023,95,20.6081236052,5,75,235.4568681,1
night,prediction,27/01/2023,96,20.7826189799,6,75,287.9295088,2
night,prediction,27/01/2023,97,20.7833325966,7,75,340.2415978,3
night,prediction,27/01/2023,98,20.9895422518,8,75,392.6397562,4
night,prediction,27/01/2023,99,21.0911482711,9,75,445.0006902,5
night,prediction,27/01/2023,100,20.8838552672,10,75,497.2952672,6
night,prediction,27/01/2023,101,20.6645456733,11,45,546.9483442,7
night,prediction,27/01/2023,102,21.1426300754,12,75,601.4700773,8
night,prediction,27/01/2023,103,21.3981067455,13,75,653.767337,9
night,prediction,27/01/2023,104,21.1517925139,15,75,758.4767316,11
night,prediction,27/01/2023,105,20.8950159102,16,75,810.7802439,12
night,prediction,27/01/2023,106,20.952257086,17,45,864.0959822,13
night,prediction,27/01/2023,107,20.4818317876,18,75,915.5533657,14
night,prediction,27/01/2023,108,20.1471915023,19,75,967.8647205,15
night,prediction,27/01/2023,109,19.7900446509,20,75,1020.175485,16
night,prediction,27/01/2023,110,18.7523118242,22,75,1124.91948,18
night,prediction,27/01/2023,111,18.6223878527,23,75,1177.234301,19
night,prediction,27/01/2023,112,19.1572236096,24,75,1229.548615,20
night,prediction,27/01/2023,124,21.4762252583,14,75,706.852744,10
night,prediction,27/01/2023,125,20.9486583039,14,45,707.0846946,10
night,prediction,27/01/2023,126,19.6242991775,21,75,1073.759162,17
night,prediction,27/01/2023,127,19.60935603,21,45,1073.923519,17
night,prediction,27/01/2023,128,20.68727235,5,315,235.50285,1
night,prediction,27/01/2023,129,20.9909747489,5,285,235.5242003,1
night,prediction,27/01/2023,130,20.5352373139,6,315,287.9761241,2
night,prediction,27/01/2023,131,20.3200948299,6,285,287.9988236,2
night,prediction,27/01/2023,132,20.1593854799,7,315,340.3035613,3
night,prediction,27/01/2023,133,20.2016109647,7,285,340.3278225,3
night,prediction,27/01/2023,134,20.2914242733,8,315,392.7176319,4
night,prediction,27/01/2023,135,20.0832503223,8,285,392.7442944,4
night,prediction,27/01/2023,136,20.0073017833,9,315,445.0914261,5
night,prediction,27/01/2023,137,19.9158249951,9,285,445.1247503,5
night,prediction,27/01/2023,138,19.8981980429,10,315,497.4074355,6
night,prediction,27/01/2023,139,19.8188476732,10,285,497.440253,6
night,prediction,27/01/2023,140,20.0140276041,11,315,547.0653071,7
night,prediction,27/01/2023,141,19.5772322908,11,285,547.1195756,7
night,prediction,27/01/2023,142,19.7526447343,12,315,601.618029,8
night,prediction,27/01/2023,143,19.3245125748,12,285,601.6605713,8
night,prediction,27/01/2023,144,19.5727407745,13,315,653.9364539,9
night,prediction,27/01/2023,145,19.5026236137,13,285,653.982701,9
night,prediction,27/01/2023,146,18.4953522504,15,315,758.7230603,11
night,prediction,27/01/2023,147,18.9107560174,15,285,758.7459264,11
night,prediction,27/01/2023,148,18.6282339044,16,315,811.0533048,12
night,prediction,27/01/2023,149,18.3863071647,16,285,811.0783004,12
night,prediction,27/01/2023,150,18.3208104436,17,315,864.3327177,13
night,prediction,27/01/2023,151,18.6823285077,17,285,864.7984279,13
night,prediction,27/01/2023,152,18.2579279216,18,315,915.8302908,14
night,prediction,27/01/2023,153,18.5237653715,18,285,915.9132825,14
night,prediction,27/01/2023,154,18.1382975761,19,315,968.1687416,15
night,prediction,27/01/2023,155,17.5319244566,19,285,968.257489,15
night,prediction,27/01/2023,156,17.5963756253,20,315,1020.50771,16
night,prediction,27/01/2023,157,18.1239820446,20,285,1020.602464,16
night,prediction,27/01/2023,158,17.1256456093,22,315,1125.325064,18
night,prediction,27/01/2023,159,17.1695585416,22,285,1125.418946,18
night,prediction,27/01/2023,160,16.5979269332,23,315,1177.672105,19
night,prediction,27/01/2023,161,16.6605471329,23,285,1177.771991,19
night,prediction,27/01/2023,162,16.3236128582,24,315,1230.019704,20
night,prediction,27/01/2023,163,16.516482588,24,285,1230.125828,20
night,prediction,27/01/2023,164,15.8634774047,25,315,1282.367881,21
night,prediction,27/01/2023,165,16.0138505054,25,285,1282.480408,21
night,prediction,27/01/2023,166,15.5260133726,26,315,1336.465127,22
night,prediction,27/01/2023,167,15.9924426809,26,285,1336.52642,22
night,prediction,27/01/2023,168,15.3651628329,27,315,1387.202942,23
night,prediction,27/01/2023,169,16.0330139272,27,285,1387.324556,23
night,prediction,27/01/2023,170,15.6361276463,28,315,1439.558039,24
night,prediction,27/01/2023,171,15.569558975,28,285,1439.686577,24
night,prediction,27/01/2023,172,15.4384486167,29,315,1491.913631,25
night,prediction,27/01/2023,173,14.7510492565,29,285,1492.049339,25
night,prediction,27/01/2023,174,15.1075287044,30,315,1544.269818,26
night,prediction,27/01/2023,175,14.3586501355,30,285,1544.412941,26
night,prediction,27/01/2023,176,15.2230611637,31,315,1596.626584,27
night,prediction,27/01/2023,177,14.32768737,31,285,1596.777335,27
night,prediction,27/01/2023,178,13.8266973801,32,285,1651.270574,28
night,prediction,27/01/2023,179,15.3003629346,32,315,1651.357841,28
night,prediction,27/01/2023,180,15.4506625092,33,315,1701.492586,29
night,prediction,27/01/2023,181,14.4123098073,33,285,1701.643671,29
night,prediction,27/01/2023,182,15.6184324691,34,315,1753.855747,30
night,prediction,27/01/2023,183,14.5417532152,34,285,1754.014674,30
night,prediction,27/01/2023,184,15.9757627678,35,315,1806.219454,31
night,prediction,27/01/2023,186,19.2516116431,14,285,707.0949879,10
night,prediction,27/01/2023,187,18.6314287951,14,315,707.2566949,10
night,prediction,27/01/2023,188,18.225436915,21,285,1074.222209,17
night,prediction,27/01/2023,189,17.4569488266,21,315,1074.259881,17
night,prediction,27/01/2023,255,19.5114064286,14,255,707.2822212,10
night,prediction,27/01/2023,256,19.5671122159,21,255,1074.502344,17
night,prediction,27/01/2023,259,22.1591596977,5,255,235.522083,1
night,prediction,27/01/2023,261,21.2914917805,6,255,287.9946529,2
night,prediction,27/01/2023,263,20.4994575169,7,255,340.3248921,3
night,prediction,27/01/2023,265,20.007104723,8,255,392.744816,4
night,prediction,27/01/2023,267,19.8827632908,9,255,445.1176749,5
night,prediction,27/01/2023,269,20.2257066008,10,255,497.4367004,6
night,prediction,27/01/2023,271,19.6127865502,11,255,547.1228311,7
night,prediction,27/01/2023,273,19.7178406266,12,255,601.6579141,8
night,prediction,27/01/2023,275,19.4956700017,13,255,653.9799261,9
night,prediction,27/01/2023,277,18.848453312,15,255,758.7710354,11
night,prediction,27/01/2023,279,18.515272421,16,255,811.1051834,12
night,prediction,27/01/2023,281,18.5806830847,17,255,864.341161,13
night,prediction,27/01/2023,283,18.6152438679,18,255,915.8848451,14
night,prediction,27/01/2023,285,18.847960649,19,255,968.2274701,15
night,prediction,27/01/2023,287,19.4083316261,20,255,1020.570848,16
night,prediction,27/01/2023,289,19.3755743659,22,255,1125.414599,18
night,prediction,27/01/2023,291,19.0957613554,23,255,1177.767456,19
night,prediction,27/01/2023,293,18.6429117615,24,255,1230.121053,20
night,prediction,27/01/2023,295,18.2792902705,25,255,1282.475394,21
night,prediction,27/01/2023,297,18.5379593772,26,255,1336.521162,22
night,prediction,27/01/2023,299,18.4125486025,27,255,1387.319066,23
night,prediction,27/01/2023,301,17.8418914708,28,255,1439.680741,24
night,prediction,27/01/2023,303,17.0526513177,29,255,1492.043271,25
night,prediction,27/01/2023,305,17.5136466475,30,255,1544.40656,26
night,prediction,27/01/2023,307,18.2213089938,31,255,1596.770659,27
night,prediction,27/01/2023,309,18.7957181405,32,255,1651.263641,28
day,prediction,3/12/2022,1,37.48082327,0,255,5026.381231,0
day,prediction,27/12/2022,1,38.08561278,0,255,5026.381231,0
day,base,7/01/2023,1,34.51964369,0,255,5026.381231,0
day,prediction,27/01/2023,1,31.05991889,0,255,5026.381231,0
night,prediction,3/12/2022,1,22.4196817287,0,255,5026.381231,0
night,base,25/12/2022,1,21.3922227574,0,255,5026.381231,0
night,prediction,27/12/2022,1,28.4783371672,0,255,5026.381231,0
night,prediction,7/01/2023,1,20.1324511474,0,255,5026.381231,0
night,prediction,27/01/2023,1,21.8036117288,0,255,5026.381231,0
day,prediction,3/12/2022,1,37.48082327,0,285,5026.381231,0
day,prediction,27/12/2022,1,38.08561278,0,285,5026.381231,0
day,base,7/01/2023,1,34.51964369,0,285,5026.381231,0
day,prediction,27/01/2023,1,31.05991889,0,285,5026.381231,0
night,prediction,3/12/2022,1,22.4196817287,0,285,5026.381231,0
night,base,25/12/2022,1,21.3922227574,0,285,5026.381231,0
night,prediction,27/12/2022,1,28.4783371672,0,285,5026.381231,0
night,prediction,7/01/2023,1,20.1324511474,0,285,5026.381231,0
night,prediction,27/01/2023,1,21.8036117288,0,285,5026.381231,0
day,prediction,3/12/2022,1,37.48082327,0,315,5026.381231,0
day,prediction,27/12/2022,1,38.08561278,0,315,5026.381231,0
day,base,7/01/2023,1,34.51964369,0,315,5026.381231,0
day,prediction,27/01/2023,1,31.05991889,0,315,5026.381231,0
night,prediction,3/12/2022,1,22.4196817287,0,315,5026.381231,0
night,base,25/12/2022,1,21.3922227574,0,315,5026.381231,0
night,prediction,27/12/2022,1,28.4783371672,0,315,5026.381231,0
night,prediction,7/01/2023,1,20.1324511474,0,315,5026.381231,0
night,prediction,27/01/2023,1,21.8036117288,0,315,5026.381231,0
day,prediction,3/12/2022,1,37.48082327,0,345,5026.381231,0
day,prediction,27/12/2022,1,38.08561278,0,345,5026.381231,0
day,base,7/01/2023,1,34.51964369,0,345,5026.381231,0
day,prediction,27/01/2023,1,31.05991889,0,345,5026.381231,0
night,prediction,3/12/2022,1,22.4196817287,0,345,5026.381231,0
night,base,25/12/2022,1,21.3922227574,0,345,5026.381231,0
night,prediction,27/12/2022,1,28.4783371672,0,345,5026.381231,0
night,prediction,7/01/2023,1,20.1324511474,0,345,5026.381231,0
night,prediction,27/01/2023,1,21.8036117288,0,345,5026.381231,0
day,prediction,3/12/2022,1,37.48082327,0,45,5026.381231,0
day,prediction,27/12/2022,1,38.08561278,0,45,5026.381231,0
day,base,7/01/2023,1,34.51964369,0,45,5026.381231,0
day,prediction,27/01/2023,1,31.05991889,0,45,5026.381231,0
night,prediction,3/12/2022,1,22.4196817287,0,45,5026.381231,0
night,base,25/12/2022,1,21.3922227574,0,45,5026.381231,0
night,prediction,27/12/2022,1,28.4783371672,0,45,5026.381231,0
night,prediction,7/01/2023,1,20.1324511474,0,45,5026.381231,0
night,prediction,27/01/2023,1,21.8036117288,0,45,5026.381231,0
day,prediction,3/12/2022,1,37.48082327,0,75,5026.381231,0
day,prediction,27/12/2022,1,38.08561278,0,75,5026.381231,0
day,base,7/01/2023,1,34.51964369,0,75,5026.381231,0
day,prediction,27/01/2023,1,31.05991889,0,75,5026.381231,0
night,prediction,3/12/2022,1,22.4196817287,0,75,5026.381231,0
night,base,25/12/2022,1,21.3922227574,0,75,5026.381231,0
night,prediction,27/12/2022,1,28.4783371672,0,75,5026.381231,0
night,prediction,7/01/2023,1,20.1324511474,0,75,5026.381231,0
night,prediction,27/01/2023,1,21.8036117288,0,75,5026.381231,0
